[0.062s] Invoking command in '/home/brilliant/ros2_ws/build/nav2_msgs': CMAKE_PREFIX_PATH=/home/brilliant/ros2_ws/install/nav2_common:/home/brilliant/ros2_ws/install/sllidar_ros2:/home/brilliant/ros2_ws/install/serial:/home/brilliant/ros2_ws/install/nav2_system_tests:/home/brilliant/ros2_ws/install/nav2_bringup:/home/brilliant/ros2_ws/install/navigation2:/home/brilliant/ros2_ws/install/opennav_docking:/home/brilliant/ros2_ws/install/opennav_docking_core:/home/brilliant/ros2_ws/install/opennav_docking_bt:/home/brilliant/ros2_ws/install/nav2_smoother:/home/brilliant/ros2_ws/install/nav2_rotation_shim_controller:/home/brilliant/ros2_ws/install/nav2_graceful_controller:/home/brilliant/ros2_ws/install/nav2_dwb_controller:/home/brilliant/ros2_ws/install/nav2_controller:/home/brilliant/ros2_ws/install/dwb_plugins:/home/brilliant/ros2_ws/install/dwb_critics:/home/brilliant/ros2_ws/install/dwb_core:/home/brilliant/ros2_ws/install/nav_2d_utils:/home/brilliant/ros2_ws/install/dwb_msgs:/home/brilliant/ros2_ws/install/nav_2d_msgs:/home/brilliant/ros2_ws/install/nav2_waypoint_follower:/home/brilliant/ros2_ws/install/nav2_theta_star_planner:/home/brilliant/ros2_ws/install/nav2_smac_planner:/home/brilliant/ros2_ws/install/nav2_regulated_pure_pursuit_controller:/home/brilliant/ros2_ws/install/nav2_planner:/home/brilliant/ros2_ws/install/nav2_navfn_planner:/home/brilliant/ros2_ws/install/nav2_mppi_controller:/home/brilliant/ros2_ws/install/nav2_constrained_smoother:/home/brilliant/ros2_ws/install/nav2_bt_navigator:/home/brilliant/ros2_ws/install/nav2_behaviors:/home/brilliant/ros2_ws/install/nav2_core:/home/brilliant/ros2_ws/install/nav2_collision_monitor:/home/brilliant/ros2_ws/install/costmap_queue:/home/brilliant/ros2_ws/install/nav2_costmap_2d:/home/brilliant/ros2_ws/install/nav2_voxel_grid:/home/brilliant/ros2_ws/install/nav2_velocity_smoother:/home/brilliant/ros2_ws/install/nav2_rviz_plugins:/home/brilliant/ros2_ws/install/nav2_map_server:/home/brilliant/ros2_ws/install/nav2_lifecycle_manager:/home/brilliant/ros2_ws/install/nav2_behavior_tree:/home/brilliant/ros2_ws/install/nav2_amcl:/home/brilliant/ros2_ws/install/nav2_util:/home/brilliant/ros2_ws/install/nav2_msgs:/home/brilliant/ros2_ws/install/minibot:/home/brilliant/ros2_ws/install/diffdrive_arduino:/opt/ros/jazzy/opt/gz_sim_vendor:/opt/ros/jazzy/opt/gz_sensors_vendor:/opt/ros/jazzy/opt/gz_physics_vendor:/opt/ros/jazzy/opt/sdformat_vendor:/opt/ros/jazzy/opt/gz_gui_vendor:/opt/ros/jazzy/opt/gz_transport_vendor:/opt/ros/jazzy/opt/gz_rendering_vendor:/opt/ros/jazzy/opt/gz_plugin_vendor:/opt/ros/jazzy/opt/gz_fuel_tools_vendor:/opt/ros/jazzy/opt/gz_msgs_vendor:/opt/ros/jazzy/opt/gz_common_vendor:/opt/ros/jazzy/opt/gz_math_vendor:/opt/ros/jazzy/opt/gz_utils_vendor:/opt/ros/jazzy/opt/gz_tools_vendor:/opt/ros/jazzy/opt/gz_ogre_next_vendor:/opt/ros/jazzy/opt/gz_dartsim_vendor:/opt/ros/jazzy/opt/gz_cmake_vendor:/home/brilliant/ros2_ws/install/twist_stamper:/home/brilliant/ros2_ws/install/nav2_simple_commander:/home/brilliant/ros2_ws/install/nav2_loopback_sim:/opt/ros/jazzy DEBUGINFOD_URLS=https://debuginfod.ubuntu.com PYTHONPATH=/home/brilliant/ros2_ws/install/nav2_common/lib/python3.12/site-packages:/home/brilliant/ros2_ws/build/twist_stamper:/home/brilliant/ros2_ws/install/twist_stamper/lib/python3.12/site-packages:/home/brilliant/ros2_ws/install/dwb_msgs/lib/python3.12/site-packages:/home/brilliant/ros2_ws/install/nav_2d_msgs/lib/python3.12/site-packages:/home/brilliant/ros2_ws/build/nav2_simple_commander:/home/brilliant/ros2_ws/install/nav2_simple_commander/lib/python3.12/site-packages:/home/brilliant/ros2_ws/install/nav2_msgs/lib/python3.12/site-packages:/home/brilliant/ros2_ws/build/nav2_loopback_sim:/home/brilliant/ros2_ws/install/nav2_loopback_sim/lib/python3.12/site-packages:/opt/ros/jazzy/lib/python3.12/site-packages /usr/bin/cmake --build /home/brilliant/ros2_ws/build/nav2_msgs -- -j4 -l4
[0.355s] [  1%] Built target nav2_msgs__rosidl_generator_type_description
[0.503s] [  1%] Built target ament_cmake_python_symlink_nav2_msgs
[0.736s] [ 30%] Built target nav2_msgs__rosidl_generator_c
[1.531s] running egg_info
[1.571s] writing nav2_msgs.egg-info/PKG-INFO
[1.577s] writing dependency_links to nav2_msgs.egg-info/dependency_links.txt
[1.581s] writing top-level names to nav2_msgs.egg-info/top_level.txt
[1.855s] reading manifest file 'nav2_msgs.egg-info/SOURCES.txt'
[1.856s] writing manifest file 'nav2_msgs.egg-info/SOURCES.txt'
[1.965s] [ 30%] Built target ament_cmake_python_build_nav2_msgs_egg
[2.149s] [ 40%] Built target nav2_msgs__rosidl_typesupport_introspection_c
[2.370s] [ 50%] Built target nav2_msgs__rosidl_typesupport_c
[2.656s] [ 60%] Built target nav2_msgs__rosidl_typesupport_fastrtps_c
[2.864s] [ 60%] Built target nav2_msgs__cpp
[3.063s] [ 69%] Built target nav2_msgs__rosidl_typesupport_cpp
[3.263s] [ 79%] Built target nav2_msgs__rosidl_typesupport_introspection_cpp
[3.470s] [ 89%] Built target nav2_msgs__rosidl_typesupport_fastrtps_cpp
[3.563s] [ 89%] Built target nav2_msgs
[3.724s] [ 89%] Built target nav2_msgs__py
[4.125s] [ 98%] Built target nav2_msgs__rosidl_generator_py
[4.290s] [ 98%] Built target nav2_msgs_s__rosidl_typesupport_fastrtps_c
[4.434s] [ 99%] Built target nav2_msgs_s__rosidl_typesupport_c
[4.596s] [100%] Built target nav2_msgs_s__rosidl_typesupport_introspection_c
[4.656s] Invoked command in '/home/brilliant/ros2_ws/build/nav2_msgs' returned '0': CMAKE_PREFIX_PATH=/home/brilliant/ros2_ws/install/nav2_common:/home/brilliant/ros2_ws/install/sllidar_ros2:/home/brilliant/ros2_ws/install/serial:/home/brilliant/ros2_ws/install/nav2_system_tests:/home/brilliant/ros2_ws/install/nav2_bringup:/home/brilliant/ros2_ws/install/navigation2:/home/brilliant/ros2_ws/install/opennav_docking:/home/brilliant/ros2_ws/install/opennav_docking_core:/home/brilliant/ros2_ws/install/opennav_docking_bt:/home/brilliant/ros2_ws/install/nav2_smoother:/home/brilliant/ros2_ws/install/nav2_rotation_shim_controller:/home/brilliant/ros2_ws/install/nav2_graceful_controller:/home/brilliant/ros2_ws/install/nav2_dwb_controller:/home/brilliant/ros2_ws/install/nav2_controller:/home/brilliant/ros2_ws/install/dwb_plugins:/home/brilliant/ros2_ws/install/dwb_critics:/home/brilliant/ros2_ws/install/dwb_core:/home/brilliant/ros2_ws/install/nav_2d_utils:/home/brilliant/ros2_ws/install/dwb_msgs:/home/brilliant/ros2_ws/install/nav_2d_msgs:/home/brilliant/ros2_ws/install/nav2_waypoint_follower:/home/brilliant/ros2_ws/install/nav2_theta_star_planner:/home/brilliant/ros2_ws/install/nav2_smac_planner:/home/brilliant/ros2_ws/install/nav2_regulated_pure_pursuit_controller:/home/brilliant/ros2_ws/install/nav2_planner:/home/brilliant/ros2_ws/install/nav2_navfn_planner:/home/brilliant/ros2_ws/install/nav2_mppi_controller:/home/brilliant/ros2_ws/install/nav2_constrained_smoother:/home/brilliant/ros2_ws/install/nav2_bt_navigator:/home/brilliant/ros2_ws/install/nav2_behaviors:/home/brilliant/ros2_ws/install/nav2_core:/home/brilliant/ros2_ws/install/nav2_collision_monitor:/home/brilliant/ros2_ws/install/costmap_queue:/home/brilliant/ros2_ws/install/nav2_costmap_2d:/home/brilliant/ros2_ws/install/nav2_voxel_grid:/home/brilliant/ros2_ws/install/nav2_velocity_smoother:/home/brilliant/ros2_ws/install/nav2_rviz_plugins:/home/brilliant/ros2_ws/install/nav2_map_server:/home/brilliant/ros2_ws/install/nav2_lifecycle_manager:/home/brilliant/ros2_ws/install/nav2_behavior_tree:/home/brilliant/ros2_ws/install/nav2_amcl:/home/brilliant/ros2_ws/install/nav2_util:/home/brilliant/ros2_ws/install/nav2_msgs:/home/brilliant/ros2_ws/install/minibot:/home/brilliant/ros2_ws/install/diffdrive_arduino:/opt/ros/jazzy/opt/gz_sim_vendor:/opt/ros/jazzy/opt/gz_sensors_vendor:/opt/ros/jazzy/opt/gz_physics_vendor:/opt/ros/jazzy/opt/sdformat_vendor:/opt/ros/jazzy/opt/gz_gui_vendor:/opt/ros/jazzy/opt/gz_transport_vendor:/opt/ros/jazzy/opt/gz_rendering_vendor:/opt/ros/jazzy/opt/gz_plugin_vendor:/opt/ros/jazzy/opt/gz_fuel_tools_vendor:/opt/ros/jazzy/opt/gz_msgs_vendor:/opt/ros/jazzy/opt/gz_common_vendor:/opt/ros/jazzy/opt/gz_math_vendor:/opt/ros/jazzy/opt/gz_utils_vendor:/opt/ros/jazzy/opt/gz_tools_vendor:/opt/ros/jazzy/opt/gz_ogre_next_vendor:/opt/ros/jazzy/opt/gz_dartsim_vendor:/opt/ros/jazzy/opt/gz_cmake_vendor:/home/brilliant/ros2_ws/install/twist_stamper:/home/brilliant/ros2_ws/install/nav2_simple_commander:/home/brilliant/ros2_ws/install/nav2_loopback_sim:/opt/ros/jazzy DEBUGINFOD_URLS=https://debuginfod.ubuntu.com PYTHONPATH=/home/brilliant/ros2_ws/install/nav2_common/lib/python3.12/site-packages:/home/brilliant/ros2_ws/build/twist_stamper:/home/brilliant/ros2_ws/install/twist_stamper/lib/python3.12/site-packages:/home/brilliant/ros2_ws/install/dwb_msgs/lib/python3.12/site-packages:/home/brilliant/ros2_ws/install/nav_2d_msgs/lib/python3.12/site-packages:/home/brilliant/ros2_ws/build/nav2_simple_commander:/home/brilliant/ros2_ws/install/nav2_simple_commander/lib/python3.12/site-packages:/home/brilliant/ros2_ws/install/nav2_msgs/lib/python3.12/site-packages:/home/brilliant/ros2_ws/build/nav2_loopback_sim:/home/brilliant/ros2_ws/install/nav2_loopback_sim/lib/python3.12/site-packages:/opt/ros/jazzy/lib/python3.12/site-packages /usr/bin/cmake --build /home/brilliant/ros2_ws/build/nav2_msgs -- -j4 -l4
[4.661s] Invoking command in '/home/brilliant/ros2_ws/build/nav2_msgs': CMAKE_PREFIX_PATH=/home/brilliant/ros2_ws/install/nav2_common:/home/brilliant/ros2_ws/install/sllidar_ros2:/home/brilliant/ros2_ws/install/serial:/home/brilliant/ros2_ws/install/nav2_system_tests:/home/brilliant/ros2_ws/install/nav2_bringup:/home/brilliant/ros2_ws/install/navigation2:/home/brilliant/ros2_ws/install/opennav_docking:/home/brilliant/ros2_ws/install/opennav_docking_core:/home/brilliant/ros2_ws/install/opennav_docking_bt:/home/brilliant/ros2_ws/install/nav2_smoother:/home/brilliant/ros2_ws/install/nav2_rotation_shim_controller:/home/brilliant/ros2_ws/install/nav2_graceful_controller:/home/brilliant/ros2_ws/install/nav2_dwb_controller:/home/brilliant/ros2_ws/install/nav2_controller:/home/brilliant/ros2_ws/install/dwb_plugins:/home/brilliant/ros2_ws/install/dwb_critics:/home/brilliant/ros2_ws/install/dwb_core:/home/brilliant/ros2_ws/install/nav_2d_utils:/home/brilliant/ros2_ws/install/dwb_msgs:/home/brilliant/ros2_ws/install/nav_2d_msgs:/home/brilliant/ros2_ws/install/nav2_waypoint_follower:/home/brilliant/ros2_ws/install/nav2_theta_star_planner:/home/brilliant/ros2_ws/install/nav2_smac_planner:/home/brilliant/ros2_ws/install/nav2_regulated_pure_pursuit_controller:/home/brilliant/ros2_ws/install/nav2_planner:/home/brilliant/ros2_ws/install/nav2_navfn_planner:/home/brilliant/ros2_ws/install/nav2_mppi_controller:/home/brilliant/ros2_ws/install/nav2_constrained_smoother:/home/brilliant/ros2_ws/install/nav2_bt_navigator:/home/brilliant/ros2_ws/install/nav2_behaviors:/home/brilliant/ros2_ws/install/nav2_core:/home/brilliant/ros2_ws/install/nav2_collision_monitor:/home/brilliant/ros2_ws/install/costmap_queue:/home/brilliant/ros2_ws/install/nav2_costmap_2d:/home/brilliant/ros2_ws/install/nav2_voxel_grid:/home/brilliant/ros2_ws/install/nav2_velocity_smoother:/home/brilliant/ros2_ws/install/nav2_rviz_plugins:/home/brilliant/ros2_ws/install/nav2_map_server:/home/brilliant/ros2_ws/install/nav2_lifecycle_manager:/home/brilliant/ros2_ws/install/nav2_behavior_tree:/home/brilliant/ros2_ws/install/nav2_amcl:/home/brilliant/ros2_ws/install/nav2_util:/home/brilliant/ros2_ws/install/nav2_msgs:/home/brilliant/ros2_ws/install/minibot:/home/brilliant/ros2_ws/install/diffdrive_arduino:/opt/ros/jazzy/opt/gz_sim_vendor:/opt/ros/jazzy/opt/gz_sensors_vendor:/opt/ros/jazzy/opt/gz_physics_vendor:/opt/ros/jazzy/opt/sdformat_vendor:/opt/ros/jazzy/opt/gz_gui_vendor:/opt/ros/jazzy/opt/gz_transport_vendor:/opt/ros/jazzy/opt/gz_rendering_vendor:/opt/ros/jazzy/opt/gz_plugin_vendor:/opt/ros/jazzy/opt/gz_fuel_tools_vendor:/opt/ros/jazzy/opt/gz_msgs_vendor:/opt/ros/jazzy/opt/gz_common_vendor:/opt/ros/jazzy/opt/gz_math_vendor:/opt/ros/jazzy/opt/gz_utils_vendor:/opt/ros/jazzy/opt/gz_tools_vendor:/opt/ros/jazzy/opt/gz_ogre_next_vendor:/opt/ros/jazzy/opt/gz_dartsim_vendor:/opt/ros/jazzy/opt/gz_cmake_vendor:/home/brilliant/ros2_ws/install/twist_stamper:/home/brilliant/ros2_ws/install/nav2_simple_commander:/home/brilliant/ros2_ws/install/nav2_loopback_sim:/opt/ros/jazzy DEBUGINFOD_URLS=https://debuginfod.ubuntu.com PYTHONPATH=/home/brilliant/ros2_ws/install/nav2_common/lib/python3.12/site-packages:/home/brilliant/ros2_ws/build/twist_stamper:/home/brilliant/ros2_ws/install/twist_stamper/lib/python3.12/site-packages:/home/brilliant/ros2_ws/install/dwb_msgs/lib/python3.12/site-packages:/home/brilliant/ros2_ws/install/nav_2d_msgs/lib/python3.12/site-packages:/home/brilliant/ros2_ws/build/nav2_simple_commander:/home/brilliant/ros2_ws/install/nav2_simple_commander/lib/python3.12/site-packages:/home/brilliant/ros2_ws/install/nav2_msgs/lib/python3.12/site-packages:/home/brilliant/ros2_ws/build/nav2_loopback_sim:/home/brilliant/ros2_ws/install/nav2_loopback_sim/lib/python3.12/site-packages:/opt/ros/jazzy/lib/python3.12/site-packages /usr/bin/cmake --install /home/brilliant/ros2_ws/build/nav2_msgs
[4.728s] -- Install configuration: "Release"
[4.735s] -- Execute custom install script
[4.735s] -- Up-to-date symlink: /home/brilliant/ros2_ws/install/nav2_msgs/share/ament_index/resource_index/rosidl_interfaces/nav2_msgs
[4.742s] -- Up-to-date symlink: /home/brilliant/ros2_ws/install/nav2_msgs/share/nav2_msgs/msg/CollisionMonitorState.json
[4.742s] -- Up-to-date symlink: /home/brilliant/ros2_ws/install/nav2_msgs/share/nav2_msgs/msg/CollisionDetectorState.json
[4.744s] -- Up-to-date symlink: /home/brilliant/ros2_ws/install/nav2_msgs/share/nav2_msgs/msg/Costmap.json
[4.749s] -- Up-to-date symlink: /home/brilliant/ros2_ws/install/nav2_msgs/share/nav2_msgs/msg/CostmapMetaData.json
[4.749s] -- Up-to-date symlink: /home/brilliant/ros2_ws/install/nav2_msgs/share/nav2_msgs/msg/CostmapUpdate.json
[4.749s] -- Up-to-date symlink: /home/brilliant/ros2_ws/install/nav2_msgs/share/nav2_msgs/msg/CostmapFilterInfo.json
[4.750s] -- Up-to-date symlink: /home/brilliant/ros2_ws/install/nav2_msgs/share/nav2_msgs/msg/SpeedLimit.json
[4.753s] -- Up-to-date symlink: /home/brilliant/ros2_ws/install/nav2_msgs/share/nav2_msgs/msg/VoxelGrid.json
[4.757s] -- Up-to-date symlink: /home/brilliant/ros2_ws/install/nav2_msgs/share/nav2_msgs/msg/BehaviorTreeStatusChange.json
[4.757s] -- Up-to-date symlink: /home/brilliant/ros2_ws/install/nav2_msgs/share/nav2_msgs/msg/BehaviorTreeLog.json
[4.757s] -- Up-to-date symlink: /home/brilliant/ros2_ws/install/nav2_msgs/share/nav2_msgs/msg/Particle.json
[4.760s] -- Up-to-date symlink: /home/brilliant/ros2_ws/install/nav2_msgs/share/nav2_msgs/msg/ParticleCloud.json
[4.760s] -- Up-to-date symlink: /home/brilliant/ros2_ws/install/nav2_msgs/share/nav2_msgs/msg/MissedWaypoint.json
[4.761s] -- Up-to-date symlink: /home/brilliant/ros2_ws/install/nav2_msgs/share/nav2_msgs/srv/GetCost.json
[4.765s] -- Up-to-date symlink: /home/brilliant/ros2_ws/install/nav2_msgs/share/nav2_msgs/srv/GetCostmap.json
[4.765s] -- Up-to-date symlink: /home/brilliant/ros2_ws/install/nav2_msgs/share/nav2_msgs/srv/IsPathValid.json
[4.768s] -- Up-to-date symlink: /home/brilliant/ros2_ws/install/nav2_msgs/share/nav2_msgs/srv/ClearCostmapExceptRegion.json
[4.768s] -- Up-to-date symlink: /home/brilliant/ros2_ws/install/nav2_msgs/share/nav2_msgs/srv/ClearCostmapAroundRobot.json
[4.769s] -- Up-to-date symlink: /home/brilliant/ros2_ws/install/nav2_msgs/share/nav2_msgs/srv/ClearCostmapAroundPose.json
[4.773s] -- Up-to-date symlink: /home/brilliant/ros2_ws/install/nav2_msgs/share/nav2_msgs/srv/ClearEntireCostmap.json
[4.774s] -- Up-to-date symlink: /home/brilliant/ros2_ws/install/nav2_msgs/share/nav2_msgs/srv/ManageLifecycleNodes.json
[4.774s] -- Up-to-date symlink: /home/brilliant/ros2_ws/install/nav2_msgs/share/nav2_msgs/srv/LoadMap.json
[4.778s] -- Up-to-date symlink: /home/brilliant/ros2_ws/install/nav2_msgs/share/nav2_msgs/srv/SaveMap.json
[4.778s] -- Up-to-date symlink: /home/brilliant/ros2_ws/install/nav2_msgs/share/nav2_msgs/srv/SetInitialPose.json
[4.778s] -- Up-to-date symlink: /home/brilliant/ros2_ws/install/nav2_msgs/share/nav2_msgs/srv/ReloadDockDatabase.json
[4.779s] -- Up-to-date symlink: /home/brilliant/ros2_ws/install/nav2_msgs/share/nav2_msgs/action/AssistedTeleop.json
[4.781s] -- Up-to-date symlink: /home/brilliant/ros2_ws/install/nav2_msgs/share/nav2_msgs/action/BackUp.json
[4.785s] -- Up-to-date symlink: /home/brilliant/ros2_ws/install/nav2_msgs/share/nav2_msgs/action/ComputePathToPose.json
[4.789s] -- Up-to-date symlink: /home/brilliant/ros2_ws/install/nav2_msgs/share/nav2_msgs/action/ComputePathThroughPoses.json
[4.789s] -- Up-to-date symlink: /home/brilliant/ros2_ws/install/nav2_msgs/share/nav2_msgs/action/DriveOnHeading.json
[4.791s] -- Up-to-date symlink: /home/brilliant/ros2_ws/install/nav2_msgs/share/nav2_msgs/action/SmoothPath.json
[4.796s] -- Up-to-date symlink: /home/brilliant/ros2_ws/install/nav2_msgs/share/nav2_msgs/action/FollowPath.json
[4.799s] -- Up-to-date symlink: /home/brilliant/ros2_ws/install/nav2_msgs/share/nav2_msgs/action/NavigateToPose.json
[4.799s] -- Up-to-date symlink: /home/brilliant/ros2_ws/install/nav2_msgs/share/nav2_msgs/action/NavigateThroughPoses.json
[4.800s] -- Up-to-date symlink: /home/brilliant/ros2_ws/install/nav2_msgs/share/nav2_msgs/action/Wait.json
[4.800s] -- Up-to-date symlink: /home/brilliant/ros2_ws/install/nav2_msgs/share/nav2_msgs/action/Spin.json
[4.800s] -- Up-to-date symlink: /home/brilliant/ros2_ws/install/nav2_msgs/share/nav2_msgs/action/DummyBehavior.json
[4.802s] -- Up-to-date symlink: /home/brilliant/ros2_ws/install/nav2_msgs/share/nav2_msgs/action/FollowWaypoints.json
[4.804s] -- Up-to-date symlink: /home/brilliant/ros2_ws/install/nav2_msgs/share/nav2_msgs/action/FollowGPSWaypoints.json
[4.806s] -- Up-to-date symlink: /home/brilliant/ros2_ws/install/nav2_msgs/share/nav2_msgs/action/DockRobot.json
[4.808s] -- Up-to-date symlink: /home/brilliant/ros2_ws/install/nav2_msgs/share/nav2_msgs/action/UndockRobot.json
[4.820s] -- Up-to-date symlink: /home/brilliant/ros2_ws/install/nav2_msgs/include/nav2_msgs/nav2_msgs/action/assisted_teleop.h
[4.825s] -- Up-to-date symlink: /home/brilliant/ros2_ws/install/nav2_msgs/include/nav2_msgs/nav2_msgs/action/back_up.h
[4.826s] -- Up-to-date symlink: /home/brilliant/ros2_ws/install/nav2_msgs/include/nav2_msgs/nav2_msgs/action/compute_path_through_poses.h
[4.828s] -- Up-to-date symlink: /home/brilliant/ros2_ws/install/nav2_msgs/include/nav2_msgs/nav2_msgs/action/compute_path_to_pose.h
[4.828s] -- Up-to-date symlink: /home/brilliant/ros2_ws/install/nav2_msgs/include/nav2_msgs/nav2_msgs/action/detail/assisted_teleop__functions.h
[4.829s] -- Up-to-date symlink: /home/brilliant/ros2_ws/install/nav2_msgs/include/nav2_msgs/nav2_msgs/action/detail/assisted_teleop__struct.h
[4.829s] -- Up-to-date symlink: /home/brilliant/ros2_ws/install/nav2_msgs/include/nav2_msgs/nav2_msgs/action/detail/assisted_teleop__type_support.h
[4.829s] -- Up-to-date symlink: /home/brilliant/ros2_ws/install/nav2_msgs/include/nav2_msgs/nav2_msgs/action/detail/back_up__functions.h
[4.834s] -- Up-to-date symlink: /home/brilliant/ros2_ws/install/nav2_msgs/include/nav2_msgs/nav2_msgs/action/detail/back_up__struct.h
[4.834s] -- Up-to-date symlink: /home/brilliant/ros2_ws/install/nav2_msgs/include/nav2_msgs/nav2_msgs/action/detail/back_up__type_support.h
[4.834s] -- Up-to-date symlink: /home/brilliant/ros2_ws/install/nav2_msgs/include/nav2_msgs/nav2_msgs/action/detail/compute_path_through_poses__functions.h
[4.834s] -- Up-to-date symlink: /home/brilliant/ros2_ws/install/nav2_msgs/include/nav2_msgs/nav2_msgs/action/detail/compute_path_through_poses__struct.h
[4.835s] -- Up-to-date symlink: /home/brilliant/ros2_ws/install/nav2_msgs/include/nav2_msgs/nav2_msgs/action/detail/compute_path_through_poses__type_support.h
[4.840s] -- Up-to-date symlink: /home/brilliant/ros2_ws/install/nav2_msgs/include/nav2_msgs/nav2_msgs/action/detail/compute_path_to_pose__functions.h
[4.840s] -- Up-to-date symlink: /home/brilliant/ros2_ws/install/nav2_msgs/include/nav2_msgs/nav2_msgs/action/detail/compute_path_to_pose__struct.h
[4.841s] -- Up-to-date symlink: /home/brilliant/ros2_ws/install/nav2_msgs/include/nav2_msgs/nav2_msgs/action/detail/compute_path_to_pose__type_support.h
[4.841s] -- Up-to-date symlink: /home/brilliant/ros2_ws/install/nav2_msgs/include/nav2_msgs/nav2_msgs/action/detail/dock_robot__functions.h
[4.844s] -- Up-to-date symlink: /home/brilliant/ros2_ws/install/nav2_msgs/include/nav2_msgs/nav2_msgs/action/detail/dock_robot__struct.h
[4.845s] -- Up-to-date symlink: /home/brilliant/ros2_ws/install/nav2_msgs/include/nav2_msgs/nav2_msgs/action/detail/dock_robot__type_support.h
[4.845s] -- Up-to-date symlink: /home/brilliant/ros2_ws/install/nav2_msgs/include/nav2_msgs/nav2_msgs/action/detail/drive_on_heading__functions.h
[4.845s] -- Up-to-date symlink: /home/brilliant/ros2_ws/install/nav2_msgs/include/nav2_msgs/nav2_msgs/action/detail/drive_on_heading__struct.h
[4.849s] -- Up-to-date symlink: /home/brilliant/ros2_ws/install/nav2_msgs/include/nav2_msgs/nav2_msgs/action/detail/drive_on_heading__type_support.h
[4.850s] -- Up-to-date symlink: /home/brilliant/ros2_ws/install/nav2_msgs/include/nav2_msgs/nav2_msgs/action/detail/dummy_behavior__functions.h
[4.850s] -- Up-to-date symlink: /home/brilliant/ros2_ws/install/nav2_msgs/include/nav2_msgs/nav2_msgs/action/detail/dummy_behavior__struct.h
[4.851s] -- Up-to-date symlink: /home/brilliant/ros2_ws/install/nav2_msgs/include/nav2_msgs/nav2_msgs/action/detail/dummy_behavior__type_support.h
[4.851s] -- Up-to-date symlink: /home/brilliant/ros2_ws/install/nav2_msgs/include/nav2_msgs/nav2_msgs/action/detail/follow_gps_waypoints__functions.h
[4.853s] -- Up-to-date symlink: /home/brilliant/ros2_ws/install/nav2_msgs/include/nav2_msgs/nav2_msgs/action/detail/follow_gps_waypoints__struct.h
[4.853s] -- Up-to-date symlink: /home/brilliant/ros2_ws/install/nav2_msgs/include/nav2_msgs/nav2_msgs/action/detail/follow_gps_waypoints__type_support.h
[4.855s] -- Up-to-date symlink: /home/brilliant/ros2_ws/install/nav2_msgs/include/nav2_msgs/nav2_msgs/action/detail/follow_path__functions.h
[4.856s] -- Up-to-date symlink: /home/brilliant/ros2_ws/install/nav2_msgs/include/nav2_msgs/nav2_msgs/action/detail/follow_path__struct.h
[4.856s] -- Up-to-date symlink: /home/brilliant/ros2_ws/install/nav2_msgs/include/nav2_msgs/nav2_msgs/action/detail/follow_path__type_support.h
[4.856s] -- Up-to-date symlink: /home/brilliant/ros2_ws/install/nav2_msgs/include/nav2_msgs/nav2_msgs/action/detail/follow_waypoints__functions.h
[4.859s] -- Up-to-date symlink: /home/brilliant/ros2_ws/install/nav2_msgs/include/nav2_msgs/nav2_msgs/action/detail/follow_waypoints__struct.h
[4.859s] -- Up-to-date symlink: /home/brilliant/ros2_ws/install/nav2_msgs/include/nav2_msgs/nav2_msgs/action/detail/follow_waypoints__type_support.h
[4.861s] -- Up-to-date symlink: /home/brilliant/ros2_ws/install/nav2_msgs/include/nav2_msgs/nav2_msgs/action/detail/navigate_through_poses__functions.h
[4.861s] -- Up-to-date symlink: /home/brilliant/ros2_ws/install/nav2_msgs/include/nav2_msgs/nav2_msgs/action/detail/navigate_through_poses__struct.h
[4.865s] -- Up-to-date symlink: /home/brilliant/ros2_ws/install/nav2_msgs/include/nav2_msgs/nav2_msgs/action/detail/navigate_through_poses__type_support.h
[4.865s] -- Up-to-date symlink: /home/brilliant/ros2_ws/install/nav2_msgs/include/nav2_msgs/nav2_msgs/action/detail/navigate_to_pose__functions.h
[4.866s] -- Up-to-date symlink: /home/brilliant/ros2_ws/install/nav2_msgs/include/nav2_msgs/nav2_msgs/action/detail/navigate_to_pose__struct.h
[4.866s] -- Up-to-date symlink: /home/brilliant/ros2_ws/install/nav2_msgs/include/nav2_msgs/nav2_msgs/action/detail/navigate_to_pose__type_support.h
[4.870s] -- Up-to-date symlink: /home/brilliant/ros2_ws/install/nav2_msgs/include/nav2_msgs/nav2_msgs/action/detail/smooth_path__functions.h
[4.870s] -- Up-to-date symlink: /home/brilliant/ros2_ws/install/nav2_msgs/include/nav2_msgs/nav2_msgs/action/detail/smooth_path__struct.h
[4.870s] -- Up-to-date symlink: /home/brilliant/ros2_ws/install/nav2_msgs/include/nav2_msgs/nav2_msgs/action/detail/smooth_path__type_support.h
[4.873s] -- Up-to-date symlink: /home/brilliant/ros2_ws/install/nav2_msgs/include/nav2_msgs/nav2_msgs/action/detail/spin__functions.h
[4.873s] -- Up-to-date symlink: /home/brilliant/ros2_ws/install/nav2_msgs/include/nav2_msgs/nav2_msgs/action/detail/spin__struct.h
[4.873s] -- Up-to-date symlink: /home/brilliant/ros2_ws/install/nav2_msgs/include/nav2_msgs/nav2_msgs/action/detail/spin__type_support.h
[4.876s] -- Up-to-date symlink: /home/brilliant/ros2_ws/install/nav2_msgs/include/nav2_msgs/nav2_msgs/action/detail/undock_robot__functions.h
[4.879s] -- Up-to-date symlink: /home/brilliant/ros2_ws/install/nav2_msgs/include/nav2_msgs/nav2_msgs/action/detail/undock_robot__struct.h
[4.879s] -- Up-to-date symlink: /home/brilliant/ros2_ws/install/nav2_msgs/include/nav2_msgs/nav2_msgs/action/detail/undock_robot__type_support.h
[4.879s] -- Up-to-date symlink: /home/brilliant/ros2_ws/install/nav2_msgs/include/nav2_msgs/nav2_msgs/action/detail/wait__functions.h
[4.882s] -- Up-to-date symlink: /home/brilliant/ros2_ws/install/nav2_msgs/include/nav2_msgs/nav2_msgs/action/detail/wait__struct.h
[4.882s] -- Up-to-date symlink: /home/brilliant/ros2_ws/install/nav2_msgs/include/nav2_msgs/nav2_msgs/action/detail/wait__type_support.h
[4.883s] -- Up-to-date symlink: /home/brilliant/ros2_ws/install/nav2_msgs/include/nav2_msgs/nav2_msgs/action/dock_robot.h
[4.884s] -- Up-to-date symlink: /home/brilliant/ros2_ws/install/nav2_msgs/include/nav2_msgs/nav2_msgs/action/drive_on_heading.h
[4.887s] -- Up-to-date symlink: /home/brilliant/ros2_ws/install/nav2_msgs/include/nav2_msgs/nav2_msgs/action/dummy_behavior.h
[4.887s] -- Up-to-date symlink: /home/brilliant/ros2_ws/install/nav2_msgs/include/nav2_msgs/nav2_msgs/action/follow_gps_waypoints.h
[4.888s] -- Up-to-date symlink: /home/brilliant/ros2_ws/install/nav2_msgs/include/nav2_msgs/nav2_msgs/action/follow_path.h
[4.888s] -- Up-to-date symlink: /home/brilliant/ros2_ws/install/nav2_msgs/include/nav2_msgs/nav2_msgs/action/follow_waypoints.h
[4.891s] -- Up-to-date symlink: /home/brilliant/ros2_ws/install/nav2_msgs/include/nav2_msgs/nav2_msgs/action/navigate_through_poses.h
[4.891s] -- Up-to-date symlink: /home/brilliant/ros2_ws/install/nav2_msgs/include/nav2_msgs/nav2_msgs/action/navigate_to_pose.h
[4.892s] -- Up-to-date symlink: /home/brilliant/ros2_ws/install/nav2_msgs/include/nav2_msgs/nav2_msgs/action/smooth_path.h
[4.894s] -- Up-to-date symlink: /home/brilliant/ros2_ws/install/nav2_msgs/include/nav2_msgs/nav2_msgs/action/spin.h
[4.895s] -- Up-to-date symlink: /home/brilliant/ros2_ws/install/nav2_msgs/include/nav2_msgs/nav2_msgs/action/undock_robot.h
[4.895s] -- Up-to-date symlink: /home/brilliant/ros2_ws/install/nav2_msgs/include/nav2_msgs/nav2_msgs/action/wait.h
[4.899s] -- Up-to-date symlink: /home/brilliant/ros2_ws/install/nav2_msgs/include/nav2_msgs/nav2_msgs/msg/behavior_tree_log.h
[4.899s] -- Up-to-date symlink: /home/brilliant/ros2_ws/install/nav2_msgs/include/nav2_msgs/nav2_msgs/msg/behavior_tree_status_change.h
[4.900s] -- Up-to-date symlink: /home/brilliant/ros2_ws/install/nav2_msgs/include/nav2_msgs/nav2_msgs/msg/collision_detector_state.h
[4.901s] -- Up-to-date symlink: /home/brilliant/ros2_ws/install/nav2_msgs/include/nav2_msgs/nav2_msgs/msg/collision_monitor_state.h
[4.902s] -- Up-to-date symlink: /home/brilliant/ros2_ws/install/nav2_msgs/include/nav2_msgs/nav2_msgs/msg/costmap.h
[4.904s] -- Up-to-date symlink: /home/brilliant/ros2_ws/install/nav2_msgs/include/nav2_msgs/nav2_msgs/msg/costmap_filter_info.h
[4.905s] -- Up-to-date symlink: /home/brilliant/ros2_ws/install/nav2_msgs/include/nav2_msgs/nav2_msgs/msg/costmap_meta_data.h
[4.905s] -- Up-to-date symlink: /home/brilliant/ros2_ws/install/nav2_msgs/include/nav2_msgs/nav2_msgs/msg/costmap_update.h
[4.905s] -- Up-to-date symlink: /home/brilliant/ros2_ws/install/nav2_msgs/include/nav2_msgs/nav2_msgs/msg/detail/behavior_tree_log__functions.h
[4.909s] -- Up-to-date symlink: /home/brilliant/ros2_ws/install/nav2_msgs/include/nav2_msgs/nav2_msgs/msg/detail/behavior_tree_log__struct.h
[4.909s] -- Up-to-date symlink: /home/brilliant/ros2_ws/install/nav2_msgs/include/nav2_msgs/nav2_msgs/msg/detail/behavior_tree_log__type_support.h
[4.909s] -- Up-to-date symlink: /home/brilliant/ros2_ws/install/nav2_msgs/include/nav2_msgs/nav2_msgs/msg/detail/behavior_tree_status_change__functions.h
[4.912s] -- Up-to-date symlink: /home/brilliant/ros2_ws/install/nav2_msgs/include/nav2_msgs/nav2_msgs/msg/detail/behavior_tree_status_change__struct.h
[4.913s] -- Up-to-date symlink: /home/brilliant/ros2_ws/install/nav2_msgs/include/nav2_msgs/nav2_msgs/msg/detail/behavior_tree_status_change__type_support.h
[4.915s] -- Up-to-date symlink: /home/brilliant/ros2_ws/install/nav2_msgs/include/nav2_msgs/nav2_msgs/msg/detail/collision_detector_state__functions.h
[4.916s] -- Up-to-date symlink: /home/brilliant/ros2_ws/install/nav2_msgs/include/nav2_msgs/nav2_msgs/msg/detail/collision_detector_state__struct.h
[4.916s] -- Up-to-date symlink: /home/brilliant/ros2_ws/install/nav2_msgs/include/nav2_msgs/nav2_msgs/msg/detail/collision_detector_state__type_support.h
[4.919s] -- Up-to-date symlink: /home/brilliant/ros2_ws/install/nav2_msgs/include/nav2_msgs/nav2_msgs/msg/detail/collision_monitor_state__functions.h
[4.919s] -- Up-to-date symlink: /home/brilliant/ros2_ws/install/nav2_msgs/include/nav2_msgs/nav2_msgs/msg/detail/collision_monitor_state__struct.h
[4.919s] -- Up-to-date symlink: /home/brilliant/ros2_ws/install/nav2_msgs/include/nav2_msgs/nav2_msgs/msg/detail/collision_monitor_state__type_support.h
[4.924s] -- Up-to-date symlink: /home/brilliant/ros2_ws/install/nav2_msgs/include/nav2_msgs/nav2_msgs/msg/detail/costmap__functions.h
[4.925s] -- Up-to-date symlink: /home/brilliant/ros2_ws/install/nav2_msgs/include/nav2_msgs/nav2_msgs/msg/detail/costmap__struct.h
[4.925s] -- Up-to-date symlink: /home/brilliant/ros2_ws/install/nav2_msgs/include/nav2_msgs/nav2_msgs/msg/detail/costmap__type_support.h
[4.926s] -- Up-to-date symlink: /home/brilliant/ros2_ws/install/nav2_msgs/include/nav2_msgs/nav2_msgs/msg/detail/costmap_filter_info__functions.h
[4.926s] -- Up-to-date symlink: /home/brilliant/ros2_ws/install/nav2_msgs/include/nav2_msgs/nav2_msgs/msg/detail/costmap_filter_info__struct.h
[4.927s] -- Up-to-date symlink: /home/brilliant/ros2_ws/install/nav2_msgs/include/nav2_msgs/nav2_msgs/msg/detail/costmap_filter_info__type_support.h
[4.932s] -- Up-to-date symlink: /home/brilliant/ros2_ws/install/nav2_msgs/include/nav2_msgs/nav2_msgs/msg/detail/costmap_meta_data__functions.h
[4.932s] -- Up-to-date symlink: /home/brilliant/ros2_ws/install/nav2_msgs/include/nav2_msgs/nav2_msgs/msg/detail/costmap_meta_data__struct.h
[4.933s] -- Up-to-date symlink: /home/brilliant/ros2_ws/install/nav2_msgs/include/nav2_msgs/nav2_msgs/msg/detail/costmap_meta_data__type_support.h
[4.933s] -- Up-to-date symlink: /home/brilliant/ros2_ws/install/nav2_msgs/include/nav2_msgs/nav2_msgs/msg/detail/costmap_update__functions.h
[4.933s] -- Up-to-date symlink: /home/brilliant/ros2_ws/install/nav2_msgs/include/nav2_msgs/nav2_msgs/msg/detail/costmap_update__struct.h
[4.933s] -- Up-to-date symlink: /home/brilliant/ros2_ws/install/nav2_msgs/include/nav2_msgs/nav2_msgs/msg/detail/costmap_update__type_support.h
[4.935s] -- Up-to-date symlink: /home/brilliant/ros2_ws/install/nav2_msgs/include/nav2_msgs/nav2_msgs/msg/detail/missed_waypoint__functions.h
[4.941s] -- Up-to-date symlink: /home/brilliant/ros2_ws/install/nav2_msgs/include/nav2_msgs/nav2_msgs/msg/detail/missed_waypoint__struct.h
[4.941s] -- Up-to-date symlink: /home/brilliant/ros2_ws/install/nav2_msgs/include/nav2_msgs/nav2_msgs/msg/detail/missed_waypoint__type_support.h
[4.942s] -- Up-to-date symlink: /home/brilliant/ros2_ws/install/nav2_msgs/include/nav2_msgs/nav2_msgs/msg/detail/particle__functions.h
[4.942s] -- Up-to-date symlink: /home/brilliant/ros2_ws/install/nav2_msgs/include/nav2_msgs/nav2_msgs/msg/detail/particle__struct.h
[4.942s] -- Up-to-date symlink: /home/brilliant/ros2_ws/install/nav2_msgs/include/nav2_msgs/nav2_msgs/msg/detail/particle__type_support.h
[4.942s] -- Up-to-date symlink: /home/brilliant/ros2_ws/install/nav2_msgs/include/nav2_msgs/nav2_msgs/msg/detail/particle_cloud__functions.h
[4.943s] -- Up-to-date symlink: /home/brilliant/ros2_ws/install/nav2_msgs/include/nav2_msgs/nav2_msgs/msg/detail/particle_cloud__struct.h
[4.944s] -- Up-to-date symlink: /home/brilliant/ros2_ws/install/nav2_msgs/include/nav2_msgs/nav2_msgs/msg/detail/particle_cloud__type_support.h
[4.946s] -- Up-to-date symlink: /home/brilliant/ros2_ws/install/nav2_msgs/include/nav2_msgs/nav2_msgs/msg/detail/speed_limit__functions.h
[4.948s] -- Up-to-date symlink: /home/brilliant/ros2_ws/install/nav2_msgs/include/nav2_msgs/nav2_msgs/msg/detail/speed_limit__struct.h
[4.949s] -- Up-to-date symlink: /home/brilliant/ros2_ws/install/nav2_msgs/include/nav2_msgs/nav2_msgs/msg/detail/speed_limit__type_support.h
[4.949s] -- Up-to-date symlink: /home/brilliant/ros2_ws/install/nav2_msgs/include/nav2_msgs/nav2_msgs/msg/detail/voxel_grid__functions.h
[4.952s] -- Up-to-date symlink: /home/brilliant/ros2_ws/install/nav2_msgs/include/nav2_msgs/nav2_msgs/msg/detail/voxel_grid__struct.h
[4.956s] -- Up-to-date symlink: /home/brilliant/ros2_ws/install/nav2_msgs/include/nav2_msgs/nav2_msgs/msg/detail/voxel_grid__type_support.h
[4.956s] -- Up-to-date symlink: /home/brilliant/ros2_ws/install/nav2_msgs/include/nav2_msgs/nav2_msgs/msg/missed_waypoint.h
[4.957s] -- Up-to-date symlink: /home/brilliant/ros2_ws/install/nav2_msgs/include/nav2_msgs/nav2_msgs/msg/particle.h
[4.957s] -- Up-to-date symlink: /home/brilliant/ros2_ws/install/nav2_msgs/include/nav2_msgs/nav2_msgs/msg/particle_cloud.h
[4.957s] -- Up-to-date symlink: /home/brilliant/ros2_ws/install/nav2_msgs/include/nav2_msgs/nav2_msgs/msg/rosidl_generator_c__visibility_control.h
[4.958s] -- Up-to-date symlink: /home/brilliant/ros2_ws/install/nav2_msgs/include/nav2_msgs/nav2_msgs/msg/speed_limit.h
[4.959s] -- Up-to-date symlink: /home/brilliant/ros2_ws/install/nav2_msgs/include/nav2_msgs/nav2_msgs/msg/voxel_grid.h
[4.962s] -- Up-to-date symlink: /home/brilliant/ros2_ws/install/nav2_msgs/include/nav2_msgs/nav2_msgs/srv/clear_costmap_around_pose.h
[4.962s] -- Up-to-date symlink: /home/brilliant/ros2_ws/install/nav2_msgs/include/nav2_msgs/nav2_msgs/srv/clear_costmap_around_robot.h
[4.962s] -- Up-to-date symlink: /home/brilliant/ros2_ws/install/nav2_msgs/include/nav2_msgs/nav2_msgs/srv/clear_costmap_except_region.h
[4.966s] -- Up-to-date symlink: /home/brilliant/ros2_ws/install/nav2_msgs/include/nav2_msgs/nav2_msgs/srv/clear_entire_costmap.h
[4.966s] -- Up-to-date symlink: /home/brilliant/ros2_ws/install/nav2_msgs/include/nav2_msgs/nav2_msgs/srv/detail/clear_costmap_around_pose__functions.h
[4.967s] -- Up-to-date symlink: /home/brilliant/ros2_ws/install/nav2_msgs/include/nav2_msgs/nav2_msgs/srv/detail/clear_costmap_around_pose__struct.h
[4.967s] -- Up-to-date symlink: /home/brilliant/ros2_ws/install/nav2_msgs/include/nav2_msgs/nav2_msgs/srv/detail/clear_costmap_around_pose__type_support.h
[4.967s] -- Up-to-date symlink: /home/brilliant/ros2_ws/install/nav2_msgs/include/nav2_msgs/nav2_msgs/srv/detail/clear_costmap_around_robot__functions.h
[4.971s] -- Up-to-date symlink: /home/brilliant/ros2_ws/install/nav2_msgs/include/nav2_msgs/nav2_msgs/srv/detail/clear_costmap_around_robot__struct.h
[4.974s] -- Up-to-date symlink: /home/brilliant/ros2_ws/install/nav2_msgs/include/nav2_msgs/nav2_msgs/srv/detail/clear_costmap_around_robot__type_support.h
[4.974s] -- Up-to-date symlink: /home/brilliant/ros2_ws/install/nav2_msgs/include/nav2_msgs/nav2_msgs/srv/detail/clear_costmap_except_region__functions.h
[4.974s] -- Up-to-date symlink: /home/brilliant/ros2_ws/install/nav2_msgs/include/nav2_msgs/nav2_msgs/srv/detail/clear_costmap_except_region__struct.h
[4.974s] -- Up-to-date symlink: /home/brilliant/ros2_ws/install/nav2_msgs/include/nav2_msgs/nav2_msgs/srv/detail/clear_costmap_except_region__type_support.h
[4.977s] -- Up-to-date symlink: /home/brilliant/ros2_ws/install/nav2_msgs/include/nav2_msgs/nav2_msgs/srv/detail/clear_entire_costmap__functions.h
[4.977s] -- Up-to-date symlink: /home/brilliant/ros2_ws/install/nav2_msgs/include/nav2_msgs/nav2_msgs/srv/detail/clear_entire_costmap__struct.h
[4.977s] -- Up-to-date symlink: /home/brilliant/ros2_ws/install/nav2_msgs/include/nav2_msgs/nav2_msgs/srv/detail/clear_entire_costmap__type_support.h
[4.979s] -- Up-to-date symlink: /home/brilliant/ros2_ws/install/nav2_msgs/include/nav2_msgs/nav2_msgs/srv/detail/get_cost__functions.h
[4.980s] -- Up-to-date symlink: /home/brilliant/ros2_ws/install/nav2_msgs/include/nav2_msgs/nav2_msgs/srv/detail/get_cost__struct.h
[4.981s] -- Up-to-date symlink: /home/brilliant/ros2_ws/install/nav2_msgs/include/nav2_msgs/nav2_msgs/srv/detail/get_cost__type_support.h
[4.982s] -- Up-to-date symlink: /home/brilliant/ros2_ws/install/nav2_msgs/include/nav2_msgs/nav2_msgs/srv/detail/get_costmap__functions.h
[4.984s] -- Up-to-date symlink: /home/brilliant/ros2_ws/install/nav2_msgs/include/nav2_msgs/nav2_msgs/srv/detail/get_costmap__struct.h
[4.985s] -- Up-to-date symlink: /home/brilliant/ros2_ws/install/nav2_msgs/include/nav2_msgs/nav2_msgs/srv/detail/get_costmap__type_support.h
[4.986s] -- Up-to-date symlink: /home/brilliant/ros2_ws/install/nav2_msgs/include/nav2_msgs/nav2_msgs/srv/detail/is_path_valid__functions.h
[4.988s] -- Up-to-date symlink: /home/brilliant/ros2_ws/install/nav2_msgs/include/nav2_msgs/nav2_msgs/srv/detail/is_path_valid__struct.h
[4.990s] -- Up-to-date symlink: /home/brilliant/ros2_ws/install/nav2_msgs/include/nav2_msgs/nav2_msgs/srv/detail/is_path_valid__type_support.h
[4.993s] -- Up-to-date symlink: /home/brilliant/ros2_ws/install/nav2_msgs/include/nav2_msgs/nav2_msgs/srv/detail/load_map__functions.h
[4.993s] -- Up-to-date symlink: /home/brilliant/ros2_ws/install/nav2_msgs/include/nav2_msgs/nav2_msgs/srv/detail/load_map__struct.h
[4.993s] -- Up-to-date symlink: /home/brilliant/ros2_ws/install/nav2_msgs/include/nav2_msgs/nav2_msgs/srv/detail/load_map__type_support.h
[4.994s] -- Up-to-date symlink: /home/brilliant/ros2_ws/install/nav2_msgs/include/nav2_msgs/nav2_msgs/srv/detail/manage_lifecycle_nodes__functions.h
[4.997s] -- Up-to-date symlink: /home/brilliant/ros2_ws/install/nav2_msgs/include/nav2_msgs/nav2_msgs/srv/detail/manage_lifecycle_nodes__struct.h
[4.998s] -- Up-to-date symlink: /home/brilliant/ros2_ws/install/nav2_msgs/include/nav2_msgs/nav2_msgs/srv/detail/manage_lifecycle_nodes__type_support.h
[4.998s] -- Up-to-date symlink: /home/brilliant/ros2_ws/install/nav2_msgs/include/nav2_msgs/nav2_msgs/srv/detail/reload_dock_database__functions.h
[4.999s] -- Up-to-date symlink: /home/brilliant/ros2_ws/install/nav2_msgs/include/nav2_msgs/nav2_msgs/srv/detail/reload_dock_database__struct.h
[5.000s] -- Up-to-date symlink: /home/brilliant/ros2_ws/install/nav2_msgs/include/nav2_msgs/nav2_msgs/srv/detail/reload_dock_database__type_support.h
[5.001s] -- Up-to-date symlink: /home/brilliant/ros2_ws/install/nav2_msgs/include/nav2_msgs/nav2_msgs/srv/detail/save_map__functions.h
[5.001s] -- Up-to-date symlink: /home/brilliant/ros2_ws/install/nav2_msgs/include/nav2_msgs/nav2_msgs/srv/detail/save_map__struct.h
[5.004s] -- Up-to-date symlink: /home/brilliant/ros2_ws/install/nav2_msgs/include/nav2_msgs/nav2_msgs/srv/detail/save_map__type_support.h
[5.004s] -- Up-to-date symlink: /home/brilliant/ros2_ws/install/nav2_msgs/include/nav2_msgs/nav2_msgs/srv/detail/set_initial_pose__functions.h
[5.005s] -- Up-to-date symlink: /home/brilliant/ros2_ws/install/nav2_msgs/include/nav2_msgs/nav2_msgs/srv/detail/set_initial_pose__struct.h
[5.007s] -- Up-to-date symlink: /home/brilliant/ros2_ws/install/nav2_msgs/include/nav2_msgs/nav2_msgs/srv/detail/set_initial_pose__type_support.h
[5.007s] -- Up-to-date symlink: /home/brilliant/ros2_ws/install/nav2_msgs/include/nav2_msgs/nav2_msgs/srv/get_cost.h
[5.007s] -- Up-to-date symlink: /home/brilliant/ros2_ws/install/nav2_msgs/include/nav2_msgs/nav2_msgs/srv/get_costmap.h
[5.007s] -- Up-to-date symlink: /home/brilliant/ros2_ws/install/nav2_msgs/include/nav2_msgs/nav2_msgs/srv/is_path_valid.h
[5.008s] -- Up-to-date symlink: /home/brilliant/ros2_ws/install/nav2_msgs/include/nav2_msgs/nav2_msgs/srv/load_map.h
[5.009s] -- Up-to-date symlink: /home/brilliant/ros2_ws/install/nav2_msgs/include/nav2_msgs/nav2_msgs/srv/manage_lifecycle_nodes.h
[5.010s] -- Up-to-date symlink: /home/brilliant/ros2_ws/install/nav2_msgs/include/nav2_msgs/nav2_msgs/srv/reload_dock_database.h
[5.011s] -- Up-to-date symlink: /home/brilliant/ros2_ws/install/nav2_msgs/include/nav2_msgs/nav2_msgs/srv/save_map.h
[5.011s] -- Up-to-date symlink: /home/brilliant/ros2_ws/install/nav2_msgs/include/nav2_msgs/nav2_msgs/srv/set_initial_pose.h
[5.011s] -- Up-to-date symlink: /home/brilliant/ros2_ws/install/nav2_msgs/share/nav2_msgs/environment/library_path.sh
[5.014s] -- Up-to-date symlink: /home/brilliant/ros2_ws/install/nav2_msgs/share/nav2_msgs/environment/library_path.dsv
[5.019s] -- Up-to-date symlink: /home/brilliant/ros2_ws/install/nav2_msgs/include/nav2_msgs/nav2_msgs/action/detail/assisted_teleop__rosidl_typesupport_fastrtps_c.h
[5.022s] -- Up-to-date symlink: /home/brilliant/ros2_ws/install/nav2_msgs/include/nav2_msgs/nav2_msgs/action/detail/back_up__rosidl_typesupport_fastrtps_c.h
[5.022s] -- Up-to-date symlink: /home/brilliant/ros2_ws/install/nav2_msgs/include/nav2_msgs/nav2_msgs/action/detail/compute_path_through_poses__rosidl_typesupport_fastrtps_c.h
[5.023s] -- Up-to-date symlink: /home/brilliant/ros2_ws/install/nav2_msgs/include/nav2_msgs/nav2_msgs/action/detail/compute_path_to_pose__rosidl_typesupport_fastrtps_c.h
[5.023s] -- Up-to-date symlink: /home/brilliant/ros2_ws/install/nav2_msgs/include/nav2_msgs/nav2_msgs/action/detail/dock_robot__rosidl_typesupport_fastrtps_c.h
[5.023s] -- Up-to-date symlink: /home/brilliant/ros2_ws/install/nav2_msgs/include/nav2_msgs/nav2_msgs/action/detail/drive_on_heading__rosidl_typesupport_fastrtps_c.h
[5.025s] -- Up-to-date symlink: /home/brilliant/ros2_ws/install/nav2_msgs/include/nav2_msgs/nav2_msgs/action/detail/dummy_behavior__rosidl_typesupport_fastrtps_c.h
[5.025s] -- Up-to-date symlink: /home/brilliant/ros2_ws/install/nav2_msgs/include/nav2_msgs/nav2_msgs/action/detail/follow_gps_waypoints__rosidl_typesupport_fastrtps_c.h
[5.029s] -- Up-to-date symlink: /home/brilliant/ros2_ws/install/nav2_msgs/include/nav2_msgs/nav2_msgs/action/detail/follow_path__rosidl_typesupport_fastrtps_c.h
[5.030s] -- Up-to-date symlink: /home/brilliant/ros2_ws/install/nav2_msgs/include/nav2_msgs/nav2_msgs/action/detail/follow_waypoints__rosidl_typesupport_fastrtps_c.h
[5.031s] -- Up-to-date symlink: /home/brilliant/ros2_ws/install/nav2_msgs/include/nav2_msgs/nav2_msgs/action/detail/navigate_through_poses__rosidl_typesupport_fastrtps_c.h
[5.032s] -- Up-to-date symlink: /home/brilliant/ros2_ws/install/nav2_msgs/include/nav2_msgs/nav2_msgs/action/detail/navigate_to_pose__rosidl_typesupport_fastrtps_c.h
[5.032s] -- Up-to-date symlink: /home/brilliant/ros2_ws/install/nav2_msgs/include/nav2_msgs/nav2_msgs/action/detail/smooth_path__rosidl_typesupport_fastrtps_c.h
[5.032s] -- Up-to-date symlink: /home/brilliant/ros2_ws/install/nav2_msgs/include/nav2_msgs/nav2_msgs/action/detail/spin__rosidl_typesupport_fastrtps_c.h
[5.035s] -- Up-to-date symlink: /home/brilliant/ros2_ws/install/nav2_msgs/include/nav2_msgs/nav2_msgs/action/detail/undock_robot__rosidl_typesupport_fastrtps_c.h
[5.035s] -- Up-to-date symlink: /home/brilliant/ros2_ws/install/nav2_msgs/include/nav2_msgs/nav2_msgs/action/detail/wait__rosidl_typesupport_fastrtps_c.h
[5.035s] -- Up-to-date symlink: /home/brilliant/ros2_ws/install/nav2_msgs/include/nav2_msgs/nav2_msgs/msg/detail/behavior_tree_log__rosidl_typesupport_fastrtps_c.h
[5.036s] -- Up-to-date symlink: /home/brilliant/ros2_ws/install/nav2_msgs/include/nav2_msgs/nav2_msgs/msg/detail/behavior_tree_status_change__rosidl_typesupport_fastrtps_c.h
[5.036s] -- Up-to-date symlink: /home/brilliant/ros2_ws/install/nav2_msgs/include/nav2_msgs/nav2_msgs/msg/detail/collision_detector_state__rosidl_typesupport_fastrtps_c.h
[5.037s] -- Up-to-date symlink: /home/brilliant/ros2_ws/install/nav2_msgs/include/nav2_msgs/nav2_msgs/msg/detail/collision_monitor_state__rosidl_typesupport_fastrtps_c.h
[5.038s] -- Up-to-date symlink: /home/brilliant/ros2_ws/install/nav2_msgs/include/nav2_msgs/nav2_msgs/msg/detail/costmap__rosidl_typesupport_fastrtps_c.h
[5.039s] -- Up-to-date symlink: /home/brilliant/ros2_ws/install/nav2_msgs/include/nav2_msgs/nav2_msgs/msg/detail/costmap_filter_info__rosidl_typesupport_fastrtps_c.h
[5.041s] -- Up-to-date symlink: /home/brilliant/ros2_ws/install/nav2_msgs/include/nav2_msgs/nav2_msgs/msg/detail/costmap_meta_data__rosidl_typesupport_fastrtps_c.h
[5.043s] -- Up-to-date symlink: /home/brilliant/ros2_ws/install/nav2_msgs/include/nav2_msgs/nav2_msgs/msg/detail/costmap_update__rosidl_typesupport_fastrtps_c.h
[5.043s] -- Up-to-date symlink: /home/brilliant/ros2_ws/install/nav2_msgs/include/nav2_msgs/nav2_msgs/msg/detail/missed_waypoint__rosidl_typesupport_fastrtps_c.h
[5.043s] -- Up-to-date symlink: /home/brilliant/ros2_ws/install/nav2_msgs/include/nav2_msgs/nav2_msgs/msg/detail/particle__rosidl_typesupport_fastrtps_c.h
[5.044s] -- Up-to-date symlink: /home/brilliant/ros2_ws/install/nav2_msgs/include/nav2_msgs/nav2_msgs/msg/detail/particle_cloud__rosidl_typesupport_fastrtps_c.h
[5.045s] -- Up-to-date symlink: /home/brilliant/ros2_ws/install/nav2_msgs/include/nav2_msgs/nav2_msgs/msg/detail/speed_limit__rosidl_typesupport_fastrtps_c.h
[5.046s] -- Up-to-date symlink: /home/brilliant/ros2_ws/install/nav2_msgs/include/nav2_msgs/nav2_msgs/msg/detail/voxel_grid__rosidl_typesupport_fastrtps_c.h
[5.047s] -- Up-to-date symlink: /home/brilliant/ros2_ws/install/nav2_msgs/include/nav2_msgs/nav2_msgs/msg/rosidl_typesupport_fastrtps_c__visibility_control.h
[5.049s] -- Up-to-date symlink: /home/brilliant/ros2_ws/install/nav2_msgs/include/nav2_msgs/nav2_msgs/srv/detail/clear_costmap_around_pose__rosidl_typesupport_fastrtps_c.h
[5.049s] -- Up-to-date symlink: /home/brilliant/ros2_ws/install/nav2_msgs/include/nav2_msgs/nav2_msgs/srv/detail/clear_costmap_around_robot__rosidl_typesupport_fastrtps_c.h
[5.052s] -- Up-to-date symlink: /home/brilliant/ros2_ws/install/nav2_msgs/include/nav2_msgs/nav2_msgs/srv/detail/clear_costmap_except_region__rosidl_typesupport_fastrtps_c.h
[5.052s] -- Up-to-date symlink: /home/brilliant/ros2_ws/install/nav2_msgs/include/nav2_msgs/nav2_msgs/srv/detail/clear_entire_costmap__rosidl_typesupport_fastrtps_c.h
[5.053s] -- Up-to-date symlink: /home/brilliant/ros2_ws/install/nav2_msgs/include/nav2_msgs/nav2_msgs/srv/detail/get_cost__rosidl_typesupport_fastrtps_c.h
[5.053s] -- Up-to-date symlink: /home/brilliant/ros2_ws/install/nav2_msgs/include/nav2_msgs/nav2_msgs/srv/detail/get_costmap__rosidl_typesupport_fastrtps_c.h
[5.053s] -- Up-to-date symlink: /home/brilliant/ros2_ws/install/nav2_msgs/include/nav2_msgs/nav2_msgs/srv/detail/is_path_valid__rosidl_typesupport_fastrtps_c.h
[5.055s] -- Up-to-date symlink: /home/brilliant/ros2_ws/install/nav2_msgs/include/nav2_msgs/nav2_msgs/srv/detail/load_map__rosidl_typesupport_fastrtps_c.h
[5.055s] -- Up-to-date symlink: /home/brilliant/ros2_ws/install/nav2_msgs/include/nav2_msgs/nav2_msgs/srv/detail/manage_lifecycle_nodes__rosidl_typesupport_fastrtps_c.h
[5.058s] -- Up-to-date symlink: /home/brilliant/ros2_ws/install/nav2_msgs/include/nav2_msgs/nav2_msgs/srv/detail/reload_dock_database__rosidl_typesupport_fastrtps_c.h
[5.058s] -- Up-to-date symlink: /home/brilliant/ros2_ws/install/nav2_msgs/include/nav2_msgs/nav2_msgs/srv/detail/save_map__rosidl_typesupport_fastrtps_c.h
[5.058s] -- Up-to-date symlink: /home/brilliant/ros2_ws/install/nav2_msgs/include/nav2_msgs/nav2_msgs/srv/detail/set_initial_pose__rosidl_typesupport_fastrtps_c.h
[5.072s] -- Up-to-date symlink: /home/brilliant/ros2_ws/install/nav2_msgs/include/nav2_msgs/nav2_msgs/action/assisted_teleop.hpp
[5.073s] -- Up-to-date symlink: /home/brilliant/ros2_ws/install/nav2_msgs/include/nav2_msgs/nav2_msgs/action/back_up.hpp
[5.073s] -- Up-to-date symlink: /home/brilliant/ros2_ws/install/nav2_msgs/include/nav2_msgs/nav2_msgs/action/compute_path_through_poses.hpp
[5.073s] -- Up-to-date symlink: /home/brilliant/ros2_ws/install/nav2_msgs/include/nav2_msgs/nav2_msgs/action/compute_path_to_pose.hpp
[5.074s] -- Up-to-date symlink: /home/brilliant/ros2_ws/install/nav2_msgs/include/nav2_msgs/nav2_msgs/action/detail/assisted_teleop__builder.hpp
[5.075s] -- Up-to-date symlink: /home/brilliant/ros2_ws/install/nav2_msgs/include/nav2_msgs/nav2_msgs/action/detail/assisted_teleop__struct.hpp
[5.076s] -- Up-to-date symlink: /home/brilliant/ros2_ws/install/nav2_msgs/include/nav2_msgs/nav2_msgs/action/detail/assisted_teleop__traits.hpp
[5.077s] -- Up-to-date symlink: /home/brilliant/ros2_ws/install/nav2_msgs/include/nav2_msgs/nav2_msgs/action/detail/assisted_teleop__type_support.hpp
[5.079s] -- Up-to-date symlink: /home/brilliant/ros2_ws/install/nav2_msgs/include/nav2_msgs/nav2_msgs/action/detail/back_up__builder.hpp
[5.079s] -- Up-to-date symlink: /home/brilliant/ros2_ws/install/nav2_msgs/include/nav2_msgs/nav2_msgs/action/detail/back_up__struct.hpp
[5.080s] -- Up-to-date symlink: /home/brilliant/ros2_ws/install/nav2_msgs/include/nav2_msgs/nav2_msgs/action/detail/back_up__traits.hpp
[5.080s] -- Up-to-date symlink: /home/brilliant/ros2_ws/install/nav2_msgs/include/nav2_msgs/nav2_msgs/action/detail/back_up__type_support.hpp
[5.080s] -- Up-to-date symlink: /home/brilliant/ros2_ws/install/nav2_msgs/include/nav2_msgs/nav2_msgs/action/detail/compute_path_through_poses__builder.hpp
[5.082s] -- Up-to-date symlink: /home/brilliant/ros2_ws/install/nav2_msgs/include/nav2_msgs/nav2_msgs/action/detail/compute_path_through_poses__struct.hpp
[5.082s] -- Up-to-date symlink: /home/brilliant/ros2_ws/install/nav2_msgs/include/nav2_msgs/nav2_msgs/action/detail/compute_path_through_poses__traits.hpp
[5.085s] -- Up-to-date symlink: /home/brilliant/ros2_ws/install/nav2_msgs/include/nav2_msgs/nav2_msgs/action/detail/compute_path_through_poses__type_support.hpp
[5.086s] -- Up-to-date symlink: /home/brilliant/ros2_ws/install/nav2_msgs/include/nav2_msgs/nav2_msgs/action/detail/compute_path_to_pose__builder.hpp
[5.088s] -- Up-to-date symlink: /home/brilliant/ros2_ws/install/nav2_msgs/include/nav2_msgs/nav2_msgs/action/detail/compute_path_to_pose__struct.hpp
[5.088s] -- Up-to-date symlink: /home/brilliant/ros2_ws/install/nav2_msgs/include/nav2_msgs/nav2_msgs/action/detail/compute_path_to_pose__traits.hpp
[5.088s] -- Up-to-date symlink: /home/brilliant/ros2_ws/install/nav2_msgs/include/nav2_msgs/nav2_msgs/action/detail/compute_path_to_pose__type_support.hpp
[5.089s] -- Up-to-date symlink: /home/brilliant/ros2_ws/install/nav2_msgs/include/nav2_msgs/nav2_msgs/action/detail/dock_robot__builder.hpp
[5.094s] -- Up-to-date symlink: /home/brilliant/ros2_ws/install/nav2_msgs/include/nav2_msgs/nav2_msgs/action/detail/dock_robot__struct.hpp
[5.095s] -- Up-to-date symlink: /home/brilliant/ros2_ws/install/nav2_msgs/include/nav2_msgs/nav2_msgs/action/detail/dock_robot__traits.hpp
[5.095s] -- Up-to-date symlink: /home/brilliant/ros2_ws/install/nav2_msgs/include/nav2_msgs/nav2_msgs/action/detail/dock_robot__type_support.hpp
[5.097s] -- Up-to-date symlink: /home/brilliant/ros2_ws/install/nav2_msgs/include/nav2_msgs/nav2_msgs/action/detail/drive_on_heading__builder.hpp
[5.097s] -- Up-to-date symlink: /home/brilliant/ros2_ws/install/nav2_msgs/include/nav2_msgs/nav2_msgs/action/detail/drive_on_heading__struct.hpp
[5.098s] -- Up-to-date symlink: /home/brilliant/ros2_ws/install/nav2_msgs/include/nav2_msgs/nav2_msgs/action/detail/drive_on_heading__traits.hpp
[5.100s] -- Up-to-date symlink: /home/brilliant/ros2_ws/install/nav2_msgs/include/nav2_msgs/nav2_msgs/action/detail/drive_on_heading__type_support.hpp
[5.101s] -- Up-to-date symlink: /home/brilliant/ros2_ws/install/nav2_msgs/include/nav2_msgs/nav2_msgs/action/detail/dummy_behavior__builder.hpp
[5.101s] -- Up-to-date symlink: /home/brilliant/ros2_ws/install/nav2_msgs/include/nav2_msgs/nav2_msgs/action/detail/dummy_behavior__struct.hpp
[5.101s] -- Up-to-date symlink: /home/brilliant/ros2_ws/install/nav2_msgs/include/nav2_msgs/nav2_msgs/action/detail/dummy_behavior__traits.hpp
[5.101s] -- Up-to-date symlink: /home/brilliant/ros2_ws/install/nav2_msgs/include/nav2_msgs/nav2_msgs/action/detail/dummy_behavior__type_support.hpp
[5.102s] -- Up-to-date symlink: /home/brilliant/ros2_ws/install/nav2_msgs/include/nav2_msgs/nav2_msgs/action/detail/follow_gps_waypoints__builder.hpp
[5.104s] -- Up-to-date symlink: /home/brilliant/ros2_ws/install/nav2_msgs/include/nav2_msgs/nav2_msgs/action/detail/follow_gps_waypoints__struct.hpp
[5.104s] -- Up-to-date symlink: /home/brilliant/ros2_ws/install/nav2_msgs/include/nav2_msgs/nav2_msgs/action/detail/follow_gps_waypoints__traits.hpp
[5.105s] -- Up-to-date symlink: /home/brilliant/ros2_ws/install/nav2_msgs/include/nav2_msgs/nav2_msgs/action/detail/follow_gps_waypoints__type_support.hpp
[5.105s] -- Up-to-date symlink: /home/brilliant/ros2_ws/install/nav2_msgs/include/nav2_msgs/nav2_msgs/action/detail/follow_path__builder.hpp
[5.105s] -- Up-to-date symlink: /home/brilliant/ros2_ws/install/nav2_msgs/include/nav2_msgs/nav2_msgs/action/detail/follow_path__struct.hpp
[5.106s] -- Up-to-date symlink: /home/brilliant/ros2_ws/install/nav2_msgs/include/nav2_msgs/nav2_msgs/action/detail/follow_path__traits.hpp
[5.106s] -- Up-to-date symlink: /home/brilliant/ros2_ws/install/nav2_msgs/include/nav2_msgs/nav2_msgs/action/detail/follow_path__type_support.hpp
[5.106s] -- Up-to-date symlink: /home/brilliant/ros2_ws/install/nav2_msgs/include/nav2_msgs/nav2_msgs/action/detail/follow_waypoints__builder.hpp
[5.109s] -- Up-to-date symlink: /home/brilliant/ros2_ws/install/nav2_msgs/include/nav2_msgs/nav2_msgs/action/detail/follow_waypoints__struct.hpp
[5.109s] -- Up-to-date symlink: /home/brilliant/ros2_ws/install/nav2_msgs/include/nav2_msgs/nav2_msgs/action/detail/follow_waypoints__traits.hpp
[5.109s] -- Up-to-date symlink: /home/brilliant/ros2_ws/install/nav2_msgs/include/nav2_msgs/nav2_msgs/action/detail/follow_waypoints__type_support.hpp
[5.110s] -- Up-to-date symlink: /home/brilliant/ros2_ws/install/nav2_msgs/include/nav2_msgs/nav2_msgs/action/detail/navigate_through_poses__builder.hpp
[5.110s] -- Up-to-date symlink: /home/brilliant/ros2_ws/install/nav2_msgs/include/nav2_msgs/nav2_msgs/action/detail/navigate_through_poses__struct.hpp
[5.113s] -- Up-to-date symlink: /home/brilliant/ros2_ws/install/nav2_msgs/include/nav2_msgs/nav2_msgs/action/detail/navigate_through_poses__traits.hpp
[5.113s] -- Up-to-date symlink: /home/brilliant/ros2_ws/install/nav2_msgs/include/nav2_msgs/nav2_msgs/action/detail/navigate_through_poses__type_support.hpp
[5.114s] -- Up-to-date symlink: /home/brilliant/ros2_ws/install/nav2_msgs/include/nav2_msgs/nav2_msgs/action/detail/navigate_to_pose__builder.hpp
[5.118s] -- Up-to-date symlink: /home/brilliant/ros2_ws/install/nav2_msgs/include/nav2_msgs/nav2_msgs/action/detail/navigate_to_pose__struct.hpp
[5.118s] -- Up-to-date symlink: /home/brilliant/ros2_ws/install/nav2_msgs/include/nav2_msgs/nav2_msgs/action/detail/navigate_to_pose__traits.hpp
[5.119s] -- Up-to-date symlink: /home/brilliant/ros2_ws/install/nav2_msgs/include/nav2_msgs/nav2_msgs/action/detail/navigate_to_pose__type_support.hpp
[5.120s] -- Up-to-date symlink: /home/brilliant/ros2_ws/install/nav2_msgs/include/nav2_msgs/nav2_msgs/action/detail/smooth_path__builder.hpp
[5.120s] -- Up-to-date symlink: /home/brilliant/ros2_ws/install/nav2_msgs/include/nav2_msgs/nav2_msgs/action/detail/smooth_path__struct.hpp
[5.120s] -- Up-to-date symlink: /home/brilliant/ros2_ws/install/nav2_msgs/include/nav2_msgs/nav2_msgs/action/detail/smooth_path__traits.hpp
[5.123s] -- Up-to-date symlink: /home/brilliant/ros2_ws/install/nav2_msgs/include/nav2_msgs/nav2_msgs/action/detail/smooth_path__type_support.hpp
[5.124s] -- Up-to-date symlink: /home/brilliant/ros2_ws/install/nav2_msgs/include/nav2_msgs/nav2_msgs/action/detail/spin__builder.hpp
[5.125s] -- Up-to-date symlink: /home/brilliant/ros2_ws/install/nav2_msgs/include/nav2_msgs/nav2_msgs/action/detail/spin__struct.hpp
[5.128s] -- Up-to-date symlink: /home/brilliant/ros2_ws/install/nav2_msgs/include/nav2_msgs/nav2_msgs/action/detail/spin__traits.hpp
[5.129s] -- Up-to-date symlink: /home/brilliant/ros2_ws/install/nav2_msgs/include/nav2_msgs/nav2_msgs/action/detail/spin__type_support.hpp
[5.129s] -- Up-to-date symlink: /home/brilliant/ros2_ws/install/nav2_msgs/include/nav2_msgs/nav2_msgs/action/detail/undock_robot__builder.hpp
[5.129s] -- Up-to-date symlink: /home/brilliant/ros2_ws/install/nav2_msgs/include/nav2_msgs/nav2_msgs/action/detail/undock_robot__struct.hpp
[5.130s] -- Up-to-date symlink: /home/brilliant/ros2_ws/install/nav2_msgs/include/nav2_msgs/nav2_msgs/action/detail/undock_robot__traits.hpp
[5.130s] -- Up-to-date symlink: /home/brilliant/ros2_ws/install/nav2_msgs/include/nav2_msgs/nav2_msgs/action/detail/undock_robot__type_support.hpp
[5.130s] -- Up-to-date symlink: /home/brilliant/ros2_ws/install/nav2_msgs/include/nav2_msgs/nav2_msgs/action/detail/wait__builder.hpp
[5.135s] -- Up-to-date symlink: /home/brilliant/ros2_ws/install/nav2_msgs/include/nav2_msgs/nav2_msgs/action/detail/wait__struct.hpp
[5.136s] -- Up-to-date symlink: /home/brilliant/ros2_ws/install/nav2_msgs/include/nav2_msgs/nav2_msgs/action/detail/wait__traits.hpp
[5.136s] -- Up-to-date symlink: /home/brilliant/ros2_ws/install/nav2_msgs/include/nav2_msgs/nav2_msgs/action/detail/wait__type_support.hpp
[5.136s] -- Up-to-date symlink: /home/brilliant/ros2_ws/install/nav2_msgs/include/nav2_msgs/nav2_msgs/action/dock_robot.hpp
[5.136s] -- Up-to-date symlink: /home/brilliant/ros2_ws/install/nav2_msgs/include/nav2_msgs/nav2_msgs/action/drive_on_heading.hpp
[5.137s] -- Up-to-date symlink: /home/brilliant/ros2_ws/install/nav2_msgs/include/nav2_msgs/nav2_msgs/action/dummy_behavior.hpp
[5.137s] -- Up-to-date symlink: /home/brilliant/ros2_ws/install/nav2_msgs/include/nav2_msgs/nav2_msgs/action/follow_gps_waypoints.hpp
[5.140s] -- Up-to-date symlink: /home/brilliant/ros2_ws/install/nav2_msgs/include/nav2_msgs/nav2_msgs/action/follow_path.hpp
[5.140s] -- Up-to-date symlink: /home/brilliant/ros2_ws/install/nav2_msgs/include/nav2_msgs/nav2_msgs/action/follow_waypoints.hpp
[5.140s] -- Up-to-date symlink: /home/brilliant/ros2_ws/install/nav2_msgs/include/nav2_msgs/nav2_msgs/action/navigate_through_poses.hpp
[5.141s] -- Up-to-date symlink: /home/brilliant/ros2_ws/install/nav2_msgs/include/nav2_msgs/nav2_msgs/action/navigate_to_pose.hpp
[5.144s] -- Up-to-date symlink: /home/brilliant/ros2_ws/install/nav2_msgs/include/nav2_msgs/nav2_msgs/action/smooth_path.hpp
[5.144s] -- Up-to-date symlink: /home/brilliant/ros2_ws/install/nav2_msgs/include/nav2_msgs/nav2_msgs/action/spin.hpp
[5.147s] -- Up-to-date symlink: /home/brilliant/ros2_ws/install/nav2_msgs/include/nav2_msgs/nav2_msgs/action/undock_robot.hpp
[5.147s] -- Up-to-date symlink: /home/brilliant/ros2_ws/install/nav2_msgs/include/nav2_msgs/nav2_msgs/action/wait.hpp
[5.148s] -- Up-to-date symlink: /home/brilliant/ros2_ws/install/nav2_msgs/include/nav2_msgs/nav2_msgs/msg/behavior_tree_log.hpp
[5.148s] -- Up-to-date symlink: /home/brilliant/ros2_ws/install/nav2_msgs/include/nav2_msgs/nav2_msgs/msg/behavior_tree_status_change.hpp
[5.148s] -- Up-to-date symlink: /home/brilliant/ros2_ws/install/nav2_msgs/include/nav2_msgs/nav2_msgs/msg/collision_detector_state.hpp
[5.149s] -- Up-to-date symlink: /home/brilliant/ros2_ws/install/nav2_msgs/include/nav2_msgs/nav2_msgs/msg/collision_monitor_state.hpp
[5.150s] -- Up-to-date symlink: /home/brilliant/ros2_ws/install/nav2_msgs/include/nav2_msgs/nav2_msgs/msg/costmap.hpp
[5.151s] -- Up-to-date symlink: /home/brilliant/ros2_ws/install/nav2_msgs/include/nav2_msgs/nav2_msgs/msg/costmap_filter_info.hpp
[5.151s] -- Up-to-date symlink: /home/brilliant/ros2_ws/install/nav2_msgs/include/nav2_msgs/nav2_msgs/msg/costmap_meta_data.hpp
[5.151s] -- Up-to-date symlink: /home/brilliant/ros2_ws/install/nav2_msgs/include/nav2_msgs/nav2_msgs/msg/costmap_update.hpp
[5.153s] -- Up-to-date symlink: /home/brilliant/ros2_ws/install/nav2_msgs/include/nav2_msgs/nav2_msgs/msg/detail/behavior_tree_log__builder.hpp
[5.153s] -- Up-to-date symlink: /home/brilliant/ros2_ws/install/nav2_msgs/include/nav2_msgs/nav2_msgs/msg/detail/behavior_tree_log__struct.hpp
[5.153s] -- Up-to-date symlink: /home/brilliant/ros2_ws/install/nav2_msgs/include/nav2_msgs/nav2_msgs/msg/detail/behavior_tree_log__traits.hpp
[5.154s] -- Up-to-date symlink: /home/brilliant/ros2_ws/install/nav2_msgs/include/nav2_msgs/nav2_msgs/msg/detail/behavior_tree_log__type_support.hpp
[5.155s] -- Up-to-date symlink: /home/brilliant/ros2_ws/install/nav2_msgs/include/nav2_msgs/nav2_msgs/msg/detail/behavior_tree_status_change__builder.hpp
[5.156s] -- Up-to-date symlink: /home/brilliant/ros2_ws/install/nav2_msgs/include/nav2_msgs/nav2_msgs/msg/detail/behavior_tree_status_change__struct.hpp
[5.156s] -- Up-to-date symlink: /home/brilliant/ros2_ws/install/nav2_msgs/include/nav2_msgs/nav2_msgs/msg/detail/behavior_tree_status_change__traits.hpp
[5.156s] -- Up-to-date symlink: /home/brilliant/ros2_ws/install/nav2_msgs/include/nav2_msgs/nav2_msgs/msg/detail/behavior_tree_status_change__type_support.hpp
[5.157s] -- Up-to-date symlink: /home/brilliant/ros2_ws/install/nav2_msgs/include/nav2_msgs/nav2_msgs/msg/detail/collision_detector_state__builder.hpp
[5.157s] -- Up-to-date symlink: /home/brilliant/ros2_ws/install/nav2_msgs/include/nav2_msgs/nav2_msgs/msg/detail/collision_detector_state__struct.hpp
[5.159s] -- Up-to-date symlink: /home/brilliant/ros2_ws/install/nav2_msgs/include/nav2_msgs/nav2_msgs/msg/detail/collision_detector_state__traits.hpp
[5.160s] -- Up-to-date symlink: /home/brilliant/ros2_ws/install/nav2_msgs/include/nav2_msgs/nav2_msgs/msg/detail/collision_detector_state__type_support.hpp
[5.161s] -- Up-to-date symlink: /home/brilliant/ros2_ws/install/nav2_msgs/include/nav2_msgs/nav2_msgs/msg/detail/collision_monitor_state__builder.hpp
[5.161s] -- Up-to-date symlink: /home/brilliant/ros2_ws/install/nav2_msgs/include/nav2_msgs/nav2_msgs/msg/detail/collision_monitor_state__struct.hpp
[5.162s] -- Up-to-date symlink: /home/brilliant/ros2_ws/install/nav2_msgs/include/nav2_msgs/nav2_msgs/msg/detail/collision_monitor_state__traits.hpp
[5.163s] -- Up-to-date symlink: /home/brilliant/ros2_ws/install/nav2_msgs/include/nav2_msgs/nav2_msgs/msg/detail/collision_monitor_state__type_support.hpp
[5.164s] -- Up-to-date symlink: /home/brilliant/ros2_ws/install/nav2_msgs/include/nav2_msgs/nav2_msgs/msg/detail/costmap__builder.hpp
[5.166s] -- Up-to-date symlink: /home/brilliant/ros2_ws/install/nav2_msgs/include/nav2_msgs/nav2_msgs/msg/detail/costmap__struct.hpp
[5.166s] -- Up-to-date symlink: /home/brilliant/ros2_ws/install/nav2_msgs/include/nav2_msgs/nav2_msgs/msg/detail/costmap__traits.hpp
[5.167s] -- Up-to-date symlink: /home/brilliant/ros2_ws/install/nav2_msgs/include/nav2_msgs/nav2_msgs/msg/detail/costmap__type_support.hpp
[5.167s] -- Up-to-date symlink: /home/brilliant/ros2_ws/install/nav2_msgs/include/nav2_msgs/nav2_msgs/msg/detail/costmap_filter_info__builder.hpp
[5.167s] -- Up-to-date symlink: /home/brilliant/ros2_ws/install/nav2_msgs/include/nav2_msgs/nav2_msgs/msg/detail/costmap_filter_info__struct.hpp
[5.168s] -- Up-to-date symlink: /home/brilliant/ros2_ws/install/nav2_msgs/include/nav2_msgs/nav2_msgs/msg/detail/costmap_filter_info__traits.hpp
[5.168s] -- Up-to-date symlink: /home/brilliant/ros2_ws/install/nav2_msgs/include/nav2_msgs/nav2_msgs/msg/detail/costmap_filter_info__type_support.hpp
[5.168s] -- Up-to-date symlink: /home/brilliant/ros2_ws/install/nav2_msgs/include/nav2_msgs/nav2_msgs/msg/detail/costmap_meta_data__builder.hpp
[5.170s] -- Up-to-date symlink: /home/brilliant/ros2_ws/install/nav2_msgs/include/nav2_msgs/nav2_msgs/msg/detail/costmap_meta_data__struct.hpp
[5.171s] -- Up-to-date symlink: /home/brilliant/ros2_ws/install/nav2_msgs/include/nav2_msgs/nav2_msgs/msg/detail/costmap_meta_data__traits.hpp
[5.171s] -- Up-to-date symlink: /home/brilliant/ros2_ws/install/nav2_msgs/include/nav2_msgs/nav2_msgs/msg/detail/costmap_meta_data__type_support.hpp
[5.173s] -- Up-to-date symlink: /home/brilliant/ros2_ws/install/nav2_msgs/include/nav2_msgs/nav2_msgs/msg/detail/costmap_update__builder.hpp
[5.173s] -- Up-to-date symlink: /home/brilliant/ros2_ws/install/nav2_msgs/include/nav2_msgs/nav2_msgs/msg/detail/costmap_update__struct.hpp
[5.173s] -- Up-to-date symlink: /home/brilliant/ros2_ws/install/nav2_msgs/include/nav2_msgs/nav2_msgs/msg/detail/costmap_update__traits.hpp
[5.174s] -- Up-to-date symlink: /home/brilliant/ros2_ws/install/nav2_msgs/include/nav2_msgs/nav2_msgs/msg/detail/costmap_update__type_support.hpp
[5.174s] -- Up-to-date symlink: /home/brilliant/ros2_ws/install/nav2_msgs/include/nav2_msgs/nav2_msgs/msg/detail/missed_waypoint__builder.hpp
[5.175s] -- Up-to-date symlink: /home/brilliant/ros2_ws/install/nav2_msgs/include/nav2_msgs/nav2_msgs/msg/detail/missed_waypoint__struct.hpp
[5.177s] -- Up-to-date symlink: /home/brilliant/ros2_ws/install/nav2_msgs/include/nav2_msgs/nav2_msgs/msg/detail/missed_waypoint__traits.hpp
[5.178s] -- Up-to-date symlink: /home/brilliant/ros2_ws/install/nav2_msgs/include/nav2_msgs/nav2_msgs/msg/detail/missed_waypoint__type_support.hpp
[5.179s] -- Up-to-date symlink: /home/brilliant/ros2_ws/install/nav2_msgs/include/nav2_msgs/nav2_msgs/msg/detail/particle__builder.hpp
[5.179s] -- Up-to-date symlink: /home/brilliant/ros2_ws/install/nav2_msgs/include/nav2_msgs/nav2_msgs/msg/detail/particle__struct.hpp
[5.179s] -- Up-to-date symlink: /home/brilliant/ros2_ws/install/nav2_msgs/include/nav2_msgs/nav2_msgs/msg/detail/particle__traits.hpp
[5.180s] -- Up-to-date symlink: /home/brilliant/ros2_ws/install/nav2_msgs/include/nav2_msgs/nav2_msgs/msg/detail/particle__type_support.hpp
[5.181s] -- Up-to-date symlink: /home/brilliant/ros2_ws/install/nav2_msgs/include/nav2_msgs/nav2_msgs/msg/detail/particle_cloud__builder.hpp
[5.181s] -- Up-to-date symlink: /home/brilliant/ros2_ws/install/nav2_msgs/include/nav2_msgs/nav2_msgs/msg/detail/particle_cloud__struct.hpp
[5.182s] -- Up-to-date symlink: /home/brilliant/ros2_ws/install/nav2_msgs/include/nav2_msgs/nav2_msgs/msg/detail/particle_cloud__traits.hpp
[5.182s] -- Up-to-date symlink: /home/brilliant/ros2_ws/install/nav2_msgs/include/nav2_msgs/nav2_msgs/msg/detail/particle_cloud__type_support.hpp
[5.182s] -- Up-to-date symlink: /home/brilliant/ros2_ws/install/nav2_msgs/include/nav2_msgs/nav2_msgs/msg/detail/speed_limit__builder.hpp
[5.182s] -- Up-to-date symlink: /home/brilliant/ros2_ws/install/nav2_msgs/include/nav2_msgs/nav2_msgs/msg/detail/speed_limit__struct.hpp
[5.186s] -- Up-to-date symlink: /home/brilliant/ros2_ws/install/nav2_msgs/include/nav2_msgs/nav2_msgs/msg/detail/speed_limit__traits.hpp
[5.187s] -- Up-to-date symlink: /home/brilliant/ros2_ws/install/nav2_msgs/include/nav2_msgs/nav2_msgs/msg/detail/speed_limit__type_support.hpp
[5.187s] -- Up-to-date symlink: /home/brilliant/ros2_ws/install/nav2_msgs/include/nav2_msgs/nav2_msgs/msg/detail/voxel_grid__builder.hpp
[5.188s] -- Up-to-date symlink: /home/brilliant/ros2_ws/install/nav2_msgs/include/nav2_msgs/nav2_msgs/msg/detail/voxel_grid__struct.hpp
[5.188s] -- Up-to-date symlink: /home/brilliant/ros2_ws/install/nav2_msgs/include/nav2_msgs/nav2_msgs/msg/detail/voxel_grid__traits.hpp
[5.190s] -- Up-to-date symlink: /home/brilliant/ros2_ws/install/nav2_msgs/include/nav2_msgs/nav2_msgs/msg/detail/voxel_grid__type_support.hpp
[5.190s] -- Up-to-date symlink: /home/brilliant/ros2_ws/install/nav2_msgs/include/nav2_msgs/nav2_msgs/msg/missed_waypoint.hpp
[5.191s] -- Up-to-date symlink: /home/brilliant/ros2_ws/install/nav2_msgs/include/nav2_msgs/nav2_msgs/msg/particle.hpp
[5.192s] -- Up-to-date symlink: /home/brilliant/ros2_ws/install/nav2_msgs/include/nav2_msgs/nav2_msgs/msg/particle_cloud.hpp
[5.192s] -- Up-to-date symlink: /home/brilliant/ros2_ws/install/nav2_msgs/include/nav2_msgs/nav2_msgs/msg/rosidl_generator_cpp__visibility_control.hpp
[5.194s] -- Up-to-date symlink: /home/brilliant/ros2_ws/install/nav2_msgs/include/nav2_msgs/nav2_msgs/msg/speed_limit.hpp
[5.194s] -- Up-to-date symlink: /home/brilliant/ros2_ws/install/nav2_msgs/include/nav2_msgs/nav2_msgs/msg/voxel_grid.hpp
[5.195s] -- Up-to-date symlink: /home/brilliant/ros2_ws/install/nav2_msgs/include/nav2_msgs/nav2_msgs/srv/clear_costmap_around_pose.hpp
[5.196s] -- Up-to-date symlink: /home/brilliant/ros2_ws/install/nav2_msgs/include/nav2_msgs/nav2_msgs/srv/clear_costmap_around_robot.hpp
[5.197s] -- Up-to-date symlink: /home/brilliant/ros2_ws/install/nav2_msgs/include/nav2_msgs/nav2_msgs/srv/clear_costmap_except_region.hpp
[5.197s] -- Up-to-date symlink: /home/brilliant/ros2_ws/install/nav2_msgs/include/nav2_msgs/nav2_msgs/srv/clear_entire_costmap.hpp
[5.198s] -- Up-to-date symlink: /home/brilliant/ros2_ws/install/nav2_msgs/include/nav2_msgs/nav2_msgs/srv/detail/clear_costmap_around_pose__builder.hpp
[5.200s] -- Up-to-date symlink: /home/brilliant/ros2_ws/install/nav2_msgs/include/nav2_msgs/nav2_msgs/srv/detail/clear_costmap_around_pose__struct.hpp
[5.200s] -- Up-to-date symlink: /home/brilliant/ros2_ws/install/nav2_msgs/include/nav2_msgs/nav2_msgs/srv/detail/clear_costmap_around_pose__traits.hpp
[5.201s] -- Up-to-date symlink: /home/brilliant/ros2_ws/install/nav2_msgs/include/nav2_msgs/nav2_msgs/srv/detail/clear_costmap_around_pose__type_support.hpp
[5.202s] -- Up-to-date symlink: /home/brilliant/ros2_ws/install/nav2_msgs/include/nav2_msgs/nav2_msgs/srv/detail/clear_costmap_around_robot__builder.hpp
[5.202s] -- Up-to-date symlink: /home/brilliant/ros2_ws/install/nav2_msgs/include/nav2_msgs/nav2_msgs/srv/detail/clear_costmap_around_robot__struct.hpp
[5.203s] -- Up-to-date symlink: /home/brilliant/ros2_ws/install/nav2_msgs/include/nav2_msgs/nav2_msgs/srv/detail/clear_costmap_around_robot__traits.hpp
[5.203s] -- Up-to-date symlink: /home/brilliant/ros2_ws/install/nav2_msgs/include/nav2_msgs/nav2_msgs/srv/detail/clear_costmap_around_robot__type_support.hpp
[5.204s] -- Up-to-date symlink: /home/brilliant/ros2_ws/install/nav2_msgs/include/nav2_msgs/nav2_msgs/srv/detail/clear_costmap_except_region__builder.hpp
[5.205s] -- Up-to-date symlink: /home/brilliant/ros2_ws/install/nav2_msgs/include/nav2_msgs/nav2_msgs/srv/detail/clear_costmap_except_region__struct.hpp
[5.206s] -- Up-to-date symlink: /home/brilliant/ros2_ws/install/nav2_msgs/include/nav2_msgs/nav2_msgs/srv/detail/clear_costmap_except_region__traits.hpp
[5.208s] -- Up-to-date symlink: /home/brilliant/ros2_ws/install/nav2_msgs/include/nav2_msgs/nav2_msgs/srv/detail/clear_costmap_except_region__type_support.hpp
[5.208s] -- Up-to-date symlink: /home/brilliant/ros2_ws/install/nav2_msgs/include/nav2_msgs/nav2_msgs/srv/detail/clear_entire_costmap__builder.hpp
[5.209s] -- Up-to-date symlink: /home/brilliant/ros2_ws/install/nav2_msgs/include/nav2_msgs/nav2_msgs/srv/detail/clear_entire_costmap__struct.hpp
[5.209s] -- Up-to-date symlink: /home/brilliant/ros2_ws/install/nav2_msgs/include/nav2_msgs/nav2_msgs/srv/detail/clear_entire_costmap__traits.hpp
[5.209s] -- Up-to-date symlink: /home/brilliant/ros2_ws/install/nav2_msgs/include/nav2_msgs/nav2_msgs/srv/detail/clear_entire_costmap__type_support.hpp
[5.210s] -- Up-to-date symlink: /home/brilliant/ros2_ws/install/nav2_msgs/include/nav2_msgs/nav2_msgs/srv/detail/get_cost__builder.hpp
[5.211s] -- Up-to-date symlink: /home/brilliant/ros2_ws/install/nav2_msgs/include/nav2_msgs/nav2_msgs/srv/detail/get_cost__struct.hpp
[5.211s] -- Up-to-date symlink: /home/brilliant/ros2_ws/install/nav2_msgs/include/nav2_msgs/nav2_msgs/srv/detail/get_cost__traits.hpp
[5.211s] -- Up-to-date symlink: /home/brilliant/ros2_ws/install/nav2_msgs/include/nav2_msgs/nav2_msgs/srv/detail/get_cost__type_support.hpp
[5.212s] -- Up-to-date symlink: /home/brilliant/ros2_ws/install/nav2_msgs/include/nav2_msgs/nav2_msgs/srv/detail/get_costmap__builder.hpp
[5.213s] -- Up-to-date symlink: /home/brilliant/ros2_ws/install/nav2_msgs/include/nav2_msgs/nav2_msgs/srv/detail/get_costmap__struct.hpp
[5.214s] -- Up-to-date symlink: /home/brilliant/ros2_ws/install/nav2_msgs/include/nav2_msgs/nav2_msgs/srv/detail/get_costmap__traits.hpp
[5.215s] -- Up-to-date symlink: /home/brilliant/ros2_ws/install/nav2_msgs/include/nav2_msgs/nav2_msgs/srv/detail/get_costmap__type_support.hpp
[5.216s] -- Up-to-date symlink: /home/brilliant/ros2_ws/install/nav2_msgs/include/nav2_msgs/nav2_msgs/srv/detail/is_path_valid__builder.hpp
[5.217s] -- Up-to-date symlink: /home/brilliant/ros2_ws/install/nav2_msgs/include/nav2_msgs/nav2_msgs/srv/detail/is_path_valid__struct.hpp
[5.219s] -- Up-to-date symlink: /home/brilliant/ros2_ws/install/nav2_msgs/include/nav2_msgs/nav2_msgs/srv/detail/is_path_valid__traits.hpp
[5.219s] -- Up-to-date symlink: /home/brilliant/ros2_ws/install/nav2_msgs/include/nav2_msgs/nav2_msgs/srv/detail/is_path_valid__type_support.hpp
[5.219s] -- Up-to-date symlink: /home/brilliant/ros2_ws/install/nav2_msgs/include/nav2_msgs/nav2_msgs/srv/detail/load_map__builder.hpp
[5.220s] -- Up-to-date symlink: /home/brilliant/ros2_ws/install/nav2_msgs/include/nav2_msgs/nav2_msgs/srv/detail/load_map__struct.hpp
[5.221s] -- Up-to-date symlink: /home/brilliant/ros2_ws/install/nav2_msgs/include/nav2_msgs/nav2_msgs/srv/detail/load_map__traits.hpp
[5.221s] -- Up-to-date symlink: /home/brilliant/ros2_ws/install/nav2_msgs/include/nav2_msgs/nav2_msgs/srv/detail/load_map__type_support.hpp
[5.221s] -- Up-to-date symlink: /home/brilliant/ros2_ws/install/nav2_msgs/include/nav2_msgs/nav2_msgs/srv/detail/manage_lifecycle_nodes__builder.hpp
[5.221s] -- Up-to-date symlink: /home/brilliant/ros2_ws/install/nav2_msgs/include/nav2_msgs/nav2_msgs/srv/detail/manage_lifecycle_nodes__struct.hpp
[5.222s] -- Up-to-date symlink: /home/brilliant/ros2_ws/install/nav2_msgs/include/nav2_msgs/nav2_msgs/srv/detail/manage_lifecycle_nodes__traits.hpp
[5.225s] -- Up-to-date symlink: /home/brilliant/ros2_ws/install/nav2_msgs/include/nav2_msgs/nav2_msgs/srv/detail/manage_lifecycle_nodes__type_support.hpp
[5.225s] -- Up-to-date symlink: /home/brilliant/ros2_ws/install/nav2_msgs/include/nav2_msgs/nav2_msgs/srv/detail/reload_dock_database__builder.hpp
[5.227s] -- Up-to-date symlink: /home/brilliant/ros2_ws/install/nav2_msgs/include/nav2_msgs/nav2_msgs/srv/detail/reload_dock_database__struct.hpp
[5.227s] -- Up-to-date symlink: /home/brilliant/ros2_ws/install/nav2_msgs/include/nav2_msgs/nav2_msgs/srv/detail/reload_dock_database__traits.hpp
[5.227s] -- Up-to-date symlink: /home/brilliant/ros2_ws/install/nav2_msgs/include/nav2_msgs/nav2_msgs/srv/detail/reload_dock_database__type_support.hpp
[5.231s] -- Up-to-date symlink: /home/brilliant/ros2_ws/install/nav2_msgs/include/nav2_msgs/nav2_msgs/srv/detail/save_map__builder.hpp
[5.231s] -- Up-to-date symlink: /home/brilliant/ros2_ws/install/nav2_msgs/include/nav2_msgs/nav2_msgs/srv/detail/save_map__struct.hpp
[5.232s] -- Up-to-date symlink: /home/brilliant/ros2_ws/install/nav2_msgs/include/nav2_msgs/nav2_msgs/srv/detail/save_map__traits.hpp
[5.232s] -- Up-to-date symlink: /home/brilliant/ros2_ws/install/nav2_msgs/include/nav2_msgs/nav2_msgs/srv/detail/save_map__type_support.hpp
[5.233s] -- Up-to-date symlink: /home/brilliant/ros2_ws/install/nav2_msgs/include/nav2_msgs/nav2_msgs/srv/detail/set_initial_pose__builder.hpp
[5.233s] -- Up-to-date symlink: /home/brilliant/ros2_ws/install/nav2_msgs/include/nav2_msgs/nav2_msgs/srv/detail/set_initial_pose__struct.hpp
[5.234s] -- Up-to-date symlink: /home/brilliant/ros2_ws/install/nav2_msgs/include/nav2_msgs/nav2_msgs/srv/detail/set_initial_pose__traits.hpp
[5.235s] -- Up-to-date symlink: /home/brilliant/ros2_ws/install/nav2_msgs/include/nav2_msgs/nav2_msgs/srv/detail/set_initial_pose__type_support.hpp
[5.237s] -- Up-to-date symlink: /home/brilliant/ros2_ws/install/nav2_msgs/include/nav2_msgs/nav2_msgs/srv/get_cost.hpp
[5.237s] -- Up-to-date symlink: /home/brilliant/ros2_ws/install/nav2_msgs/include/nav2_msgs/nav2_msgs/srv/get_costmap.hpp
[5.237s] -- Up-to-date symlink: /home/brilliant/ros2_ws/install/nav2_msgs/include/nav2_msgs/nav2_msgs/srv/is_path_valid.hpp
[5.238s] -- Up-to-date symlink: /home/brilliant/ros2_ws/install/nav2_msgs/include/nav2_msgs/nav2_msgs/srv/load_map.hpp
[5.238s] -- Up-to-date symlink: /home/brilliant/ros2_ws/install/nav2_msgs/include/nav2_msgs/nav2_msgs/srv/manage_lifecycle_nodes.hpp
[5.238s] -- Up-to-date symlink: /home/brilliant/ros2_ws/install/nav2_msgs/include/nav2_msgs/nav2_msgs/srv/reload_dock_database.hpp
[5.240s] -- Up-to-date symlink: /home/brilliant/ros2_ws/install/nav2_msgs/include/nav2_msgs/nav2_msgs/srv/save_map.hpp
[5.241s] -- Up-to-date symlink: /home/brilliant/ros2_ws/install/nav2_msgs/include/nav2_msgs/nav2_msgs/srv/set_initial_pose.hpp
[5.258s] -- Up-to-date symlink: /home/brilliant/ros2_ws/install/nav2_msgs/include/nav2_msgs/nav2_msgs/action/detail/assisted_teleop__rosidl_typesupport_fastrtps_cpp.hpp
[5.260s] -- Up-to-date symlink: /home/brilliant/ros2_ws/install/nav2_msgs/include/nav2_msgs/nav2_msgs/action/detail/back_up__rosidl_typesupport_fastrtps_cpp.hpp
[5.262s] -- Up-to-date symlink: /home/brilliant/ros2_ws/install/nav2_msgs/include/nav2_msgs/nav2_msgs/action/detail/compute_path_through_poses__rosidl_typesupport_fastrtps_cpp.hpp
[5.264s] -- Up-to-date symlink: /home/brilliant/ros2_ws/install/nav2_msgs/include/nav2_msgs/nav2_msgs/action/detail/compute_path_to_pose__rosidl_typesupport_fastrtps_cpp.hpp
[5.264s] -- Up-to-date symlink: /home/brilliant/ros2_ws/install/nav2_msgs/include/nav2_msgs/nav2_msgs/action/detail/dock_robot__rosidl_typesupport_fastrtps_cpp.hpp
[5.265s] -- Up-to-date symlink: /home/brilliant/ros2_ws/install/nav2_msgs/include/nav2_msgs/nav2_msgs/action/detail/drive_on_heading__rosidl_typesupport_fastrtps_cpp.hpp
[5.265s] -- Up-to-date symlink: /home/brilliant/ros2_ws/install/nav2_msgs/include/nav2_msgs/nav2_msgs/action/detail/dummy_behavior__rosidl_typesupport_fastrtps_cpp.hpp
[5.265s] -- Up-to-date symlink: /home/brilliant/ros2_ws/install/nav2_msgs/include/nav2_msgs/nav2_msgs/action/detail/follow_gps_waypoints__rosidl_typesupport_fastrtps_cpp.hpp
[5.266s] -- Up-to-date symlink: /home/brilliant/ros2_ws/install/nav2_msgs/include/nav2_msgs/nav2_msgs/action/detail/follow_path__rosidl_typesupport_fastrtps_cpp.hpp
[5.268s] -- Up-to-date symlink: /home/brilliant/ros2_ws/install/nav2_msgs/include/nav2_msgs/nav2_msgs/action/detail/follow_waypoints__rosidl_typesupport_fastrtps_cpp.hpp
[5.268s] -- Up-to-date symlink: /home/brilliant/ros2_ws/install/nav2_msgs/include/nav2_msgs/nav2_msgs/action/detail/navigate_through_poses__rosidl_typesupport_fastrtps_cpp.hpp
[5.270s] -- Up-to-date symlink: /home/brilliant/ros2_ws/install/nav2_msgs/include/nav2_msgs/nav2_msgs/action/detail/navigate_to_pose__rosidl_typesupport_fastrtps_cpp.hpp
[5.270s] -- Up-to-date symlink: /home/brilliant/ros2_ws/install/nav2_msgs/include/nav2_msgs/nav2_msgs/action/detail/smooth_path__rosidl_typesupport_fastrtps_cpp.hpp
[5.270s] -- Up-to-date symlink: /home/brilliant/ros2_ws/install/nav2_msgs/include/nav2_msgs/nav2_msgs/action/detail/spin__rosidl_typesupport_fastrtps_cpp.hpp
[5.272s] -- Up-to-date symlink: /home/brilliant/ros2_ws/install/nav2_msgs/include/nav2_msgs/nav2_msgs/action/detail/undock_robot__rosidl_typesupport_fastrtps_cpp.hpp
[5.275s] -- Up-to-date symlink: /home/brilliant/ros2_ws/install/nav2_msgs/include/nav2_msgs/nav2_msgs/action/detail/wait__rosidl_typesupport_fastrtps_cpp.hpp
[5.275s] -- Up-to-date symlink: /home/brilliant/ros2_ws/install/nav2_msgs/include/nav2_msgs/nav2_msgs/msg/detail/behavior_tree_log__rosidl_typesupport_fastrtps_cpp.hpp
[5.276s] -- Up-to-date symlink: /home/brilliant/ros2_ws/install/nav2_msgs/include/nav2_msgs/nav2_msgs/msg/detail/behavior_tree_status_change__rosidl_typesupport_fastrtps_cpp.hpp
[5.277s] -- Up-to-date symlink: /home/brilliant/ros2_ws/install/nav2_msgs/include/nav2_msgs/nav2_msgs/msg/detail/collision_detector_state__rosidl_typesupport_fastrtps_cpp.hpp
[5.278s] -- Up-to-date symlink: /home/brilliant/ros2_ws/install/nav2_msgs/include/nav2_msgs/nav2_msgs/msg/detail/collision_monitor_state__rosidl_typesupport_fastrtps_cpp.hpp
[5.278s] -- Up-to-date symlink: /home/brilliant/ros2_ws/install/nav2_msgs/include/nav2_msgs/nav2_msgs/msg/detail/costmap__rosidl_typesupport_fastrtps_cpp.hpp
[5.278s] -- Up-to-date symlink: /home/brilliant/ros2_ws/install/nav2_msgs/include/nav2_msgs/nav2_msgs/msg/detail/costmap_filter_info__rosidl_typesupport_fastrtps_cpp.hpp
[5.280s] -- Up-to-date symlink: /home/brilliant/ros2_ws/install/nav2_msgs/include/nav2_msgs/nav2_msgs/msg/detail/costmap_meta_data__rosidl_typesupport_fastrtps_cpp.hpp
[5.280s] -- Up-to-date symlink: /home/brilliant/ros2_ws/install/nav2_msgs/include/nav2_msgs/nav2_msgs/msg/detail/costmap_update__rosidl_typesupport_fastrtps_cpp.hpp
[5.281s] -- Up-to-date symlink: /home/brilliant/ros2_ws/install/nav2_msgs/include/nav2_msgs/nav2_msgs/msg/detail/missed_waypoint__rosidl_typesupport_fastrtps_cpp.hpp
[5.282s] -- Up-to-date symlink: /home/brilliant/ros2_ws/install/nav2_msgs/include/nav2_msgs/nav2_msgs/msg/detail/particle__rosidl_typesupport_fastrtps_cpp.hpp
[5.282s] -- Up-to-date symlink: /home/brilliant/ros2_ws/install/nav2_msgs/include/nav2_msgs/nav2_msgs/msg/detail/particle_cloud__rosidl_typesupport_fastrtps_cpp.hpp
[5.284s] -- Up-to-date symlink: /home/brilliant/ros2_ws/install/nav2_msgs/include/nav2_msgs/nav2_msgs/msg/detail/speed_limit__rosidl_typesupport_fastrtps_cpp.hpp
[5.285s] -- Up-to-date symlink: /home/brilliant/ros2_ws/install/nav2_msgs/include/nav2_msgs/nav2_msgs/msg/detail/voxel_grid__rosidl_typesupport_fastrtps_cpp.hpp
[5.287s] -- Up-to-date symlink: /home/brilliant/ros2_ws/install/nav2_msgs/include/nav2_msgs/nav2_msgs/msg/rosidl_typesupport_fastrtps_cpp__visibility_control.h
[5.288s] -- Up-to-date symlink: /home/brilliant/ros2_ws/install/nav2_msgs/include/nav2_msgs/nav2_msgs/srv/detail/clear_costmap_around_pose__rosidl_typesupport_fastrtps_cpp.hpp
[5.288s] -- Up-to-date symlink: /home/brilliant/ros2_ws/install/nav2_msgs/include/nav2_msgs/nav2_msgs/srv/detail/clear_costmap_around_robot__rosidl_typesupport_fastrtps_cpp.hpp
[5.289s] -- Up-to-date symlink: /home/brilliant/ros2_ws/install/nav2_msgs/include/nav2_msgs/nav2_msgs/srv/detail/clear_costmap_except_region__rosidl_typesupport_fastrtps_cpp.hpp
[5.291s] -- Up-to-date symlink: /home/brilliant/ros2_ws/install/nav2_msgs/include/nav2_msgs/nav2_msgs/srv/detail/clear_entire_costmap__rosidl_typesupport_fastrtps_cpp.hpp
[5.292s] -- Up-to-date symlink: /home/brilliant/ros2_ws/install/nav2_msgs/include/nav2_msgs/nav2_msgs/srv/detail/get_cost__rosidl_typesupport_fastrtps_cpp.hpp
[5.293s] -- Up-to-date symlink: /home/brilliant/ros2_ws/install/nav2_msgs/include/nav2_msgs/nav2_msgs/srv/detail/get_costmap__rosidl_typesupport_fastrtps_cpp.hpp
[5.294s] -- Up-to-date symlink: /home/brilliant/ros2_ws/install/nav2_msgs/include/nav2_msgs/nav2_msgs/srv/detail/is_path_valid__rosidl_typesupport_fastrtps_cpp.hpp
[5.294s] -- Up-to-date symlink: /home/brilliant/ros2_ws/install/nav2_msgs/include/nav2_msgs/nav2_msgs/srv/detail/load_map__rosidl_typesupport_fastrtps_cpp.hpp
[5.294s] -- Up-to-date symlink: /home/brilliant/ros2_ws/install/nav2_msgs/include/nav2_msgs/nav2_msgs/srv/detail/manage_lifecycle_nodes__rosidl_typesupport_fastrtps_cpp.hpp
[5.294s] -- Up-to-date symlink: /home/brilliant/ros2_ws/install/nav2_msgs/include/nav2_msgs/nav2_msgs/srv/detail/reload_dock_database__rosidl_typesupport_fastrtps_cpp.hpp
[5.295s] -- Up-to-date symlink: /home/brilliant/ros2_ws/install/nav2_msgs/include/nav2_msgs/nav2_msgs/srv/detail/save_map__rosidl_typesupport_fastrtps_cpp.hpp
[5.297s] -- Up-to-date symlink: /home/brilliant/ros2_ws/install/nav2_msgs/include/nav2_msgs/nav2_msgs/srv/detail/set_initial_pose__rosidl_typesupport_fastrtps_cpp.hpp
[5.299s] -- Up-to-date symlink: /home/brilliant/ros2_ws/install/nav2_msgs/include/nav2_msgs/nav2_msgs/action/detail/assisted_teleop__rosidl_typesupport_introspection_c.h
[5.302s] -- Up-to-date symlink: /home/brilliant/ros2_ws/install/nav2_msgs/include/nav2_msgs/nav2_msgs/action/detail/back_up__rosidl_typesupport_introspection_c.h
[5.303s] -- Up-to-date symlink: /home/brilliant/ros2_ws/install/nav2_msgs/include/nav2_msgs/nav2_msgs/action/detail/compute_path_through_poses__rosidl_typesupport_introspection_c.h
[5.306s] -- Up-to-date symlink: /home/brilliant/ros2_ws/install/nav2_msgs/include/nav2_msgs/nav2_msgs/action/detail/compute_path_to_pose__rosidl_typesupport_introspection_c.h
[5.306s] -- Up-to-date symlink: /home/brilliant/ros2_ws/install/nav2_msgs/include/nav2_msgs/nav2_msgs/action/detail/dock_robot__rosidl_typesupport_introspection_c.h
[5.307s] -- Up-to-date symlink: /home/brilliant/ros2_ws/install/nav2_msgs/include/nav2_msgs/nav2_msgs/action/detail/drive_on_heading__rosidl_typesupport_introspection_c.h
[5.309s] -- Up-to-date symlink: /home/brilliant/ros2_ws/install/nav2_msgs/include/nav2_msgs/nav2_msgs/action/detail/dummy_behavior__rosidl_typesupport_introspection_c.h
[5.309s] -- Up-to-date symlink: /home/brilliant/ros2_ws/install/nav2_msgs/include/nav2_msgs/nav2_msgs/action/detail/follow_gps_waypoints__rosidl_typesupport_introspection_c.h
[5.311s] -- Up-to-date symlink: /home/brilliant/ros2_ws/install/nav2_msgs/include/nav2_msgs/nav2_msgs/action/detail/follow_path__rosidl_typesupport_introspection_c.h
[5.312s] -- Up-to-date symlink: /home/brilliant/ros2_ws/install/nav2_msgs/include/nav2_msgs/nav2_msgs/action/detail/follow_waypoints__rosidl_typesupport_introspection_c.h
[5.314s] -- Up-to-date symlink: /home/brilliant/ros2_ws/install/nav2_msgs/include/nav2_msgs/nav2_msgs/action/detail/navigate_through_poses__rosidl_typesupport_introspection_c.h
[5.315s] -- Up-to-date symlink: /home/brilliant/ros2_ws/install/nav2_msgs/include/nav2_msgs/nav2_msgs/action/detail/navigate_to_pose__rosidl_typesupport_introspection_c.h
[5.315s] -- Up-to-date symlink: /home/brilliant/ros2_ws/install/nav2_msgs/include/nav2_msgs/nav2_msgs/action/detail/smooth_path__rosidl_typesupport_introspection_c.h
[5.316s] -- Up-to-date symlink: /home/brilliant/ros2_ws/install/nav2_msgs/include/nav2_msgs/nav2_msgs/action/detail/spin__rosidl_typesupport_introspection_c.h
[5.316s] -- Up-to-date symlink: /home/brilliant/ros2_ws/install/nav2_msgs/include/nav2_msgs/nav2_msgs/action/detail/undock_robot__rosidl_typesupport_introspection_c.h
[5.318s] -- Up-to-date symlink: /home/brilliant/ros2_ws/install/nav2_msgs/include/nav2_msgs/nav2_msgs/action/detail/wait__rosidl_typesupport_introspection_c.h
[5.319s] -- Up-to-date symlink: /home/brilliant/ros2_ws/install/nav2_msgs/include/nav2_msgs/nav2_msgs/msg/detail/behavior_tree_log__rosidl_typesupport_introspection_c.h
[5.320s] -- Up-to-date symlink: /home/brilliant/ros2_ws/install/nav2_msgs/include/nav2_msgs/nav2_msgs/msg/detail/behavior_tree_status_change__rosidl_typesupport_introspection_c.h
[5.323s] -- Up-to-date symlink: /home/brilliant/ros2_ws/install/nav2_msgs/include/nav2_msgs/nav2_msgs/msg/detail/collision_detector_state__rosidl_typesupport_introspection_c.h
[5.324s] -- Up-to-date symlink: /home/brilliant/ros2_ws/install/nav2_msgs/include/nav2_msgs/nav2_msgs/msg/detail/collision_monitor_state__rosidl_typesupport_introspection_c.h
[5.325s] -- Up-to-date symlink: /home/brilliant/ros2_ws/install/nav2_msgs/include/nav2_msgs/nav2_msgs/msg/detail/costmap__rosidl_typesupport_introspection_c.h
[5.325s] -- Up-to-date symlink: /home/brilliant/ros2_ws/install/nav2_msgs/include/nav2_msgs/nav2_msgs/msg/detail/costmap_filter_info__rosidl_typesupport_introspection_c.h
[5.327s] -- Up-to-date symlink: /home/brilliant/ros2_ws/install/nav2_msgs/include/nav2_msgs/nav2_msgs/msg/detail/costmap_meta_data__rosidl_typesupport_introspection_c.h
[5.329s] -- Up-to-date symlink: /home/brilliant/ros2_ws/install/nav2_msgs/include/nav2_msgs/nav2_msgs/msg/detail/costmap_update__rosidl_typesupport_introspection_c.h
[5.329s] -- Up-to-date symlink: /home/brilliant/ros2_ws/install/nav2_msgs/include/nav2_msgs/nav2_msgs/msg/detail/missed_waypoint__rosidl_typesupport_introspection_c.h
[5.332s] -- Up-to-date symlink: /home/brilliant/ros2_ws/install/nav2_msgs/include/nav2_msgs/nav2_msgs/msg/detail/particle__rosidl_typesupport_introspection_c.h
[5.332s] -- Up-to-date symlink: /home/brilliant/ros2_ws/install/nav2_msgs/include/nav2_msgs/nav2_msgs/msg/detail/particle_cloud__rosidl_typesupport_introspection_c.h
[5.333s] -- Up-to-date symlink: /home/brilliant/ros2_ws/install/nav2_msgs/include/nav2_msgs/nav2_msgs/msg/detail/speed_limit__rosidl_typesupport_introspection_c.h
[5.336s] -- Up-to-date symlink: /home/brilliant/ros2_ws/install/nav2_msgs/include/nav2_msgs/nav2_msgs/msg/detail/voxel_grid__rosidl_typesupport_introspection_c.h
[5.336s] -- Up-to-date symlink: /home/brilliant/ros2_ws/install/nav2_msgs/include/nav2_msgs/nav2_msgs/msg/rosidl_typesupport_introspection_c__visibility_control.h
[5.339s] -- Up-to-date symlink: /home/brilliant/ros2_ws/install/nav2_msgs/include/nav2_msgs/nav2_msgs/srv/detail/clear_costmap_around_pose__rosidl_typesupport_introspection_c.h
[5.339s] -- Up-to-date symlink: /home/brilliant/ros2_ws/install/nav2_msgs/include/nav2_msgs/nav2_msgs/srv/detail/clear_costmap_around_robot__rosidl_typesupport_introspection_c.h
[5.339s] -- Up-to-date symlink: /home/brilliant/ros2_ws/install/nav2_msgs/include/nav2_msgs/nav2_msgs/srv/detail/clear_costmap_except_region__rosidl_typesupport_introspection_c.h
[5.345s] -- Up-to-date symlink: /home/brilliant/ros2_ws/install/nav2_msgs/include/nav2_msgs/nav2_msgs/srv/detail/clear_entire_costmap__rosidl_typesupport_introspection_c.h
[5.346s] -- Up-to-date symlink: /home/brilliant/ros2_ws/install/nav2_msgs/include/nav2_msgs/nav2_msgs/srv/detail/get_cost__rosidl_typesupport_introspection_c.h
[5.347s] -- Up-to-date symlink: /home/brilliant/ros2_ws/install/nav2_msgs/include/nav2_msgs/nav2_msgs/srv/detail/get_costmap__rosidl_typesupport_introspection_c.h
[5.347s] -- Up-to-date symlink: /home/brilliant/ros2_ws/install/nav2_msgs/include/nav2_msgs/nav2_msgs/srv/detail/is_path_valid__rosidl_typesupport_introspection_c.h
[5.348s] -- Up-to-date symlink: /home/brilliant/ros2_ws/install/nav2_msgs/include/nav2_msgs/nav2_msgs/srv/detail/load_map__rosidl_typesupport_introspection_c.h
[5.348s] -- Up-to-date symlink: /home/brilliant/ros2_ws/install/nav2_msgs/include/nav2_msgs/nav2_msgs/srv/detail/manage_lifecycle_nodes__rosidl_typesupport_introspection_c.h
[5.351s] -- Up-to-date symlink: /home/brilliant/ros2_ws/install/nav2_msgs/include/nav2_msgs/nav2_msgs/srv/detail/reload_dock_database__rosidl_typesupport_introspection_c.h
[5.351s] -- Up-to-date symlink: /home/brilliant/ros2_ws/install/nav2_msgs/include/nav2_msgs/nav2_msgs/srv/detail/save_map__rosidl_typesupport_introspection_c.h
[5.352s] -- Up-to-date symlink: /home/brilliant/ros2_ws/install/nav2_msgs/include/nav2_msgs/nav2_msgs/srv/detail/set_initial_pose__rosidl_typesupport_introspection_c.h
[5.363s] -- Up-to-date symlink: /home/brilliant/ros2_ws/install/nav2_msgs/include/nav2_msgs/nav2_msgs/action/detail/assisted_teleop__rosidl_typesupport_introspection_cpp.hpp
[5.368s] -- Up-to-date symlink: /home/brilliant/ros2_ws/install/nav2_msgs/include/nav2_msgs/nav2_msgs/action/detail/back_up__rosidl_typesupport_introspection_cpp.hpp
[5.370s] -- Up-to-date symlink: /home/brilliant/ros2_ws/install/nav2_msgs/include/nav2_msgs/nav2_msgs/action/detail/compute_path_through_poses__rosidl_typesupport_introspection_cpp.hpp
[5.370s] -- Up-to-date symlink: /home/brilliant/ros2_ws/install/nav2_msgs/include/nav2_msgs/nav2_msgs/action/detail/compute_path_to_pose__rosidl_typesupport_introspection_cpp.hpp
[5.379s] -- Up-to-date symlink: /home/brilliant/ros2_ws/install/nav2_msgs/include/nav2_msgs/nav2_msgs/action/detail/dock_robot__rosidl_typesupport_introspection_cpp.hpp
[5.379s] -- Up-to-date symlink: /home/brilliant/ros2_ws/install/nav2_msgs/include/nav2_msgs/nav2_msgs/action/detail/drive_on_heading__rosidl_typesupport_introspection_cpp.hpp
[5.386s] -- Up-to-date symlink: /home/brilliant/ros2_ws/install/nav2_msgs/include/nav2_msgs/nav2_msgs/action/detail/dummy_behavior__rosidl_typesupport_introspection_cpp.hpp
[5.386s] -- Up-to-date symlink: /home/brilliant/ros2_ws/install/nav2_msgs/include/nav2_msgs/nav2_msgs/action/detail/follow_gps_waypoints__rosidl_typesupport_introspection_cpp.hpp
[5.387s] -- Up-to-date symlink: /home/brilliant/ros2_ws/install/nav2_msgs/include/nav2_msgs/nav2_msgs/action/detail/follow_path__rosidl_typesupport_introspection_cpp.hpp
[5.387s] -- Up-to-date symlink: /home/brilliant/ros2_ws/install/nav2_msgs/include/nav2_msgs/nav2_msgs/action/detail/follow_waypoints__rosidl_typesupport_introspection_cpp.hpp
[5.387s] -- Up-to-date symlink: /home/brilliant/ros2_ws/install/nav2_msgs/include/nav2_msgs/nav2_msgs/action/detail/navigate_through_poses__rosidl_typesupport_introspection_cpp.hpp
[5.390s] -- Up-to-date symlink: /home/brilliant/ros2_ws/install/nav2_msgs/include/nav2_msgs/nav2_msgs/action/detail/navigate_to_pose__rosidl_typesupport_introspection_cpp.hpp
[5.397s] -- Up-to-date symlink: /home/brilliant/ros2_ws/install/nav2_msgs/include/nav2_msgs/nav2_msgs/action/detail/smooth_path__rosidl_typesupport_introspection_cpp.hpp
[5.398s] -- Up-to-date symlink: /home/brilliant/ros2_ws/install/nav2_msgs/include/nav2_msgs/nav2_msgs/action/detail/spin__rosidl_typesupport_introspection_cpp.hpp
[5.400s] -- Up-to-date symlink: /home/brilliant/ros2_ws/install/nav2_msgs/include/nav2_msgs/nav2_msgs/action/detail/undock_robot__rosidl_typesupport_introspection_cpp.hpp
[5.401s] -- Up-to-date symlink: /home/brilliant/ros2_ws/install/nav2_msgs/include/nav2_msgs/nav2_msgs/action/detail/wait__rosidl_typesupport_introspection_cpp.hpp
[5.401s] -- Up-to-date symlink: /home/brilliant/ros2_ws/install/nav2_msgs/include/nav2_msgs/nav2_msgs/msg/detail/behavior_tree_log__rosidl_typesupport_introspection_cpp.hpp
[5.404s] -- Up-to-date symlink: /home/brilliant/ros2_ws/install/nav2_msgs/include/nav2_msgs/nav2_msgs/msg/detail/behavior_tree_status_change__rosidl_typesupport_introspection_cpp.hpp
[5.404s] -- Up-to-date symlink: /home/brilliant/ros2_ws/install/nav2_msgs/include/nav2_msgs/nav2_msgs/msg/detail/collision_detector_state__rosidl_typesupport_introspection_cpp.hpp
[5.410s] -- Up-to-date symlink: /home/brilliant/ros2_ws/install/nav2_msgs/include/nav2_msgs/nav2_msgs/msg/detail/collision_monitor_state__rosidl_typesupport_introspection_cpp.hpp
[5.411s] -- Up-to-date symlink: /home/brilliant/ros2_ws/install/nav2_msgs/include/nav2_msgs/nav2_msgs/msg/detail/costmap__rosidl_typesupport_introspection_cpp.hpp
[5.412s] -- Up-to-date symlink: /home/brilliant/ros2_ws/install/nav2_msgs/include/nav2_msgs/nav2_msgs/msg/detail/costmap_filter_info__rosidl_typesupport_introspection_cpp.hpp
[5.414s] -- Up-to-date symlink: /home/brilliant/ros2_ws/install/nav2_msgs/include/nav2_msgs/nav2_msgs/msg/detail/costmap_meta_data__rosidl_typesupport_introspection_cpp.hpp
[5.414s] -- Up-to-date symlink: /home/brilliant/ros2_ws/install/nav2_msgs/include/nav2_msgs/nav2_msgs/msg/detail/costmap_update__rosidl_typesupport_introspection_cpp.hpp
[5.421s] -- Up-to-date symlink: /home/brilliant/ros2_ws/install/nav2_msgs/include/nav2_msgs/nav2_msgs/msg/detail/missed_waypoint__rosidl_typesupport_introspection_cpp.hpp
[5.424s] -- Up-to-date symlink: /home/brilliant/ros2_ws/install/nav2_msgs/include/nav2_msgs/nav2_msgs/msg/detail/particle__rosidl_typesupport_introspection_cpp.hpp
[5.426s] -- Up-to-date symlink: /home/brilliant/ros2_ws/install/nav2_msgs/include/nav2_msgs/nav2_msgs/msg/detail/particle_cloud__rosidl_typesupport_introspection_cpp.hpp
[5.426s] -- Up-to-date symlink: /home/brilliant/ros2_ws/install/nav2_msgs/include/nav2_msgs/nav2_msgs/msg/detail/speed_limit__rosidl_typesupport_introspection_cpp.hpp
[5.426s] -- Up-to-date symlink: /home/brilliant/ros2_ws/install/nav2_msgs/include/nav2_msgs/nav2_msgs/msg/detail/voxel_grid__rosidl_typesupport_introspection_cpp.hpp
[5.427s] -- Up-to-date symlink: /home/brilliant/ros2_ws/install/nav2_msgs/include/nav2_msgs/nav2_msgs/srv/detail/clear_costmap_around_pose__rosidl_typesupport_introspection_cpp.hpp
[5.427s] -- Up-to-date symlink: /home/brilliant/ros2_ws/install/nav2_msgs/include/nav2_msgs/nav2_msgs/srv/detail/clear_costmap_around_robot__rosidl_typesupport_introspection_cpp.hpp
[5.427s] -- Up-to-date symlink: /home/brilliant/ros2_ws/install/nav2_msgs/include/nav2_msgs/nav2_msgs/srv/detail/clear_costmap_except_region__rosidl_typesupport_introspection_cpp.hpp
[5.427s] -- Up-to-date symlink: /home/brilliant/ros2_ws/install/nav2_msgs/include/nav2_msgs/nav2_msgs/srv/detail/clear_entire_costmap__rosidl_typesupport_introspection_cpp.hpp
[5.434s] -- Up-to-date symlink: /home/brilliant/ros2_ws/install/nav2_msgs/include/nav2_msgs/nav2_msgs/srv/detail/get_cost__rosidl_typesupport_introspection_cpp.hpp
[5.435s] -- Up-to-date symlink: /home/brilliant/ros2_ws/install/nav2_msgs/include/nav2_msgs/nav2_msgs/srv/detail/get_costmap__rosidl_typesupport_introspection_cpp.hpp
[5.436s] -- Up-to-date symlink: /home/brilliant/ros2_ws/install/nav2_msgs/include/nav2_msgs/nav2_msgs/srv/detail/is_path_valid__rosidl_typesupport_introspection_cpp.hpp
[5.436s] -- Up-to-date symlink: /home/brilliant/ros2_ws/install/nav2_msgs/include/nav2_msgs/nav2_msgs/srv/detail/load_map__rosidl_typesupport_introspection_cpp.hpp
[5.436s] -- Up-to-date symlink: /home/brilliant/ros2_ws/install/nav2_msgs/include/nav2_msgs/nav2_msgs/srv/detail/manage_lifecycle_nodes__rosidl_typesupport_introspection_cpp.hpp
[5.437s] -- Up-to-date symlink: /home/brilliant/ros2_ws/install/nav2_msgs/include/nav2_msgs/nav2_msgs/srv/detail/reload_dock_database__rosidl_typesupport_introspection_cpp.hpp
[5.437s] -- Up-to-date symlink: /home/brilliant/ros2_ws/install/nav2_msgs/include/nav2_msgs/nav2_msgs/srv/detail/save_map__rosidl_typesupport_introspection_cpp.hpp
[5.445s] -- Up-to-date symlink: /home/brilliant/ros2_ws/install/nav2_msgs/include/nav2_msgs/nav2_msgs/srv/detail/set_initial_pose__rosidl_typesupport_introspection_cpp.hpp
[5.445s] -- Up-to-date symlink: /home/brilliant/ros2_ws/install/nav2_msgs/share/nav2_msgs/environment/pythonpath.sh
[5.446s] -- Up-to-date symlink: /home/brilliant/ros2_ws/install/nav2_msgs/share/nav2_msgs/environment/pythonpath.dsv
[5.447s] -- Up-to-date symlink: /home/brilliant/ros2_ws/install/nav2_msgs/lib/python3.12/site-packages/nav2_msgs-1.3.7-py3.12.egg-info/PKG-INFO
[5.447s] -- Up-to-date symlink: /home/brilliant/ros2_ws/install/nav2_msgs/lib/python3.12/site-packages/nav2_msgs-1.3.7-py3.12.egg-info/SOURCES.txt
[5.447s] -- Up-to-date symlink: /home/brilliant/ros2_ws/install/nav2_msgs/lib/python3.12/site-packages/nav2_msgs-1.3.7-py3.12.egg-info/dependency_links.txt
[5.457s] -- Up-to-date symlink: /home/brilliant/ros2_ws/install/nav2_msgs/lib/python3.12/site-packages/nav2_msgs-1.3.7-py3.12.egg-info/top_level.txt
[5.469s] -- Up-to-date symlink: /home/brilliant/ros2_ws/install/nav2_msgs/lib/python3.12/site-packages/nav2_msgs/__init__.py
[5.469s] -- Up-to-date symlink: /home/brilliant/ros2_ws/install/nav2_msgs/lib/python3.12/site-packages/nav2_msgs/_nav2_msgs_s.ep.rosidl_typesupport_c.c
[5.482s] -- Up-to-date symlink: /home/brilliant/ros2_ws/install/nav2_msgs/lib/python3.12/site-packages/nav2_msgs/_nav2_msgs_s.ep.rosidl_typesupport_fastrtps_c.c
[5.483s] -- Up-to-date symlink: /home/brilliant/ros2_ws/install/nav2_msgs/lib/python3.12/site-packages/nav2_msgs/_nav2_msgs_s.ep.rosidl_typesupport_introspection_c.c
[5.484s] -- Up-to-date symlink: /home/brilliant/ros2_ws/install/nav2_msgs/lib/python3.12/site-packages/nav2_msgs/action/__init__.py
[5.484s] -- Up-to-date symlink: /home/brilliant/ros2_ws/install/nav2_msgs/lib/python3.12/site-packages/nav2_msgs/action/_assisted_teleop.py
[5.484s] -- Up-to-date symlink: /home/brilliant/ros2_ws/install/nav2_msgs/lib/python3.12/site-packages/nav2_msgs/action/_assisted_teleop_s.c
[5.485s] -- Up-to-date symlink: /home/brilliant/ros2_ws/install/nav2_msgs/lib/python3.12/site-packages/nav2_msgs/action/_back_up.py
[5.485s] -- Up-to-date symlink: /home/brilliant/ros2_ws/install/nav2_msgs/lib/python3.12/site-packages/nav2_msgs/action/_back_up_s.c
[5.485s] -- Up-to-date symlink: /home/brilliant/ros2_ws/install/nav2_msgs/lib/python3.12/site-packages/nav2_msgs/action/_compute_path_through_poses.py
[5.492s] -- Up-to-date symlink: /home/brilliant/ros2_ws/install/nav2_msgs/lib/python3.12/site-packages/nav2_msgs/action/_compute_path_through_poses_s.c
[5.495s] -- Up-to-date symlink: /home/brilliant/ros2_ws/install/nav2_msgs/lib/python3.12/site-packages/nav2_msgs/action/_compute_path_to_pose.py
[5.495s] -- Up-to-date symlink: /home/brilliant/ros2_ws/install/nav2_msgs/lib/python3.12/site-packages/nav2_msgs/action/_compute_path_to_pose_s.c
[5.498s] -- Up-to-date symlink: /home/brilliant/ros2_ws/install/nav2_msgs/lib/python3.12/site-packages/nav2_msgs/action/_dock_robot.py
[5.499s] -- Up-to-date symlink: /home/brilliant/ros2_ws/install/nav2_msgs/lib/python3.12/site-packages/nav2_msgs/action/_dock_robot_s.c
[5.499s] -- Up-to-date symlink: /home/brilliant/ros2_ws/install/nav2_msgs/lib/python3.12/site-packages/nav2_msgs/action/_drive_on_heading.py
[5.499s] -- Up-to-date symlink: /home/brilliant/ros2_ws/install/nav2_msgs/lib/python3.12/site-packages/nav2_msgs/action/_drive_on_heading_s.c
[5.499s] -- Up-to-date symlink: /home/brilliant/ros2_ws/install/nav2_msgs/lib/python3.12/site-packages/nav2_msgs/action/_dummy_behavior.py
[5.500s] -- Up-to-date symlink: /home/brilliant/ros2_ws/install/nav2_msgs/lib/python3.12/site-packages/nav2_msgs/action/_dummy_behavior_s.c
[5.508s] -- Up-to-date symlink: /home/brilliant/ros2_ws/install/nav2_msgs/lib/python3.12/site-packages/nav2_msgs/action/_follow_gps_waypoints.py
[5.513s] -- Up-to-date symlink: /home/brilliant/ros2_ws/install/nav2_msgs/lib/python3.12/site-packages/nav2_msgs/action/_follow_gps_waypoints_s.c
[5.513s] -- Up-to-date symlink: /home/brilliant/ros2_ws/install/nav2_msgs/lib/python3.12/site-packages/nav2_msgs/action/_follow_path.py
[5.513s] -- Up-to-date symlink: /home/brilliant/ros2_ws/install/nav2_msgs/lib/python3.12/site-packages/nav2_msgs/action/_follow_path_s.c
[5.514s] -- Up-to-date symlink: /home/brilliant/ros2_ws/install/nav2_msgs/lib/python3.12/site-packages/nav2_msgs/action/_follow_waypoints.py
[5.514s] -- Up-to-date symlink: /home/brilliant/ros2_ws/install/nav2_msgs/lib/python3.12/site-packages/nav2_msgs/action/_follow_waypoints_s.c
[5.514s] -- Up-to-date symlink: /home/brilliant/ros2_ws/install/nav2_msgs/lib/python3.12/site-packages/nav2_msgs/action/_navigate_through_poses.py
[5.520s] -- Up-to-date symlink: /home/brilliant/ros2_ws/install/nav2_msgs/lib/python3.12/site-packages/nav2_msgs/action/_navigate_through_poses_s.c
[5.520s] -- Up-to-date symlink: /home/brilliant/ros2_ws/install/nav2_msgs/lib/python3.12/site-packages/nav2_msgs/action/_navigate_to_pose.py
[5.522s] -- Up-to-date symlink: /home/brilliant/ros2_ws/install/nav2_msgs/lib/python3.12/site-packages/nav2_msgs/action/_navigate_to_pose_s.c
[5.524s] -- Up-to-date symlink: /home/brilliant/ros2_ws/install/nav2_msgs/lib/python3.12/site-packages/nav2_msgs/action/_smooth_path.py
[5.524s] -- Up-to-date symlink: /home/brilliant/ros2_ws/install/nav2_msgs/lib/python3.12/site-packages/nav2_msgs/action/_smooth_path_s.c
[5.524s] -- Up-to-date symlink: /home/brilliant/ros2_ws/install/nav2_msgs/lib/python3.12/site-packages/nav2_msgs/action/_spin.py
[5.529s] -- Up-to-date symlink: /home/brilliant/ros2_ws/install/nav2_msgs/lib/python3.12/site-packages/nav2_msgs/action/_spin_s.c
[5.533s] -- Up-to-date symlink: /home/brilliant/ros2_ws/install/nav2_msgs/lib/python3.12/site-packages/nav2_msgs/action/_undock_robot.py
[5.534s] -- Up-to-date symlink: /home/brilliant/ros2_ws/install/nav2_msgs/lib/python3.12/site-packages/nav2_msgs/action/_undock_robot_s.c
[5.534s] -- Up-to-date symlink: /home/brilliant/ros2_ws/install/nav2_msgs/lib/python3.12/site-packages/nav2_msgs/action/_wait.py
[5.542s] -- Up-to-date symlink: /home/brilliant/ros2_ws/install/nav2_msgs/lib/python3.12/site-packages/nav2_msgs/action/_wait_s.c
[5.546s] -- Up-to-date symlink: /home/brilliant/ros2_ws/install/nav2_msgs/lib/python3.12/site-packages/nav2_msgs/msg/__init__.py
[5.546s] -- Up-to-date symlink: /home/brilliant/ros2_ws/install/nav2_msgs/lib/python3.12/site-packages/nav2_msgs/msg/_behavior_tree_log.py
[5.546s] -- Up-to-date symlink: /home/brilliant/ros2_ws/install/nav2_msgs/lib/python3.12/site-packages/nav2_msgs/msg/_behavior_tree_log_s.c
[5.547s] -- Up-to-date symlink: /home/brilliant/ros2_ws/install/nav2_msgs/lib/python3.12/site-packages/nav2_msgs/msg/_behavior_tree_status_change.py
[5.547s] -- Up-to-date symlink: /home/brilliant/ros2_ws/install/nav2_msgs/lib/python3.12/site-packages/nav2_msgs/msg/_behavior_tree_status_change_s.c
[5.547s] -- Up-to-date symlink: /home/brilliant/ros2_ws/install/nav2_msgs/lib/python3.12/site-packages/nav2_msgs/msg/_collision_detector_state.py
[5.547s] -- Up-to-date symlink: /home/brilliant/ros2_ws/install/nav2_msgs/lib/python3.12/site-packages/nav2_msgs/msg/_collision_detector_state_s.c
[5.555s] -- Up-to-date symlink: /home/brilliant/ros2_ws/install/nav2_msgs/lib/python3.12/site-packages/nav2_msgs/msg/_collision_monitor_state.py
[5.555s] -- Up-to-date symlink: /home/brilliant/ros2_ws/install/nav2_msgs/lib/python3.12/site-packages/nav2_msgs/msg/_collision_monitor_state_s.c
[5.555s] -- Up-to-date symlink: /home/brilliant/ros2_ws/install/nav2_msgs/lib/python3.12/site-packages/nav2_msgs/msg/_costmap.py
[5.556s] -- Up-to-date symlink: /home/brilliant/ros2_ws/install/nav2_msgs/lib/python3.12/site-packages/nav2_msgs/msg/_costmap_filter_info.py
[5.556s] -- Up-to-date symlink: /home/brilliant/ros2_ws/install/nav2_msgs/lib/python3.12/site-packages/nav2_msgs/msg/_costmap_filter_info_s.c
[5.557s] -- Up-to-date symlink: /home/brilliant/ros2_ws/install/nav2_msgs/lib/python3.12/site-packages/nav2_msgs/msg/_costmap_meta_data.py
[5.557s] -- Up-to-date symlink: /home/brilliant/ros2_ws/install/nav2_msgs/lib/python3.12/site-packages/nav2_msgs/msg/_costmap_meta_data_s.c
[5.562s] -- Up-to-date symlink: /home/brilliant/ros2_ws/install/nav2_msgs/lib/python3.12/site-packages/nav2_msgs/msg/_costmap_s.c
[5.566s] -- Up-to-date symlink: /home/brilliant/ros2_ws/install/nav2_msgs/lib/python3.12/site-packages/nav2_msgs/msg/_costmap_update.py
[5.566s] -- Up-to-date symlink: /home/brilliant/ros2_ws/install/nav2_msgs/lib/python3.12/site-packages/nav2_msgs/msg/_costmap_update_s.c
[5.568s] -- Up-to-date symlink: /home/brilliant/ros2_ws/install/nav2_msgs/lib/python3.12/site-packages/nav2_msgs/msg/_missed_waypoint.py
[5.568s] -- Up-to-date symlink: /home/brilliant/ros2_ws/install/nav2_msgs/lib/python3.12/site-packages/nav2_msgs/msg/_missed_waypoint_s.c
[5.569s] -- Up-to-date symlink: /home/brilliant/ros2_ws/install/nav2_msgs/lib/python3.12/site-packages/nav2_msgs/msg/_particle.py
[5.571s] -- Up-to-date symlink: /home/brilliant/ros2_ws/install/nav2_msgs/lib/python3.12/site-packages/nav2_msgs/msg/_particle_cloud.py
[5.574s] -- Up-to-date symlink: /home/brilliant/ros2_ws/install/nav2_msgs/lib/python3.12/site-packages/nav2_msgs/msg/_particle_cloud_s.c
[5.578s] -- Up-to-date symlink: /home/brilliant/ros2_ws/install/nav2_msgs/lib/python3.12/site-packages/nav2_msgs/msg/_particle_s.c
[5.578s] -- Up-to-date symlink: /home/brilliant/ros2_ws/install/nav2_msgs/lib/python3.12/site-packages/nav2_msgs/msg/_speed_limit.py
[5.579s] -- Up-to-date symlink: /home/brilliant/ros2_ws/install/nav2_msgs/lib/python3.12/site-packages/nav2_msgs/msg/_speed_limit_s.c
[5.579s] -- Up-to-date symlink: /home/brilliant/ros2_ws/install/nav2_msgs/lib/python3.12/site-packages/nav2_msgs/msg/_voxel_grid.py
[5.579s] -- Up-to-date symlink: /home/brilliant/ros2_ws/install/nav2_msgs/lib/python3.12/site-packages/nav2_msgs/msg/_voxel_grid_s.c
[5.581s] -- Up-to-date symlink: /home/brilliant/ros2_ws/install/nav2_msgs/lib/python3.12/site-packages/nav2_msgs/nav2_msgs_s__rosidl_typesupport_c.so
[5.582s] -- Up-to-date symlink: /home/brilliant/ros2_ws/install/nav2_msgs/lib/python3.12/site-packages/nav2_msgs/nav2_msgs_s__rosidl_typesupport_fastrtps_c.so
[5.587s] -- Up-to-date symlink: /home/brilliant/ros2_ws/install/nav2_msgs/lib/python3.12/site-packages/nav2_msgs/nav2_msgs_s__rosidl_typesupport_introspection_c.so
[5.587s] -- Up-to-date symlink: /home/brilliant/ros2_ws/install/nav2_msgs/lib/python3.12/site-packages/nav2_msgs/srv/__init__.py
[5.588s] -- Up-to-date symlink: /home/brilliant/ros2_ws/install/nav2_msgs/lib/python3.12/site-packages/nav2_msgs/srv/_clear_costmap_around_pose.py
[5.588s] -- Up-to-date symlink: /home/brilliant/ros2_ws/install/nav2_msgs/lib/python3.12/site-packages/nav2_msgs/srv/_clear_costmap_around_pose_s.c
[5.590s] -- Up-to-date symlink: /home/brilliant/ros2_ws/install/nav2_msgs/lib/python3.12/site-packages/nav2_msgs/srv/_clear_costmap_around_robot.py
[5.594s] -- Up-to-date symlink: /home/brilliant/ros2_ws/install/nav2_msgs/lib/python3.12/site-packages/nav2_msgs/srv/_clear_costmap_around_robot_s.c
[5.594s] -- Up-to-date symlink: /home/brilliant/ros2_ws/install/nav2_msgs/lib/python3.12/site-packages/nav2_msgs/srv/_clear_costmap_except_region.py
[5.601s] -- Up-to-date symlink: /home/brilliant/ros2_ws/install/nav2_msgs/lib/python3.12/site-packages/nav2_msgs/srv/_clear_costmap_except_region_s.c
[5.603s] -- Up-to-date symlink: /home/brilliant/ros2_ws/install/nav2_msgs/lib/python3.12/site-packages/nav2_msgs/srv/_clear_entire_costmap.py
[5.603s] -- Up-to-date symlink: /home/brilliant/ros2_ws/install/nav2_msgs/lib/python3.12/site-packages/nav2_msgs/srv/_clear_entire_costmap_s.c
[5.603s] -- Up-to-date symlink: /home/brilliant/ros2_ws/install/nav2_msgs/lib/python3.12/site-packages/nav2_msgs/srv/_get_cost.py
[5.604s] -- Up-to-date symlink: /home/brilliant/ros2_ws/install/nav2_msgs/lib/python3.12/site-packages/nav2_msgs/srv/_get_cost_s.c
[5.604s] -- Up-to-date symlink: /home/brilliant/ros2_ws/install/nav2_msgs/lib/python3.12/site-packages/nav2_msgs/srv/_get_costmap.py
[5.609s] -- Up-to-date symlink: /home/brilliant/ros2_ws/install/nav2_msgs/lib/python3.12/site-packages/nav2_msgs/srv/_get_costmap_s.c
[5.609s] -- Up-to-date symlink: /home/brilliant/ros2_ws/install/nav2_msgs/lib/python3.12/site-packages/nav2_msgs/srv/_is_path_valid.py
[5.609s] -- Up-to-date symlink: /home/brilliant/ros2_ws/install/nav2_msgs/lib/python3.12/site-packages/nav2_msgs/srv/_is_path_valid_s.c
[5.617s] -- Up-to-date symlink: /home/brilliant/ros2_ws/install/nav2_msgs/lib/python3.12/site-packages/nav2_msgs/srv/_load_map.py
[5.617s] -- Up-to-date symlink: /home/brilliant/ros2_ws/install/nav2_msgs/lib/python3.12/site-packages/nav2_msgs/srv/_load_map_s.c
[5.618s] -- Up-to-date symlink: /home/brilliant/ros2_ws/install/nav2_msgs/lib/python3.12/site-packages/nav2_msgs/srv/_manage_lifecycle_nodes.py
[5.618s] -- Up-to-date symlink: /home/brilliant/ros2_ws/install/nav2_msgs/lib/python3.12/site-packages/nav2_msgs/srv/_manage_lifecycle_nodes_s.c
[5.618s] -- Up-to-date symlink: /home/brilliant/ros2_ws/install/nav2_msgs/lib/python3.12/site-packages/nav2_msgs/srv/_reload_dock_database.py
[5.618s] -- Up-to-date symlink: /home/brilliant/ros2_ws/install/nav2_msgs/lib/python3.12/site-packages/nav2_msgs/srv/_reload_dock_database_s.c
[5.619s] -- Up-to-date symlink: /home/brilliant/ros2_ws/install/nav2_msgs/lib/python3.12/site-packages/nav2_msgs/srv/_save_map.py
[5.619s] -- Up-to-date symlink: /home/brilliant/ros2_ws/install/nav2_msgs/lib/python3.12/site-packages/nav2_msgs/srv/_save_map_s.c
[5.619s] -- Up-to-date symlink: /home/brilliant/ros2_ws/install/nav2_msgs/lib/python3.12/site-packages/nav2_msgs/srv/_set_initial_pose.py
[5.619s] -- Up-to-date symlink: /home/brilliant/ros2_ws/install/nav2_msgs/lib/python3.12/site-packages/nav2_msgs/srv/_set_initial_pose_s.c
[5.619s] -- Up-to-date symlink: /home/brilliant/ros2_ws/install/nav2_msgs/lib/python3.12/site-packages/nav2_msgs/nav2_msgs_s__rosidl_typesupport_fastrtps_c.so
[5.628s] -- Up-to-date symlink: /home/brilliant/ros2_ws/install/nav2_msgs/lib/python3.12/site-packages/nav2_msgs/nav2_msgs_s__rosidl_typesupport_introspection_c.so
[5.628s] -- Up-to-date symlink: /home/brilliant/ros2_ws/install/nav2_msgs/lib/python3.12/site-packages/nav2_msgs/nav2_msgs_s__rosidl_typesupport_c.so
[5.629s] -- Up-to-date symlink: /home/brilliant/ros2_ws/install/nav2_msgs/share/nav2_msgs/msg/CollisionMonitorState.idl
[5.629s] -- Up-to-date symlink: /home/brilliant/ros2_ws/install/nav2_msgs/share/nav2_msgs/msg/CollisionDetectorState.idl
[5.629s] -- Up-to-date symlink: /home/brilliant/ros2_ws/install/nav2_msgs/share/nav2_msgs/msg/Costmap.idl
[5.631s] -- Up-to-date symlink: /home/brilliant/ros2_ws/install/nav2_msgs/share/nav2_msgs/msg/CostmapMetaData.idl
[5.638s] -- Up-to-date symlink: /home/brilliant/ros2_ws/install/nav2_msgs/share/nav2_msgs/msg/CostmapUpdate.idl
[5.638s] -- Up-to-date symlink: /home/brilliant/ros2_ws/install/nav2_msgs/share/nav2_msgs/msg/CostmapFilterInfo.idl
[5.639s] -- Up-to-date symlink: /home/brilliant/ros2_ws/install/nav2_msgs/share/nav2_msgs/msg/SpeedLimit.idl
[5.639s] -- Up-to-date symlink: /home/brilliant/ros2_ws/install/nav2_msgs/share/nav2_msgs/msg/VoxelGrid.idl
[5.640s] -- Up-to-date symlink: /home/brilliant/ros2_ws/install/nav2_msgs/share/nav2_msgs/msg/BehaviorTreeStatusChange.idl
[5.643s] -- Up-to-date symlink: /home/brilliant/ros2_ws/install/nav2_msgs/share/nav2_msgs/msg/BehaviorTreeLog.idl
[5.644s] -- Up-to-date symlink: /home/brilliant/ros2_ws/install/nav2_msgs/share/nav2_msgs/msg/Particle.idl
[5.644s] -- Up-to-date symlink: /home/brilliant/ros2_ws/install/nav2_msgs/share/nav2_msgs/msg/ParticleCloud.idl
[5.648s] -- Up-to-date symlink: /home/brilliant/ros2_ws/install/nav2_msgs/share/nav2_msgs/msg/MissedWaypoint.idl
[5.649s] -- Up-to-date symlink: /home/brilliant/ros2_ws/install/nav2_msgs/share/nav2_msgs/srv/GetCost.idl
[5.652s] -- Up-to-date symlink: /home/brilliant/ros2_ws/install/nav2_msgs/share/nav2_msgs/srv/GetCostmap.idl
[5.652s] -- Up-to-date symlink: /home/brilliant/ros2_ws/install/nav2_msgs/share/nav2_msgs/srv/IsPathValid.idl
[5.653s] -- Up-to-date symlink: /home/brilliant/ros2_ws/install/nav2_msgs/share/nav2_msgs/srv/ClearCostmapExceptRegion.idl
[5.658s] -- Up-to-date symlink: /home/brilliant/ros2_ws/install/nav2_msgs/share/nav2_msgs/srv/ClearCostmapAroundRobot.idl
[5.658s] -- Up-to-date symlink: /home/brilliant/ros2_ws/install/nav2_msgs/share/nav2_msgs/srv/ClearCostmapAroundPose.idl
[5.661s] -- Up-to-date symlink: /home/brilliant/ros2_ws/install/nav2_msgs/share/nav2_msgs/srv/ClearEntireCostmap.idl
[5.665s] -- Up-to-date symlink: /home/brilliant/ros2_ws/install/nav2_msgs/share/nav2_msgs/srv/ManageLifecycleNodes.idl
[5.665s] -- Up-to-date symlink: /home/brilliant/ros2_ws/install/nav2_msgs/share/nav2_msgs/srv/LoadMap.idl
[5.665s] -- Up-to-date symlink: /home/brilliant/ros2_ws/install/nav2_msgs/share/nav2_msgs/srv/SaveMap.idl
[5.666s] -- Up-to-date symlink: /home/brilliant/ros2_ws/install/nav2_msgs/share/nav2_msgs/srv/SetInitialPose.idl
[5.667s] -- Up-to-date symlink: /home/brilliant/ros2_ws/install/nav2_msgs/share/nav2_msgs/srv/ReloadDockDatabase.idl
[5.667s] -- Up-to-date symlink: /home/brilliant/ros2_ws/install/nav2_msgs/share/nav2_msgs/action/AssistedTeleop.idl
[5.675s] -- Up-to-date symlink: /home/brilliant/ros2_ws/install/nav2_msgs/share/nav2_msgs/action/BackUp.idl
[5.675s] -- Up-to-date symlink: /home/brilliant/ros2_ws/install/nav2_msgs/share/nav2_msgs/action/ComputePathToPose.idl
[5.678s] -- Up-to-date symlink: /home/brilliant/ros2_ws/install/nav2_msgs/share/nav2_msgs/action/ComputePathThroughPoses.idl
[5.678s] -- Up-to-date symlink: /home/brilliant/ros2_ws/install/nav2_msgs/share/nav2_msgs/action/DriveOnHeading.idl
[5.679s] -- Up-to-date symlink: /home/brilliant/ros2_ws/install/nav2_msgs/share/nav2_msgs/action/SmoothPath.idl
[5.682s] -- Up-to-date symlink: /home/brilliant/ros2_ws/install/nav2_msgs/share/nav2_msgs/action/FollowPath.idl
[5.683s] -- Up-to-date symlink: /home/brilliant/ros2_ws/install/nav2_msgs/share/nav2_msgs/action/NavigateToPose.idl
[5.688s] -- Up-to-date symlink: /home/brilliant/ros2_ws/install/nav2_msgs/share/nav2_msgs/action/NavigateThroughPoses.idl
[5.689s] -- Up-to-date symlink: /home/brilliant/ros2_ws/install/nav2_msgs/share/nav2_msgs/action/Wait.idl
[5.689s] -- Up-to-date symlink: /home/brilliant/ros2_ws/install/nav2_msgs/share/nav2_msgs/action/Spin.idl
[5.689s] -- Up-to-date symlink: /home/brilliant/ros2_ws/install/nav2_msgs/share/nav2_msgs/action/DummyBehavior.idl
[5.692s] -- Up-to-date symlink: /home/brilliant/ros2_ws/install/nav2_msgs/share/nav2_msgs/action/FollowWaypoints.idl
[5.694s] -- Up-to-date symlink: /home/brilliant/ros2_ws/install/nav2_msgs/share/nav2_msgs/action/FollowGPSWaypoints.idl
[5.695s] -- Up-to-date symlink: /home/brilliant/ros2_ws/install/nav2_msgs/share/nav2_msgs/action/DockRobot.idl
[5.702s] -- Up-to-date symlink: /home/brilliant/ros2_ws/install/nav2_msgs/share/nav2_msgs/action/UndockRobot.idl
[5.702s] -- Up-to-date symlink: /home/brilliant/ros2_ws/install/nav2_msgs/share/nav2_msgs/msg/CollisionMonitorState.msg
[5.705s] -- Up-to-date symlink: /home/brilliant/ros2_ws/install/nav2_msgs/share/nav2_msgs/msg/CollisionDetectorState.msg
[5.706s] -- Up-to-date symlink: /home/brilliant/ros2_ws/install/nav2_msgs/share/nav2_msgs/msg/Costmap.msg
[5.706s] -- Up-to-date symlink: /home/brilliant/ros2_ws/install/nav2_msgs/share/nav2_msgs/msg/CostmapMetaData.msg
[5.707s] -- Up-to-date symlink: /home/brilliant/ros2_ws/install/nav2_msgs/share/nav2_msgs/msg/CostmapUpdate.msg
[5.713s] -- Up-to-date symlink: /home/brilliant/ros2_ws/install/nav2_msgs/share/nav2_msgs/msg/CostmapFilterInfo.msg
[5.713s] -- Up-to-date symlink: /home/brilliant/ros2_ws/install/nav2_msgs/share/nav2_msgs/msg/SpeedLimit.msg
[5.714s] -- Up-to-date symlink: /home/brilliant/ros2_ws/install/nav2_msgs/share/nav2_msgs/msg/VoxelGrid.msg
[5.714s] -- Up-to-date symlink: /home/brilliant/ros2_ws/install/nav2_msgs/share/nav2_msgs/msg/BehaviorTreeStatusChange.msg
[5.714s] -- Up-to-date symlink: /home/brilliant/ros2_ws/install/nav2_msgs/share/nav2_msgs/msg/BehaviorTreeLog.msg
[5.716s] -- Up-to-date symlink: /home/brilliant/ros2_ws/install/nav2_msgs/share/nav2_msgs/msg/Particle.msg
[5.722s] -- Up-to-date symlink: /home/brilliant/ros2_ws/install/nav2_msgs/share/nav2_msgs/msg/ParticleCloud.msg
[5.722s] -- Up-to-date symlink: /home/brilliant/ros2_ws/install/nav2_msgs/share/nav2_msgs/msg/MissedWaypoint.msg
[5.725s] -- Up-to-date symlink: /home/brilliant/ros2_ws/install/nav2_msgs/share/nav2_msgs/srv/GetCost.srv
[5.726s] -- Up-to-date symlink: /home/brilliant/ros2_ws/install/nav2_msgs/share/nav2_msgs/srv/GetCostmap.srv
[5.726s] -- Up-to-date symlink: /home/brilliant/ros2_ws/install/nav2_msgs/share/nav2_msgs/srv/IsPathValid.srv
[5.726s] -- Up-to-date symlink: /home/brilliant/ros2_ws/install/nav2_msgs/share/nav2_msgs/srv/ClearCostmapExceptRegion.srv
[5.729s] -- Up-to-date symlink: /home/brilliant/ros2_ws/install/nav2_msgs/share/nav2_msgs/srv/ClearCostmapAroundRobot.srv
[5.729s] -- Up-to-date symlink: /home/brilliant/ros2_ws/install/nav2_msgs/share/nav2_msgs/srv/ClearCostmapAroundPose.srv
[5.730s] -- Up-to-date symlink: /home/brilliant/ros2_ws/install/nav2_msgs/share/nav2_msgs/srv/ClearEntireCostmap.srv
[5.734s] -- Up-to-date symlink: /home/brilliant/ros2_ws/install/nav2_msgs/share/nav2_msgs/srv/ManageLifecycleNodes.srv
[5.738s] -- Up-to-date symlink: /home/brilliant/ros2_ws/install/nav2_msgs/share/nav2_msgs/srv/LoadMap.srv
[5.739s] -- Up-to-date symlink: /home/brilliant/ros2_ws/install/nav2_msgs/share/nav2_msgs/srv/SaveMap.srv
[5.739s] -- Up-to-date symlink: /home/brilliant/ros2_ws/install/nav2_msgs/share/nav2_msgs/srv/SetInitialPose.srv
[5.740s] -- Up-to-date symlink: /home/brilliant/ros2_ws/install/nav2_msgs/share/nav2_msgs/srv/ReloadDockDatabase.srv
[5.740s] -- Up-to-date symlink: /home/brilliant/ros2_ws/install/nav2_msgs/share/nav2_msgs/action/AssistedTeleop.action
[5.747s] -- Up-to-date symlink: /home/brilliant/ros2_ws/install/nav2_msgs/share/nav2_msgs/action/BackUp.action
[5.748s] -- Up-to-date symlink: /home/brilliant/ros2_ws/install/nav2_msgs/share/nav2_msgs/action/ComputePathToPose.action
[5.749s] -- Up-to-date symlink: /home/brilliant/ros2_ws/install/nav2_msgs/share/nav2_msgs/action/ComputePathThroughPoses.action
[5.749s] -- Up-to-date symlink: /home/brilliant/ros2_ws/install/nav2_msgs/share/nav2_msgs/action/DriveOnHeading.action
[5.750s] -- Up-to-date symlink: /home/brilliant/ros2_ws/install/nav2_msgs/share/nav2_msgs/action/SmoothPath.action
[5.750s] -- Up-to-date symlink: /home/brilliant/ros2_ws/install/nav2_msgs/share/nav2_msgs/action/FollowPath.action
[5.750s] -- Up-to-date symlink: /home/brilliant/ros2_ws/install/nav2_msgs/share/nav2_msgs/action/NavigateToPose.action
[5.753s] -- Up-to-date symlink: /home/brilliant/ros2_ws/install/nav2_msgs/share/nav2_msgs/action/NavigateThroughPoses.action
[5.753s] -- Up-to-date symlink: /home/brilliant/ros2_ws/install/nav2_msgs/share/nav2_msgs/action/Wait.action
[5.756s] -- Up-to-date symlink: /home/brilliant/ros2_ws/install/nav2_msgs/share/nav2_msgs/action/Spin.action
[5.756s] -- Up-to-date symlink: /home/brilliant/ros2_ws/install/nav2_msgs/share/nav2_msgs/action/DummyBehavior.action
[5.759s] -- Up-to-date symlink: /home/brilliant/ros2_ws/install/nav2_msgs/share/nav2_msgs/action/FollowWaypoints.action
[5.759s] -- Up-to-date symlink: /home/brilliant/ros2_ws/install/nav2_msgs/share/nav2_msgs/action/FollowGPSWaypoints.action
[5.765s] -- Up-to-date symlink: /home/brilliant/ros2_ws/install/nav2_msgs/share/nav2_msgs/action/DockRobot.action
[5.765s] -- Up-to-date symlink: /home/brilliant/ros2_ws/install/nav2_msgs/share/nav2_msgs/action/UndockRobot.action
[5.765s] -- Up-to-date symlink: /home/brilliant/ros2_ws/install/nav2_msgs/share/ament_index/resource_index/package_run_dependencies/nav2_msgs
[5.765s] -- Up-to-date symlink: /home/brilliant/ros2_ws/install/nav2_msgs/share/ament_index/resource_index/parent_prefix_path/nav2_msgs
[5.773s] -- Up-to-date symlink: /home/brilliant/ros2_ws/install/nav2_msgs/share/nav2_msgs/environment/ament_prefix_path.sh
[5.773s] -- Up-to-date symlink: /home/brilliant/ros2_ws/install/nav2_msgs/share/nav2_msgs/environment/ament_prefix_path.dsv
[5.776s] -- Up-to-date symlink: /home/brilliant/ros2_ws/install/nav2_msgs/share/nav2_msgs/environment/path.sh
[5.781s] -- Up-to-date symlink: /home/brilliant/ros2_ws/install/nav2_msgs/share/nav2_msgs/environment/path.dsv
[5.781s] -- Up-to-date symlink: /home/brilliant/ros2_ws/install/nav2_msgs/share/nav2_msgs/local_setup.bash
[5.781s] -- Up-to-date symlink: /home/brilliant/ros2_ws/install/nav2_msgs/share/nav2_msgs/local_setup.sh
[5.782s] -- Up-to-date symlink: /home/brilliant/ros2_ws/install/nav2_msgs/share/nav2_msgs/local_setup.zsh
[5.782s] -- Up-to-date symlink: /home/brilliant/ros2_ws/install/nav2_msgs/share/nav2_msgs/local_setup.dsv
[5.782s] -- Symlinking: /home/brilliant/ros2_ws/install/nav2_msgs/share/nav2_msgs/package.dsv
[5.904s] -- Up-to-date symlink: /home/brilliant/ros2_ws/install/nav2_msgs/share/ament_index/resource_index/packages/nav2_msgs
[5.905s] -- Up-to-date symlink: /home/brilliant/ros2_ws/install/nav2_msgs/share/nav2_msgs/cmake/rosidl_cmake-extras.cmake
[5.906s] -- Up-to-date symlink: /home/brilliant/ros2_ws/install/nav2_msgs/share/nav2_msgs/cmake/ament_cmake_export_dependencies-extras.cmake
[5.906s] -- Up-to-date symlink: /home/brilliant/ros2_ws/install/nav2_msgs/share/nav2_msgs/cmake/ament_cmake_export_include_directories-extras.cmake
[5.909s] -- Up-to-date symlink: /home/brilliant/ros2_ws/install/nav2_msgs/share/nav2_msgs/cmake/ament_cmake_export_libraries-extras.cmake
[5.914s] -- Up-to-date symlink: /home/brilliant/ros2_ws/install/nav2_msgs/share/nav2_msgs/cmake/ament_cmake_export_targets-extras.cmake
[5.914s] -- Up-to-date symlink: /home/brilliant/ros2_ws/install/nav2_msgs/share/nav2_msgs/cmake/rosidl_cmake_export_typesupport_targets-extras.cmake
[5.915s] -- Up-to-date symlink: /home/brilliant/ros2_ws/install/nav2_msgs/share/nav2_msgs/cmake/rosidl_cmake_export_typesupport_libraries-extras.cmake
[5.916s] -- Up-to-date symlink: /home/brilliant/ros2_ws/install/nav2_msgs/share/nav2_msgs/cmake/nav2_msgsConfig.cmake
[5.917s] -- Up-to-date symlink: /home/brilliant/ros2_ws/install/nav2_msgs/share/nav2_msgs/cmake/nav2_msgsConfig-version.cmake
[5.917s] -- Up-to-date symlink: /home/brilliant/ros2_ws/install/nav2_msgs/share/nav2_msgs/package.xml
[5.919s] -- Up-to-date: /home/brilliant/ros2_ws/install/nav2_msgs/lib/libnav2_msgs__rosidl_generator_c.so
[5.927s] -- Up-to-date: /home/brilliant/ros2_ws/install/nav2_msgs/lib/libnav2_msgs__rosidl_typesupport_fastrtps_c.so
[5.929s] -- Up-to-date: /home/brilliant/ros2_ws/install/nav2_msgs/lib/libnav2_msgs__rosidl_typesupport_fastrtps_cpp.so
[5.932s] -- Up-to-date: /home/brilliant/ros2_ws/install/nav2_msgs/lib/libnav2_msgs__rosidl_typesupport_introspection_c.so
[5.934s] -- Up-to-date: /home/brilliant/ros2_ws/install/nav2_msgs/lib/libnav2_msgs__rosidl_typesupport_c.so
[5.939s] -- Up-to-date: /home/brilliant/ros2_ws/install/nav2_msgs/lib/libnav2_msgs__rosidl_typesupport_introspection_cpp.so
[5.940s] -- Up-to-date: /home/brilliant/ros2_ws/install/nav2_msgs/lib/libnav2_msgs__rosidl_typesupport_cpp.so
[6.216s] Listing '/home/brilliant/ros2_ws/install/nav2_msgs/lib/python3.12/site-packages/nav2_msgs'...
[6.217s] Listing '/home/brilliant/ros2_ws/install/nav2_msgs/lib/python3.12/site-packages/nav2_msgs/action'...
[6.220s] Listing '/home/brilliant/ros2_ws/install/nav2_msgs/lib/python3.12/site-packages/nav2_msgs/msg'...
[6.220s] Listing '/home/brilliant/ros2_ws/install/nav2_msgs/lib/python3.12/site-packages/nav2_msgs/srv'...
[6.250s] -- Up-to-date: /home/brilliant/ros2_ws/install/nav2_msgs/lib/libnav2_msgs__rosidl_generator_py.so
[6.259s] -- Up-to-date: /home/brilliant/ros2_ws/install/nav2_msgs/share/nav2_msgs/cmake/export_nav2_msgs__rosidl_generator_cExport.cmake
[6.259s] -- Up-to-date: /home/brilliant/ros2_ws/install/nav2_msgs/share/nav2_msgs/cmake/export_nav2_msgs__rosidl_generator_cExport-release.cmake
[6.261s] -- Up-to-date: /home/brilliant/ros2_ws/install/nav2_msgs/share/nav2_msgs/cmake/export_nav2_msgs__rosidl_typesupport_fastrtps_cExport.cmake
[6.261s] -- Up-to-date: /home/brilliant/ros2_ws/install/nav2_msgs/share/nav2_msgs/cmake/export_nav2_msgs__rosidl_typesupport_fastrtps_cExport-release.cmake
[6.261s] -- Up-to-date: /home/brilliant/ros2_ws/install/nav2_msgs/share/nav2_msgs/cmake/export_nav2_msgs__rosidl_generator_cppExport.cmake
[6.262s] -- Up-to-date: /home/brilliant/ros2_ws/install/nav2_msgs/share/nav2_msgs/cmake/export_nav2_msgs__rosidl_typesupport_fastrtps_cppExport.cmake
[6.262s] -- Up-to-date: /home/brilliant/ros2_ws/install/nav2_msgs/share/nav2_msgs/cmake/export_nav2_msgs__rosidl_typesupport_fastrtps_cppExport-release.cmake
[6.262s] -- Up-to-date: /home/brilliant/ros2_ws/install/nav2_msgs/share/nav2_msgs/cmake/nav2_msgs__rosidl_typesupport_introspection_cExport.cmake
[6.262s] -- Up-to-date: /home/brilliant/ros2_ws/install/nav2_msgs/share/nav2_msgs/cmake/nav2_msgs__rosidl_typesupport_introspection_cExport-release.cmake
[6.265s] -- Up-to-date: /home/brilliant/ros2_ws/install/nav2_msgs/share/nav2_msgs/cmake/nav2_msgs__rosidl_typesupport_cExport.cmake
[6.265s] -- Up-to-date: /home/brilliant/ros2_ws/install/nav2_msgs/share/nav2_msgs/cmake/nav2_msgs__rosidl_typesupport_cExport-release.cmake
[6.266s] -- Up-to-date: /home/brilliant/ros2_ws/install/nav2_msgs/share/nav2_msgs/cmake/nav2_msgs__rosidl_typesupport_introspection_cppExport.cmake
[6.267s] -- Up-to-date: /home/brilliant/ros2_ws/install/nav2_msgs/share/nav2_msgs/cmake/nav2_msgs__rosidl_typesupport_introspection_cppExport-release.cmake
[6.267s] -- Up-to-date: /home/brilliant/ros2_ws/install/nav2_msgs/share/nav2_msgs/cmake/nav2_msgs__rosidl_typesupport_cppExport.cmake
[6.267s] -- Up-to-date: /home/brilliant/ros2_ws/install/nav2_msgs/share/nav2_msgs/cmake/nav2_msgs__rosidl_typesupport_cppExport-release.cmake
[6.268s] -- Up-to-date: /home/brilliant/ros2_ws/install/nav2_msgs/share/nav2_msgs/cmake/export_nav2_msgs__rosidl_generator_pyExport.cmake
[6.269s] -- Up-to-date: /home/brilliant/ros2_ws/install/nav2_msgs/share/nav2_msgs/cmake/export_nav2_msgs__rosidl_generator_pyExport-release.cmake
[6.287s] Invoked command in '/home/brilliant/ros2_ws/build/nav2_msgs' returned '0': CMAKE_PREFIX_PATH=/home/brilliant/ros2_ws/install/nav2_common:/home/brilliant/ros2_ws/install/sllidar_ros2:/home/brilliant/ros2_ws/install/serial:/home/brilliant/ros2_ws/install/nav2_system_tests:/home/brilliant/ros2_ws/install/nav2_bringup:/home/brilliant/ros2_ws/install/navigation2:/home/brilliant/ros2_ws/install/opennav_docking:/home/brilliant/ros2_ws/install/opennav_docking_core:/home/brilliant/ros2_ws/install/opennav_docking_bt:/home/brilliant/ros2_ws/install/nav2_smoother:/home/brilliant/ros2_ws/install/nav2_rotation_shim_controller:/home/brilliant/ros2_ws/install/nav2_graceful_controller:/home/brilliant/ros2_ws/install/nav2_dwb_controller:/home/brilliant/ros2_ws/install/nav2_controller:/home/brilliant/ros2_ws/install/dwb_plugins:/home/brilliant/ros2_ws/install/dwb_critics:/home/brilliant/ros2_ws/install/dwb_core:/home/brilliant/ros2_ws/install/nav_2d_utils:/home/brilliant/ros2_ws/install/dwb_msgs:/home/brilliant/ros2_ws/install/nav_2d_msgs:/home/brilliant/ros2_ws/install/nav2_waypoint_follower:/home/brilliant/ros2_ws/install/nav2_theta_star_planner:/home/brilliant/ros2_ws/install/nav2_smac_planner:/home/brilliant/ros2_ws/install/nav2_regulated_pure_pursuit_controller:/home/brilliant/ros2_ws/install/nav2_planner:/home/brilliant/ros2_ws/install/nav2_navfn_planner:/home/brilliant/ros2_ws/install/nav2_mppi_controller:/home/brilliant/ros2_ws/install/nav2_constrained_smoother:/home/brilliant/ros2_ws/install/nav2_bt_navigator:/home/brilliant/ros2_ws/install/nav2_behaviors:/home/brilliant/ros2_ws/install/nav2_core:/home/brilliant/ros2_ws/install/nav2_collision_monitor:/home/brilliant/ros2_ws/install/costmap_queue:/home/brilliant/ros2_ws/install/nav2_costmap_2d:/home/brilliant/ros2_ws/install/nav2_voxel_grid:/home/brilliant/ros2_ws/install/nav2_velocity_smoother:/home/brilliant/ros2_ws/install/nav2_rviz_plugins:/home/brilliant/ros2_ws/install/nav2_map_server:/home/brilliant/ros2_ws/install/nav2_lifecycle_manager:/home/brilliant/ros2_ws/install/nav2_behavior_tree:/home/brilliant/ros2_ws/install/nav2_amcl:/home/brilliant/ros2_ws/install/nav2_util:/home/brilliant/ros2_ws/install/nav2_msgs:/home/brilliant/ros2_ws/install/minibot:/home/brilliant/ros2_ws/install/diffdrive_arduino:/opt/ros/jazzy/opt/gz_sim_vendor:/opt/ros/jazzy/opt/gz_sensors_vendor:/opt/ros/jazzy/opt/gz_physics_vendor:/opt/ros/jazzy/opt/sdformat_vendor:/opt/ros/jazzy/opt/gz_gui_vendor:/opt/ros/jazzy/opt/gz_transport_vendor:/opt/ros/jazzy/opt/gz_rendering_vendor:/opt/ros/jazzy/opt/gz_plugin_vendor:/opt/ros/jazzy/opt/gz_fuel_tools_vendor:/opt/ros/jazzy/opt/gz_msgs_vendor:/opt/ros/jazzy/opt/gz_common_vendor:/opt/ros/jazzy/opt/gz_math_vendor:/opt/ros/jazzy/opt/gz_utils_vendor:/opt/ros/jazzy/opt/gz_tools_vendor:/opt/ros/jazzy/opt/gz_ogre_next_vendor:/opt/ros/jazzy/opt/gz_dartsim_vendor:/opt/ros/jazzy/opt/gz_cmake_vendor:/home/brilliant/ros2_ws/install/twist_stamper:/home/brilliant/ros2_ws/install/nav2_simple_commander:/home/brilliant/ros2_ws/install/nav2_loopback_sim:/opt/ros/jazzy DEBUGINFOD_URLS=https://debuginfod.ubuntu.com PYTHONPATH=/home/brilliant/ros2_ws/install/nav2_common/lib/python3.12/site-packages:/home/brilliant/ros2_ws/build/twist_stamper:/home/brilliant/ros2_ws/install/twist_stamper/lib/python3.12/site-packages:/home/brilliant/ros2_ws/install/dwb_msgs/lib/python3.12/site-packages:/home/brilliant/ros2_ws/install/nav_2d_msgs/lib/python3.12/site-packages:/home/brilliant/ros2_ws/build/nav2_simple_commander:/home/brilliant/ros2_ws/install/nav2_simple_commander/lib/python3.12/site-packages:/home/brilliant/ros2_ws/install/nav2_msgs/lib/python3.12/site-packages:/home/brilliant/ros2_ws/build/nav2_loopback_sim:/home/brilliant/ros2_ws/install/nav2_loopback_sim/lib/python3.12/site-packages:/opt/ros/jazzy/lib/python3.12/site-packages /usr/bin/cmake --install /home/brilliant/ros2_ws/build/nav2_msgs
