[0.403s] DEBUG:colcon:Command line arguments: ['/usr/bin/colcon', 'build', '--symlink-install']
[0.403s] DEBUG:colcon:Parsed command line arguments: Namespace(log_base=None, log_level=None, verb_name='build', build_base='build', install_base='install', merge_install=False, symlink_install=True, test_result_base=None, continue_on_error=False, executor='parallel', parallel_workers=4, event_handlers=None, ignore_user_meta=False, metas=['./colcon.meta'], base_paths=['.'], packages_ignore=None, packages_ignore_regex=None, paths=None, packages_up_to=None, packages_up_to_regex=None, packages_above=None, packages_above_and_dependencies=None, packages_above_depth=None, packages_select_by_dep=None, packages_skip_by_dep=None, packages_skip_up_to=None, packages_select_build_failed=False, packages_skip_build_finished=False, packages_select_test_failures=False, packages_skip_test_passed=False, packages_select=None, packages_skip=None, packages_select_regex=None, packages_skip_regex=None, packages_start=None, packages_end=None, allow_overriding=[], cmake_args=None, cmake_target=None, cmake_target_skip_unavailable=False, cmake_clean_cache=False, cmake_clean_first=False, cmake_force_configure=False, ament_cmake_args=None, catkin_cmake_args=None, catkin_skip_building_tests=False, mixin_files=None, mixin=None, verb_parser=<colcon_mixin.mixin.mixin_argument.MixinArgumentDecorator object at 0x770607a94620>, verb_extension=<colcon_core.verb.build.BuildVerb object at 0x770607a94290>, main=<bound method BuildVerb.main of <colcon_core.verb.build.BuildVerb object at 0x770607a94290>>, mixin_verb=('build',))
[0.487s] Level 1:colcon.colcon_core.package_discovery:discover_packages(colcon_meta) check parameters
[0.488s] Level 1:colcon.colcon_core.package_discovery:discover_packages(recursive) check parameters
[0.488s] Level 1:colcon.colcon_core.package_discovery:discover_packages(ignore) check parameters
[0.488s] Level 1:colcon.colcon_core.package_discovery:discover_packages(path) check parameters
[0.488s] Level 1:colcon.colcon_core.package_discovery:discover_packages(colcon_meta) discover
[0.488s] Level 1:colcon.colcon_core.package_discovery:discover_packages(recursive) discover
[0.488s] INFO:colcon.colcon_core.package_discovery:Crawling recursively for packages in '/home/brilliant/ros2_ws'
[0.488s] Level 1:colcon.colcon_core.package_identification:_identify(.) by extensions ['ignore', 'ignore_ament_install']
[0.488s] Level 1:colcon.colcon_core.package_identification:_identify(.) by extension 'ignore'
[0.489s] Level 1:colcon.colcon_core.package_identification:_identify(.) by extension 'ignore_ament_install'
[0.489s] Level 1:colcon.colcon_core.package_identification:_identify(.) by extensions ['colcon_pkg']
[0.489s] Level 1:colcon.colcon_core.package_identification:_identify(.) by extension 'colcon_pkg'
[0.489s] Level 1:colcon.colcon_core.package_identification:_identify(.) by extensions ['colcon_meta']
[0.489s] Level 1:colcon.colcon_core.package_identification:_identify(.) by extension 'colcon_meta'
[0.489s] Level 1:colcon.colcon_core.package_identification:_identify(.) by extensions ['ros']
[0.489s] Level 1:colcon.colcon_core.package_identification:_identify(.) by extension 'ros'
[0.535s] Level 1:colcon.colcon_core.package_identification:_identify(.) by extensions ['cmake', 'python']
[0.535s] Level 1:colcon.colcon_core.package_identification:_identify(.) by extension 'cmake'
[0.535s] Level 1:colcon.colcon_core.package_identification:_identify(.) by extension 'python'
[0.535s] Level 1:colcon.colcon_core.package_identification:_identify(.) by extensions ['python_setup_py']
[0.535s] Level 1:colcon.colcon_core.package_identification:_identify(.) by extension 'python_setup_py'
[0.535s] Level 1:colcon.colcon_core.package_identification:_identify(build) by extensions ['ignore', 'ignore_ament_install']
[0.535s] Level 1:colcon.colcon_core.package_identification:_identify(build) by extension 'ignore'
[0.535s] Level 1:colcon.colcon_core.package_identification:_identify(build) ignored
[0.536s] Level 1:colcon.colcon_core.package_identification:_identify(install) by extensions ['ignore', 'ignore_ament_install']
[0.536s] Level 1:colcon.colcon_core.package_identification:_identify(install) by extension 'ignore'
[0.536s] Level 1:colcon.colcon_core.package_identification:_identify(install) ignored
[0.536s] Level 1:colcon.colcon_core.package_identification:_identify(log) by extensions ['ignore', 'ignore_ament_install']
[0.536s] Level 1:colcon.colcon_core.package_identification:_identify(log) by extension 'ignore'
[0.536s] Level 1:colcon.colcon_core.package_identification:_identify(log) ignored
[0.536s] Level 1:colcon.colcon_core.package_identification:_identify(src) by extensions ['ignore', 'ignore_ament_install']
[0.537s] Level 1:colcon.colcon_core.package_identification:_identify(src) by extension 'ignore'
[0.537s] Level 1:colcon.colcon_core.package_identification:_identify(src) by extension 'ignore_ament_install'
[0.537s] Level 1:colcon.colcon_core.package_identification:_identify(src) by extensions ['colcon_pkg']
[0.537s] Level 1:colcon.colcon_core.package_identification:_identify(src) by extension 'colcon_pkg'
[0.537s] Level 1:colcon.colcon_core.package_identification:_identify(src) by extensions ['colcon_meta']
[0.537s] Level 1:colcon.colcon_core.package_identification:_identify(src) by extension 'colcon_meta'
[0.537s] Level 1:colcon.colcon_core.package_identification:_identify(src) by extensions ['ros']
[0.537s] Level 1:colcon.colcon_core.package_identification:_identify(src) by extension 'ros'
[0.538s] Level 1:colcon.colcon_core.package_identification:_identify(src) by extensions ['cmake', 'python']
[0.538s] Level 1:colcon.colcon_core.package_identification:_identify(src) by extension 'cmake'
[0.538s] Level 1:colcon.colcon_core.package_identification:_identify(src) by extension 'python'
[0.538s] Level 1:colcon.colcon_core.package_identification:_identify(src) by extensions ['python_setup_py']
[0.538s] Level 1:colcon.colcon_core.package_identification:_identify(src) by extension 'python_setup_py'
[0.538s] Level 1:colcon.colcon_core.package_identification:_identify(src/diffdrive_arduino) by extensions ['ignore', 'ignore_ament_install']
[0.538s] Level 1:colcon.colcon_core.package_identification:_identify(src/diffdrive_arduino) by extension 'ignore'
[0.539s] Level 1:colcon.colcon_core.package_identification:_identify(src/diffdrive_arduino) by extension 'ignore_ament_install'
[0.539s] Level 1:colcon.colcon_core.package_identification:_identify(src/diffdrive_arduino) by extensions ['colcon_pkg']
[0.539s] Level 1:colcon.colcon_core.package_identification:_identify(src/diffdrive_arduino) by extension 'colcon_pkg'
[0.539s] Level 1:colcon.colcon_core.package_identification:_identify(src/diffdrive_arduino) by extensions ['colcon_meta']
[0.539s] Level 1:colcon.colcon_core.package_identification:_identify(src/diffdrive_arduino) by extension 'colcon_meta'
[0.539s] Level 1:colcon.colcon_core.package_identification:_identify(src/diffdrive_arduino) by extensions ['ros']
[0.539s] Level 1:colcon.colcon_core.package_identification:_identify(src/diffdrive_arduino) by extension 'ros'
[0.544s] DEBUG:colcon.colcon_core.package_identification:Package 'src/diffdrive_arduino' with type 'ros.ament_cmake' and name 'diffdrive_arduino'
[0.544s] Level 1:colcon.colcon_core.package_identification:_identify(src/minibot) by extensions ['ignore', 'ignore_ament_install']
[0.544s] Level 1:colcon.colcon_core.package_identification:_identify(src/minibot) by extension 'ignore'
[0.545s] Level 1:colcon.colcon_core.package_identification:_identify(src/minibot) by extension 'ignore_ament_install'
[0.545s] Level 1:colcon.colcon_core.package_identification:_identify(src/minibot) by extensions ['colcon_pkg']
[0.545s] Level 1:colcon.colcon_core.package_identification:_identify(src/minibot) by extension 'colcon_pkg'
[0.545s] Level 1:colcon.colcon_core.package_identification:_identify(src/minibot) by extensions ['colcon_meta']
[0.545s] Level 1:colcon.colcon_core.package_identification:_identify(src/minibot) by extension 'colcon_meta'
[0.545s] Level 1:colcon.colcon_core.package_identification:_identify(src/minibot) by extensions ['ros']
[0.545s] Level 1:colcon.colcon_core.package_identification:_identify(src/minibot) by extension 'ros'
[0.547s] DEBUG:colcon.colcon_core.package_identification:Package 'src/minibot' with type 'ros.ament_cmake' and name 'minibot'
[0.547s] Level 1:colcon.colcon_core.package_identification:_identify(src/navigation2) by extensions ['ignore', 'ignore_ament_install']
[0.548s] Level 1:colcon.colcon_core.package_identification:_identify(src/navigation2) by extension 'ignore'
[0.548s] Level 1:colcon.colcon_core.package_identification:_identify(src/navigation2) by extension 'ignore_ament_install'
[0.548s] Level 1:colcon.colcon_core.package_identification:_identify(src/navigation2) by extensions ['colcon_pkg']
[0.548s] Level 1:colcon.colcon_core.package_identification:_identify(src/navigation2) by extension 'colcon_pkg'
[0.548s] Level 1:colcon.colcon_core.package_identification:_identify(src/navigation2) by extensions ['colcon_meta']
[0.548s] Level 1:colcon.colcon_core.package_identification:_identify(src/navigation2) by extension 'colcon_meta'
[0.548s] Level 1:colcon.colcon_core.package_identification:_identify(src/navigation2) by extensions ['ros']
[0.549s] Level 1:colcon.colcon_core.package_identification:_identify(src/navigation2) by extension 'ros'
[0.549s] Level 1:colcon.colcon_core.package_identification:_identify(src/navigation2) by extensions ['cmake', 'python']
[0.549s] Level 1:colcon.colcon_core.package_identification:_identify(src/navigation2) by extension 'cmake'
[0.549s] Level 1:colcon.colcon_core.package_identification:_identify(src/navigation2) by extension 'python'
[0.549s] Level 1:colcon.colcon_core.package_identification:_identify(src/navigation2) by extensions ['python_setup_py']
[0.549s] Level 1:colcon.colcon_core.package_identification:_identify(src/navigation2) by extension 'python_setup_py'
[0.550s] Level 1:colcon.colcon_core.package_identification:_identify(src/navigation2/doc) by extensions ['ignore', 'ignore_ament_install']
[0.550s] Level 1:colcon.colcon_core.package_identification:_identify(src/navigation2/doc) by extension 'ignore'
[0.550s] Level 1:colcon.colcon_core.package_identification:_identify(src/navigation2/doc) by extension 'ignore_ament_install'
[0.550s] Level 1:colcon.colcon_core.package_identification:_identify(src/navigation2/doc) by extensions ['colcon_pkg']
[0.550s] Level 1:colcon.colcon_core.package_identification:_identify(src/navigation2/doc) by extension 'colcon_pkg'
[0.550s] Level 1:colcon.colcon_core.package_identification:_identify(src/navigation2/doc) by extensions ['colcon_meta']
[0.550s] Level 1:colcon.colcon_core.package_identification:_identify(src/navigation2/doc) by extension 'colcon_meta'
[0.550s] Level 1:colcon.colcon_core.package_identification:_identify(src/navigation2/doc) by extensions ['ros']
[0.551s] Level 1:colcon.colcon_core.package_identification:_identify(src/navigation2/doc) by extension 'ros'
[0.551s] Level 1:colcon.colcon_core.package_identification:_identify(src/navigation2/doc) by extensions ['cmake', 'python']
[0.551s] Level 1:colcon.colcon_core.package_identification:_identify(src/navigation2/doc) by extension 'cmake'
[0.551s] Level 1:colcon.colcon_core.package_identification:_identify(src/navigation2/doc) by extension 'python'
[0.551s] Level 1:colcon.colcon_core.package_identification:_identify(src/navigation2/doc) by extensions ['python_setup_py']
[0.551s] Level 1:colcon.colcon_core.package_identification:_identify(src/navigation2/doc) by extension 'python_setup_py'
[0.551s] Level 1:colcon.colcon_core.package_identification:_identify(src/navigation2/doc/architecture) by extensions ['ignore', 'ignore_ament_install']
[0.552s] Level 1:colcon.colcon_core.package_identification:_identify(src/navigation2/doc/architecture) by extension 'ignore'
[0.552s] Level 1:colcon.colcon_core.package_identification:_identify(src/navigation2/doc/architecture) by extension 'ignore_ament_install'
[0.552s] Level 1:colcon.colcon_core.package_identification:_identify(src/navigation2/doc/architecture) by extensions ['colcon_pkg']
[0.552s] Level 1:colcon.colcon_core.package_identification:_identify(src/navigation2/doc/architecture) by extension 'colcon_pkg'
[0.552s] Level 1:colcon.colcon_core.package_identification:_identify(src/navigation2/doc/architecture) by extensions ['colcon_meta']
[0.552s] Level 1:colcon.colcon_core.package_identification:_identify(src/navigation2/doc/architecture) by extension 'colcon_meta'
[0.552s] Level 1:colcon.colcon_core.package_identification:_identify(src/navigation2/doc/architecture) by extensions ['ros']
[0.552s] Level 1:colcon.colcon_core.package_identification:_identify(src/navigation2/doc/architecture) by extension 'ros'
[0.553s] Level 1:colcon.colcon_core.package_identification:_identify(src/navigation2/doc/architecture) by extensions ['cmake', 'python']
[0.553s] Level 1:colcon.colcon_core.package_identification:_identify(src/navigation2/doc/architecture) by extension 'cmake'
[0.553s] Level 1:colcon.colcon_core.package_identification:_identify(src/navigation2/doc/architecture) by extension 'python'
[0.553s] Level 1:colcon.colcon_core.package_identification:_identify(src/navigation2/doc/architecture) by extensions ['python_setup_py']
[0.553s] Level 1:colcon.colcon_core.package_identification:_identify(src/navigation2/doc/architecture) by extension 'python_setup_py'
[0.553s] Level 1:colcon.colcon_core.package_identification:_identify(src/navigation2/doc/design) by extensions ['ignore', 'ignore_ament_install']
[0.553s] Level 1:colcon.colcon_core.package_identification:_identify(src/navigation2/doc/design) by extension 'ignore'
[0.554s] Level 1:colcon.colcon_core.package_identification:_identify(src/navigation2/doc/design) by extension 'ignore_ament_install'
[0.554s] Level 1:colcon.colcon_core.package_identification:_identify(src/navigation2/doc/design) by extensions ['colcon_pkg']
[0.554s] Level 1:colcon.colcon_core.package_identification:_identify(src/navigation2/doc/design) by extension 'colcon_pkg'
[0.554s] Level 1:colcon.colcon_core.package_identification:_identify(src/navigation2/doc/design) by extensions ['colcon_meta']
[0.554s] Level 1:colcon.colcon_core.package_identification:_identify(src/navigation2/doc/design) by extension 'colcon_meta'
[0.554s] Level 1:colcon.colcon_core.package_identification:_identify(src/navigation2/doc/design) by extensions ['ros']
[0.554s] Level 1:colcon.colcon_core.package_identification:_identify(src/navigation2/doc/design) by extension 'ros'
[0.554s] Level 1:colcon.colcon_core.package_identification:_identify(src/navigation2/doc/design) by extensions ['cmake', 'python']
[0.555s] Level 1:colcon.colcon_core.package_identification:_identify(src/navigation2/doc/design) by extension 'cmake'
[0.555s] Level 1:colcon.colcon_core.package_identification:_identify(src/navigation2/doc/design) by extension 'python'
[0.555s] Level 1:colcon.colcon_core.package_identification:_identify(src/navigation2/doc/design) by extensions ['python_setup_py']
[0.555s] Level 1:colcon.colcon_core.package_identification:_identify(src/navigation2/doc/design) by extension 'python_setup_py'
[0.555s] Level 1:colcon.colcon_core.package_identification:_identify(src/navigation2/doc/development) by extensions ['ignore', 'ignore_ament_install']
[0.555s] Level 1:colcon.colcon_core.package_identification:_identify(src/navigation2/doc/development) by extension 'ignore'
[0.555s] Level 1:colcon.colcon_core.package_identification:_identify(src/navigation2/doc/development) by extension 'ignore_ament_install'
[0.556s] Level 1:colcon.colcon_core.package_identification:_identify(src/navigation2/doc/development) by extensions ['colcon_pkg']
[0.556s] Level 1:colcon.colcon_core.package_identification:_identify(src/navigation2/doc/development) by extension 'colcon_pkg'
[0.556s] Level 1:colcon.colcon_core.package_identification:_identify(src/navigation2/doc/development) by extensions ['colcon_meta']
[0.556s] Level 1:colcon.colcon_core.package_identification:_identify(src/navigation2/doc/development) by extension 'colcon_meta'
[0.556s] Level 1:colcon.colcon_core.package_identification:_identify(src/navigation2/doc/development) by extensions ['ros']
[0.556s] Level 1:colcon.colcon_core.package_identification:_identify(src/navigation2/doc/development) by extension 'ros'
[0.556s] Level 1:colcon.colcon_core.package_identification:_identify(src/navigation2/doc/development) by extensions ['cmake', 'python']
[0.556s] Level 1:colcon.colcon_core.package_identification:_identify(src/navigation2/doc/development) by extension 'cmake'
[0.557s] Level 1:colcon.colcon_core.package_identification:_identify(src/navigation2/doc/development) by extension 'python'
[0.557s] Level 1:colcon.colcon_core.package_identification:_identify(src/navigation2/doc/development) by extensions ['python_setup_py']
[0.557s] Level 1:colcon.colcon_core.package_identification:_identify(src/navigation2/doc/development) by extension 'python_setup_py'
[0.557s] Level 1:colcon.colcon_core.package_identification:_identify(src/navigation2/doc/process) by extensions ['ignore', 'ignore_ament_install']
[0.557s] Level 1:colcon.colcon_core.package_identification:_identify(src/navigation2/doc/process) by extension 'ignore'
[0.557s] Level 1:colcon.colcon_core.package_identification:_identify(src/navigation2/doc/process) by extension 'ignore_ament_install'
[0.558s] Level 1:colcon.colcon_core.package_identification:_identify(src/navigation2/doc/process) by extensions ['colcon_pkg']
[0.558s] Level 1:colcon.colcon_core.package_identification:_identify(src/navigation2/doc/process) by extension 'colcon_pkg'
[0.558s] Level 1:colcon.colcon_core.package_identification:_identify(src/navigation2/doc/process) by extensions ['colcon_meta']
[0.558s] Level 1:colcon.colcon_core.package_identification:_identify(src/navigation2/doc/process) by extension 'colcon_meta'
[0.558s] Level 1:colcon.colcon_core.package_identification:_identify(src/navigation2/doc/process) by extensions ['ros']
[0.558s] Level 1:colcon.colcon_core.package_identification:_identify(src/navigation2/doc/process) by extension 'ros'
[0.558s] Level 1:colcon.colcon_core.package_identification:_identify(src/navigation2/doc/process) by extensions ['cmake', 'python']
[0.558s] Level 1:colcon.colcon_core.package_identification:_identify(src/navigation2/doc/process) by extension 'cmake'
[0.558s] Level 1:colcon.colcon_core.package_identification:_identify(src/navigation2/doc/process) by extension 'python'
[0.559s] Level 1:colcon.colcon_core.package_identification:_identify(src/navigation2/doc/process) by extensions ['python_setup_py']
[0.559s] Level 1:colcon.colcon_core.package_identification:_identify(src/navigation2/doc/process) by extension 'python_setup_py'
[0.559s] Level 1:colcon.colcon_core.package_identification:_identify(src/navigation2/doc/requirements) by extensions ['ignore', 'ignore_ament_install']
[0.559s] Level 1:colcon.colcon_core.package_identification:_identify(src/navigation2/doc/requirements) by extension 'ignore'
[0.559s] Level 1:colcon.colcon_core.package_identification:_identify(src/navigation2/doc/requirements) by extension 'ignore_ament_install'
[0.559s] Level 1:colcon.colcon_core.package_identification:_identify(src/navigation2/doc/requirements) by extensions ['colcon_pkg']
[0.559s] Level 1:colcon.colcon_core.package_identification:_identify(src/navigation2/doc/requirements) by extension 'colcon_pkg'
[0.560s] Level 1:colcon.colcon_core.package_identification:_identify(src/navigation2/doc/requirements) by extensions ['colcon_meta']
[0.560s] Level 1:colcon.colcon_core.package_identification:_identify(src/navigation2/doc/requirements) by extension 'colcon_meta'
[0.560s] Level 1:colcon.colcon_core.package_identification:_identify(src/navigation2/doc/requirements) by extensions ['ros']
[0.560s] Level 1:colcon.colcon_core.package_identification:_identify(src/navigation2/doc/requirements) by extension 'ros'
[0.560s] Level 1:colcon.colcon_core.package_identification:_identify(src/navigation2/doc/requirements) by extensions ['cmake', 'python']
[0.560s] Level 1:colcon.colcon_core.package_identification:_identify(src/navigation2/doc/requirements) by extension 'cmake'
[0.560s] Level 1:colcon.colcon_core.package_identification:_identify(src/navigation2/doc/requirements) by extension 'python'
[0.560s] Level 1:colcon.colcon_core.package_identification:_identify(src/navigation2/doc/requirements) by extensions ['python_setup_py']
[0.560s] Level 1:colcon.colcon_core.package_identification:_identify(src/navigation2/doc/requirements) by extension 'python_setup_py'
[0.561s] Level 1:colcon.colcon_core.package_identification:_identify(src/navigation2/doc/requirements/images) by extensions ['ignore', 'ignore_ament_install']
[0.561s] Level 1:colcon.colcon_core.package_identification:_identify(src/navigation2/doc/requirements/images) by extension 'ignore'
[0.561s] Level 1:colcon.colcon_core.package_identification:_identify(src/navigation2/doc/requirements/images) by extension 'ignore_ament_install'
[0.561s] Level 1:colcon.colcon_core.package_identification:_identify(src/navigation2/doc/requirements/images) by extensions ['colcon_pkg']
[0.561s] Level 1:colcon.colcon_core.package_identification:_identify(src/navigation2/doc/requirements/images) by extension 'colcon_pkg'
[0.561s] Level 1:colcon.colcon_core.package_identification:_identify(src/navigation2/doc/requirements/images) by extensions ['colcon_meta']
[0.561s] Level 1:colcon.colcon_core.package_identification:_identify(src/navigation2/doc/requirements/images) by extension 'colcon_meta'
[0.562s] Level 1:colcon.colcon_core.package_identification:_identify(src/navigation2/doc/requirements/images) by extensions ['ros']
[0.562s] Level 1:colcon.colcon_core.package_identification:_identify(src/navigation2/doc/requirements/images) by extension 'ros'
[0.562s] Level 1:colcon.colcon_core.package_identification:_identify(src/navigation2/doc/requirements/images) by extensions ['cmake', 'python']
[0.562s] Level 1:colcon.colcon_core.package_identification:_identify(src/navigation2/doc/requirements/images) by extension 'cmake'
[0.562s] Level 1:colcon.colcon_core.package_identification:_identify(src/navigation2/doc/requirements/images) by extension 'python'
[0.562s] Level 1:colcon.colcon_core.package_identification:_identify(src/navigation2/doc/requirements/images) by extensions ['python_setup_py']
[0.562s] Level 1:colcon.colcon_core.package_identification:_identify(src/navigation2/doc/requirements/images) by extension 'python_setup_py'
[0.563s] Level 1:colcon.colcon_core.package_identification:_identify(src/navigation2/doc/use_cases) by extensions ['ignore', 'ignore_ament_install']
[0.563s] Level 1:colcon.colcon_core.package_identification:_identify(src/navigation2/doc/use_cases) by extension 'ignore'
[0.563s] Level 1:colcon.colcon_core.package_identification:_identify(src/navigation2/doc/use_cases) by extension 'ignore_ament_install'
[0.563s] Level 1:colcon.colcon_core.package_identification:_identify(src/navigation2/doc/use_cases) by extensions ['colcon_pkg']
[0.563s] Level 1:colcon.colcon_core.package_identification:_identify(src/navigation2/doc/use_cases) by extension 'colcon_pkg'
[0.563s] Level 1:colcon.colcon_core.package_identification:_identify(src/navigation2/doc/use_cases) by extensions ['colcon_meta']
[0.564s] Level 1:colcon.colcon_core.package_identification:_identify(src/navigation2/doc/use_cases) by extension 'colcon_meta'
[0.564s] Level 1:colcon.colcon_core.package_identification:_identify(src/navigation2/doc/use_cases) by extensions ['ros']
[0.564s] Level 1:colcon.colcon_core.package_identification:_identify(src/navigation2/doc/use_cases) by extension 'ros'
[0.564s] Level 1:colcon.colcon_core.package_identification:_identify(src/navigation2/doc/use_cases) by extensions ['cmake', 'python']
[0.564s] Level 1:colcon.colcon_core.package_identification:_identify(src/navigation2/doc/use_cases) by extension 'cmake'
[0.564s] Level 1:colcon.colcon_core.package_identification:_identify(src/navigation2/doc/use_cases) by extension 'python'
[0.564s] Level 1:colcon.colcon_core.package_identification:_identify(src/navigation2/doc/use_cases) by extensions ['python_setup_py']
[0.564s] Level 1:colcon.colcon_core.package_identification:_identify(src/navigation2/doc/use_cases) by extension 'python_setup_py'
[0.565s] Level 1:colcon.colcon_core.package_identification:_identify(src/navigation2/nav2_amcl) by extensions ['ignore', 'ignore_ament_install']
[0.565s] Level 1:colcon.colcon_core.package_identification:_identify(src/navigation2/nav2_amcl) by extension 'ignore'
[0.565s] Level 1:colcon.colcon_core.package_identification:_identify(src/navigation2/nav2_amcl) by extension 'ignore_ament_install'
[0.565s] Level 1:colcon.colcon_core.package_identification:_identify(src/navigation2/nav2_amcl) by extensions ['colcon_pkg']
[0.565s] Level 1:colcon.colcon_core.package_identification:_identify(src/navigation2/nav2_amcl) by extension 'colcon_pkg'
[0.566s] Level 1:colcon.colcon_core.package_identification:_identify(src/navigation2/nav2_amcl) by extensions ['colcon_meta']
[0.566s] Level 1:colcon.colcon_core.package_identification:_identify(src/navigation2/nav2_amcl) by extension 'colcon_meta'
[0.566s] Level 1:colcon.colcon_core.package_identification:_identify(src/navigation2/nav2_amcl) by extensions ['ros']
[0.566s] Level 1:colcon.colcon_core.package_identification:_identify(src/navigation2/nav2_amcl) by extension 'ros'
[0.568s] DEBUG:colcon.colcon_core.package_identification:Package 'src/navigation2/nav2_amcl' with type 'ros.ament_cmake' and name 'nav2_amcl'
[0.569s] Level 1:colcon.colcon_core.package_identification:_identify(src/navigation2/nav2_behavior_tree) by extensions ['ignore', 'ignore_ament_install']
[0.569s] Level 1:colcon.colcon_core.package_identification:_identify(src/navigation2/nav2_behavior_tree) by extension 'ignore'
[0.569s] Level 1:colcon.colcon_core.package_identification:_identify(src/navigation2/nav2_behavior_tree) by extension 'ignore_ament_install'
[0.569s] Level 1:colcon.colcon_core.package_identification:_identify(src/navigation2/nav2_behavior_tree) by extensions ['colcon_pkg']
[0.569s] Level 1:colcon.colcon_core.package_identification:_identify(src/navigation2/nav2_behavior_tree) by extension 'colcon_pkg'
[0.569s] Level 1:colcon.colcon_core.package_identification:_identify(src/navigation2/nav2_behavior_tree) by extensions ['colcon_meta']
[0.569s] Level 1:colcon.colcon_core.package_identification:_identify(src/navigation2/nav2_behavior_tree) by extension 'colcon_meta'
[0.569s] Level 1:colcon.colcon_core.package_identification:_identify(src/navigation2/nav2_behavior_tree) by extensions ['ros']
[0.570s] Level 1:colcon.colcon_core.package_identification:_identify(src/navigation2/nav2_behavior_tree) by extension 'ros'
[0.571s] DEBUG:colcon.colcon_core.package_identification:Package 'src/navigation2/nav2_behavior_tree' with type 'ros.ament_cmake' and name 'nav2_behavior_tree'
[0.571s] Level 1:colcon.colcon_core.package_identification:_identify(src/navigation2/nav2_behaviors) by extensions ['ignore', 'ignore_ament_install']
[0.572s] Level 1:colcon.colcon_core.package_identification:_identify(src/navigation2/nav2_behaviors) by extension 'ignore'
[0.572s] Level 1:colcon.colcon_core.package_identification:_identify(src/navigation2/nav2_behaviors) by extension 'ignore_ament_install'
[0.572s] Level 1:colcon.colcon_core.package_identification:_identify(src/navigation2/nav2_behaviors) by extensions ['colcon_pkg']
[0.572s] Level 1:colcon.colcon_core.package_identification:_identify(src/navigation2/nav2_behaviors) by extension 'colcon_pkg'
[0.572s] Level 1:colcon.colcon_core.package_identification:_identify(src/navigation2/nav2_behaviors) by extensions ['colcon_meta']
[0.572s] Level 1:colcon.colcon_core.package_identification:_identify(src/navigation2/nav2_behaviors) by extension 'colcon_meta'
[0.572s] Level 1:colcon.colcon_core.package_identification:_identify(src/navigation2/nav2_behaviors) by extensions ['ros']
[0.572s] Level 1:colcon.colcon_core.package_identification:_identify(src/navigation2/nav2_behaviors) by extension 'ros'
[0.574s] DEBUG:colcon.colcon_core.package_identification:Package 'src/navigation2/nav2_behaviors' with type 'ros.ament_cmake' and name 'nav2_behaviors'
[0.574s] Level 1:colcon.colcon_core.package_identification:_identify(src/navigation2/nav2_bringup) by extensions ['ignore', 'ignore_ament_install']
[0.574s] Level 1:colcon.colcon_core.package_identification:_identify(src/navigation2/nav2_bringup) by extension 'ignore'
[0.574s] Level 1:colcon.colcon_core.package_identification:_identify(src/navigation2/nav2_bringup) by extension 'ignore_ament_install'
[0.575s] Level 1:colcon.colcon_core.package_identification:_identify(src/navigation2/nav2_bringup) by extensions ['colcon_pkg']
[0.575s] Level 1:colcon.colcon_core.package_identification:_identify(src/navigation2/nav2_bringup) by extension 'colcon_pkg'
[0.575s] Level 1:colcon.colcon_core.package_identification:_identify(src/navigation2/nav2_bringup) by extensions ['colcon_meta']
[0.575s] Level 1:colcon.colcon_core.package_identification:_identify(src/navigation2/nav2_bringup) by extension 'colcon_meta'
[0.575s] Level 1:colcon.colcon_core.package_identification:_identify(src/navigation2/nav2_bringup) by extensions ['ros']
[0.575s] Level 1:colcon.colcon_core.package_identification:_identify(src/navigation2/nav2_bringup) by extension 'ros'
[0.577s] DEBUG:colcon.colcon_core.package_identification:Package 'src/navigation2/nav2_bringup' with type 'ros.ament_cmake' and name 'nav2_bringup'
[0.577s] Level 1:colcon.colcon_core.package_identification:_identify(src/navigation2/nav2_bt_navigator) by extensions ['ignore', 'ignore_ament_install']
[0.578s] Level 1:colcon.colcon_core.package_identification:_identify(src/navigation2/nav2_bt_navigator) by extension 'ignore'
[0.578s] Level 1:colcon.colcon_core.package_identification:_identify(src/navigation2/nav2_bt_navigator) by extension 'ignore_ament_install'
[0.578s] Level 1:colcon.colcon_core.package_identification:_identify(src/navigation2/nav2_bt_navigator) by extensions ['colcon_pkg']
[0.578s] Level 1:colcon.colcon_core.package_identification:_identify(src/navigation2/nav2_bt_navigator) by extension 'colcon_pkg'
[0.578s] Level 1:colcon.colcon_core.package_identification:_identify(src/navigation2/nav2_bt_navigator) by extensions ['colcon_meta']
[0.578s] Level 1:colcon.colcon_core.package_identification:_identify(src/navigation2/nav2_bt_navigator) by extension 'colcon_meta'
[0.578s] Level 1:colcon.colcon_core.package_identification:_identify(src/navigation2/nav2_bt_navigator) by extensions ['ros']
[0.578s] Level 1:colcon.colcon_core.package_identification:_identify(src/navigation2/nav2_bt_navigator) by extension 'ros'
[0.581s] DEBUG:colcon.colcon_core.package_identification:Package 'src/navigation2/nav2_bt_navigator' with type 'ros.ament_cmake' and name 'nav2_bt_navigator'
[0.581s] Level 1:colcon.colcon_core.package_identification:_identify(src/navigation2/nav2_collision_monitor) by extensions ['ignore', 'ignore_ament_install']
[0.581s] Level 1:colcon.colcon_core.package_identification:_identify(src/navigation2/nav2_collision_monitor) by extension 'ignore'
[0.582s] Level 1:colcon.colcon_core.package_identification:_identify(src/navigation2/nav2_collision_monitor) by extension 'ignore_ament_install'
[0.582s] Level 1:colcon.colcon_core.package_identification:_identify(src/navigation2/nav2_collision_monitor) by extensions ['colcon_pkg']
[0.582s] Level 1:colcon.colcon_core.package_identification:_identify(src/navigation2/nav2_collision_monitor) by extension 'colcon_pkg'
[0.583s] Level 1:colcon.colcon_core.package_identification:_identify(src/navigation2/nav2_collision_monitor) by extensions ['colcon_meta']
[0.583s] Level 1:colcon.colcon_core.package_identification:_identify(src/navigation2/nav2_collision_monitor) by extension 'colcon_meta'
[0.583s] Level 1:colcon.colcon_core.package_identification:_identify(src/navigation2/nav2_collision_monitor) by extensions ['ros']
[0.583s] Level 1:colcon.colcon_core.package_identification:_identify(src/navigation2/nav2_collision_monitor) by extension 'ros'
[0.586s] DEBUG:colcon.colcon_core.package_identification:Package 'src/navigation2/nav2_collision_monitor' with type 'ros.ament_cmake' and name 'nav2_collision_monitor'
[0.587s] Level 1:colcon.colcon_core.package_identification:_identify(src/navigation2/nav2_common) by extensions ['ignore', 'ignore_ament_install']
[0.587s] Level 1:colcon.colcon_core.package_identification:_identify(src/navigation2/nav2_common) by extension 'ignore'
[0.587s] Level 1:colcon.colcon_core.package_identification:_identify(src/navigation2/nav2_common) by extension 'ignore_ament_install'
[0.587s] Level 1:colcon.colcon_core.package_identification:_identify(src/navigation2/nav2_common) by extensions ['colcon_pkg']
[0.588s] Level 1:colcon.colcon_core.package_identification:_identify(src/navigation2/nav2_common) by extension 'colcon_pkg'
[0.588s] Level 1:colcon.colcon_core.package_identification:_identify(src/navigation2/nav2_common) by extensions ['colcon_meta']
[0.588s] Level 1:colcon.colcon_core.package_identification:_identify(src/navigation2/nav2_common) by extension 'colcon_meta'
[0.588s] Level 1:colcon.colcon_core.package_identification:_identify(src/navigation2/nav2_common) by extensions ['ros']
[0.588s] Level 1:colcon.colcon_core.package_identification:_identify(src/navigation2/nav2_common) by extension 'ros'
[0.590s] DEBUG:colcon.colcon_core.package_identification:Package 'src/navigation2/nav2_common' with type 'ros.ament_cmake' and name 'nav2_common'
[0.590s] Level 1:colcon.colcon_core.package_identification:_identify(src/navigation2/nav2_constrained_smoother) by extensions ['ignore', 'ignore_ament_install']
[0.590s] Level 1:colcon.colcon_core.package_identification:_identify(src/navigation2/nav2_constrained_smoother) by extension 'ignore'
[0.591s] Level 1:colcon.colcon_core.package_identification:_identify(src/navigation2/nav2_constrained_smoother) by extension 'ignore_ament_install'
[0.591s] Level 1:colcon.colcon_core.package_identification:_identify(src/navigation2/nav2_constrained_smoother) by extensions ['colcon_pkg']
[0.591s] Level 1:colcon.colcon_core.package_identification:_identify(src/navigation2/nav2_constrained_smoother) by extension 'colcon_pkg'
[0.591s] Level 1:colcon.colcon_core.package_identification:_identify(src/navigation2/nav2_constrained_smoother) by extensions ['colcon_meta']
[0.591s] Level 1:colcon.colcon_core.package_identification:_identify(src/navigation2/nav2_constrained_smoother) by extension 'colcon_meta'
[0.591s] Level 1:colcon.colcon_core.package_identification:_identify(src/navigation2/nav2_constrained_smoother) by extensions ['ros']
[0.591s] Level 1:colcon.colcon_core.package_identification:_identify(src/navigation2/nav2_constrained_smoother) by extension 'ros'
[0.593s] DEBUG:colcon.colcon_core.package_identification:Package 'src/navigation2/nav2_constrained_smoother' with type 'ros.ament_cmake' and name 'nav2_constrained_smoother'
[0.593s] Level 1:colcon.colcon_core.package_identification:_identify(src/navigation2/nav2_controller) by extensions ['ignore', 'ignore_ament_install']
[0.594s] Level 1:colcon.colcon_core.package_identification:_identify(src/navigation2/nav2_controller) by extension 'ignore'
[0.594s] Level 1:colcon.colcon_core.package_identification:_identify(src/navigation2/nav2_controller) by extension 'ignore_ament_install'
[0.594s] Level 1:colcon.colcon_core.package_identification:_identify(src/navigation2/nav2_controller) by extensions ['colcon_pkg']
[0.594s] Level 1:colcon.colcon_core.package_identification:_identify(src/navigation2/nav2_controller) by extension 'colcon_pkg'
[0.594s] Level 1:colcon.colcon_core.package_identification:_identify(src/navigation2/nav2_controller) by extensions ['colcon_meta']
[0.594s] Level 1:colcon.colcon_core.package_identification:_identify(src/navigation2/nav2_controller) by extension 'colcon_meta'
[0.594s] Level 1:colcon.colcon_core.package_identification:_identify(src/navigation2/nav2_controller) by extensions ['ros']
[0.594s] Level 1:colcon.colcon_core.package_identification:_identify(src/navigation2/nav2_controller) by extension 'ros'
[0.596s] DEBUG:colcon.colcon_core.package_identification:Package 'src/navigation2/nav2_controller' with type 'ros.ament_cmake' and name 'nav2_controller'
[0.597s] Level 1:colcon.colcon_core.package_identification:_identify(src/navigation2/nav2_core) by extensions ['ignore', 'ignore_ament_install']
[0.597s] Level 1:colcon.colcon_core.package_identification:_identify(src/navigation2/nav2_core) by extension 'ignore'
[0.597s] Level 1:colcon.colcon_core.package_identification:_identify(src/navigation2/nav2_core) by extension 'ignore_ament_install'
[0.597s] Level 1:colcon.colcon_core.package_identification:_identify(src/navigation2/nav2_core) by extensions ['colcon_pkg']
[0.597s] Level 1:colcon.colcon_core.package_identification:_identify(src/navigation2/nav2_core) by extension 'colcon_pkg'
[0.598s] Level 1:colcon.colcon_core.package_identification:_identify(src/navigation2/nav2_core) by extensions ['colcon_meta']
[0.598s] Level 1:colcon.colcon_core.package_identification:_identify(src/navigation2/nav2_core) by extension 'colcon_meta'
[0.598s] Level 1:colcon.colcon_core.package_identification:_identify(src/navigation2/nav2_core) by extensions ['ros']
[0.598s] Level 1:colcon.colcon_core.package_identification:_identify(src/navigation2/nav2_core) by extension 'ros'
[0.600s] DEBUG:colcon.colcon_core.package_identification:Package 'src/navigation2/nav2_core' with type 'ros.ament_cmake' and name 'nav2_core'
[0.600s] Level 1:colcon.colcon_core.package_identification:_identify(src/navigation2/nav2_costmap_2d) by extensions ['ignore', 'ignore_ament_install']
[0.600s] Level 1:colcon.colcon_core.package_identification:_identify(src/navigation2/nav2_costmap_2d) by extension 'ignore'
[0.601s] Level 1:colcon.colcon_core.package_identification:_identify(src/navigation2/nav2_costmap_2d) by extension 'ignore_ament_install'
[0.601s] Level 1:colcon.colcon_core.package_identification:_identify(src/navigation2/nav2_costmap_2d) by extensions ['colcon_pkg']
[0.601s] Level 1:colcon.colcon_core.package_identification:_identify(src/navigation2/nav2_costmap_2d) by extension 'colcon_pkg'
[0.601s] Level 1:colcon.colcon_core.package_identification:_identify(src/navigation2/nav2_costmap_2d) by extensions ['colcon_meta']
[0.601s] Level 1:colcon.colcon_core.package_identification:_identify(src/navigation2/nav2_costmap_2d) by extension 'colcon_meta'
[0.601s] Level 1:colcon.colcon_core.package_identification:_identify(src/navigation2/nav2_costmap_2d) by extensions ['ros']
[0.601s] Level 1:colcon.colcon_core.package_identification:_identify(src/navigation2/nav2_costmap_2d) by extension 'ros'
[0.604s] DEBUG:colcon.colcon_core.package_identification:Package 'src/navigation2/nav2_costmap_2d' with type 'ros.ament_cmake' and name 'nav2_costmap_2d'
[0.605s] Level 1:colcon.colcon_core.package_identification:_identify(src/navigation2/nav2_docking) by extensions ['ignore', 'ignore_ament_install']
[0.605s] Level 1:colcon.colcon_core.package_identification:_identify(src/navigation2/nav2_docking) by extension 'ignore'
[0.605s] Level 1:colcon.colcon_core.package_identification:_identify(src/navigation2/nav2_docking) by extension 'ignore_ament_install'
[0.605s] Level 1:colcon.colcon_core.package_identification:_identify(src/navigation2/nav2_docking) by extensions ['colcon_pkg']
[0.605s] Level 1:colcon.colcon_core.package_identification:_identify(src/navigation2/nav2_docking) by extension 'colcon_pkg'
[0.605s] Level 1:colcon.colcon_core.package_identification:_identify(src/navigation2/nav2_docking) by extensions ['colcon_meta']
[0.606s] Level 1:colcon.colcon_core.package_identification:_identify(src/navigation2/nav2_docking) by extension 'colcon_meta'
[0.606s] Level 1:colcon.colcon_core.package_identification:_identify(src/navigation2/nav2_docking) by extensions ['ros']
[0.606s] Level 1:colcon.colcon_core.package_identification:_identify(src/navigation2/nav2_docking) by extension 'ros'
[0.606s] Level 1:colcon.colcon_core.package_identification:_identify(src/navigation2/nav2_docking) by extensions ['cmake', 'python']
[0.606s] Level 1:colcon.colcon_core.package_identification:_identify(src/navigation2/nav2_docking) by extension 'cmake'
[0.606s] Level 1:colcon.colcon_core.package_identification:_identify(src/navigation2/nav2_docking) by extension 'python'
[0.606s] Level 1:colcon.colcon_core.package_identification:_identify(src/navigation2/nav2_docking) by extensions ['python_setup_py']
[0.607s] Level 1:colcon.colcon_core.package_identification:_identify(src/navigation2/nav2_docking) by extension 'python_setup_py'
[0.607s] Level 1:colcon.colcon_core.package_identification:_identify(src/navigation2/nav2_docking/docs) by extensions ['ignore', 'ignore_ament_install']
[0.607s] Level 1:colcon.colcon_core.package_identification:_identify(src/navigation2/nav2_docking/docs) by extension 'ignore'
[0.607s] Level 1:colcon.colcon_core.package_identification:_identify(src/navigation2/nav2_docking/docs) by extension 'ignore_ament_install'
[0.607s] Level 1:colcon.colcon_core.package_identification:_identify(src/navigation2/nav2_docking/docs) by extensions ['colcon_pkg']
[0.607s] Level 1:colcon.colcon_core.package_identification:_identify(src/navigation2/nav2_docking/docs) by extension 'colcon_pkg'
[0.608s] Level 1:colcon.colcon_core.package_identification:_identify(src/navigation2/nav2_docking/docs) by extensions ['colcon_meta']
[0.608s] Level 1:colcon.colcon_core.package_identification:_identify(src/navigation2/nav2_docking/docs) by extension 'colcon_meta'
[0.608s] Level 1:colcon.colcon_core.package_identification:_identify(src/navigation2/nav2_docking/docs) by extensions ['ros']
[0.608s] Level 1:colcon.colcon_core.package_identification:_identify(src/navigation2/nav2_docking/docs) by extension 'ros'
[0.608s] Level 1:colcon.colcon_core.package_identification:_identify(src/navigation2/nav2_docking/docs) by extensions ['cmake', 'python']
[0.608s] Level 1:colcon.colcon_core.package_identification:_identify(src/navigation2/nav2_docking/docs) by extension 'cmake'
[0.608s] Level 1:colcon.colcon_core.package_identification:_identify(src/navigation2/nav2_docking/docs) by extension 'python'
[0.608s] Level 1:colcon.colcon_core.package_identification:_identify(src/navigation2/nav2_docking/docs) by extensions ['python_setup_py']
[0.608s] Level 1:colcon.colcon_core.package_identification:_identify(src/navigation2/nav2_docking/docs) by extension 'python_setup_py'
[0.609s] Level 1:colcon.colcon_core.package_identification:_identify(src/navigation2/nav2_docking/opennav_docking) by extensions ['ignore', 'ignore_ament_install']
[0.609s] Level 1:colcon.colcon_core.package_identification:_identify(src/navigation2/nav2_docking/opennav_docking) by extension 'ignore'
[0.609s] Level 1:colcon.colcon_core.package_identification:_identify(src/navigation2/nav2_docking/opennav_docking) by extension 'ignore_ament_install'
[0.609s] Level 1:colcon.colcon_core.package_identification:_identify(src/navigation2/nav2_docking/opennav_docking) by extensions ['colcon_pkg']
[0.609s] Level 1:colcon.colcon_core.package_identification:_identify(src/navigation2/nav2_docking/opennav_docking) by extension 'colcon_pkg'
[0.609s] Level 1:colcon.colcon_core.package_identification:_identify(src/navigation2/nav2_docking/opennav_docking) by extensions ['colcon_meta']
[0.609s] Level 1:colcon.colcon_core.package_identification:_identify(src/navigation2/nav2_docking/opennav_docking) by extension 'colcon_meta'
[0.609s] Level 1:colcon.colcon_core.package_identification:_identify(src/navigation2/nav2_docking/opennav_docking) by extensions ['ros']
[0.609s] Level 1:colcon.colcon_core.package_identification:_identify(src/navigation2/nav2_docking/opennav_docking) by extension 'ros'
[0.613s] DEBUG:colcon.colcon_core.package_identification:Package 'src/navigation2/nav2_docking/opennav_docking' with type 'ros.ament_cmake' and name 'opennav_docking'
[0.613s] Level 1:colcon.colcon_core.package_identification:_identify(src/navigation2/nav2_docking/opennav_docking_bt) by extensions ['ignore', 'ignore_ament_install']
[0.613s] Level 1:colcon.colcon_core.package_identification:_identify(src/navigation2/nav2_docking/opennav_docking_bt) by extension 'ignore'
[0.613s] Level 1:colcon.colcon_core.package_identification:_identify(src/navigation2/nav2_docking/opennav_docking_bt) by extension 'ignore_ament_install'
[0.614s] Level 1:colcon.colcon_core.package_identification:_identify(src/navigation2/nav2_docking/opennav_docking_bt) by extensions ['colcon_pkg']
[0.614s] Level 1:colcon.colcon_core.package_identification:_identify(src/navigation2/nav2_docking/opennav_docking_bt) by extension 'colcon_pkg'
[0.614s] Level 1:colcon.colcon_core.package_identification:_identify(src/navigation2/nav2_docking/opennav_docking_bt) by extensions ['colcon_meta']
[0.615s] Level 1:colcon.colcon_core.package_identification:_identify(src/navigation2/nav2_docking/opennav_docking_bt) by extension 'colcon_meta'
[0.615s] Level 1:colcon.colcon_core.package_identification:_identify(src/navigation2/nav2_docking/opennav_docking_bt) by extensions ['ros']
[0.615s] Level 1:colcon.colcon_core.package_identification:_identify(src/navigation2/nav2_docking/opennav_docking_bt) by extension 'ros'
[0.617s] DEBUG:colcon.colcon_core.package_identification:Package 'src/navigation2/nav2_docking/opennav_docking_bt' with type 'ros.ament_cmake' and name 'opennav_docking_bt'
[0.617s] Level 1:colcon.colcon_core.package_identification:_identify(src/navigation2/nav2_docking/opennav_docking_core) by extensions ['ignore', 'ignore_ament_install']
[0.618s] Level 1:colcon.colcon_core.package_identification:_identify(src/navigation2/nav2_docking/opennav_docking_core) by extension 'ignore'
[0.618s] Level 1:colcon.colcon_core.package_identification:_identify(src/navigation2/nav2_docking/opennav_docking_core) by extension 'ignore_ament_install'
[0.618s] Level 1:colcon.colcon_core.package_identification:_identify(src/navigation2/nav2_docking/opennav_docking_core) by extensions ['colcon_pkg']
[0.618s] Level 1:colcon.colcon_core.package_identification:_identify(src/navigation2/nav2_docking/opennav_docking_core) by extension 'colcon_pkg'
[0.618s] Level 1:colcon.colcon_core.package_identification:_identify(src/navigation2/nav2_docking/opennav_docking_core) by extensions ['colcon_meta']
[0.618s] Level 1:colcon.colcon_core.package_identification:_identify(src/navigation2/nav2_docking/opennav_docking_core) by extension 'colcon_meta'
[0.618s] Level 1:colcon.colcon_core.package_identification:_identify(src/navigation2/nav2_docking/opennav_docking_core) by extensions ['ros']
[0.618s] Level 1:colcon.colcon_core.package_identification:_identify(src/navigation2/nav2_docking/opennav_docking_core) by extension 'ros'
[0.620s] DEBUG:colcon.colcon_core.package_identification:Package 'src/navigation2/nav2_docking/opennav_docking_core' with type 'ros.ament_cmake' and name 'opennav_docking_core'
[0.620s] Level 1:colcon.colcon_core.package_identification:_identify(src/navigation2/nav2_dwb_controller) by extensions ['ignore', 'ignore_ament_install']
[0.620s] Level 1:colcon.colcon_core.package_identification:_identify(src/navigation2/nav2_dwb_controller) by extension 'ignore'
[0.621s] Level 1:colcon.colcon_core.package_identification:_identify(src/navigation2/nav2_dwb_controller) by extension 'ignore_ament_install'
[0.621s] Level 1:colcon.colcon_core.package_identification:_identify(src/navigation2/nav2_dwb_controller) by extensions ['colcon_pkg']
[0.621s] Level 1:colcon.colcon_core.package_identification:_identify(src/navigation2/nav2_dwb_controller) by extension 'colcon_pkg'
[0.621s] Level 1:colcon.colcon_core.package_identification:_identify(src/navigation2/nav2_dwb_controller) by extensions ['colcon_meta']
[0.621s] Level 1:colcon.colcon_core.package_identification:_identify(src/navigation2/nav2_dwb_controller) by extension 'colcon_meta'
[0.621s] Level 1:colcon.colcon_core.package_identification:_identify(src/navigation2/nav2_dwb_controller) by extensions ['ros']
[0.621s] Level 1:colcon.colcon_core.package_identification:_identify(src/navigation2/nav2_dwb_controller) by extension 'ros'
[0.621s] Level 1:colcon.colcon_core.package_identification:_identify(src/navigation2/nav2_dwb_controller) by extensions ['cmake', 'python']
[0.621s] Level 1:colcon.colcon_core.package_identification:_identify(src/navigation2/nav2_dwb_controller) by extension 'cmake'
[0.622s] Level 1:colcon.colcon_core.package_identification:_identify(src/navigation2/nav2_dwb_controller) by extension 'python'
[0.622s] Level 1:colcon.colcon_core.package_identification:_identify(src/navigation2/nav2_dwb_controller) by extensions ['python_setup_py']
[0.622s] Level 1:colcon.colcon_core.package_identification:_identify(src/navigation2/nav2_dwb_controller) by extension 'python_setup_py'
[0.622s] Level 1:colcon.colcon_core.package_identification:_identify(src/navigation2/nav2_dwb_controller/costmap_queue) by extensions ['ignore', 'ignore_ament_install']
[0.622s] Level 1:colcon.colcon_core.package_identification:_identify(src/navigation2/nav2_dwb_controller/costmap_queue) by extension 'ignore'
[0.622s] Level 1:colcon.colcon_core.package_identification:_identify(src/navigation2/nav2_dwb_controller/costmap_queue) by extension 'ignore_ament_install'
[0.622s] Level 1:colcon.colcon_core.package_identification:_identify(src/navigation2/nav2_dwb_controller/costmap_queue) by extensions ['colcon_pkg']
[0.622s] Level 1:colcon.colcon_core.package_identification:_identify(src/navigation2/nav2_dwb_controller/costmap_queue) by extension 'colcon_pkg'
[0.623s] Level 1:colcon.colcon_core.package_identification:_identify(src/navigation2/nav2_dwb_controller/costmap_queue) by extensions ['colcon_meta']
[0.623s] Level 1:colcon.colcon_core.package_identification:_identify(src/navigation2/nav2_dwb_controller/costmap_queue) by extension 'colcon_meta'
[0.623s] Level 1:colcon.colcon_core.package_identification:_identify(src/navigation2/nav2_dwb_controller/costmap_queue) by extensions ['ros']
[0.623s] Level 1:colcon.colcon_core.package_identification:_identify(src/navigation2/nav2_dwb_controller/costmap_queue) by extension 'ros'
[0.624s] DEBUG:colcon.colcon_core.package_identification:Package 'src/navigation2/nav2_dwb_controller/costmap_queue' with type 'ros.ament_cmake' and name 'costmap_queue'
[0.624s] Level 1:colcon.colcon_core.package_identification:_identify(src/navigation2/nav2_dwb_controller/dwb_core) by extensions ['ignore', 'ignore_ament_install']
[0.625s] Level 1:colcon.colcon_core.package_identification:_identify(src/navigation2/nav2_dwb_controller/dwb_core) by extension 'ignore'
[0.625s] Level 1:colcon.colcon_core.package_identification:_identify(src/navigation2/nav2_dwb_controller/dwb_core) by extension 'ignore_ament_install'
[0.625s] Level 1:colcon.colcon_core.package_identification:_identify(src/navigation2/nav2_dwb_controller/dwb_core) by extensions ['colcon_pkg']
[0.625s] Level 1:colcon.colcon_core.package_identification:_identify(src/navigation2/nav2_dwb_controller/dwb_core) by extension 'colcon_pkg'
[0.625s] Level 1:colcon.colcon_core.package_identification:_identify(src/navigation2/nav2_dwb_controller/dwb_core) by extensions ['colcon_meta']
[0.625s] Level 1:colcon.colcon_core.package_identification:_identify(src/navigation2/nav2_dwb_controller/dwb_core) by extension 'colcon_meta'
[0.625s] Level 1:colcon.colcon_core.package_identification:_identify(src/navigation2/nav2_dwb_controller/dwb_core) by extensions ['ros']
[0.625s] Level 1:colcon.colcon_core.package_identification:_identify(src/navigation2/nav2_dwb_controller/dwb_core) by extension 'ros'
[0.627s] DEBUG:colcon.colcon_core.package_identification:Package 'src/navigation2/nav2_dwb_controller/dwb_core' with type 'ros.ament_cmake' and name 'dwb_core'
[0.628s] Level 1:colcon.colcon_core.package_identification:_identify(src/navigation2/nav2_dwb_controller/dwb_critics) by extensions ['ignore', 'ignore_ament_install']
[0.628s] Level 1:colcon.colcon_core.package_identification:_identify(src/navigation2/nav2_dwb_controller/dwb_critics) by extension 'ignore'
[0.628s] Level 1:colcon.colcon_core.package_identification:_identify(src/navigation2/nav2_dwb_controller/dwb_critics) by extension 'ignore_ament_install'
[0.629s] Level 1:colcon.colcon_core.package_identification:_identify(src/navigation2/nav2_dwb_controller/dwb_critics) by extensions ['colcon_pkg']
[0.629s] Level 1:colcon.colcon_core.package_identification:_identify(src/navigation2/nav2_dwb_controller/dwb_critics) by extension 'colcon_pkg'
[0.629s] Level 1:colcon.colcon_core.package_identification:_identify(src/navigation2/nav2_dwb_controller/dwb_critics) by extensions ['colcon_meta']
[0.629s] Level 1:colcon.colcon_core.package_identification:_identify(src/navigation2/nav2_dwb_controller/dwb_critics) by extension 'colcon_meta'
[0.629s] Level 1:colcon.colcon_core.package_identification:_identify(src/navigation2/nav2_dwb_controller/dwb_critics) by extensions ['ros']
[0.629s] Level 1:colcon.colcon_core.package_identification:_identify(src/navigation2/nav2_dwb_controller/dwb_critics) by extension 'ros'
[0.632s] DEBUG:colcon.colcon_core.package_identification:Package 'src/navigation2/nav2_dwb_controller/dwb_critics' with type 'ros.ament_cmake' and name 'dwb_critics'
[0.632s] Level 1:colcon.colcon_core.package_identification:_identify(src/navigation2/nav2_dwb_controller/dwb_msgs) by extensions ['ignore', 'ignore_ament_install']
[0.632s] Level 1:colcon.colcon_core.package_identification:_identify(src/navigation2/nav2_dwb_controller/dwb_msgs) by extension 'ignore'
[0.633s] Level 1:colcon.colcon_core.package_identification:_identify(src/navigation2/nav2_dwb_controller/dwb_msgs) by extension 'ignore_ament_install'
[0.633s] Level 1:colcon.colcon_core.package_identification:_identify(src/navigation2/nav2_dwb_controller/dwb_msgs) by extensions ['colcon_pkg']
[0.633s] Level 1:colcon.colcon_core.package_identification:_identify(src/navigation2/nav2_dwb_controller/dwb_msgs) by extension 'colcon_pkg'
[0.633s] Level 1:colcon.colcon_core.package_identification:_identify(src/navigation2/nav2_dwb_controller/dwb_msgs) by extensions ['colcon_meta']
[0.633s] Level 1:colcon.colcon_core.package_identification:_identify(src/navigation2/nav2_dwb_controller/dwb_msgs) by extension 'colcon_meta'
[0.633s] Level 1:colcon.colcon_core.package_identification:_identify(src/navigation2/nav2_dwb_controller/dwb_msgs) by extensions ['ros']
[0.633s] Level 1:colcon.colcon_core.package_identification:_identify(src/navigation2/nav2_dwb_controller/dwb_msgs) by extension 'ros'
[0.635s] DEBUG:colcon.colcon_core.package_identification:Package 'src/navigation2/nav2_dwb_controller/dwb_msgs' with type 'ros.ament_cmake' and name 'dwb_msgs'
[0.635s] Level 1:colcon.colcon_core.package_identification:_identify(src/navigation2/nav2_dwb_controller/dwb_plugins) by extensions ['ignore', 'ignore_ament_install']
[0.635s] Level 1:colcon.colcon_core.package_identification:_identify(src/navigation2/nav2_dwb_controller/dwb_plugins) by extension 'ignore'
[0.636s] Level 1:colcon.colcon_core.package_identification:_identify(src/navigation2/nav2_dwb_controller/dwb_plugins) by extension 'ignore_ament_install'
[0.636s] Level 1:colcon.colcon_core.package_identification:_identify(src/navigation2/nav2_dwb_controller/dwb_plugins) by extensions ['colcon_pkg']
[0.636s] Level 1:colcon.colcon_core.package_identification:_identify(src/navigation2/nav2_dwb_controller/dwb_plugins) by extension 'colcon_pkg'
[0.636s] Level 1:colcon.colcon_core.package_identification:_identify(src/navigation2/nav2_dwb_controller/dwb_plugins) by extensions ['colcon_meta']
[0.636s] Level 1:colcon.colcon_core.package_identification:_identify(src/navigation2/nav2_dwb_controller/dwb_plugins) by extension 'colcon_meta'
[0.636s] Level 1:colcon.colcon_core.package_identification:_identify(src/navigation2/nav2_dwb_controller/dwb_plugins) by extensions ['ros']
[0.636s] Level 1:colcon.colcon_core.package_identification:_identify(src/navigation2/nav2_dwb_controller/dwb_plugins) by extension 'ros'
[0.638s] DEBUG:colcon.colcon_core.package_identification:Package 'src/navigation2/nav2_dwb_controller/dwb_plugins' with type 'ros.ament_cmake' and name 'dwb_plugins'
[0.638s] Level 1:colcon.colcon_core.package_identification:_identify(src/navigation2/nav2_dwb_controller/images) by extensions ['ignore', 'ignore_ament_install']
[0.638s] Level 1:colcon.colcon_core.package_identification:_identify(src/navigation2/nav2_dwb_controller/images) by extension 'ignore'
[0.639s] Level 1:colcon.colcon_core.package_identification:_identify(src/navigation2/nav2_dwb_controller/images) by extension 'ignore_ament_install'
[0.639s] Level 1:colcon.colcon_core.package_identification:_identify(src/navigation2/nav2_dwb_controller/images) by extensions ['colcon_pkg']
[0.639s] Level 1:colcon.colcon_core.package_identification:_identify(src/navigation2/nav2_dwb_controller/images) by extension 'colcon_pkg'
[0.639s] Level 1:colcon.colcon_core.package_identification:_identify(src/navigation2/nav2_dwb_controller/images) by extensions ['colcon_meta']
[0.639s] Level 1:colcon.colcon_core.package_identification:_identify(src/navigation2/nav2_dwb_controller/images) by extension 'colcon_meta'
[0.639s] Level 1:colcon.colcon_core.package_identification:_identify(src/navigation2/nav2_dwb_controller/images) by extensions ['ros']
[0.639s] Level 1:colcon.colcon_core.package_identification:_identify(src/navigation2/nav2_dwb_controller/images) by extension 'ros'
[0.639s] Level 1:colcon.colcon_core.package_identification:_identify(src/navigation2/nav2_dwb_controller/images) by extensions ['cmake', 'python']
[0.640s] Level 1:colcon.colcon_core.package_identification:_identify(src/navigation2/nav2_dwb_controller/images) by extension 'cmake'
[0.640s] Level 1:colcon.colcon_core.package_identification:_identify(src/navigation2/nav2_dwb_controller/images) by extension 'python'
[0.640s] Level 1:colcon.colcon_core.package_identification:_identify(src/navigation2/nav2_dwb_controller/images) by extensions ['python_setup_py']
[0.640s] Level 1:colcon.colcon_core.package_identification:_identify(src/navigation2/nav2_dwb_controller/images) by extension 'python_setup_py'
[0.640s] Level 1:colcon.colcon_core.package_identification:_identify(src/navigation2/nav2_dwb_controller/nav2_dwb_controller) by extensions ['ignore', 'ignore_ament_install']
[0.640s] Level 1:colcon.colcon_core.package_identification:_identify(src/navigation2/nav2_dwb_controller/nav2_dwb_controller) by extension 'ignore'
[0.640s] Level 1:colcon.colcon_core.package_identification:_identify(src/navigation2/nav2_dwb_controller/nav2_dwb_controller) by extension 'ignore_ament_install'
[0.641s] Level 1:colcon.colcon_core.package_identification:_identify(src/navigation2/nav2_dwb_controller/nav2_dwb_controller) by extensions ['colcon_pkg']
[0.641s] Level 1:colcon.colcon_core.package_identification:_identify(src/navigation2/nav2_dwb_controller/nav2_dwb_controller) by extension 'colcon_pkg'
[0.641s] Level 1:colcon.colcon_core.package_identification:_identify(src/navigation2/nav2_dwb_controller/nav2_dwb_controller) by extensions ['colcon_meta']
[0.641s] Level 1:colcon.colcon_core.package_identification:_identify(src/navigation2/nav2_dwb_controller/nav2_dwb_controller) by extension 'colcon_meta'
[0.641s] Level 1:colcon.colcon_core.package_identification:_identify(src/navigation2/nav2_dwb_controller/nav2_dwb_controller) by extensions ['ros']
[0.641s] Level 1:colcon.colcon_core.package_identification:_identify(src/navigation2/nav2_dwb_controller/nav2_dwb_controller) by extension 'ros'
[0.643s] DEBUG:colcon.colcon_core.package_identification:Package 'src/navigation2/nav2_dwb_controller/nav2_dwb_controller' with type 'ros.ament_cmake' and name 'nav2_dwb_controller'
[0.643s] Level 1:colcon.colcon_core.package_identification:_identify(src/navigation2/nav2_dwb_controller/nav_2d_msgs) by extensions ['ignore', 'ignore_ament_install']
[0.643s] Level 1:colcon.colcon_core.package_identification:_identify(src/navigation2/nav2_dwb_controller/nav_2d_msgs) by extension 'ignore'
[0.644s] Level 1:colcon.colcon_core.package_identification:_identify(src/navigation2/nav2_dwb_controller/nav_2d_msgs) by extension 'ignore_ament_install'
[0.644s] Level 1:colcon.colcon_core.package_identification:_identify(src/navigation2/nav2_dwb_controller/nav_2d_msgs) by extensions ['colcon_pkg']
[0.644s] Level 1:colcon.colcon_core.package_identification:_identify(src/navigation2/nav2_dwb_controller/nav_2d_msgs) by extension 'colcon_pkg'
[0.644s] Level 1:colcon.colcon_core.package_identification:_identify(src/navigation2/nav2_dwb_controller/nav_2d_msgs) by extensions ['colcon_meta']
[0.644s] Level 1:colcon.colcon_core.package_identification:_identify(src/navigation2/nav2_dwb_controller/nav_2d_msgs) by extension 'colcon_meta'
[0.644s] Level 1:colcon.colcon_core.package_identification:_identify(src/navigation2/nav2_dwb_controller/nav_2d_msgs) by extensions ['ros']
[0.644s] Level 1:colcon.colcon_core.package_identification:_identify(src/navigation2/nav2_dwb_controller/nav_2d_msgs) by extension 'ros'
[0.646s] DEBUG:colcon.colcon_core.package_identification:Package 'src/navigation2/nav2_dwb_controller/nav_2d_msgs' with type 'ros.ament_cmake' and name 'nav_2d_msgs'
[0.646s] Level 1:colcon.colcon_core.package_identification:_identify(src/navigation2/nav2_dwb_controller/nav_2d_utils) by extensions ['ignore', 'ignore_ament_install']
[0.646s] Level 1:colcon.colcon_core.package_identification:_identify(src/navigation2/nav2_dwb_controller/nav_2d_utils) by extension 'ignore'
[0.647s] Level 1:colcon.colcon_core.package_identification:_identify(src/navigation2/nav2_dwb_controller/nav_2d_utils) by extension 'ignore_ament_install'
[0.647s] Level 1:colcon.colcon_core.package_identification:_identify(src/navigation2/nav2_dwb_controller/nav_2d_utils) by extensions ['colcon_pkg']
[0.647s] Level 1:colcon.colcon_core.package_identification:_identify(src/navigation2/nav2_dwb_controller/nav_2d_utils) by extension 'colcon_pkg'
[0.647s] Level 1:colcon.colcon_core.package_identification:_identify(src/navigation2/nav2_dwb_controller/nav_2d_utils) by extensions ['colcon_meta']
[0.647s] Level 1:colcon.colcon_core.package_identification:_identify(src/navigation2/nav2_dwb_controller/nav_2d_utils) by extension 'colcon_meta'
[0.647s] Level 1:colcon.colcon_core.package_identification:_identify(src/navigation2/nav2_dwb_controller/nav_2d_utils) by extensions ['ros']
[0.647s] Level 1:colcon.colcon_core.package_identification:_identify(src/navigation2/nav2_dwb_controller/nav_2d_utils) by extension 'ros'
[0.649s] DEBUG:colcon.colcon_core.package_identification:Package 'src/navigation2/nav2_dwb_controller/nav_2d_utils' with type 'ros.ament_cmake' and name 'nav_2d_utils'
[0.650s] Level 1:colcon.colcon_core.package_identification:_identify(src/navigation2/nav2_graceful_controller) by extensions ['ignore', 'ignore_ament_install']
[0.650s] Level 1:colcon.colcon_core.package_identification:_identify(src/navigation2/nav2_graceful_controller) by extension 'ignore'
[0.650s] Level 1:colcon.colcon_core.package_identification:_identify(src/navigation2/nav2_graceful_controller) by extension 'ignore_ament_install'
[0.650s] Level 1:colcon.colcon_core.package_identification:_identify(src/navigation2/nav2_graceful_controller) by extensions ['colcon_pkg']
[0.650s] Level 1:colcon.colcon_core.package_identification:_identify(src/navigation2/nav2_graceful_controller) by extension 'colcon_pkg'
[0.650s] Level 1:colcon.colcon_core.package_identification:_identify(src/navigation2/nav2_graceful_controller) by extensions ['colcon_meta']
[0.651s] Level 1:colcon.colcon_core.package_identification:_identify(src/navigation2/nav2_graceful_controller) by extension 'colcon_meta'
[0.651s] Level 1:colcon.colcon_core.package_identification:_identify(src/navigation2/nav2_graceful_controller) by extensions ['ros']
[0.651s] Level 1:colcon.colcon_core.package_identification:_identify(src/navigation2/nav2_graceful_controller) by extension 'ros'
[0.653s] DEBUG:colcon.colcon_core.package_identification:Package 'src/navigation2/nav2_graceful_controller' with type 'ros.ament_cmake' and name 'nav2_graceful_controller'
[0.653s] Level 1:colcon.colcon_core.package_identification:_identify(src/navigation2/nav2_lifecycle_manager) by extensions ['ignore', 'ignore_ament_install']
[0.654s] Level 1:colcon.colcon_core.package_identification:_identify(src/navigation2/nav2_lifecycle_manager) by extension 'ignore'
[0.654s] Level 1:colcon.colcon_core.package_identification:_identify(src/navigation2/nav2_lifecycle_manager) by extension 'ignore_ament_install'
[0.654s] Level 1:colcon.colcon_core.package_identification:_identify(src/navigation2/nav2_lifecycle_manager) by extensions ['colcon_pkg']
[0.654s] Level 1:colcon.colcon_core.package_identification:_identify(src/navigation2/nav2_lifecycle_manager) by extension 'colcon_pkg'
[0.654s] Level 1:colcon.colcon_core.package_identification:_identify(src/navigation2/nav2_lifecycle_manager) by extensions ['colcon_meta']
[0.654s] Level 1:colcon.colcon_core.package_identification:_identify(src/navigation2/nav2_lifecycle_manager) by extension 'colcon_meta'
[0.654s] Level 1:colcon.colcon_core.package_identification:_identify(src/navigation2/nav2_lifecycle_manager) by extensions ['ros']
[0.654s] Level 1:colcon.colcon_core.package_identification:_identify(src/navigation2/nav2_lifecycle_manager) by extension 'ros'
[0.656s] DEBUG:colcon.colcon_core.package_identification:Package 'src/navigation2/nav2_lifecycle_manager' with type 'ros.ament_cmake' and name 'nav2_lifecycle_manager'
[0.656s] Level 1:colcon.colcon_core.package_identification:_identify(src/navigation2/nav2_loopback_sim) by extensions ['ignore', 'ignore_ament_install']
[0.656s] Level 1:colcon.colcon_core.package_identification:_identify(src/navigation2/nav2_loopback_sim) by extension 'ignore'
[0.656s] Level 1:colcon.colcon_core.package_identification:_identify(src/navigation2/nav2_loopback_sim) by extension 'ignore_ament_install'
[0.656s] Level 1:colcon.colcon_core.package_identification:_identify(src/navigation2/nav2_loopback_sim) by extensions ['colcon_pkg']
[0.656s] Level 1:colcon.colcon_core.package_identification:_identify(src/navigation2/nav2_loopback_sim) by extension 'colcon_pkg'
[0.657s] Level 1:colcon.colcon_core.package_identification:_identify(src/navigation2/nav2_loopback_sim) by extensions ['colcon_meta']
[0.657s] Level 1:colcon.colcon_core.package_identification:_identify(src/navigation2/nav2_loopback_sim) by extension 'colcon_meta'
[0.657s] Level 1:colcon.colcon_core.package_identification:_identify(src/navigation2/nav2_loopback_sim) by extensions ['ros']
[0.657s] Level 1:colcon.colcon_core.package_identification:_identify(src/navigation2/nav2_loopback_sim) by extension 'ros'
[0.658s] DEBUG:colcon.colcon_core.package_identification:Package 'src/navigation2/nav2_loopback_sim' with type 'ros.ament_python' and name 'nav2_loopback_sim'
[0.658s] Level 1:colcon.colcon_core.package_identification:_identify(src/navigation2/nav2_map_server) by extensions ['ignore', 'ignore_ament_install']
[0.658s] Level 1:colcon.colcon_core.package_identification:_identify(src/navigation2/nav2_map_server) by extension 'ignore'
[0.659s] Level 1:colcon.colcon_core.package_identification:_identify(src/navigation2/nav2_map_server) by extension 'ignore_ament_install'
[0.659s] Level 1:colcon.colcon_core.package_identification:_identify(src/navigation2/nav2_map_server) by extensions ['colcon_pkg']
[0.659s] Level 1:colcon.colcon_core.package_identification:_identify(src/navigation2/nav2_map_server) by extension 'colcon_pkg'
[0.659s] Level 1:colcon.colcon_core.package_identification:_identify(src/navigation2/nav2_map_server) by extensions ['colcon_meta']
[0.659s] Level 1:colcon.colcon_core.package_identification:_identify(src/navigation2/nav2_map_server) by extension 'colcon_meta'
[0.659s] Level 1:colcon.colcon_core.package_identification:_identify(src/navigation2/nav2_map_server) by extensions ['ros']
[0.659s] Level 1:colcon.colcon_core.package_identification:_identify(src/navigation2/nav2_map_server) by extension 'ros'
[0.662s] DEBUG:colcon.colcon_core.package_identification:Package 'src/navigation2/nav2_map_server' with type 'ros.ament_cmake' and name 'nav2_map_server'
[0.662s] Level 1:colcon.colcon_core.package_identification:_identify(src/navigation2/nav2_mppi_controller) by extensions ['ignore', 'ignore_ament_install']
[0.662s] Level 1:colcon.colcon_core.package_identification:_identify(src/navigation2/nav2_mppi_controller) by extension 'ignore'
[0.662s] Level 1:colcon.colcon_core.package_identification:_identify(src/navigation2/nav2_mppi_controller) by extension 'ignore_ament_install'
[0.662s] Level 1:colcon.colcon_core.package_identification:_identify(src/navigation2/nav2_mppi_controller) by extensions ['colcon_pkg']
[0.663s] Level 1:colcon.colcon_core.package_identification:_identify(src/navigation2/nav2_mppi_controller) by extension 'colcon_pkg'
[0.663s] Level 1:colcon.colcon_core.package_identification:_identify(src/navigation2/nav2_mppi_controller) by extensions ['colcon_meta']
[0.663s] Level 1:colcon.colcon_core.package_identification:_identify(src/navigation2/nav2_mppi_controller) by extension 'colcon_meta'
[0.663s] Level 1:colcon.colcon_core.package_identification:_identify(src/navigation2/nav2_mppi_controller) by extensions ['ros']
[0.663s] Level 1:colcon.colcon_core.package_identification:_identify(src/navigation2/nav2_mppi_controller) by extension 'ros'
[0.666s] DEBUG:colcon.colcon_core.package_identification:Package 'src/navigation2/nav2_mppi_controller' with type 'ros.ament_cmake' and name 'nav2_mppi_controller'
[0.666s] Level 1:colcon.colcon_core.package_identification:_identify(src/navigation2/nav2_msgs) by extensions ['ignore', 'ignore_ament_install']
[0.667s] Level 1:colcon.colcon_core.package_identification:_identify(src/navigation2/nav2_msgs) by extension 'ignore'
[0.667s] Level 1:colcon.colcon_core.package_identification:_identify(src/navigation2/nav2_msgs) by extension 'ignore_ament_install'
[0.667s] Level 1:colcon.colcon_core.package_identification:_identify(src/navigation2/nav2_msgs) by extensions ['colcon_pkg']
[0.667s] Level 1:colcon.colcon_core.package_identification:_identify(src/navigation2/nav2_msgs) by extension 'colcon_pkg'
[0.667s] Level 1:colcon.colcon_core.package_identification:_identify(src/navigation2/nav2_msgs) by extensions ['colcon_meta']
[0.667s] Level 1:colcon.colcon_core.package_identification:_identify(src/navigation2/nav2_msgs) by extension 'colcon_meta'
[0.667s] Level 1:colcon.colcon_core.package_identification:_identify(src/navigation2/nav2_msgs) by extensions ['ros']
[0.667s] Level 1:colcon.colcon_core.package_identification:_identify(src/navigation2/nav2_msgs) by extension 'ros'
[0.669s] DEBUG:colcon.colcon_core.package_identification:Package 'src/navigation2/nav2_msgs' with type 'ros.ament_cmake' and name 'nav2_msgs'
[0.669s] Level 1:colcon.colcon_core.package_identification:_identify(src/navigation2/nav2_navfn_planner) by extensions ['ignore', 'ignore_ament_install']
[0.669s] Level 1:colcon.colcon_core.package_identification:_identify(src/navigation2/nav2_navfn_planner) by extension 'ignore'
[0.670s] Level 1:colcon.colcon_core.package_identification:_identify(src/navigation2/nav2_navfn_planner) by extension 'ignore_ament_install'
[0.670s] Level 1:colcon.colcon_core.package_identification:_identify(src/navigation2/nav2_navfn_planner) by extensions ['colcon_pkg']
[0.670s] Level 1:colcon.colcon_core.package_identification:_identify(src/navigation2/nav2_navfn_planner) by extension 'colcon_pkg'
[0.670s] Level 1:colcon.colcon_core.package_identification:_identify(src/navigation2/nav2_navfn_planner) by extensions ['colcon_meta']
[0.670s] Level 1:colcon.colcon_core.package_identification:_identify(src/navigation2/nav2_navfn_planner) by extension 'colcon_meta'
[0.670s] Level 1:colcon.colcon_core.package_identification:_identify(src/navigation2/nav2_navfn_planner) by extensions ['ros']
[0.670s] Level 1:colcon.colcon_core.package_identification:_identify(src/navigation2/nav2_navfn_planner) by extension 'ros'
[0.673s] DEBUG:colcon.colcon_core.package_identification:Package 'src/navigation2/nav2_navfn_planner' with type 'ros.ament_cmake' and name 'nav2_navfn_planner'
[0.673s] Level 1:colcon.colcon_core.package_identification:_identify(src/navigation2/nav2_planner) by extensions ['ignore', 'ignore_ament_install']
[0.673s] Level 1:colcon.colcon_core.package_identification:_identify(src/navigation2/nav2_planner) by extension 'ignore'
[0.673s] Level 1:colcon.colcon_core.package_identification:_identify(src/navigation2/nav2_planner) by extension 'ignore_ament_install'
[0.673s] Level 1:colcon.colcon_core.package_identification:_identify(src/navigation2/nav2_planner) by extensions ['colcon_pkg']
[0.674s] Level 1:colcon.colcon_core.package_identification:_identify(src/navigation2/nav2_planner) by extension 'colcon_pkg'
[0.674s] Level 1:colcon.colcon_core.package_identification:_identify(src/navigation2/nav2_planner) by extensions ['colcon_meta']
[0.674s] Level 1:colcon.colcon_core.package_identification:_identify(src/navigation2/nav2_planner) by extension 'colcon_meta'
[0.674s] Level 1:colcon.colcon_core.package_identification:_identify(src/navigation2/nav2_planner) by extensions ['ros']
[0.674s] Level 1:colcon.colcon_core.package_identification:_identify(src/navigation2/nav2_planner) by extension 'ros'
[0.676s] DEBUG:colcon.colcon_core.package_identification:Package 'src/navigation2/nav2_planner' with type 'ros.ament_cmake' and name 'nav2_planner'
[0.677s] Level 1:colcon.colcon_core.package_identification:_identify(src/navigation2/nav2_regulated_pure_pursuit_controller) by extensions ['ignore', 'ignore_ament_install']
[0.677s] Level 1:colcon.colcon_core.package_identification:_identify(src/navigation2/nav2_regulated_pure_pursuit_controller) by extension 'ignore'
[0.677s] Level 1:colcon.colcon_core.package_identification:_identify(src/navigation2/nav2_regulated_pure_pursuit_controller) by extension 'ignore_ament_install'
[0.677s] Level 1:colcon.colcon_core.package_identification:_identify(src/navigation2/nav2_regulated_pure_pursuit_controller) by extensions ['colcon_pkg']
[0.677s] Level 1:colcon.colcon_core.package_identification:_identify(src/navigation2/nav2_regulated_pure_pursuit_controller) by extension 'colcon_pkg'
[0.677s] Level 1:colcon.colcon_core.package_identification:_identify(src/navigation2/nav2_regulated_pure_pursuit_controller) by extensions ['colcon_meta']
[0.678s] Level 1:colcon.colcon_core.package_identification:_identify(src/navigation2/nav2_regulated_pure_pursuit_controller) by extension 'colcon_meta'
[0.678s] Level 1:colcon.colcon_core.package_identification:_identify(src/navigation2/nav2_regulated_pure_pursuit_controller) by extensions ['ros']
[0.678s] Level 1:colcon.colcon_core.package_identification:_identify(src/navigation2/nav2_regulated_pure_pursuit_controller) by extension 'ros'
[0.681s] DEBUG:colcon.colcon_core.package_identification:Package 'src/navigation2/nav2_regulated_pure_pursuit_controller' with type 'ros.ament_cmake' and name 'nav2_regulated_pure_pursuit_controller'
[0.681s] Level 1:colcon.colcon_core.package_identification:_identify(src/navigation2/nav2_rotation_shim_controller) by extensions ['ignore', 'ignore_ament_install']
[0.681s] Level 1:colcon.colcon_core.package_identification:_identify(src/navigation2/nav2_rotation_shim_controller) by extension 'ignore'
[0.682s] Level 1:colcon.colcon_core.package_identification:_identify(src/navigation2/nav2_rotation_shim_controller) by extension 'ignore_ament_install'
[0.682s] Level 1:colcon.colcon_core.package_identification:_identify(src/navigation2/nav2_rotation_shim_controller) by extensions ['colcon_pkg']
[0.682s] Level 1:colcon.colcon_core.package_identification:_identify(src/navigation2/nav2_rotation_shim_controller) by extension 'colcon_pkg'
[0.682s] Level 1:colcon.colcon_core.package_identification:_identify(src/navigation2/nav2_rotation_shim_controller) by extensions ['colcon_meta']
[0.682s] Level 1:colcon.colcon_core.package_identification:_identify(src/navigation2/nav2_rotation_shim_controller) by extension 'colcon_meta'
[0.682s] Level 1:colcon.colcon_core.package_identification:_identify(src/navigation2/nav2_rotation_shim_controller) by extensions ['ros']
[0.682s] Level 1:colcon.colcon_core.package_identification:_identify(src/navigation2/nav2_rotation_shim_controller) by extension 'ros'
[0.684s] DEBUG:colcon.colcon_core.package_identification:Package 'src/navigation2/nav2_rotation_shim_controller' with type 'ros.ament_cmake' and name 'nav2_rotation_shim_controller'
[0.684s] Level 1:colcon.colcon_core.package_identification:_identify(src/navigation2/nav2_rviz_plugins) by extensions ['ignore', 'ignore_ament_install']
[0.685s] Level 1:colcon.colcon_core.package_identification:_identify(src/navigation2/nav2_rviz_plugins) by extension 'ignore'
[0.685s] Level 1:colcon.colcon_core.package_identification:_identify(src/navigation2/nav2_rviz_plugins) by extension 'ignore_ament_install'
[0.685s] Level 1:colcon.colcon_core.package_identification:_identify(src/navigation2/nav2_rviz_plugins) by extensions ['colcon_pkg']
[0.685s] Level 1:colcon.colcon_core.package_identification:_identify(src/navigation2/nav2_rviz_plugins) by extension 'colcon_pkg'
[0.685s] Level 1:colcon.colcon_core.package_identification:_identify(src/navigation2/nav2_rviz_plugins) by extensions ['colcon_meta']
[0.685s] Level 1:colcon.colcon_core.package_identification:_identify(src/navigation2/nav2_rviz_plugins) by extension 'colcon_meta'
[0.685s] Level 1:colcon.colcon_core.package_identification:_identify(src/navigation2/nav2_rviz_plugins) by extensions ['ros']
[0.685s] Level 1:colcon.colcon_core.package_identification:_identify(src/navigation2/nav2_rviz_plugins) by extension 'ros'
[0.689s] DEBUG:colcon.colcon_core.package_identification:Package 'src/navigation2/nav2_rviz_plugins' with type 'ros.ament_cmake' and name 'nav2_rviz_plugins'
[0.689s] Level 1:colcon.colcon_core.package_identification:_identify(src/navigation2/nav2_simple_commander) by extensions ['ignore', 'ignore_ament_install']
[0.690s] Level 1:colcon.colcon_core.package_identification:_identify(src/navigation2/nav2_simple_commander) by extension 'ignore'
[0.690s] Level 1:colcon.colcon_core.package_identification:_identify(src/navigation2/nav2_simple_commander) by extension 'ignore_ament_install'
[0.690s] Level 1:colcon.colcon_core.package_identification:_identify(src/navigation2/nav2_simple_commander) by extensions ['colcon_pkg']
[0.691s] Level 1:colcon.colcon_core.package_identification:_identify(src/navigation2/nav2_simple_commander) by extension 'colcon_pkg'
[0.691s] Level 1:colcon.colcon_core.package_identification:_identify(src/navigation2/nav2_simple_commander) by extensions ['colcon_meta']
[0.691s] Level 1:colcon.colcon_core.package_identification:_identify(src/navigation2/nav2_simple_commander) by extension 'colcon_meta'
[0.691s] Level 1:colcon.colcon_core.package_identification:_identify(src/navigation2/nav2_simple_commander) by extensions ['ros']
[0.691s] Level 1:colcon.colcon_core.package_identification:_identify(src/navigation2/nav2_simple_commander) by extension 'ros'
[0.692s] DEBUG:colcon.colcon_core.package_identification:Package 'src/navigation2/nav2_simple_commander' with type 'ros.ament_python' and name 'nav2_simple_commander'
[0.692s] Level 1:colcon.colcon_core.package_identification:_identify(src/navigation2/nav2_smac_planner) by extensions ['ignore', 'ignore_ament_install']
[0.693s] Level 1:colcon.colcon_core.package_identification:_identify(src/navigation2/nav2_smac_planner) by extension 'ignore'
[0.693s] Level 1:colcon.colcon_core.package_identification:_identify(src/navigation2/nav2_smac_planner) by extension 'ignore_ament_install'
[0.693s] Level 1:colcon.colcon_core.package_identification:_identify(src/navigation2/nav2_smac_planner) by extensions ['colcon_pkg']
[0.693s] Level 1:colcon.colcon_core.package_identification:_identify(src/navigation2/nav2_smac_planner) by extension 'colcon_pkg'
[0.693s] Level 1:colcon.colcon_core.package_identification:_identify(src/navigation2/nav2_smac_planner) by extensions ['colcon_meta']
[0.693s] Level 1:colcon.colcon_core.package_identification:_identify(src/navigation2/nav2_smac_planner) by extension 'colcon_meta'
[0.693s] Level 1:colcon.colcon_core.package_identification:_identify(src/navigation2/nav2_smac_planner) by extensions ['ros']
[0.693s] Level 1:colcon.colcon_core.package_identification:_identify(src/navigation2/nav2_smac_planner) by extension 'ros'
[0.697s] DEBUG:colcon.colcon_core.package_identification:Package 'src/navigation2/nav2_smac_planner' with type 'ros.ament_cmake' and name 'nav2_smac_planner'
[0.697s] Level 1:colcon.colcon_core.package_identification:_identify(src/navigation2/nav2_smoother) by extensions ['ignore', 'ignore_ament_install']
[0.697s] Level 1:colcon.colcon_core.package_identification:_identify(src/navigation2/nav2_smoother) by extension 'ignore'
[0.697s] Level 1:colcon.colcon_core.package_identification:_identify(src/navigation2/nav2_smoother) by extension 'ignore_ament_install'
[0.697s] Level 1:colcon.colcon_core.package_identification:_identify(src/navigation2/nav2_smoother) by extensions ['colcon_pkg']
[0.698s] Level 1:colcon.colcon_core.package_identification:_identify(src/navigation2/nav2_smoother) by extension 'colcon_pkg'
[0.698s] Level 1:colcon.colcon_core.package_identification:_identify(src/navigation2/nav2_smoother) by extensions ['colcon_meta']
[0.698s] Level 1:colcon.colcon_core.package_identification:_identify(src/navigation2/nav2_smoother) by extension 'colcon_meta'
[0.698s] Level 1:colcon.colcon_core.package_identification:_identify(src/navigation2/nav2_smoother) by extensions ['ros']
[0.698s] Level 1:colcon.colcon_core.package_identification:_identify(src/navigation2/nav2_smoother) by extension 'ros'
[0.700s] DEBUG:colcon.colcon_core.package_identification:Package 'src/navigation2/nav2_smoother' with type 'ros.ament_cmake' and name 'nav2_smoother'
[0.700s] Level 1:colcon.colcon_core.package_identification:_identify(src/navigation2/nav2_system_tests) by extensions ['ignore', 'ignore_ament_install']
[0.701s] Level 1:colcon.colcon_core.package_identification:_identify(src/navigation2/nav2_system_tests) by extension 'ignore'
[0.701s] Level 1:colcon.colcon_core.package_identification:_identify(src/navigation2/nav2_system_tests) by extension 'ignore_ament_install'
[0.701s] Level 1:colcon.colcon_core.package_identification:_identify(src/navigation2/nav2_system_tests) by extensions ['colcon_pkg']
[0.701s] Level 1:colcon.colcon_core.package_identification:_identify(src/navigation2/nav2_system_tests) by extension 'colcon_pkg'
[0.701s] Level 1:colcon.colcon_core.package_identification:_identify(src/navigation2/nav2_system_tests) by extensions ['colcon_meta']
[0.701s] Level 1:colcon.colcon_core.package_identification:_identify(src/navigation2/nav2_system_tests) by extension 'colcon_meta'
[0.701s] Level 1:colcon.colcon_core.package_identification:_identify(src/navigation2/nav2_system_tests) by extensions ['ros']
[0.701s] Level 1:colcon.colcon_core.package_identification:_identify(src/navigation2/nav2_system_tests) by extension 'ros'
[0.703s] DEBUG:colcon.colcon_core.package_identification:Package 'src/navigation2/nav2_system_tests' with type 'ros.ament_cmake' and name 'nav2_system_tests'
[0.704s] Level 1:colcon.colcon_core.package_identification:_identify(src/navigation2/nav2_theta_star_planner) by extensions ['ignore', 'ignore_ament_install']
[0.704s] Level 1:colcon.colcon_core.package_identification:_identify(src/navigation2/nav2_theta_star_planner) by extension 'ignore'
[0.704s] Level 1:colcon.colcon_core.package_identification:_identify(src/navigation2/nav2_theta_star_planner) by extension 'ignore_ament_install'
[0.704s] Level 1:colcon.colcon_core.package_identification:_identify(src/navigation2/nav2_theta_star_planner) by extensions ['colcon_pkg']
[0.704s] Level 1:colcon.colcon_core.package_identification:_identify(src/navigation2/nav2_theta_star_planner) by extension 'colcon_pkg'
[0.704s] Level 1:colcon.colcon_core.package_identification:_identify(src/navigation2/nav2_theta_star_planner) by extensions ['colcon_meta']
[0.704s] Level 1:colcon.colcon_core.package_identification:_identify(src/navigation2/nav2_theta_star_planner) by extension 'colcon_meta'
[0.705s] Level 1:colcon.colcon_core.package_identification:_identify(src/navigation2/nav2_theta_star_planner) by extensions ['ros']
[0.705s] Level 1:colcon.colcon_core.package_identification:_identify(src/navigation2/nav2_theta_star_planner) by extension 'ros'
[0.707s] DEBUG:colcon.colcon_core.package_identification:Package 'src/navigation2/nav2_theta_star_planner' with type 'ros.ament_cmake' and name 'nav2_theta_star_planner'
[0.707s] Level 1:colcon.colcon_core.package_identification:_identify(src/navigation2/nav2_util) by extensions ['ignore', 'ignore_ament_install']
[0.707s] Level 1:colcon.colcon_core.package_identification:_identify(src/navigation2/nav2_util) by extension 'ignore'
[0.708s] Level 1:colcon.colcon_core.package_identification:_identify(src/navigation2/nav2_util) by extension 'ignore_ament_install'
[0.708s] Level 1:colcon.colcon_core.package_identification:_identify(src/navigation2/nav2_util) by extensions ['colcon_pkg']
[0.708s] Level 1:colcon.colcon_core.package_identification:_identify(src/navigation2/nav2_util) by extension 'colcon_pkg'
[0.708s] Level 1:colcon.colcon_core.package_identification:_identify(src/navigation2/nav2_util) by extensions ['colcon_meta']
[0.708s] Level 1:colcon.colcon_core.package_identification:_identify(src/navigation2/nav2_util) by extension 'colcon_meta'
[0.708s] Level 1:colcon.colcon_core.package_identification:_identify(src/navigation2/nav2_util) by extensions ['ros']
[0.708s] Level 1:colcon.colcon_core.package_identification:_identify(src/navigation2/nav2_util) by extension 'ros'
[0.711s] DEBUG:colcon.colcon_core.package_identification:Package 'src/navigation2/nav2_util' with type 'ros.ament_cmake' and name 'nav2_util'
[0.711s] Level 1:colcon.colcon_core.package_identification:_identify(src/navigation2/nav2_velocity_smoother) by extensions ['ignore', 'ignore_ament_install']
[0.711s] Level 1:colcon.colcon_core.package_identification:_identify(src/navigation2/nav2_velocity_smoother) by extension 'ignore'
[0.712s] Level 1:colcon.colcon_core.package_identification:_identify(src/navigation2/nav2_velocity_smoother) by extension 'ignore_ament_install'
[0.712s] Level 1:colcon.colcon_core.package_identification:_identify(src/navigation2/nav2_velocity_smoother) by extensions ['colcon_pkg']
[0.712s] Level 1:colcon.colcon_core.package_identification:_identify(src/navigation2/nav2_velocity_smoother) by extension 'colcon_pkg'
[0.712s] Level 1:colcon.colcon_core.package_identification:_identify(src/navigation2/nav2_velocity_smoother) by extensions ['colcon_meta']
[0.712s] Level 1:colcon.colcon_core.package_identification:_identify(src/navigation2/nav2_velocity_smoother) by extension 'colcon_meta'
[0.712s] Level 1:colcon.colcon_core.package_identification:_identify(src/navigation2/nav2_velocity_smoother) by extensions ['ros']
[0.712s] Level 1:colcon.colcon_core.package_identification:_identify(src/navigation2/nav2_velocity_smoother) by extension 'ros'
[0.714s] DEBUG:colcon.colcon_core.package_identification:Package 'src/navigation2/nav2_velocity_smoother' with type 'ros.ament_cmake' and name 'nav2_velocity_smoother'
[0.714s] Level 1:colcon.colcon_core.package_identification:_identify(src/navigation2/nav2_voxel_grid) by extensions ['ignore', 'ignore_ament_install']
[0.714s] Level 1:colcon.colcon_core.package_identification:_identify(src/navigation2/nav2_voxel_grid) by extension 'ignore'
[0.714s] Level 1:colcon.colcon_core.package_identification:_identify(src/navigation2/nav2_voxel_grid) by extension 'ignore_ament_install'
[0.714s] Level 1:colcon.colcon_core.package_identification:_identify(src/navigation2/nav2_voxel_grid) by extensions ['colcon_pkg']
[0.714s] Level 1:colcon.colcon_core.package_identification:_identify(src/navigation2/nav2_voxel_grid) by extension 'colcon_pkg'
[0.714s] Level 1:colcon.colcon_core.package_identification:_identify(src/navigation2/nav2_voxel_grid) by extensions ['colcon_meta']
[0.715s] Level 1:colcon.colcon_core.package_identification:_identify(src/navigation2/nav2_voxel_grid) by extension 'colcon_meta'
[0.715s] Level 1:colcon.colcon_core.package_identification:_identify(src/navigation2/nav2_voxel_grid) by extensions ['ros']
[0.715s] Level 1:colcon.colcon_core.package_identification:_identify(src/navigation2/nav2_voxel_grid) by extension 'ros'
[0.716s] DEBUG:colcon.colcon_core.package_identification:Package 'src/navigation2/nav2_voxel_grid' with type 'ros.ament_cmake' and name 'nav2_voxel_grid'
[0.716s] Level 1:colcon.colcon_core.package_identification:_identify(src/navigation2/nav2_waypoint_follower) by extensions ['ignore', 'ignore_ament_install']
[0.716s] Level 1:colcon.colcon_core.package_identification:_identify(src/navigation2/nav2_waypoint_follower) by extension 'ignore'
[0.716s] Level 1:colcon.colcon_core.package_identification:_identify(src/navigation2/nav2_waypoint_follower) by extension 'ignore_ament_install'
[0.716s] Level 1:colcon.colcon_core.package_identification:_identify(src/navigation2/nav2_waypoint_follower) by extensions ['colcon_pkg']
[0.717s] Level 1:colcon.colcon_core.package_identification:_identify(src/navigation2/nav2_waypoint_follower) by extension 'colcon_pkg'
[0.717s] Level 1:colcon.colcon_core.package_identification:_identify(src/navigation2/nav2_waypoint_follower) by extensions ['colcon_meta']
[0.717s] Level 1:colcon.colcon_core.package_identification:_identify(src/navigation2/nav2_waypoint_follower) by extension 'colcon_meta'
[0.717s] Level 1:colcon.colcon_core.package_identification:_identify(src/navigation2/nav2_waypoint_follower) by extensions ['ros']
[0.717s] Level 1:colcon.colcon_core.package_identification:_identify(src/navigation2/nav2_waypoint_follower) by extension 'ros'
[0.719s] DEBUG:colcon.colcon_core.package_identification:Package 'src/navigation2/nav2_waypoint_follower' with type 'ros.ament_cmake' and name 'nav2_waypoint_follower'
[0.720s] Level 1:colcon.colcon_core.package_identification:_identify(src/navigation2/navigation2) by extensions ['ignore', 'ignore_ament_install']
[0.720s] Level 1:colcon.colcon_core.package_identification:_identify(src/navigation2/navigation2) by extension 'ignore'
[0.720s] Level 1:colcon.colcon_core.package_identification:_identify(src/navigation2/navigation2) by extension 'ignore_ament_install'
[0.720s] Level 1:colcon.colcon_core.package_identification:_identify(src/navigation2/navigation2) by extensions ['colcon_pkg']
[0.720s] Level 1:colcon.colcon_core.package_identification:_identify(src/navigation2/navigation2) by extension 'colcon_pkg'
[0.720s] Level 1:colcon.colcon_core.package_identification:_identify(src/navigation2/navigation2) by extensions ['colcon_meta']
[0.720s] Level 1:colcon.colcon_core.package_identification:_identify(src/navigation2/navigation2) by extension 'colcon_meta'
[0.720s] Level 1:colcon.colcon_core.package_identification:_identify(src/navigation2/navigation2) by extensions ['ros']
[0.721s] Level 1:colcon.colcon_core.package_identification:_identify(src/navigation2/navigation2) by extension 'ros'
[0.723s] DEBUG:colcon.colcon_core.package_identification:Package 'src/navigation2/navigation2' with type 'ros.ament_cmake' and name 'navigation2'
[0.723s] Level 1:colcon.colcon_core.package_identification:_identify(src/navigation2/tools) by extensions ['ignore', 'ignore_ament_install']
[0.723s] Level 1:colcon.colcon_core.package_identification:_identify(src/navigation2/tools) by extension 'ignore'
[0.723s] Level 1:colcon.colcon_core.package_identification:_identify(src/navigation2/tools) by extension 'ignore_ament_install'
[0.723s] Level 1:colcon.colcon_core.package_identification:_identify(src/navigation2/tools) by extensions ['colcon_pkg']
[0.723s] Level 1:colcon.colcon_core.package_identification:_identify(src/navigation2/tools) by extension 'colcon_pkg'
[0.724s] Level 1:colcon.colcon_core.package_identification:_identify(src/navigation2/tools) by extensions ['colcon_meta']
[0.724s] Level 1:colcon.colcon_core.package_identification:_identify(src/navigation2/tools) by extension 'colcon_meta'
[0.724s] Level 1:colcon.colcon_core.package_identification:_identify(src/navigation2/tools) by extensions ['ros']
[0.724s] Level 1:colcon.colcon_core.package_identification:_identify(src/navigation2/tools) by extension 'ros'
[0.724s] Level 1:colcon.colcon_core.package_identification:_identify(src/navigation2/tools) by extensions ['cmake', 'python']
[0.724s] Level 1:colcon.colcon_core.package_identification:_identify(src/navigation2/tools) by extension 'cmake'
[0.724s] Level 1:colcon.colcon_core.package_identification:_identify(src/navigation2/tools) by extension 'python'
[0.724s] Level 1:colcon.colcon_core.package_identification:_identify(src/navigation2/tools) by extensions ['python_setup_py']
[0.725s] Level 1:colcon.colcon_core.package_identification:_identify(src/navigation2/tools) by extension 'python_setup_py'
[0.725s] Level 1:colcon.colcon_core.package_identification:_identify(src/navigation2/tools/planner_benchmarking) by extensions ['ignore', 'ignore_ament_install']
[0.725s] Level 1:colcon.colcon_core.package_identification:_identify(src/navigation2/tools/planner_benchmarking) by extension 'ignore'
[0.725s] Level 1:colcon.colcon_core.package_identification:_identify(src/navigation2/tools/planner_benchmarking) by extension 'ignore_ament_install'
[0.725s] Level 1:colcon.colcon_core.package_identification:_identify(src/navigation2/tools/planner_benchmarking) by extensions ['colcon_pkg']
[0.725s] Level 1:colcon.colcon_core.package_identification:_identify(src/navigation2/tools/planner_benchmarking) by extension 'colcon_pkg'
[0.726s] Level 1:colcon.colcon_core.package_identification:_identify(src/navigation2/tools/planner_benchmarking) by extensions ['colcon_meta']
[0.726s] Level 1:colcon.colcon_core.package_identification:_identify(src/navigation2/tools/planner_benchmarking) by extension 'colcon_meta'
[0.726s] Level 1:colcon.colcon_core.package_identification:_identify(src/navigation2/tools/planner_benchmarking) by extensions ['ros']
[0.726s] Level 1:colcon.colcon_core.package_identification:_identify(src/navigation2/tools/planner_benchmarking) by extension 'ros'
[0.726s] Level 1:colcon.colcon_core.package_identification:_identify(src/navigation2/tools/planner_benchmarking) by extensions ['cmake', 'python']
[0.726s] Level 1:colcon.colcon_core.package_identification:_identify(src/navigation2/tools/planner_benchmarking) by extension 'cmake'
[0.726s] Level 1:colcon.colcon_core.package_identification:_identify(src/navigation2/tools/planner_benchmarking) by extension 'python'
[0.726s] Level 1:colcon.colcon_core.package_identification:_identify(src/navigation2/tools/planner_benchmarking) by extensions ['python_setup_py']
[0.727s] Level 1:colcon.colcon_core.package_identification:_identify(src/navigation2/tools/planner_benchmarking) by extension 'python_setup_py'
[0.727s] Level 1:colcon.colcon_core.package_identification:_identify(src/navigation2/tools/smoother_benchmarking) by extensions ['ignore', 'ignore_ament_install']
[0.727s] Level 1:colcon.colcon_core.package_identification:_identify(src/navigation2/tools/smoother_benchmarking) by extension 'ignore'
[0.727s] Level 1:colcon.colcon_core.package_identification:_identify(src/navigation2/tools/smoother_benchmarking) by extension 'ignore_ament_install'
[0.727s] Level 1:colcon.colcon_core.package_identification:_identify(src/navigation2/tools/smoother_benchmarking) by extensions ['colcon_pkg']
[0.727s] Level 1:colcon.colcon_core.package_identification:_identify(src/navigation2/tools/smoother_benchmarking) by extension 'colcon_pkg'
[0.727s] Level 1:colcon.colcon_core.package_identification:_identify(src/navigation2/tools/smoother_benchmarking) by extensions ['colcon_meta']
[0.728s] Level 1:colcon.colcon_core.package_identification:_identify(src/navigation2/tools/smoother_benchmarking) by extension 'colcon_meta'
[0.728s] Level 1:colcon.colcon_core.package_identification:_identify(src/navigation2/tools/smoother_benchmarking) by extensions ['ros']
[0.728s] Level 1:colcon.colcon_core.package_identification:_identify(src/navigation2/tools/smoother_benchmarking) by extension 'ros'
[0.728s] Level 1:colcon.colcon_core.package_identification:_identify(src/navigation2/tools/smoother_benchmarking) by extensions ['cmake', 'python']
[0.728s] Level 1:colcon.colcon_core.package_identification:_identify(src/navigation2/tools/smoother_benchmarking) by extension 'cmake'
[0.728s] Level 1:colcon.colcon_core.package_identification:_identify(src/navigation2/tools/smoother_benchmarking) by extension 'python'
[0.728s] Level 1:colcon.colcon_core.package_identification:_identify(src/navigation2/tools/smoother_benchmarking) by extensions ['python_setup_py']
[0.728s] Level 1:colcon.colcon_core.package_identification:_identify(src/navigation2/tools/smoother_benchmarking) by extension 'python_setup_py'
[0.729s] Level 1:colcon.colcon_core.package_identification:_identify(src/navigation2/tools/smoother_benchmarking/maps) by extensions ['ignore', 'ignore_ament_install']
[0.729s] Level 1:colcon.colcon_core.package_identification:_identify(src/navigation2/tools/smoother_benchmarking/maps) by extension 'ignore'
[0.729s] Level 1:colcon.colcon_core.package_identification:_identify(src/navigation2/tools/smoother_benchmarking/maps) by extension 'ignore_ament_install'
[0.729s] Level 1:colcon.colcon_core.package_identification:_identify(src/navigation2/tools/smoother_benchmarking/maps) by extensions ['colcon_pkg']
[0.729s] Level 1:colcon.colcon_core.package_identification:_identify(src/navigation2/tools/smoother_benchmarking/maps) by extension 'colcon_pkg'
[0.729s] Level 1:colcon.colcon_core.package_identification:_identify(src/navigation2/tools/smoother_benchmarking/maps) by extensions ['colcon_meta']
[0.729s] Level 1:colcon.colcon_core.package_identification:_identify(src/navigation2/tools/smoother_benchmarking/maps) by extension 'colcon_meta'
[0.730s] Level 1:colcon.colcon_core.package_identification:_identify(src/navigation2/tools/smoother_benchmarking/maps) by extensions ['ros']
[0.730s] Level 1:colcon.colcon_core.package_identification:_identify(src/navigation2/tools/smoother_benchmarking/maps) by extension 'ros'
[0.730s] Level 1:colcon.colcon_core.package_identification:_identify(src/navigation2/tools/smoother_benchmarking/maps) by extensions ['cmake', 'python']
[0.730s] Level 1:colcon.colcon_core.package_identification:_identify(src/navigation2/tools/smoother_benchmarking/maps) by extension 'cmake'
[0.730s] Level 1:colcon.colcon_core.package_identification:_identify(src/navigation2/tools/smoother_benchmarking/maps) by extension 'python'
[0.730s] Level 1:colcon.colcon_core.package_identification:_identify(src/navigation2/tools/smoother_benchmarking/maps) by extensions ['python_setup_py']
[0.730s] Level 1:colcon.colcon_core.package_identification:_identify(src/navigation2/tools/smoother_benchmarking/maps) by extension 'python_setup_py'
[0.731s] Level 1:colcon.colcon_core.package_identification:_identify(src/serial) by extensions ['ignore', 'ignore_ament_install']
[0.731s] Level 1:colcon.colcon_core.package_identification:_identify(src/serial) by extension 'ignore'
[0.731s] Level 1:colcon.colcon_core.package_identification:_identify(src/serial) by extension 'ignore_ament_install'
[0.731s] Level 1:colcon.colcon_core.package_identification:_identify(src/serial) by extensions ['colcon_pkg']
[0.731s] Level 1:colcon.colcon_core.package_identification:_identify(src/serial) by extension 'colcon_pkg'
[0.731s] Level 1:colcon.colcon_core.package_identification:_identify(src/serial) by extensions ['colcon_meta']
[0.731s] Level 1:colcon.colcon_core.package_identification:_identify(src/serial) by extension 'colcon_meta'
[0.731s] Level 1:colcon.colcon_core.package_identification:_identify(src/serial) by extensions ['ros']
[0.732s] Level 1:colcon.colcon_core.package_identification:_identify(src/serial) by extension 'ros'
[0.733s] DEBUG:colcon.colcon_core.package_identification:Package 'src/serial' with type 'ros.ament_cmake' and name 'serial'
[0.733s] Level 1:colcon.colcon_core.package_identification:_identify(src/sllidar_ros2) by extensions ['ignore', 'ignore_ament_install']
[0.734s] Level 1:colcon.colcon_core.package_identification:_identify(src/sllidar_ros2) by extension 'ignore'
[0.734s] Level 1:colcon.colcon_core.package_identification:_identify(src/sllidar_ros2) by extension 'ignore_ament_install'
[0.734s] Level 1:colcon.colcon_core.package_identification:_identify(src/sllidar_ros2) by extensions ['colcon_pkg']
[0.734s] Level 1:colcon.colcon_core.package_identification:_identify(src/sllidar_ros2) by extension 'colcon_pkg'
[0.734s] Level 1:colcon.colcon_core.package_identification:_identify(src/sllidar_ros2) by extensions ['colcon_meta']
[0.734s] Level 1:colcon.colcon_core.package_identification:_identify(src/sllidar_ros2) by extension 'colcon_meta'
[0.734s] Level 1:colcon.colcon_core.package_identification:_identify(src/sllidar_ros2) by extensions ['ros']
[0.734s] Level 1:colcon.colcon_core.package_identification:_identify(src/sllidar_ros2) by extension 'ros'
[0.736s] DEBUG:colcon.colcon_core.package_identification:Package 'src/sllidar_ros2' with type 'ros.ament_cmake' and name 'sllidar_ros2'
[0.737s] Level 1:colcon.colcon_core.package_identification:_identify(src/twist_stamper) by extensions ['ignore', 'ignore_ament_install']
[0.737s] Level 1:colcon.colcon_core.package_identification:_identify(src/twist_stamper) by extension 'ignore'
[0.737s] Level 1:colcon.colcon_core.package_identification:_identify(src/twist_stamper) by extension 'ignore_ament_install'
[0.737s] Level 1:colcon.colcon_core.package_identification:_identify(src/twist_stamper) by extensions ['colcon_pkg']
[0.737s] Level 1:colcon.colcon_core.package_identification:_identify(src/twist_stamper) by extension 'colcon_pkg'
[0.737s] Level 1:colcon.colcon_core.package_identification:_identify(src/twist_stamper) by extensions ['colcon_meta']
[0.737s] Level 1:colcon.colcon_core.package_identification:_identify(src/twist_stamper) by extension 'colcon_meta'
[0.737s] Level 1:colcon.colcon_core.package_identification:_identify(src/twist_stamper) by extensions ['ros']
[0.738s] Level 1:colcon.colcon_core.package_identification:_identify(src/twist_stamper) by extension 'ros'
[0.739s] DEBUG:colcon.colcon_core.package_identification:Package 'src/twist_stamper' with type 'ros.ament_python' and name 'twist_stamper'
[0.739s] Level 1:colcon.colcon_core.package_discovery:discover_packages(recursive) using defaults
[0.739s] Level 1:colcon.colcon_core.package_discovery:discover_packages(ignore) discover
[0.739s] Level 1:colcon.colcon_core.package_discovery:discover_packages(ignore) using defaults
[0.739s] Level 1:colcon.colcon_core.package_discovery:discover_packages(path) discover
[0.739s] Level 1:colcon.colcon_core.package_discovery:discover_packages(path) using defaults
[0.867s] Level 1:colcon.colcon_core.package_discovery:discover_packages(prefix_path) check parameters
[0.868s] Level 1:colcon.colcon_core.package_discovery:discover_packages(prefix_path) discover
[0.876s] DEBUG:colcon.colcon_installed_package_information.package_discovery:Found 13 installed packages in /home/brilliant/ros2_ws/install
[0.881s] DEBUG:colcon.colcon_installed_package_information.package_discovery:Found 420 installed packages in /opt/ros/jazzy
[0.910s] Level 1:colcon.colcon_core.package_discovery:discover_packages(prefix_path) using defaults
[1.065s] Level 5:colcon.colcon_core.verb:set package 'diffdrive_arduino' build argument 'cmake_args' from command line to 'None'
[1.065s] Level 5:colcon.colcon_core.verb:set package 'diffdrive_arduino' build argument 'cmake_target' from command line to 'None'
[1.066s] Level 5:colcon.colcon_core.verb:set package 'diffdrive_arduino' build argument 'cmake_target_skip_unavailable' from command line to 'False'
[1.066s] Level 5:colcon.colcon_core.verb:set package 'diffdrive_arduino' build argument 'cmake_clean_cache' from command line to 'False'
[1.066s] Level 5:colcon.colcon_core.verb:set package 'diffdrive_arduino' build argument 'cmake_clean_first' from command line to 'False'
[1.066s] Level 5:colcon.colcon_core.verb:set package 'diffdrive_arduino' build argument 'cmake_force_configure' from command line to 'False'
[1.066s] Level 5:colcon.colcon_core.verb:set package 'diffdrive_arduino' build argument 'ament_cmake_args' from command line to 'None'
[1.066s] Level 5:colcon.colcon_core.verb:set package 'diffdrive_arduino' build argument 'catkin_cmake_args' from command line to 'None'
[1.066s] Level 5:colcon.colcon_core.verb:set package 'diffdrive_arduino' build argument 'catkin_skip_building_tests' from command line to 'False'
[1.066s] DEBUG:colcon.colcon_core.verb:Building package 'diffdrive_arduino' with the following arguments: {'ament_cmake_args': None, 'build_base': '/home/brilliant/ros2_ws/build/diffdrive_arduino', 'catkin_cmake_args': None, 'catkin_skip_building_tests': False, 'cmake_args': None, 'cmake_clean_cache': False, 'cmake_clean_first': False, 'cmake_force_configure': False, 'cmake_target': None, 'cmake_target_skip_unavailable': False, 'install_base': '/home/brilliant/ros2_ws/install/diffdrive_arduino', 'merge_install': False, 'path': '/home/brilliant/ros2_ws/src/diffdrive_arduino', 'symlink_install': True, 'test_result_base': None}
[1.067s] Level 5:colcon.colcon_core.verb:set package 'minibot' build argument 'cmake_args' from command line to 'None'
[1.067s] Level 5:colcon.colcon_core.verb:set package 'minibot' build argument 'cmake_target' from command line to 'None'
[1.068s] Level 5:colcon.colcon_core.verb:set package 'minibot' build argument 'cmake_target_skip_unavailable' from command line to 'False'
[1.068s] Level 5:colcon.colcon_core.verb:set package 'minibot' build argument 'cmake_clean_cache' from command line to 'False'
[1.068s] Level 5:colcon.colcon_core.verb:set package 'minibot' build argument 'cmake_clean_first' from command line to 'False'
[1.068s] Level 5:colcon.colcon_core.verb:set package 'minibot' build argument 'cmake_force_configure' from command line to 'False'
[1.069s] Level 5:colcon.colcon_core.verb:set package 'minibot' build argument 'ament_cmake_args' from command line to 'None'
[1.069s] Level 5:colcon.colcon_core.verb:set package 'minibot' build argument 'catkin_cmake_args' from command line to 'None'
[1.069s] Level 5:colcon.colcon_core.verb:set package 'minibot' build argument 'catkin_skip_building_tests' from command line to 'False'
[1.069s] DEBUG:colcon.colcon_core.verb:Building package 'minibot' with the following arguments: {'ament_cmake_args': None, 'build_base': '/home/brilliant/ros2_ws/build/minibot', 'catkin_cmake_args': None, 'catkin_skip_building_tests': False, 'cmake_args': None, 'cmake_clean_cache': False, 'cmake_clean_first': False, 'cmake_force_configure': False, 'cmake_target': None, 'cmake_target_skip_unavailable': False, 'install_base': '/home/brilliant/ros2_ws/install/minibot', 'merge_install': False, 'path': '/home/brilliant/ros2_ws/src/minibot', 'symlink_install': True, 'test_result_base': None}
[1.070s] Level 5:colcon.colcon_core.verb:set package 'nav2_common' build argument 'cmake_args' from command line to 'None'
[1.071s] Level 5:colcon.colcon_core.verb:set package 'nav2_common' build argument 'cmake_target' from command line to 'None'
[1.071s] Level 5:colcon.colcon_core.verb:set package 'nav2_common' build argument 'cmake_target_skip_unavailable' from command line to 'False'
[1.071s] Level 5:colcon.colcon_core.verb:set package 'nav2_common' build argument 'cmake_clean_cache' from command line to 'False'
[1.072s] Level 5:colcon.colcon_core.verb:set package 'nav2_common' build argument 'cmake_clean_first' from command line to 'False'
[1.072s] Level 5:colcon.colcon_core.verb:set package 'nav2_common' build argument 'cmake_force_configure' from command line to 'False'
[1.072s] Level 5:colcon.colcon_core.verb:set package 'nav2_common' build argument 'ament_cmake_args' from command line to 'None'
[1.072s] Level 5:colcon.colcon_core.verb:set package 'nav2_common' build argument 'catkin_cmake_args' from command line to 'None'
[1.072s] Level 5:colcon.colcon_core.verb:set package 'nav2_common' build argument 'catkin_skip_building_tests' from command line to 'False'
[1.072s] DEBUG:colcon.colcon_core.verb:Building package 'nav2_common' with the following arguments: {'ament_cmake_args': None, 'build_base': '/home/brilliant/ros2_ws/build/nav2_common', 'catkin_cmake_args': None, 'catkin_skip_building_tests': False, 'cmake_args': None, 'cmake_clean_cache': False, 'cmake_clean_first': False, 'cmake_force_configure': False, 'cmake_target': None, 'cmake_target_skip_unavailable': False, 'install_base': '/home/brilliant/ros2_ws/install/nav2_common', 'merge_install': False, 'path': '/home/brilliant/ros2_ws/src/navigation2/nav2_common', 'symlink_install': True, 'test_result_base': None}
[1.073s] Level 5:colcon.colcon_core.verb:set package 'nav2_loopback_sim' build argument 'cmake_args' from command line to 'None'
[1.073s] Level 5:colcon.colcon_core.verb:set package 'nav2_loopback_sim' build argument 'cmake_target' from command line to 'None'
[1.073s] Level 5:colcon.colcon_core.verb:set package 'nav2_loopback_sim' build argument 'cmake_target_skip_unavailable' from command line to 'False'
[1.073s] Level 5:colcon.colcon_core.verb:set package 'nav2_loopback_sim' build argument 'cmake_clean_cache' from command line to 'False'
[1.073s] Level 5:colcon.colcon_core.verb:set package 'nav2_loopback_sim' build argument 'cmake_clean_first' from command line to 'False'
[1.073s] Level 5:colcon.colcon_core.verb:set package 'nav2_loopback_sim' build argument 'cmake_force_configure' from command line to 'False'
[1.073s] Level 5:colcon.colcon_core.verb:set package 'nav2_loopback_sim' build argument 'ament_cmake_args' from command line to 'None'
[1.073s] Level 5:colcon.colcon_core.verb:set package 'nav2_loopback_sim' build argument 'catkin_cmake_args' from command line to 'None'
[1.073s] Level 5:colcon.colcon_core.verb:set package 'nav2_loopback_sim' build argument 'catkin_skip_building_tests' from command line to 'False'
[1.073s] DEBUG:colcon.colcon_core.verb:Building package 'nav2_loopback_sim' with the following arguments: {'ament_cmake_args': None, 'build_base': '/home/brilliant/ros2_ws/build/nav2_loopback_sim', 'catkin_cmake_args': None, 'catkin_skip_building_tests': False, 'cmake_args': None, 'cmake_clean_cache': False, 'cmake_clean_first': False, 'cmake_force_configure': False, 'cmake_target': None, 'cmake_target_skip_unavailable': False, 'install_base': '/home/brilliant/ros2_ws/install/nav2_loopback_sim', 'merge_install': False, 'path': '/home/brilliant/ros2_ws/src/navigation2/nav2_loopback_sim', 'symlink_install': True, 'test_result_base': None}
[1.074s] Level 5:colcon.colcon_core.verb:set package 'nav_2d_msgs' build argument 'cmake_args' from command line to 'None'
[1.074s] Level 5:colcon.colcon_core.verb:set package 'nav_2d_msgs' build argument 'cmake_target' from command line to 'None'
[1.074s] Level 5:colcon.colcon_core.verb:set package 'nav_2d_msgs' build argument 'cmake_target_skip_unavailable' from command line to 'False'
[1.074s] Level 5:colcon.colcon_core.verb:set package 'nav_2d_msgs' build argument 'cmake_clean_cache' from command line to 'False'
[1.074s] Level 5:colcon.colcon_core.verb:set package 'nav_2d_msgs' build argument 'cmake_clean_first' from command line to 'False'
[1.074s] Level 5:colcon.colcon_core.verb:set package 'nav_2d_msgs' build argument 'cmake_force_configure' from command line to 'False'
[1.074s] Level 5:colcon.colcon_core.verb:set package 'nav_2d_msgs' build argument 'ament_cmake_args' from command line to 'None'
[1.074s] Level 5:colcon.colcon_core.verb:set package 'nav_2d_msgs' build argument 'catkin_cmake_args' from command line to 'None'
[1.074s] Level 5:colcon.colcon_core.verb:set package 'nav_2d_msgs' build argument 'catkin_skip_building_tests' from command line to 'False'
[1.074s] DEBUG:colcon.colcon_core.verb:Building package 'nav_2d_msgs' with the following arguments: {'ament_cmake_args': None, 'build_base': '/home/brilliant/ros2_ws/build/nav_2d_msgs', 'catkin_cmake_args': None, 'catkin_skip_building_tests': False, 'cmake_args': None, 'cmake_clean_cache': False, 'cmake_clean_first': False, 'cmake_force_configure': False, 'cmake_target': None, 'cmake_target_skip_unavailable': False, 'install_base': '/home/brilliant/ros2_ws/install/nav_2d_msgs', 'merge_install': False, 'path': '/home/brilliant/ros2_ws/src/navigation2/nav2_dwb_controller/nav_2d_msgs', 'symlink_install': True, 'test_result_base': None}
[1.075s] Level 5:colcon.colcon_core.verb:set package 'serial' build argument 'cmake_args' from command line to 'None'
[1.075s] Level 5:colcon.colcon_core.verb:set package 'serial' build argument 'cmake_target' from command line to 'None'
[1.076s] Level 5:colcon.colcon_core.verb:set package 'serial' build argument 'cmake_target_skip_unavailable' from command line to 'False'
[1.076s] Level 5:colcon.colcon_core.verb:set package 'serial' build argument 'cmake_clean_cache' from command line to 'False'
[1.076s] Level 5:colcon.colcon_core.verb:set package 'serial' build argument 'cmake_clean_first' from command line to 'False'
[1.076s] Level 5:colcon.colcon_core.verb:set package 'serial' build argument 'cmake_force_configure' from command line to 'False'
[1.076s] Level 5:colcon.colcon_core.verb:set package 'serial' build argument 'ament_cmake_args' from command line to 'None'
[1.076s] Level 5:colcon.colcon_core.verb:set package 'serial' build argument 'catkin_cmake_args' from command line to 'None'
[1.076s] Level 5:colcon.colcon_core.verb:set package 'serial' build argument 'catkin_skip_building_tests' from command line to 'False'
[1.076s] DEBUG:colcon.colcon_core.verb:Building package 'serial' with the following arguments: {'ament_cmake_args': None, 'build_base': '/home/brilliant/ros2_ws/build/serial', 'catkin_cmake_args': None, 'catkin_skip_building_tests': False, 'cmake_args': None, 'cmake_clean_cache': False, 'cmake_clean_first': False, 'cmake_force_configure': False, 'cmake_target': None, 'cmake_target_skip_unavailable': False, 'install_base': '/home/brilliant/ros2_ws/install/serial', 'merge_install': False, 'path': '/home/brilliant/ros2_ws/src/serial', 'symlink_install': True, 'test_result_base': None}
[1.077s] Level 5:colcon.colcon_core.verb:set package 'sllidar_ros2' build argument 'cmake_args' from command line to 'None'
[1.077s] Level 5:colcon.colcon_core.verb:set package 'sllidar_ros2' build argument 'cmake_target' from command line to 'None'
[1.077s] Level 5:colcon.colcon_core.verb:set package 'sllidar_ros2' build argument 'cmake_target_skip_unavailable' from command line to 'False'
[1.077s] Level 5:colcon.colcon_core.verb:set package 'sllidar_ros2' build argument 'cmake_clean_cache' from command line to 'False'
[1.077s] Level 5:colcon.colcon_core.verb:set package 'sllidar_ros2' build argument 'cmake_clean_first' from command line to 'False'
[1.077s] Level 5:colcon.colcon_core.verb:set package 'sllidar_ros2' build argument 'cmake_force_configure' from command line to 'False'
[1.077s] Level 5:colcon.colcon_core.verb:set package 'sllidar_ros2' build argument 'ament_cmake_args' from command line to 'None'
[1.077s] Level 5:colcon.colcon_core.verb:set package 'sllidar_ros2' build argument 'catkin_cmake_args' from command line to 'None'
[1.077s] Level 5:colcon.colcon_core.verb:set package 'sllidar_ros2' build argument 'catkin_skip_building_tests' from command line to 'False'
[1.077s] DEBUG:colcon.colcon_core.verb:Building package 'sllidar_ros2' with the following arguments: {'ament_cmake_args': None, 'build_base': '/home/brilliant/ros2_ws/build/sllidar_ros2', 'catkin_cmake_args': None, 'catkin_skip_building_tests': False, 'cmake_args': None, 'cmake_clean_cache': False, 'cmake_clean_first': False, 'cmake_force_configure': False, 'cmake_target': None, 'cmake_target_skip_unavailable': False, 'install_base': '/home/brilliant/ros2_ws/install/sllidar_ros2', 'merge_install': False, 'path': '/home/brilliant/ros2_ws/src/sllidar_ros2', 'symlink_install': True, 'test_result_base': None}
[1.078s] Level 5:colcon.colcon_core.verb:set package 'twist_stamper' build argument 'cmake_args' from command line to 'None'
[1.078s] Level 5:colcon.colcon_core.verb:set package 'twist_stamper' build argument 'cmake_target' from command line to 'None'
[1.078s] Level 5:colcon.colcon_core.verb:set package 'twist_stamper' build argument 'cmake_target_skip_unavailable' from command line to 'False'
[1.078s] Level 5:colcon.colcon_core.verb:set package 'twist_stamper' build argument 'cmake_clean_cache' from command line to 'False'
[1.078s] Level 5:colcon.colcon_core.verb:set package 'twist_stamper' build argument 'cmake_clean_first' from command line to 'False'
[1.078s] Level 5:colcon.colcon_core.verb:set package 'twist_stamper' build argument 'cmake_force_configure' from command line to 'False'
[1.078s] Level 5:colcon.colcon_core.verb:set package 'twist_stamper' build argument 'ament_cmake_args' from command line to 'None'
[1.078s] Level 5:colcon.colcon_core.verb:set package 'twist_stamper' build argument 'catkin_cmake_args' from command line to 'None'
[1.078s] Level 5:colcon.colcon_core.verb:set package 'twist_stamper' build argument 'catkin_skip_building_tests' from command line to 'False'
[1.079s] DEBUG:colcon.colcon_core.verb:Building package 'twist_stamper' with the following arguments: {'ament_cmake_args': None, 'build_base': '/home/brilliant/ros2_ws/build/twist_stamper', 'catkin_cmake_args': None, 'catkin_skip_building_tests': False, 'cmake_args': None, 'cmake_clean_cache': False, 'cmake_clean_first': False, 'cmake_force_configure': False, 'cmake_target': None, 'cmake_target_skip_unavailable': False, 'install_base': '/home/brilliant/ros2_ws/install/twist_stamper', 'merge_install': False, 'path': '/home/brilliant/ros2_ws/src/twist_stamper', 'symlink_install': True, 'test_result_base': None}
[1.079s] Level 5:colcon.colcon_core.verb:set package 'dwb_msgs' build argument 'cmake_args' from command line to 'None'
[1.079s] Level 5:colcon.colcon_core.verb:set package 'dwb_msgs' build argument 'cmake_target' from command line to 'None'
[1.079s] Level 5:colcon.colcon_core.verb:set package 'dwb_msgs' build argument 'cmake_target_skip_unavailable' from command line to 'False'
[1.080s] Level 5:colcon.colcon_core.verb:set package 'dwb_msgs' build argument 'cmake_clean_cache' from command line to 'False'
[1.080s] Level 5:colcon.colcon_core.verb:set package 'dwb_msgs' build argument 'cmake_clean_first' from command line to 'False'
[1.080s] Level 5:colcon.colcon_core.verb:set package 'dwb_msgs' build argument 'cmake_force_configure' from command line to 'False'
[1.080s] Level 5:colcon.colcon_core.verb:set package 'dwb_msgs' build argument 'ament_cmake_args' from command line to 'None'
[1.080s] Level 5:colcon.colcon_core.verb:set package 'dwb_msgs' build argument 'catkin_cmake_args' from command line to 'None'
[1.080s] Level 5:colcon.colcon_core.verb:set package 'dwb_msgs' build argument 'catkin_skip_building_tests' from command line to 'False'
[1.080s] DEBUG:colcon.colcon_core.verb:Building package 'dwb_msgs' with the following arguments: {'ament_cmake_args': None, 'build_base': '/home/brilliant/ros2_ws/build/dwb_msgs', 'catkin_cmake_args': None, 'catkin_skip_building_tests': False, 'cmake_args': None, 'cmake_clean_cache': False, 'cmake_clean_first': False, 'cmake_force_configure': False, 'cmake_target': None, 'cmake_target_skip_unavailable': False, 'install_base': '/home/brilliant/ros2_ws/install/dwb_msgs', 'merge_install': False, 'path': '/home/brilliant/ros2_ws/src/navigation2/nav2_dwb_controller/dwb_msgs', 'symlink_install': True, 'test_result_base': None}
[1.081s] Level 5:colcon.colcon_core.verb:set package 'nav2_msgs' build argument 'cmake_args' from command line to 'None'
[1.081s] Level 5:colcon.colcon_core.verb:set package 'nav2_msgs' build argument 'cmake_target' from command line to 'None'
[1.081s] Level 5:colcon.colcon_core.verb:set package 'nav2_msgs' build argument 'cmake_target_skip_unavailable' from command line to 'False'
[1.081s] Level 5:colcon.colcon_core.verb:set package 'nav2_msgs' build argument 'cmake_clean_cache' from command line to 'False'
[1.081s] Level 5:colcon.colcon_core.verb:set package 'nav2_msgs' build argument 'cmake_clean_first' from command line to 'False'
[1.081s] Level 5:colcon.colcon_core.verb:set package 'nav2_msgs' build argument 'cmake_force_configure' from command line to 'False'
[1.081s] Level 5:colcon.colcon_core.verb:set package 'nav2_msgs' build argument 'ament_cmake_args' from command line to 'None'
[1.081s] Level 5:colcon.colcon_core.verb:set package 'nav2_msgs' build argument 'catkin_cmake_args' from command line to 'None'
[1.081s] Level 5:colcon.colcon_core.verb:set package 'nav2_msgs' build argument 'catkin_skip_building_tests' from command line to 'False'
[1.081s] DEBUG:colcon.colcon_core.verb:Building package 'nav2_msgs' with the following arguments: {'ament_cmake_args': None, 'build_base': '/home/brilliant/ros2_ws/build/nav2_msgs', 'catkin_cmake_args': None, 'catkin_skip_building_tests': False, 'cmake_args': None, 'cmake_clean_cache': False, 'cmake_clean_first': False, 'cmake_force_configure': False, 'cmake_target': None, 'cmake_target_skip_unavailable': False, 'install_base': '/home/brilliant/ros2_ws/install/nav2_msgs', 'merge_install': False, 'path': '/home/brilliant/ros2_ws/src/navigation2/nav2_msgs', 'symlink_install': True, 'test_result_base': None}
[1.082s] Level 5:colcon.colcon_core.verb:set package 'nav2_voxel_grid' build argument 'cmake_args' from command line to 'None'
[1.082s] Level 5:colcon.colcon_core.verb:set package 'nav2_voxel_grid' build argument 'cmake_target' from command line to 'None'
[1.082s] Level 5:colcon.colcon_core.verb:set package 'nav2_voxel_grid' build argument 'cmake_target_skip_unavailable' from command line to 'False'
[1.082s] Level 5:colcon.colcon_core.verb:set package 'nav2_voxel_grid' build argument 'cmake_clean_cache' from command line to 'False'
[1.082s] Level 5:colcon.colcon_core.verb:set package 'nav2_voxel_grid' build argument 'cmake_clean_first' from command line to 'False'
[1.082s] Level 5:colcon.colcon_core.verb:set package 'nav2_voxel_grid' build argument 'cmake_force_configure' from command line to 'False'
[1.082s] Level 5:colcon.colcon_core.verb:set package 'nav2_voxel_grid' build argument 'ament_cmake_args' from command line to 'None'
[1.082s] Level 5:colcon.colcon_core.verb:set package 'nav2_voxel_grid' build argument 'catkin_cmake_args' from command line to 'None'
[1.082s] Level 5:colcon.colcon_core.verb:set package 'nav2_voxel_grid' build argument 'catkin_skip_building_tests' from command line to 'False'
[1.082s] DEBUG:colcon.colcon_core.verb:Building package 'nav2_voxel_grid' with the following arguments: {'ament_cmake_args': None, 'build_base': '/home/brilliant/ros2_ws/build/nav2_voxel_grid', 'catkin_cmake_args': None, 'catkin_skip_building_tests': False, 'cmake_args': None, 'cmake_clean_cache': False, 'cmake_clean_first': False, 'cmake_force_configure': False, 'cmake_target': None, 'cmake_target_skip_unavailable': False, 'install_base': '/home/brilliant/ros2_ws/install/nav2_voxel_grid', 'merge_install': False, 'path': '/home/brilliant/ros2_ws/src/navigation2/nav2_voxel_grid', 'symlink_install': True, 'test_result_base': None}
[1.083s] Level 5:colcon.colcon_core.verb:set package 'nav2_simple_commander' build argument 'cmake_args' from command line to 'None'
[1.083s] Level 5:colcon.colcon_core.verb:set package 'nav2_simple_commander' build argument 'cmake_target' from command line to 'None'
[1.083s] Level 5:colcon.colcon_core.verb:set package 'nav2_simple_commander' build argument 'cmake_target_skip_unavailable' from command line to 'False'
[1.083s] Level 5:colcon.colcon_core.verb:set package 'nav2_simple_commander' build argument 'cmake_clean_cache' from command line to 'False'
[1.084s] Level 5:colcon.colcon_core.verb:set package 'nav2_simple_commander' build argument 'cmake_clean_first' from command line to 'False'
[1.084s] Level 5:colcon.colcon_core.verb:set package 'nav2_simple_commander' build argument 'cmake_force_configure' from command line to 'False'
[1.084s] Level 5:colcon.colcon_core.verb:set package 'nav2_simple_commander' build argument 'ament_cmake_args' from command line to 'None'
[1.084s] Level 5:colcon.colcon_core.verb:set package 'nav2_simple_commander' build argument 'catkin_cmake_args' from command line to 'None'
[1.084s] Level 5:colcon.colcon_core.verb:set package 'nav2_simple_commander' build argument 'catkin_skip_building_tests' from command line to 'False'
[1.084s] DEBUG:colcon.colcon_core.verb:Building package 'nav2_simple_commander' with the following arguments: {'ament_cmake_args': None, 'build_base': '/home/brilliant/ros2_ws/build/nav2_simple_commander', 'catkin_cmake_args': None, 'catkin_skip_building_tests': False, 'cmake_args': None, 'cmake_clean_cache': False, 'cmake_clean_first': False, 'cmake_force_configure': False, 'cmake_target': None, 'cmake_target_skip_unavailable': False, 'install_base': '/home/brilliant/ros2_ws/install/nav2_simple_commander', 'merge_install': False, 'path': '/home/brilliant/ros2_ws/src/navigation2/nav2_simple_commander', 'symlink_install': True, 'test_result_base': None}
[1.085s] Level 5:colcon.colcon_core.verb:set package 'nav2_util' build argument 'cmake_args' from command line to 'None'
[1.085s] Level 5:colcon.colcon_core.verb:set package 'nav2_util' build argument 'cmake_target' from command line to 'None'
[1.085s] Level 5:colcon.colcon_core.verb:set package 'nav2_util' build argument 'cmake_target_skip_unavailable' from command line to 'False'
[1.085s] Level 5:colcon.colcon_core.verb:set package 'nav2_util' build argument 'cmake_clean_cache' from command line to 'False'
[1.085s] Level 5:colcon.colcon_core.verb:set package 'nav2_util' build argument 'cmake_clean_first' from command line to 'False'
[1.085s] Level 5:colcon.colcon_core.verb:set package 'nav2_util' build argument 'cmake_force_configure' from command line to 'False'
[1.085s] Level 5:colcon.colcon_core.verb:set package 'nav2_util' build argument 'ament_cmake_args' from command line to 'None'
[1.085s] Level 5:colcon.colcon_core.verb:set package 'nav2_util' build argument 'catkin_cmake_args' from command line to 'None'
[1.085s] Level 5:colcon.colcon_core.verb:set package 'nav2_util' build argument 'catkin_skip_building_tests' from command line to 'False'
[1.085s] DEBUG:colcon.colcon_core.verb:Building package 'nav2_util' with the following arguments: {'ament_cmake_args': None, 'build_base': '/home/brilliant/ros2_ws/build/nav2_util', 'catkin_cmake_args': None, 'catkin_skip_building_tests': False, 'cmake_args': None, 'cmake_clean_cache': False, 'cmake_clean_first': False, 'cmake_force_configure': False, 'cmake_target': None, 'cmake_target_skip_unavailable': False, 'install_base': '/home/brilliant/ros2_ws/install/nav2_util', 'merge_install': False, 'path': '/home/brilliant/ros2_ws/src/navigation2/nav2_util', 'symlink_install': True, 'test_result_base': None}
[1.086s] Level 5:colcon.colcon_core.verb:set package 'nav2_amcl' build argument 'cmake_args' from command line to 'None'
[1.086s] Level 5:colcon.colcon_core.verb:set package 'nav2_amcl' build argument 'cmake_target' from command line to 'None'
[1.086s] Level 5:colcon.colcon_core.verb:set package 'nav2_amcl' build argument 'cmake_target_skip_unavailable' from command line to 'False'
[1.086s] Level 5:colcon.colcon_core.verb:set package 'nav2_amcl' build argument 'cmake_clean_cache' from command line to 'False'
[1.086s] Level 5:colcon.colcon_core.verb:set package 'nav2_amcl' build argument 'cmake_clean_first' from command line to 'False'
[1.086s] Level 5:colcon.colcon_core.verb:set package 'nav2_amcl' build argument 'cmake_force_configure' from command line to 'False'
[1.086s] Level 5:colcon.colcon_core.verb:set package 'nav2_amcl' build argument 'ament_cmake_args' from command line to 'None'
[1.086s] Level 5:colcon.colcon_core.verb:set package 'nav2_amcl' build argument 'catkin_cmake_args' from command line to 'None'
[1.086s] Level 5:colcon.colcon_core.verb:set package 'nav2_amcl' build argument 'catkin_skip_building_tests' from command line to 'False'
[1.087s] DEBUG:colcon.colcon_core.verb:Building package 'nav2_amcl' with the following arguments: {'ament_cmake_args': None, 'build_base': '/home/brilliant/ros2_ws/build/nav2_amcl', 'catkin_cmake_args': None, 'catkin_skip_building_tests': False, 'cmake_args': None, 'cmake_clean_cache': False, 'cmake_clean_first': False, 'cmake_force_configure': False, 'cmake_target': None, 'cmake_target_skip_unavailable': False, 'install_base': '/home/brilliant/ros2_ws/install/nav2_amcl', 'merge_install': False, 'path': '/home/brilliant/ros2_ws/src/navigation2/nav2_amcl', 'symlink_install': True, 'test_result_base': None}
[1.087s] Level 5:colcon.colcon_core.verb:set package 'nav2_behavior_tree' build argument 'cmake_args' from command line to 'None'
[1.087s] Level 5:colcon.colcon_core.verb:set package 'nav2_behavior_tree' build argument 'cmake_target' from command line to 'None'
[1.087s] Level 5:colcon.colcon_core.verb:set package 'nav2_behavior_tree' build argument 'cmake_target_skip_unavailable' from command line to 'False'
[1.088s] Level 5:colcon.colcon_core.verb:set package 'nav2_behavior_tree' build argument 'cmake_clean_cache' from command line to 'False'
[1.088s] Level 5:colcon.colcon_core.verb:set package 'nav2_behavior_tree' build argument 'cmake_clean_first' from command line to 'False'
[1.088s] Level 5:colcon.colcon_core.verb:set package 'nav2_behavior_tree' build argument 'cmake_force_configure' from command line to 'False'
[1.088s] Level 5:colcon.colcon_core.verb:set package 'nav2_behavior_tree' build argument 'ament_cmake_args' from command line to 'None'
[1.088s] Level 5:colcon.colcon_core.verb:set package 'nav2_behavior_tree' build argument 'catkin_cmake_args' from command line to 'None'
[1.088s] Level 5:colcon.colcon_core.verb:set package 'nav2_behavior_tree' build argument 'catkin_skip_building_tests' from command line to 'False'
[1.088s] DEBUG:colcon.colcon_core.verb:Building package 'nav2_behavior_tree' with the following arguments: {'ament_cmake_args': None, 'build_base': '/home/brilliant/ros2_ws/build/nav2_behavior_tree', 'catkin_cmake_args': None, 'catkin_skip_building_tests': False, 'cmake_args': None, 'cmake_clean_cache': False, 'cmake_clean_first': False, 'cmake_force_configure': False, 'cmake_target': None, 'cmake_target_skip_unavailable': False, 'install_base': '/home/brilliant/ros2_ws/install/nav2_behavior_tree', 'merge_install': False, 'path': '/home/brilliant/ros2_ws/src/navigation2/nav2_behavior_tree', 'symlink_install': True, 'test_result_base': None}
[1.089s] Level 5:colcon.colcon_core.verb:set package 'nav2_lifecycle_manager' build argument 'cmake_args' from command line to 'None'
[1.089s] Level 5:colcon.colcon_core.verb:set package 'nav2_lifecycle_manager' build argument 'cmake_target' from command line to 'None'
[1.089s] Level 5:colcon.colcon_core.verb:set package 'nav2_lifecycle_manager' build argument 'cmake_target_skip_unavailable' from command line to 'False'
[1.089s] Level 5:colcon.colcon_core.verb:set package 'nav2_lifecycle_manager' build argument 'cmake_clean_cache' from command line to 'False'
[1.089s] Level 5:colcon.colcon_core.verb:set package 'nav2_lifecycle_manager' build argument 'cmake_clean_first' from command line to 'False'
[1.089s] Level 5:colcon.colcon_core.verb:set package 'nav2_lifecycle_manager' build argument 'cmake_force_configure' from command line to 'False'
[1.089s] Level 5:colcon.colcon_core.verb:set package 'nav2_lifecycle_manager' build argument 'ament_cmake_args' from command line to 'None'
[1.089s] Level 5:colcon.colcon_core.verb:set package 'nav2_lifecycle_manager' build argument 'catkin_cmake_args' from command line to 'None'
[1.089s] Level 5:colcon.colcon_core.verb:set package 'nav2_lifecycle_manager' build argument 'catkin_skip_building_tests' from command line to 'False'
[1.089s] DEBUG:colcon.colcon_core.verb:Building package 'nav2_lifecycle_manager' with the following arguments: {'ament_cmake_args': None, 'build_base': '/home/brilliant/ros2_ws/build/nav2_lifecycle_manager', 'catkin_cmake_args': None, 'catkin_skip_building_tests': False, 'cmake_args': None, 'cmake_clean_cache': False, 'cmake_clean_first': False, 'cmake_force_configure': False, 'cmake_target': None, 'cmake_target_skip_unavailable': False, 'install_base': '/home/brilliant/ros2_ws/install/nav2_lifecycle_manager', 'merge_install': False, 'path': '/home/brilliant/ros2_ws/src/navigation2/nav2_lifecycle_manager', 'symlink_install': True, 'test_result_base': None}
[1.090s] Level 5:colcon.colcon_core.verb:set package 'nav2_map_server' build argument 'cmake_args' from command line to 'None'
[1.090s] Level 5:colcon.colcon_core.verb:set package 'nav2_map_server' build argument 'cmake_target' from command line to 'None'
[1.090s] Level 5:colcon.colcon_core.verb:set package 'nav2_map_server' build argument 'cmake_target_skip_unavailable' from command line to 'False'
[1.090s] Level 5:colcon.colcon_core.verb:set package 'nav2_map_server' build argument 'cmake_clean_cache' from command line to 'False'
[1.090s] Level 5:colcon.colcon_core.verb:set package 'nav2_map_server' build argument 'cmake_clean_first' from command line to 'False'
[1.090s] Level 5:colcon.colcon_core.verb:set package 'nav2_map_server' build argument 'cmake_force_configure' from command line to 'False'
[1.090s] Level 5:colcon.colcon_core.verb:set package 'nav2_map_server' build argument 'ament_cmake_args' from command line to 'None'
[1.090s] Level 5:colcon.colcon_core.verb:set package 'nav2_map_server' build argument 'catkin_cmake_args' from command line to 'None'
[1.090s] Level 5:colcon.colcon_core.verb:set package 'nav2_map_server' build argument 'catkin_skip_building_tests' from command line to 'False'
[1.091s] DEBUG:colcon.colcon_core.verb:Building package 'nav2_map_server' with the following arguments: {'ament_cmake_args': None, 'build_base': '/home/brilliant/ros2_ws/build/nav2_map_server', 'catkin_cmake_args': None, 'catkin_skip_building_tests': False, 'cmake_args': None, 'cmake_clean_cache': False, 'cmake_clean_first': False, 'cmake_force_configure': False, 'cmake_target': None, 'cmake_target_skip_unavailable': False, 'install_base': '/home/brilliant/ros2_ws/install/nav2_map_server', 'merge_install': False, 'path': '/home/brilliant/ros2_ws/src/navigation2/nav2_map_server', 'symlink_install': True, 'test_result_base': None}
[1.091s] Level 5:colcon.colcon_core.verb:set package 'nav2_velocity_smoother' build argument 'cmake_args' from command line to 'None'
[1.091s] Level 5:colcon.colcon_core.verb:set package 'nav2_velocity_smoother' build argument 'cmake_target' from command line to 'None'
[1.092s] Level 5:colcon.colcon_core.verb:set package 'nav2_velocity_smoother' build argument 'cmake_target_skip_unavailable' from command line to 'False'
[1.092s] Level 5:colcon.colcon_core.verb:set package 'nav2_velocity_smoother' build argument 'cmake_clean_cache' from command line to 'False'
[1.092s] Level 5:colcon.colcon_core.verb:set package 'nav2_velocity_smoother' build argument 'cmake_clean_first' from command line to 'False'
[1.092s] Level 5:colcon.colcon_core.verb:set package 'nav2_velocity_smoother' build argument 'cmake_force_configure' from command line to 'False'
[1.092s] Level 5:colcon.colcon_core.verb:set package 'nav2_velocity_smoother' build argument 'ament_cmake_args' from command line to 'None'
[1.092s] Level 5:colcon.colcon_core.verb:set package 'nav2_velocity_smoother' build argument 'catkin_cmake_args' from command line to 'None'
[1.092s] Level 5:colcon.colcon_core.verb:set package 'nav2_velocity_smoother' build argument 'catkin_skip_building_tests' from command line to 'False'
[1.092s] DEBUG:colcon.colcon_core.verb:Building package 'nav2_velocity_smoother' with the following arguments: {'ament_cmake_args': None, 'build_base': '/home/brilliant/ros2_ws/build/nav2_velocity_smoother', 'catkin_cmake_args': None, 'catkin_skip_building_tests': False, 'cmake_args': None, 'cmake_clean_cache': False, 'cmake_clean_first': False, 'cmake_force_configure': False, 'cmake_target': None, 'cmake_target_skip_unavailable': False, 'install_base': '/home/brilliant/ros2_ws/install/nav2_velocity_smoother', 'merge_install': False, 'path': '/home/brilliant/ros2_ws/src/navigation2/nav2_velocity_smoother', 'symlink_install': True, 'test_result_base': None}
[1.093s] Level 5:colcon.colcon_core.verb:set package 'nav_2d_utils' build argument 'cmake_args' from command line to 'None'
[1.093s] Level 5:colcon.colcon_core.verb:set package 'nav_2d_utils' build argument 'cmake_target' from command line to 'None'
[1.093s] Level 5:colcon.colcon_core.verb:set package 'nav_2d_utils' build argument 'cmake_target_skip_unavailable' from command line to 'False'
[1.093s] Level 5:colcon.colcon_core.verb:set package 'nav_2d_utils' build argument 'cmake_clean_cache' from command line to 'False'
[1.093s] Level 5:colcon.colcon_core.verb:set package 'nav_2d_utils' build argument 'cmake_clean_first' from command line to 'False'
[1.094s] Level 5:colcon.colcon_core.verb:set package 'nav_2d_utils' build argument 'cmake_force_configure' from command line to 'False'
[1.094s] Level 5:colcon.colcon_core.verb:set package 'nav_2d_utils' build argument 'ament_cmake_args' from command line to 'None'
[1.094s] Level 5:colcon.colcon_core.verb:set package 'nav_2d_utils' build argument 'catkin_cmake_args' from command line to 'None'
[1.094s] Level 5:colcon.colcon_core.verb:set package 'nav_2d_utils' build argument 'catkin_skip_building_tests' from command line to 'False'
[1.094s] DEBUG:colcon.colcon_core.verb:Building package 'nav_2d_utils' with the following arguments: {'ament_cmake_args': None, 'build_base': '/home/brilliant/ros2_ws/build/nav_2d_utils', 'catkin_cmake_args': None, 'catkin_skip_building_tests': False, 'cmake_args': None, 'cmake_clean_cache': False, 'cmake_clean_first': False, 'cmake_force_configure': False, 'cmake_target': None, 'cmake_target_skip_unavailable': False, 'install_base': '/home/brilliant/ros2_ws/install/nav_2d_utils', 'merge_install': False, 'path': '/home/brilliant/ros2_ws/src/navigation2/nav2_dwb_controller/nav_2d_utils', 'symlink_install': True, 'test_result_base': None}
[1.095s] Level 5:colcon.colcon_core.verb:set package 'opennav_docking_core' build argument 'cmake_args' from command line to 'None'
[1.095s] Level 5:colcon.colcon_core.verb:set package 'opennav_docking_core' build argument 'cmake_target' from command line to 'None'
[1.095s] Level 5:colcon.colcon_core.verb:set package 'opennav_docking_core' build argument 'cmake_target_skip_unavailable' from command line to 'False'
[1.096s] Level 5:colcon.colcon_core.verb:set package 'opennav_docking_core' build argument 'cmake_clean_cache' from command line to 'False'
[1.096s] Level 5:colcon.colcon_core.verb:set package 'opennav_docking_core' build argument 'cmake_clean_first' from command line to 'False'
[1.096s] Level 5:colcon.colcon_core.verb:set package 'opennav_docking_core' build argument 'cmake_force_configure' from command line to 'False'
[1.096s] Level 5:colcon.colcon_core.verb:set package 'opennav_docking_core' build argument 'ament_cmake_args' from command line to 'None'
[1.097s] Level 5:colcon.colcon_core.verb:set package 'opennav_docking_core' build argument 'catkin_cmake_args' from command line to 'None'
[1.097s] Level 5:colcon.colcon_core.verb:set package 'opennav_docking_core' build argument 'catkin_skip_building_tests' from command line to 'False'
[1.097s] DEBUG:colcon.colcon_core.verb:Building package 'opennav_docking_core' with the following arguments: {'ament_cmake_args': None, 'build_base': '/home/brilliant/ros2_ws/build/opennav_docking_core', 'catkin_cmake_args': None, 'catkin_skip_building_tests': False, 'cmake_args': None, 'cmake_clean_cache': False, 'cmake_clean_first': False, 'cmake_force_configure': False, 'cmake_target': None, 'cmake_target_skip_unavailable': False, 'install_base': '/home/brilliant/ros2_ws/install/opennav_docking_core', 'merge_install': False, 'path': '/home/brilliant/ros2_ws/src/navigation2/nav2_docking/opennav_docking_core', 'symlink_install': True, 'test_result_base': None}
[1.098s] Level 5:colcon.colcon_core.verb:set package 'nav2_costmap_2d' build argument 'cmake_args' from command line to 'None'
[1.098s] Level 5:colcon.colcon_core.verb:set package 'nav2_costmap_2d' build argument 'cmake_target' from command line to 'None'
[1.099s] Level 5:colcon.colcon_core.verb:set package 'nav2_costmap_2d' build argument 'cmake_target_skip_unavailable' from command line to 'False'
[1.099s] Level 5:colcon.colcon_core.verb:set package 'nav2_costmap_2d' build argument 'cmake_clean_cache' from command line to 'False'
[1.099s] Level 5:colcon.colcon_core.verb:set package 'nav2_costmap_2d' build argument 'cmake_clean_first' from command line to 'False'
[1.099s] Level 5:colcon.colcon_core.verb:set package 'nav2_costmap_2d' build argument 'cmake_force_configure' from command line to 'False'
[1.099s] Level 5:colcon.colcon_core.verb:set package 'nav2_costmap_2d' build argument 'ament_cmake_args' from command line to 'None'
[1.099s] Level 5:colcon.colcon_core.verb:set package 'nav2_costmap_2d' build argument 'catkin_cmake_args' from command line to 'None'
[1.099s] Level 5:colcon.colcon_core.verb:set package 'nav2_costmap_2d' build argument 'catkin_skip_building_tests' from command line to 'False'
[1.099s] DEBUG:colcon.colcon_core.verb:Building package 'nav2_costmap_2d' with the following arguments: {'ament_cmake_args': None, 'build_base': '/home/brilliant/ros2_ws/build/nav2_costmap_2d', 'catkin_cmake_args': None, 'catkin_skip_building_tests': False, 'cmake_args': None, 'cmake_clean_cache': False, 'cmake_clean_first': False, 'cmake_force_configure': False, 'cmake_target': None, 'cmake_target_skip_unavailable': False, 'install_base': '/home/brilliant/ros2_ws/install/nav2_costmap_2d', 'merge_install': False, 'path': '/home/brilliant/ros2_ws/src/navigation2/nav2_costmap_2d', 'symlink_install': True, 'test_result_base': None}
[1.100s] Level 5:colcon.colcon_core.verb:set package 'nav2_rviz_plugins' build argument 'cmake_args' from command line to 'None'
[1.100s] Level 5:colcon.colcon_core.verb:set package 'nav2_rviz_plugins' build argument 'cmake_target' from command line to 'None'
[1.100s] Level 5:colcon.colcon_core.verb:set package 'nav2_rviz_plugins' build argument 'cmake_target_skip_unavailable' from command line to 'False'
[1.100s] Level 5:colcon.colcon_core.verb:set package 'nav2_rviz_plugins' build argument 'cmake_clean_cache' from command line to 'False'
[1.100s] Level 5:colcon.colcon_core.verb:set package 'nav2_rviz_plugins' build argument 'cmake_clean_first' from command line to 'False'
[1.100s] Level 5:colcon.colcon_core.verb:set package 'nav2_rviz_plugins' build argument 'cmake_force_configure' from command line to 'False'
[1.100s] Level 5:colcon.colcon_core.verb:set package 'nav2_rviz_plugins' build argument 'ament_cmake_args' from command line to 'None'
[1.100s] Level 5:colcon.colcon_core.verb:set package 'nav2_rviz_plugins' build argument 'catkin_cmake_args' from command line to 'None'
[1.101s] Level 5:colcon.colcon_core.verb:set package 'nav2_rviz_plugins' build argument 'catkin_skip_building_tests' from command line to 'False'
[1.101s] DEBUG:colcon.colcon_core.verb:Building package 'nav2_rviz_plugins' with the following arguments: {'ament_cmake_args': None, 'build_base': '/home/brilliant/ros2_ws/build/nav2_rviz_plugins', 'catkin_cmake_args': None, 'catkin_skip_building_tests': False, 'cmake_args': None, 'cmake_clean_cache': False, 'cmake_clean_first': False, 'cmake_force_configure': False, 'cmake_target': None, 'cmake_target_skip_unavailable': False, 'install_base': '/home/brilliant/ros2_ws/install/nav2_rviz_plugins', 'merge_install': False, 'path': '/home/brilliant/ros2_ws/src/navigation2/nav2_rviz_plugins', 'symlink_install': True, 'test_result_base': None}
[1.101s] Level 5:colcon.colcon_core.verb:set package 'costmap_queue' build argument 'cmake_args' from command line to 'None'
[1.102s] Level 5:colcon.colcon_core.verb:set package 'costmap_queue' build argument 'cmake_target' from command line to 'None'
[1.102s] Level 5:colcon.colcon_core.verb:set package 'costmap_queue' build argument 'cmake_target_skip_unavailable' from command line to 'False'
[1.102s] Level 5:colcon.colcon_core.verb:set package 'costmap_queue' build argument 'cmake_clean_cache' from command line to 'False'
[1.102s] Level 5:colcon.colcon_core.verb:set package 'costmap_queue' build argument 'cmake_clean_first' from command line to 'False'
[1.102s] Level 5:colcon.colcon_core.verb:set package 'costmap_queue' build argument 'cmake_force_configure' from command line to 'False'
[1.102s] Level 5:colcon.colcon_core.verb:set package 'costmap_queue' build argument 'ament_cmake_args' from command line to 'None'
[1.102s] Level 5:colcon.colcon_core.verb:set package 'costmap_queue' build argument 'catkin_cmake_args' from command line to 'None'
[1.102s] Level 5:colcon.colcon_core.verb:set package 'costmap_queue' build argument 'catkin_skip_building_tests' from command line to 'False'
[1.102s] DEBUG:colcon.colcon_core.verb:Building package 'costmap_queue' with the following arguments: {'ament_cmake_args': None, 'build_base': '/home/brilliant/ros2_ws/build/costmap_queue', 'catkin_cmake_args': None, 'catkin_skip_building_tests': False, 'cmake_args': None, 'cmake_clean_cache': False, 'cmake_clean_first': False, 'cmake_force_configure': False, 'cmake_target': None, 'cmake_target_skip_unavailable': False, 'install_base': '/home/brilliant/ros2_ws/install/costmap_queue', 'merge_install': False, 'path': '/home/brilliant/ros2_ws/src/navigation2/nav2_dwb_controller/costmap_queue', 'symlink_install': True, 'test_result_base': None}
[1.103s] Level 5:colcon.colcon_core.verb:set package 'nav2_collision_monitor' build argument 'cmake_args' from command line to 'None'
[1.103s] Level 5:colcon.colcon_core.verb:set package 'nav2_collision_monitor' build argument 'cmake_target' from command line to 'None'
[1.103s] Level 5:colcon.colcon_core.verb:set package 'nav2_collision_monitor' build argument 'cmake_target_skip_unavailable' from command line to 'False'
[1.103s] Level 5:colcon.colcon_core.verb:set package 'nav2_collision_monitor' build argument 'cmake_clean_cache' from command line to 'False'
[1.103s] Level 5:colcon.colcon_core.verb:set package 'nav2_collision_monitor' build argument 'cmake_clean_first' from command line to 'False'
[1.103s] Level 5:colcon.colcon_core.verb:set package 'nav2_collision_monitor' build argument 'cmake_force_configure' from command line to 'False'
[1.103s] Level 5:colcon.colcon_core.verb:set package 'nav2_collision_monitor' build argument 'ament_cmake_args' from command line to 'None'
[1.103s] Level 5:colcon.colcon_core.verb:set package 'nav2_collision_monitor' build argument 'catkin_cmake_args' from command line to 'None'
[1.103s] Level 5:colcon.colcon_core.verb:set package 'nav2_collision_monitor' build argument 'catkin_skip_building_tests' from command line to 'False'
[1.104s] DEBUG:colcon.colcon_core.verb:Building package 'nav2_collision_monitor' with the following arguments: {'ament_cmake_args': None, 'build_base': '/home/brilliant/ros2_ws/build/nav2_collision_monitor', 'catkin_cmake_args': None, 'catkin_skip_building_tests': False, 'cmake_args': None, 'cmake_clean_cache': False, 'cmake_clean_first': False, 'cmake_force_configure': False, 'cmake_target': None, 'cmake_target_skip_unavailable': False, 'install_base': '/home/brilliant/ros2_ws/install/nav2_collision_monitor', 'merge_install': False, 'path': '/home/brilliant/ros2_ws/src/navigation2/nav2_collision_monitor', 'symlink_install': True, 'test_result_base': None}
[1.104s] Level 5:colcon.colcon_core.verb:set package 'nav2_core' build argument 'cmake_args' from command line to 'None'
[1.104s] Level 5:colcon.colcon_core.verb:set package 'nav2_core' build argument 'cmake_target' from command line to 'None'
[1.104s] Level 5:colcon.colcon_core.verb:set package 'nav2_core' build argument 'cmake_target_skip_unavailable' from command line to 'False'
[1.105s] Level 5:colcon.colcon_core.verb:set package 'nav2_core' build argument 'cmake_clean_cache' from command line to 'False'
[1.105s] Level 5:colcon.colcon_core.verb:set package 'nav2_core' build argument 'cmake_clean_first' from command line to 'False'
[1.105s] Level 5:colcon.colcon_core.verb:set package 'nav2_core' build argument 'cmake_force_configure' from command line to 'False'
[1.105s] Level 5:colcon.colcon_core.verb:set package 'nav2_core' build argument 'ament_cmake_args' from command line to 'None'
[1.105s] Level 5:colcon.colcon_core.verb:set package 'nav2_core' build argument 'catkin_cmake_args' from command line to 'None'
[1.105s] Level 5:colcon.colcon_core.verb:set package 'nav2_core' build argument 'catkin_skip_building_tests' from command line to 'False'
[1.105s] DEBUG:colcon.colcon_core.verb:Building package 'nav2_core' with the following arguments: {'ament_cmake_args': None, 'build_base': '/home/brilliant/ros2_ws/build/nav2_core', 'catkin_cmake_args': None, 'catkin_skip_building_tests': False, 'cmake_args': None, 'cmake_clean_cache': False, 'cmake_clean_first': False, 'cmake_force_configure': False, 'cmake_target': None, 'cmake_target_skip_unavailable': False, 'install_base': '/home/brilliant/ros2_ws/install/nav2_core', 'merge_install': False, 'path': '/home/brilliant/ros2_ws/src/navigation2/nav2_core', 'symlink_install': True, 'test_result_base': None}
[1.106s] Level 5:colcon.colcon_core.verb:set package 'dwb_core' build argument 'cmake_args' from command line to 'None'
[1.106s] Level 5:colcon.colcon_core.verb:set package 'dwb_core' build argument 'cmake_target' from command line to 'None'
[1.106s] Level 5:colcon.colcon_core.verb:set package 'dwb_core' build argument 'cmake_target_skip_unavailable' from command line to 'False'
[1.106s] Level 5:colcon.colcon_core.verb:set package 'dwb_core' build argument 'cmake_clean_cache' from command line to 'False'
[1.106s] Level 5:colcon.colcon_core.verb:set package 'dwb_core' build argument 'cmake_clean_first' from command line to 'False'
[1.106s] Level 5:colcon.colcon_core.verb:set package 'dwb_core' build argument 'cmake_force_configure' from command line to 'False'
[1.106s] Level 5:colcon.colcon_core.verb:set package 'dwb_core' build argument 'ament_cmake_args' from command line to 'None'
[1.106s] Level 5:colcon.colcon_core.verb:set package 'dwb_core' build argument 'catkin_cmake_args' from command line to 'None'
[1.106s] Level 5:colcon.colcon_core.verb:set package 'dwb_core' build argument 'catkin_skip_building_tests' from command line to 'False'
[1.106s] DEBUG:colcon.colcon_core.verb:Building package 'dwb_core' with the following arguments: {'ament_cmake_args': None, 'build_base': '/home/brilliant/ros2_ws/build/dwb_core', 'catkin_cmake_args': None, 'catkin_skip_building_tests': False, 'cmake_args': None, 'cmake_clean_cache': False, 'cmake_clean_first': False, 'cmake_force_configure': False, 'cmake_target': None, 'cmake_target_skip_unavailable': False, 'install_base': '/home/brilliant/ros2_ws/install/dwb_core', 'merge_install': False, 'path': '/home/brilliant/ros2_ws/src/navigation2/nav2_dwb_controller/dwb_core', 'symlink_install': True, 'test_result_base': None}
[1.107s] Level 5:colcon.colcon_core.verb:set package 'nav2_behaviors' build argument 'cmake_args' from command line to 'None'
[1.107s] Level 5:colcon.colcon_core.verb:set package 'nav2_behaviors' build argument 'cmake_target' from command line to 'None'
[1.107s] Level 5:colcon.colcon_core.verb:set package 'nav2_behaviors' build argument 'cmake_target_skip_unavailable' from command line to 'False'
[1.107s] Level 5:colcon.colcon_core.verb:set package 'nav2_behaviors' build argument 'cmake_clean_cache' from command line to 'False'
[1.107s] Level 5:colcon.colcon_core.verb:set package 'nav2_behaviors' build argument 'cmake_clean_first' from command line to 'False'
[1.107s] Level 5:colcon.colcon_core.verb:set package 'nav2_behaviors' build argument 'cmake_force_configure' from command line to 'False'
[1.108s] Level 5:colcon.colcon_core.verb:set package 'nav2_behaviors' build argument 'ament_cmake_args' from command line to 'None'
[1.108s] Level 5:colcon.colcon_core.verb:set package 'nav2_behaviors' build argument 'catkin_cmake_args' from command line to 'None'
[1.108s] Level 5:colcon.colcon_core.verb:set package 'nav2_behaviors' build argument 'catkin_skip_building_tests' from command line to 'False'
[1.108s] DEBUG:colcon.colcon_core.verb:Building package 'nav2_behaviors' with the following arguments: {'ament_cmake_args': None, 'build_base': '/home/brilliant/ros2_ws/build/nav2_behaviors', 'catkin_cmake_args': None, 'catkin_skip_building_tests': False, 'cmake_args': None, 'cmake_clean_cache': False, 'cmake_clean_first': False, 'cmake_force_configure': False, 'cmake_target': None, 'cmake_target_skip_unavailable': False, 'install_base': '/home/brilliant/ros2_ws/install/nav2_behaviors', 'merge_install': False, 'path': '/home/brilliant/ros2_ws/src/navigation2/nav2_behaviors', 'symlink_install': True, 'test_result_base': None}
[1.108s] Level 5:colcon.colcon_core.verb:set package 'nav2_bt_navigator' build argument 'cmake_args' from command line to 'None'
[1.109s] Level 5:colcon.colcon_core.verb:set package 'nav2_bt_navigator' build argument 'cmake_target' from command line to 'None'
[1.109s] Level 5:colcon.colcon_core.verb:set package 'nav2_bt_navigator' build argument 'cmake_target_skip_unavailable' from command line to 'False'
[1.109s] Level 5:colcon.colcon_core.verb:set package 'nav2_bt_navigator' build argument 'cmake_clean_cache' from command line to 'False'
[1.109s] Level 5:colcon.colcon_core.verb:set package 'nav2_bt_navigator' build argument 'cmake_clean_first' from command line to 'False'
[1.109s] Level 5:colcon.colcon_core.verb:set package 'nav2_bt_navigator' build argument 'cmake_force_configure' from command line to 'False'
[1.109s] Level 5:colcon.colcon_core.verb:set package 'nav2_bt_navigator' build argument 'ament_cmake_args' from command line to 'None'
[1.109s] Level 5:colcon.colcon_core.verb:set package 'nav2_bt_navigator' build argument 'catkin_cmake_args' from command line to 'None'
[1.109s] Level 5:colcon.colcon_core.verb:set package 'nav2_bt_navigator' build argument 'catkin_skip_building_tests' from command line to 'False'
[1.109s] DEBUG:colcon.colcon_core.verb:Building package 'nav2_bt_navigator' with the following arguments: {'ament_cmake_args': None, 'build_base': '/home/brilliant/ros2_ws/build/nav2_bt_navigator', 'catkin_cmake_args': None, 'catkin_skip_building_tests': False, 'cmake_args': None, 'cmake_clean_cache': False, 'cmake_clean_first': False, 'cmake_force_configure': False, 'cmake_target': None, 'cmake_target_skip_unavailable': False, 'install_base': '/home/brilliant/ros2_ws/install/nav2_bt_navigator', 'merge_install': False, 'path': '/home/brilliant/ros2_ws/src/navigation2/nav2_bt_navigator', 'symlink_install': True, 'test_result_base': None}
[1.110s] Level 5:colcon.colcon_core.verb:set package 'nav2_constrained_smoother' build argument 'cmake_args' from command line to 'None'
[1.110s] Level 5:colcon.colcon_core.verb:set package 'nav2_constrained_smoother' build argument 'cmake_target' from command line to 'None'
[1.110s] Level 5:colcon.colcon_core.verb:set package 'nav2_constrained_smoother' build argument 'cmake_target_skip_unavailable' from command line to 'False'
[1.110s] Level 5:colcon.colcon_core.verb:set package 'nav2_constrained_smoother' build argument 'cmake_clean_cache' from command line to 'False'
[1.110s] Level 5:colcon.colcon_core.verb:set package 'nav2_constrained_smoother' build argument 'cmake_clean_first' from command line to 'False'
[1.110s] Level 5:colcon.colcon_core.verb:set package 'nav2_constrained_smoother' build argument 'cmake_force_configure' from command line to 'False'
[1.110s] Level 5:colcon.colcon_core.verb:set package 'nav2_constrained_smoother' build argument 'ament_cmake_args' from command line to 'None'
[1.111s] Level 5:colcon.colcon_core.verb:set package 'nav2_constrained_smoother' build argument 'catkin_cmake_args' from command line to 'None'
[1.111s] Level 5:colcon.colcon_core.verb:set package 'nav2_constrained_smoother' build argument 'catkin_skip_building_tests' from command line to 'False'
[1.111s] DEBUG:colcon.colcon_core.verb:Building package 'nav2_constrained_smoother' with the following arguments: {'ament_cmake_args': None, 'build_base': '/home/brilliant/ros2_ws/build/nav2_constrained_smoother', 'catkin_cmake_args': None, 'catkin_skip_building_tests': False, 'cmake_args': None, 'cmake_clean_cache': False, 'cmake_clean_first': False, 'cmake_force_configure': False, 'cmake_target': None, 'cmake_target_skip_unavailable': False, 'install_base': '/home/brilliant/ros2_ws/install/nav2_constrained_smoother', 'merge_install': False, 'path': '/home/brilliant/ros2_ws/src/navigation2/nav2_constrained_smoother', 'symlink_install': True, 'test_result_base': None}
[1.111s] Level 5:colcon.colcon_core.verb:set package 'nav2_controller' build argument 'cmake_args' from command line to 'None'
[1.112s] Level 5:colcon.colcon_core.verb:set package 'nav2_controller' build argument 'cmake_target' from command line to 'None'
[1.112s] Level 5:colcon.colcon_core.verb:set package 'nav2_controller' build argument 'cmake_target_skip_unavailable' from command line to 'False'
[1.112s] Level 5:colcon.colcon_core.verb:set package 'nav2_controller' build argument 'cmake_clean_cache' from command line to 'False'
[1.112s] Level 5:colcon.colcon_core.verb:set package 'nav2_controller' build argument 'cmake_clean_first' from command line to 'False'
[1.112s] Level 5:colcon.colcon_core.verb:set package 'nav2_controller' build argument 'cmake_force_configure' from command line to 'False'
[1.112s] Level 5:colcon.colcon_core.verb:set package 'nav2_controller' build argument 'ament_cmake_args' from command line to 'None'
[1.112s] Level 5:colcon.colcon_core.verb:set package 'nav2_controller' build argument 'catkin_cmake_args' from command line to 'None'
[1.112s] Level 5:colcon.colcon_core.verb:set package 'nav2_controller' build argument 'catkin_skip_building_tests' from command line to 'False'
[1.112s] DEBUG:colcon.colcon_core.verb:Building package 'nav2_controller' with the following arguments: {'ament_cmake_args': None, 'build_base': '/home/brilliant/ros2_ws/build/nav2_controller', 'catkin_cmake_args': None, 'catkin_skip_building_tests': False, 'cmake_args': None, 'cmake_clean_cache': False, 'cmake_clean_first': False, 'cmake_force_configure': False, 'cmake_target': None, 'cmake_target_skip_unavailable': False, 'install_base': '/home/brilliant/ros2_ws/install/nav2_controller', 'merge_install': False, 'path': '/home/brilliant/ros2_ws/src/navigation2/nav2_controller', 'symlink_install': True, 'test_result_base': None}
[1.113s] Level 5:colcon.colcon_core.verb:set package 'nav2_mppi_controller' build argument 'cmake_args' from command line to 'None'
[1.113s] Level 5:colcon.colcon_core.verb:set package 'nav2_mppi_controller' build argument 'cmake_target' from command line to 'None'
[1.113s] Level 5:colcon.colcon_core.verb:set package 'nav2_mppi_controller' build argument 'cmake_target_skip_unavailable' from command line to 'False'
[1.113s] Level 5:colcon.colcon_core.verb:set package 'nav2_mppi_controller' build argument 'cmake_clean_cache' from command line to 'False'
[1.113s] Level 5:colcon.colcon_core.verb:set package 'nav2_mppi_controller' build argument 'cmake_clean_first' from command line to 'False'
[1.113s] Level 5:colcon.colcon_core.verb:set package 'nav2_mppi_controller' build argument 'cmake_force_configure' from command line to 'False'
[1.113s] Level 5:colcon.colcon_core.verb:set package 'nav2_mppi_controller' build argument 'ament_cmake_args' from command line to 'None'
[1.114s] Level 5:colcon.colcon_core.verb:set package 'nav2_mppi_controller' build argument 'catkin_cmake_args' from command line to 'None'
[1.114s] Level 5:colcon.colcon_core.verb:set package 'nav2_mppi_controller' build argument 'catkin_skip_building_tests' from command line to 'False'
[1.114s] DEBUG:colcon.colcon_core.verb:Building package 'nav2_mppi_controller' with the following arguments: {'ament_cmake_args': None, 'build_base': '/home/brilliant/ros2_ws/build/nav2_mppi_controller', 'catkin_cmake_args': None, 'catkin_skip_building_tests': False, 'cmake_args': None, 'cmake_clean_cache': False, 'cmake_clean_first': False, 'cmake_force_configure': False, 'cmake_target': None, 'cmake_target_skip_unavailable': False, 'install_base': '/home/brilliant/ros2_ws/install/nav2_mppi_controller', 'merge_install': False, 'path': '/home/brilliant/ros2_ws/src/navigation2/nav2_mppi_controller', 'symlink_install': True, 'test_result_base': None}
[1.114s] Level 5:colcon.colcon_core.verb:set package 'nav2_navfn_planner' build argument 'cmake_args' from command line to 'None'
[1.115s] Level 5:colcon.colcon_core.verb:set package 'nav2_navfn_planner' build argument 'cmake_target' from command line to 'None'
[1.115s] Level 5:colcon.colcon_core.verb:set package 'nav2_navfn_planner' build argument 'cmake_target_skip_unavailable' from command line to 'False'
[1.115s] Level 5:colcon.colcon_core.verb:set package 'nav2_navfn_planner' build argument 'cmake_clean_cache' from command line to 'False'
[1.115s] Level 5:colcon.colcon_core.verb:set package 'nav2_navfn_planner' build argument 'cmake_clean_first' from command line to 'False'
[1.115s] Level 5:colcon.colcon_core.verb:set package 'nav2_navfn_planner' build argument 'cmake_force_configure' from command line to 'False'
[1.115s] Level 5:colcon.colcon_core.verb:set package 'nav2_navfn_planner' build argument 'ament_cmake_args' from command line to 'None'
[1.115s] Level 5:colcon.colcon_core.verb:set package 'nav2_navfn_planner' build argument 'catkin_cmake_args' from command line to 'None'
[1.115s] Level 5:colcon.colcon_core.verb:set package 'nav2_navfn_planner' build argument 'catkin_skip_building_tests' from command line to 'False'
[1.115s] DEBUG:colcon.colcon_core.verb:Building package 'nav2_navfn_planner' with the following arguments: {'ament_cmake_args': None, 'build_base': '/home/brilliant/ros2_ws/build/nav2_navfn_planner', 'catkin_cmake_args': None, 'catkin_skip_building_tests': False, 'cmake_args': None, 'cmake_clean_cache': False, 'cmake_clean_first': False, 'cmake_force_configure': False, 'cmake_target': None, 'cmake_target_skip_unavailable': False, 'install_base': '/home/brilliant/ros2_ws/install/nav2_navfn_planner', 'merge_install': False, 'path': '/home/brilliant/ros2_ws/src/navigation2/nav2_navfn_planner', 'symlink_install': True, 'test_result_base': None}
[1.116s] Level 5:colcon.colcon_core.verb:set package 'nav2_planner' build argument 'cmake_args' from command line to 'None'
[1.116s] Level 5:colcon.colcon_core.verb:set package 'nav2_planner' build argument 'cmake_target' from command line to 'None'
[1.116s] Level 5:colcon.colcon_core.verb:set package 'nav2_planner' build argument 'cmake_target_skip_unavailable' from command line to 'False'
[1.117s] Level 5:colcon.colcon_core.verb:set package 'nav2_planner' build argument 'cmake_clean_cache' from command line to 'False'
[1.117s] Level 5:colcon.colcon_core.verb:set package 'nav2_planner' build argument 'cmake_clean_first' from command line to 'False'
[1.117s] Level 5:colcon.colcon_core.verb:set package 'nav2_planner' build argument 'cmake_force_configure' from command line to 'False'
[1.117s] Level 5:colcon.colcon_core.verb:set package 'nav2_planner' build argument 'ament_cmake_args' from command line to 'None'
[1.117s] Level 5:colcon.colcon_core.verb:set package 'nav2_planner' build argument 'catkin_cmake_args' from command line to 'None'
[1.117s] Level 5:colcon.colcon_core.verb:set package 'nav2_planner' build argument 'catkin_skip_building_tests' from command line to 'False'
[1.118s] DEBUG:colcon.colcon_core.verb:Building package 'nav2_planner' with the following arguments: {'ament_cmake_args': None, 'build_base': '/home/brilliant/ros2_ws/build/nav2_planner', 'catkin_cmake_args': None, 'catkin_skip_building_tests': False, 'cmake_args': None, 'cmake_clean_cache': False, 'cmake_clean_first': False, 'cmake_force_configure': False, 'cmake_target': None, 'cmake_target_skip_unavailable': False, 'install_base': '/home/brilliant/ros2_ws/install/nav2_planner', 'merge_install': False, 'path': '/home/brilliant/ros2_ws/src/navigation2/nav2_planner', 'symlink_install': True, 'test_result_base': None}
[1.119s] Level 5:colcon.colcon_core.verb:set package 'nav2_regulated_pure_pursuit_controller' build argument 'cmake_args' from command line to 'None'
[1.119s] Level 5:colcon.colcon_core.verb:set package 'nav2_regulated_pure_pursuit_controller' build argument 'cmake_target' from command line to 'None'
[1.119s] Level 5:colcon.colcon_core.verb:set package 'nav2_regulated_pure_pursuit_controller' build argument 'cmake_target_skip_unavailable' from command line to 'False'
[1.119s] Level 5:colcon.colcon_core.verb:set package 'nav2_regulated_pure_pursuit_controller' build argument 'cmake_clean_cache' from command line to 'False'
[1.119s] Level 5:colcon.colcon_core.verb:set package 'nav2_regulated_pure_pursuit_controller' build argument 'cmake_clean_first' from command line to 'False'
[1.119s] Level 5:colcon.colcon_core.verb:set package 'nav2_regulated_pure_pursuit_controller' build argument 'cmake_force_configure' from command line to 'False'
[1.119s] Level 5:colcon.colcon_core.verb:set package 'nav2_regulated_pure_pursuit_controller' build argument 'ament_cmake_args' from command line to 'None'
[1.119s] Level 5:colcon.colcon_core.verb:set package 'nav2_regulated_pure_pursuit_controller' build argument 'catkin_cmake_args' from command line to 'None'
[1.119s] Level 5:colcon.colcon_core.verb:set package 'nav2_regulated_pure_pursuit_controller' build argument 'catkin_skip_building_tests' from command line to 'False'
[1.120s] DEBUG:colcon.colcon_core.verb:Building package 'nav2_regulated_pure_pursuit_controller' with the following arguments: {'ament_cmake_args': None, 'build_base': '/home/brilliant/ros2_ws/build/nav2_regulated_pure_pursuit_controller', 'catkin_cmake_args': None, 'catkin_skip_building_tests': False, 'cmake_args': None, 'cmake_clean_cache': False, 'cmake_clean_first': False, 'cmake_force_configure': False, 'cmake_target': None, 'cmake_target_skip_unavailable': False, 'install_base': '/home/brilliant/ros2_ws/install/nav2_regulated_pure_pursuit_controller', 'merge_install': False, 'path': '/home/brilliant/ros2_ws/src/navigation2/nav2_regulated_pure_pursuit_controller', 'symlink_install': True, 'test_result_base': None}
[1.121s] Level 5:colcon.colcon_core.verb:set package 'nav2_smac_planner' build argument 'cmake_args' from command line to 'None'
[1.121s] Level 5:colcon.colcon_core.verb:set package 'nav2_smac_planner' build argument 'cmake_target' from command line to 'None'
[1.121s] Level 5:colcon.colcon_core.verb:set package 'nav2_smac_planner' build argument 'cmake_target_skip_unavailable' from command line to 'False'
[1.122s] Level 5:colcon.colcon_core.verb:set package 'nav2_smac_planner' build argument 'cmake_clean_cache' from command line to 'False'
[1.122s] Level 5:colcon.colcon_core.verb:set package 'nav2_smac_planner' build argument 'cmake_clean_first' from command line to 'False'
[1.122s] Level 5:colcon.colcon_core.verb:set package 'nav2_smac_planner' build argument 'cmake_force_configure' from command line to 'False'
[1.122s] Level 5:colcon.colcon_core.verb:set package 'nav2_smac_planner' build argument 'ament_cmake_args' from command line to 'None'
[1.122s] Level 5:colcon.colcon_core.verb:set package 'nav2_smac_planner' build argument 'catkin_cmake_args' from command line to 'None'
[1.122s] Level 5:colcon.colcon_core.verb:set package 'nav2_smac_planner' build argument 'catkin_skip_building_tests' from command line to 'False'
[1.122s] DEBUG:colcon.colcon_core.verb:Building package 'nav2_smac_planner' with the following arguments: {'ament_cmake_args': None, 'build_base': '/home/brilliant/ros2_ws/build/nav2_smac_planner', 'catkin_cmake_args': None, 'catkin_skip_building_tests': False, 'cmake_args': None, 'cmake_clean_cache': False, 'cmake_clean_first': False, 'cmake_force_configure': False, 'cmake_target': None, 'cmake_target_skip_unavailable': False, 'install_base': '/home/brilliant/ros2_ws/install/nav2_smac_planner', 'merge_install': False, 'path': '/home/brilliant/ros2_ws/src/navigation2/nav2_smac_planner', 'symlink_install': True, 'test_result_base': None}
[1.123s] Level 5:colcon.colcon_core.verb:set package 'nav2_smoother' build argument 'cmake_args' from command line to 'None'
[1.123s] Level 5:colcon.colcon_core.verb:set package 'nav2_smoother' build argument 'cmake_target' from command line to 'None'
[1.123s] Level 5:colcon.colcon_core.verb:set package 'nav2_smoother' build argument 'cmake_target_skip_unavailable' from command line to 'False'
[1.123s] Level 5:colcon.colcon_core.verb:set package 'nav2_smoother' build argument 'cmake_clean_cache' from command line to 'False'
[1.123s] Level 5:colcon.colcon_core.verb:set package 'nav2_smoother' build argument 'cmake_clean_first' from command line to 'False'
[1.123s] Level 5:colcon.colcon_core.verb:set package 'nav2_smoother' build argument 'cmake_force_configure' from command line to 'False'
[1.123s] Level 5:colcon.colcon_core.verb:set package 'nav2_smoother' build argument 'ament_cmake_args' from command line to 'None'
[1.123s] Level 5:colcon.colcon_core.verb:set package 'nav2_smoother' build argument 'catkin_cmake_args' from command line to 'None'
[1.123s] Level 5:colcon.colcon_core.verb:set package 'nav2_smoother' build argument 'catkin_skip_building_tests' from command line to 'False'
[1.123s] DEBUG:colcon.colcon_core.verb:Building package 'nav2_smoother' with the following arguments: {'ament_cmake_args': None, 'build_base': '/home/brilliant/ros2_ws/build/nav2_smoother', 'catkin_cmake_args': None, 'catkin_skip_building_tests': False, 'cmake_args': None, 'cmake_clean_cache': False, 'cmake_clean_first': False, 'cmake_force_configure': False, 'cmake_target': None, 'cmake_target_skip_unavailable': False, 'install_base': '/home/brilliant/ros2_ws/install/nav2_smoother', 'merge_install': False, 'path': '/home/brilliant/ros2_ws/src/navigation2/nav2_smoother', 'symlink_install': True, 'test_result_base': None}
[1.125s] Level 5:colcon.colcon_core.verb:set package 'nav2_theta_star_planner' build argument 'cmake_args' from command line to 'None'
[1.125s] Level 5:colcon.colcon_core.verb:set package 'nav2_theta_star_planner' build argument 'cmake_target' from command line to 'None'
[1.125s] Level 5:colcon.colcon_core.verb:set package 'nav2_theta_star_planner' build argument 'cmake_target_skip_unavailable' from command line to 'False'
[1.126s] Level 5:colcon.colcon_core.verb:set package 'nav2_theta_star_planner' build argument 'cmake_clean_cache' from command line to 'False'
[1.126s] Level 5:colcon.colcon_core.verb:set package 'nav2_theta_star_planner' build argument 'cmake_clean_first' from command line to 'False'
[1.126s] Level 5:colcon.colcon_core.verb:set package 'nav2_theta_star_planner' build argument 'cmake_force_configure' from command line to 'False'
[1.126s] Level 5:colcon.colcon_core.verb:set package 'nav2_theta_star_planner' build argument 'ament_cmake_args' from command line to 'None'
[1.126s] Level 5:colcon.colcon_core.verb:set package 'nav2_theta_star_planner' build argument 'catkin_cmake_args' from command line to 'None'
[1.126s] Level 5:colcon.colcon_core.verb:set package 'nav2_theta_star_planner' build argument 'catkin_skip_building_tests' from command line to 'False'
[1.126s] DEBUG:colcon.colcon_core.verb:Building package 'nav2_theta_star_planner' with the following arguments: {'ament_cmake_args': None, 'build_base': '/home/brilliant/ros2_ws/build/nav2_theta_star_planner', 'catkin_cmake_args': None, 'catkin_skip_building_tests': False, 'cmake_args': None, 'cmake_clean_cache': False, 'cmake_clean_first': False, 'cmake_force_configure': False, 'cmake_target': None, 'cmake_target_skip_unavailable': False, 'install_base': '/home/brilliant/ros2_ws/install/nav2_theta_star_planner', 'merge_install': False, 'path': '/home/brilliant/ros2_ws/src/navigation2/nav2_theta_star_planner', 'symlink_install': True, 'test_result_base': None}
[1.127s] Level 5:colcon.colcon_core.verb:set package 'nav2_waypoint_follower' build argument 'cmake_args' from command line to 'None'
[1.127s] Level 5:colcon.colcon_core.verb:set package 'nav2_waypoint_follower' build argument 'cmake_target' from command line to 'None'
[1.127s] Level 5:colcon.colcon_core.verb:set package 'nav2_waypoint_follower' build argument 'cmake_target_skip_unavailable' from command line to 'False'
[1.127s] Level 5:colcon.colcon_core.verb:set package 'nav2_waypoint_follower' build argument 'cmake_clean_cache' from command line to 'False'
[1.127s] Level 5:colcon.colcon_core.verb:set package 'nav2_waypoint_follower' build argument 'cmake_clean_first' from command line to 'False'
[1.127s] Level 5:colcon.colcon_core.verb:set package 'nav2_waypoint_follower' build argument 'cmake_force_configure' from command line to 'False'
[1.127s] Level 5:colcon.colcon_core.verb:set package 'nav2_waypoint_follower' build argument 'ament_cmake_args' from command line to 'None'
[1.127s] Level 5:colcon.colcon_core.verb:set package 'nav2_waypoint_follower' build argument 'catkin_cmake_args' from command line to 'None'
[1.128s] Level 5:colcon.colcon_core.verb:set package 'nav2_waypoint_follower' build argument 'catkin_skip_building_tests' from command line to 'False'
[1.128s] DEBUG:colcon.colcon_core.verb:Building package 'nav2_waypoint_follower' with the following arguments: {'ament_cmake_args': None, 'build_base': '/home/brilliant/ros2_ws/build/nav2_waypoint_follower', 'catkin_cmake_args': None, 'catkin_skip_building_tests': False, 'cmake_args': None, 'cmake_clean_cache': False, 'cmake_clean_first': False, 'cmake_force_configure': False, 'cmake_target': None, 'cmake_target_skip_unavailable': False, 'install_base': '/home/brilliant/ros2_ws/install/nav2_waypoint_follower', 'merge_install': False, 'path': '/home/brilliant/ros2_ws/src/navigation2/nav2_waypoint_follower', 'symlink_install': True, 'test_result_base': None}
[1.128s] Level 5:colcon.colcon_core.verb:set package 'opennav_docking_bt' build argument 'cmake_args' from command line to 'None'
[1.128s] Level 5:colcon.colcon_core.verb:set package 'opennav_docking_bt' build argument 'cmake_target' from command line to 'None'
[1.128s] Level 5:colcon.colcon_core.verb:set package 'opennav_docking_bt' build argument 'cmake_target_skip_unavailable' from command line to 'False'
[1.128s] Level 5:colcon.colcon_core.verb:set package 'opennav_docking_bt' build argument 'cmake_clean_cache' from command line to 'False'
[1.129s] Level 5:colcon.colcon_core.verb:set package 'opennav_docking_bt' build argument 'cmake_clean_first' from command line to 'False'
[1.129s] Level 5:colcon.colcon_core.verb:set package 'opennav_docking_bt' build argument 'cmake_force_configure' from command line to 'False'
[1.129s] Level 5:colcon.colcon_core.verb:set package 'opennav_docking_bt' build argument 'ament_cmake_args' from command line to 'None'
[1.129s] Level 5:colcon.colcon_core.verb:set package 'opennav_docking_bt' build argument 'catkin_cmake_args' from command line to 'None'
[1.129s] Level 5:colcon.colcon_core.verb:set package 'opennav_docking_bt' build argument 'catkin_skip_building_tests' from command line to 'False'
[1.129s] DEBUG:colcon.colcon_core.verb:Building package 'opennav_docking_bt' with the following arguments: {'ament_cmake_args': None, 'build_base': '/home/brilliant/ros2_ws/build/opennav_docking_bt', 'catkin_cmake_args': None, 'catkin_skip_building_tests': False, 'cmake_args': None, 'cmake_clean_cache': False, 'cmake_clean_first': False, 'cmake_force_configure': False, 'cmake_target': None, 'cmake_target_skip_unavailable': False, 'install_base': '/home/brilliant/ros2_ws/install/opennav_docking_bt', 'merge_install': False, 'path': '/home/brilliant/ros2_ws/src/navigation2/nav2_docking/opennav_docking_bt', 'symlink_install': True, 'test_result_base': None}
[1.129s] Level 5:colcon.colcon_core.verb:set package 'dwb_critics' build argument 'cmake_args' from command line to 'None'
[1.130s] Level 5:colcon.colcon_core.verb:set package 'dwb_critics' build argument 'cmake_target' from command line to 'None'
[1.130s] Level 5:colcon.colcon_core.verb:set package 'dwb_critics' build argument 'cmake_target_skip_unavailable' from command line to 'False'
[1.130s] Level 5:colcon.colcon_core.verb:set package 'dwb_critics' build argument 'cmake_clean_cache' from command line to 'False'
[1.130s] Level 5:colcon.colcon_core.verb:set package 'dwb_critics' build argument 'cmake_clean_first' from command line to 'False'
[1.130s] Level 5:colcon.colcon_core.verb:set package 'dwb_critics' build argument 'cmake_force_configure' from command line to 'False'
[1.130s] Level 5:colcon.colcon_core.verb:set package 'dwb_critics' build argument 'ament_cmake_args' from command line to 'None'
[1.130s] Level 5:colcon.colcon_core.verb:set package 'dwb_critics' build argument 'catkin_cmake_args' from command line to 'None'
[1.130s] Level 5:colcon.colcon_core.verb:set package 'dwb_critics' build argument 'catkin_skip_building_tests' from command line to 'False'
[1.130s] DEBUG:colcon.colcon_core.verb:Building package 'dwb_critics' with the following arguments: {'ament_cmake_args': None, 'build_base': '/home/brilliant/ros2_ws/build/dwb_critics', 'catkin_cmake_args': None, 'catkin_skip_building_tests': False, 'cmake_args': None, 'cmake_clean_cache': False, 'cmake_clean_first': False, 'cmake_force_configure': False, 'cmake_target': None, 'cmake_target_skip_unavailable': False, 'install_base': '/home/brilliant/ros2_ws/install/dwb_critics', 'merge_install': False, 'path': '/home/brilliant/ros2_ws/src/navigation2/nav2_dwb_controller/dwb_critics', 'symlink_install': True, 'test_result_base': None}
[1.131s] Level 5:colcon.colcon_core.verb:set package 'dwb_plugins' build argument 'cmake_args' from command line to 'None'
[1.131s] Level 5:colcon.colcon_core.verb:set package 'dwb_plugins' build argument 'cmake_target' from command line to 'None'
[1.131s] Level 5:colcon.colcon_core.verb:set package 'dwb_plugins' build argument 'cmake_target_skip_unavailable' from command line to 'False'
[1.131s] Level 5:colcon.colcon_core.verb:set package 'dwb_plugins' build argument 'cmake_clean_cache' from command line to 'False'
[1.131s] Level 5:colcon.colcon_core.verb:set package 'dwb_plugins' build argument 'cmake_clean_first' from command line to 'False'
[1.131s] Level 5:colcon.colcon_core.verb:set package 'dwb_plugins' build argument 'cmake_force_configure' from command line to 'False'
[1.131s] Level 5:colcon.colcon_core.verb:set package 'dwb_plugins' build argument 'ament_cmake_args' from command line to 'None'
[1.131s] Level 5:colcon.colcon_core.verb:set package 'dwb_plugins' build argument 'catkin_cmake_args' from command line to 'None'
[1.131s] Level 5:colcon.colcon_core.verb:set package 'dwb_plugins' build argument 'catkin_skip_building_tests' from command line to 'False'
[1.132s] DEBUG:colcon.colcon_core.verb:Building package 'dwb_plugins' with the following arguments: {'ament_cmake_args': None, 'build_base': '/home/brilliant/ros2_ws/build/dwb_plugins', 'catkin_cmake_args': None, 'catkin_skip_building_tests': False, 'cmake_args': None, 'cmake_clean_cache': False, 'cmake_clean_first': False, 'cmake_force_configure': False, 'cmake_target': None, 'cmake_target_skip_unavailable': False, 'install_base': '/home/brilliant/ros2_ws/install/dwb_plugins', 'merge_install': False, 'path': '/home/brilliant/ros2_ws/src/navigation2/nav2_dwb_controller/dwb_plugins', 'symlink_install': True, 'test_result_base': None}
[1.132s] Level 5:colcon.colcon_core.verb:set package 'nav2_graceful_controller' build argument 'cmake_args' from command line to 'None'
[1.132s] Level 5:colcon.colcon_core.verb:set package 'nav2_graceful_controller' build argument 'cmake_target' from command line to 'None'
[1.132s] Level 5:colcon.colcon_core.verb:set package 'nav2_graceful_controller' build argument 'cmake_target_skip_unavailable' from command line to 'False'
[1.132s] Level 5:colcon.colcon_core.verb:set package 'nav2_graceful_controller' build argument 'cmake_clean_cache' from command line to 'False'
[1.133s] Level 5:colcon.colcon_core.verb:set package 'nav2_graceful_controller' build argument 'cmake_clean_first' from command line to 'False'
[1.133s] Level 5:colcon.colcon_core.verb:set package 'nav2_graceful_controller' build argument 'cmake_force_configure' from command line to 'False'
[1.133s] Level 5:colcon.colcon_core.verb:set package 'nav2_graceful_controller' build argument 'ament_cmake_args' from command line to 'None'
[1.133s] Level 5:colcon.colcon_core.verb:set package 'nav2_graceful_controller' build argument 'catkin_cmake_args' from command line to 'None'
[1.133s] Level 5:colcon.colcon_core.verb:set package 'nav2_graceful_controller' build argument 'catkin_skip_building_tests' from command line to 'False'
[1.133s] DEBUG:colcon.colcon_core.verb:Building package 'nav2_graceful_controller' with the following arguments: {'ament_cmake_args': None, 'build_base': '/home/brilliant/ros2_ws/build/nav2_graceful_controller', 'catkin_cmake_args': None, 'catkin_skip_building_tests': False, 'cmake_args': None, 'cmake_clean_cache': False, 'cmake_clean_first': False, 'cmake_force_configure': False, 'cmake_target': None, 'cmake_target_skip_unavailable': False, 'install_base': '/home/brilliant/ros2_ws/install/nav2_graceful_controller', 'merge_install': False, 'path': '/home/brilliant/ros2_ws/src/navigation2/nav2_graceful_controller', 'symlink_install': True, 'test_result_base': None}
[1.133s] Level 5:colcon.colcon_core.verb:set package 'nav2_rotation_shim_controller' build argument 'cmake_args' from command line to 'None'
[1.134s] Level 5:colcon.colcon_core.verb:set package 'nav2_rotation_shim_controller' build argument 'cmake_target' from command line to 'None'
[1.134s] Level 5:colcon.colcon_core.verb:set package 'nav2_rotation_shim_controller' build argument 'cmake_target_skip_unavailable' from command line to 'False'
[1.134s] Level 5:colcon.colcon_core.verb:set package 'nav2_rotation_shim_controller' build argument 'cmake_clean_cache' from command line to 'False'
[1.134s] Level 5:colcon.colcon_core.verb:set package 'nav2_rotation_shim_controller' build argument 'cmake_clean_first' from command line to 'False'
[1.134s] Level 5:colcon.colcon_core.verb:set package 'nav2_rotation_shim_controller' build argument 'cmake_force_configure' from command line to 'False'
[1.134s] Level 5:colcon.colcon_core.verb:set package 'nav2_rotation_shim_controller' build argument 'ament_cmake_args' from command line to 'None'
[1.134s] Level 5:colcon.colcon_core.verb:set package 'nav2_rotation_shim_controller' build argument 'catkin_cmake_args' from command line to 'None'
[1.134s] Level 5:colcon.colcon_core.verb:set package 'nav2_rotation_shim_controller' build argument 'catkin_skip_building_tests' from command line to 'False'
[1.134s] DEBUG:colcon.colcon_core.verb:Building package 'nav2_rotation_shim_controller' with the following arguments: {'ament_cmake_args': None, 'build_base': '/home/brilliant/ros2_ws/build/nav2_rotation_shim_controller', 'catkin_cmake_args': None, 'catkin_skip_building_tests': False, 'cmake_args': None, 'cmake_clean_cache': False, 'cmake_clean_first': False, 'cmake_force_configure': False, 'cmake_target': None, 'cmake_target_skip_unavailable': False, 'install_base': '/home/brilliant/ros2_ws/install/nav2_rotation_shim_controller', 'merge_install': False, 'path': '/home/brilliant/ros2_ws/src/navigation2/nav2_rotation_shim_controller', 'symlink_install': True, 'test_result_base': None}
[1.135s] Level 5:colcon.colcon_core.verb:set package 'nav2_dwb_controller' build argument 'cmake_args' from command line to 'None'
[1.135s] Level 5:colcon.colcon_core.verb:set package 'nav2_dwb_controller' build argument 'cmake_target' from command line to 'None'
[1.135s] Level 5:colcon.colcon_core.verb:set package 'nav2_dwb_controller' build argument 'cmake_target_skip_unavailable' from command line to 'False'
[1.135s] Level 5:colcon.colcon_core.verb:set package 'nav2_dwb_controller' build argument 'cmake_clean_cache' from command line to 'False'
[1.135s] Level 5:colcon.colcon_core.verb:set package 'nav2_dwb_controller' build argument 'cmake_clean_first' from command line to 'False'
[1.135s] Level 5:colcon.colcon_core.verb:set package 'nav2_dwb_controller' build argument 'cmake_force_configure' from command line to 'False'
[1.135s] Level 5:colcon.colcon_core.verb:set package 'nav2_dwb_controller' build argument 'ament_cmake_args' from command line to 'None'
[1.136s] Level 5:colcon.colcon_core.verb:set package 'nav2_dwb_controller' build argument 'catkin_cmake_args' from command line to 'None'
[1.136s] Level 5:colcon.colcon_core.verb:set package 'nav2_dwb_controller' build argument 'catkin_skip_building_tests' from command line to 'False'
[1.136s] DEBUG:colcon.colcon_core.verb:Building package 'nav2_dwb_controller' with the following arguments: {'ament_cmake_args': None, 'build_base': '/home/brilliant/ros2_ws/build/nav2_dwb_controller', 'catkin_cmake_args': None, 'catkin_skip_building_tests': False, 'cmake_args': None, 'cmake_clean_cache': False, 'cmake_clean_first': False, 'cmake_force_configure': False, 'cmake_target': None, 'cmake_target_skip_unavailable': False, 'install_base': '/home/brilliant/ros2_ws/install/nav2_dwb_controller', 'merge_install': False, 'path': '/home/brilliant/ros2_ws/src/navigation2/nav2_dwb_controller/nav2_dwb_controller', 'symlink_install': True, 'test_result_base': None}
[1.137s] Level 5:colcon.colcon_core.verb:set package 'opennav_docking' build argument 'cmake_args' from command line to 'None'
[1.137s] Level 5:colcon.colcon_core.verb:set package 'opennav_docking' build argument 'cmake_target' from command line to 'None'
[1.137s] Level 5:colcon.colcon_core.verb:set package 'opennav_docking' build argument 'cmake_target_skip_unavailable' from command line to 'False'
[1.137s] Level 5:colcon.colcon_core.verb:set package 'opennav_docking' build argument 'cmake_clean_cache' from command line to 'False'
[1.137s] Level 5:colcon.colcon_core.verb:set package 'opennav_docking' build argument 'cmake_clean_first' from command line to 'False'
[1.137s] Level 5:colcon.colcon_core.verb:set package 'opennav_docking' build argument 'cmake_force_configure' from command line to 'False'
[1.137s] Level 5:colcon.colcon_core.verb:set package 'opennav_docking' build argument 'ament_cmake_args' from command line to 'None'
[1.137s] Level 5:colcon.colcon_core.verb:set package 'opennav_docking' build argument 'catkin_cmake_args' from command line to 'None'
[1.137s] Level 5:colcon.colcon_core.verb:set package 'opennav_docking' build argument 'catkin_skip_building_tests' from command line to 'False'
[1.137s] DEBUG:colcon.colcon_core.verb:Building package 'opennav_docking' with the following arguments: {'ament_cmake_args': None, 'build_base': '/home/brilliant/ros2_ws/build/opennav_docking', 'catkin_cmake_args': None, 'catkin_skip_building_tests': False, 'cmake_args': None, 'cmake_clean_cache': False, 'cmake_clean_first': False, 'cmake_force_configure': False, 'cmake_target': None, 'cmake_target_skip_unavailable': False, 'install_base': '/home/brilliant/ros2_ws/install/opennav_docking', 'merge_install': False, 'path': '/home/brilliant/ros2_ws/src/navigation2/nav2_docking/opennav_docking', 'symlink_install': True, 'test_result_base': None}
[1.138s] Level 5:colcon.colcon_core.verb:set package 'navigation2' build argument 'cmake_args' from command line to 'None'
[1.139s] Level 5:colcon.colcon_core.verb:set package 'navigation2' build argument 'cmake_target' from command line to 'None'
[1.139s] Level 5:colcon.colcon_core.verb:set package 'navigation2' build argument 'cmake_target_skip_unavailable' from command line to 'False'
[1.139s] Level 5:colcon.colcon_core.verb:set package 'navigation2' build argument 'cmake_clean_cache' from command line to 'False'
[1.139s] Level 5:colcon.colcon_core.verb:set package 'navigation2' build argument 'cmake_clean_first' from command line to 'False'
[1.140s] Level 5:colcon.colcon_core.verb:set package 'navigation2' build argument 'cmake_force_configure' from command line to 'False'
[1.140s] Level 5:colcon.colcon_core.verb:set package 'navigation2' build argument 'ament_cmake_args' from command line to 'None'
[1.140s] Level 5:colcon.colcon_core.verb:set package 'navigation2' build argument 'catkin_cmake_args' from command line to 'None'
[1.140s] Level 5:colcon.colcon_core.verb:set package 'navigation2' build argument 'catkin_skip_building_tests' from command line to 'False'
[1.140s] DEBUG:colcon.colcon_core.verb:Building package 'navigation2' with the following arguments: {'ament_cmake_args': None, 'build_base': '/home/brilliant/ros2_ws/build/navigation2', 'catkin_cmake_args': None, 'catkin_skip_building_tests': False, 'cmake_args': None, 'cmake_clean_cache': False, 'cmake_clean_first': False, 'cmake_force_configure': False, 'cmake_target': None, 'cmake_target_skip_unavailable': False, 'install_base': '/home/brilliant/ros2_ws/install/navigation2', 'merge_install': False, 'path': '/home/brilliant/ros2_ws/src/navigation2/navigation2', 'symlink_install': True, 'test_result_base': None}
[1.140s] Level 5:colcon.colcon_core.verb:set package 'nav2_bringup' build argument 'cmake_args' from command line to 'None'
[1.141s] Level 5:colcon.colcon_core.verb:set package 'nav2_bringup' build argument 'cmake_target' from command line to 'None'
[1.141s] Level 5:colcon.colcon_core.verb:set package 'nav2_bringup' build argument 'cmake_target_skip_unavailable' from command line to 'False'
[1.141s] Level 5:colcon.colcon_core.verb:set package 'nav2_bringup' build argument 'cmake_clean_cache' from command line to 'False'
[1.141s] Level 5:colcon.colcon_core.verb:set package 'nav2_bringup' build argument 'cmake_clean_first' from command line to 'False'
[1.141s] Level 5:colcon.colcon_core.verb:set package 'nav2_bringup' build argument 'cmake_force_configure' from command line to 'False'
[1.141s] Level 5:colcon.colcon_core.verb:set package 'nav2_bringup' build argument 'ament_cmake_args' from command line to 'None'
[1.141s] Level 5:colcon.colcon_core.verb:set package 'nav2_bringup' build argument 'catkin_cmake_args' from command line to 'None'
[1.141s] Level 5:colcon.colcon_core.verb:set package 'nav2_bringup' build argument 'catkin_skip_building_tests' from command line to 'False'
[1.141s] DEBUG:colcon.colcon_core.verb:Building package 'nav2_bringup' with the following arguments: {'ament_cmake_args': None, 'build_base': '/home/brilliant/ros2_ws/build/nav2_bringup', 'catkin_cmake_args': None, 'catkin_skip_building_tests': False, 'cmake_args': None, 'cmake_clean_cache': False, 'cmake_clean_first': False, 'cmake_force_configure': False, 'cmake_target': None, 'cmake_target_skip_unavailable': False, 'install_base': '/home/brilliant/ros2_ws/install/nav2_bringup', 'merge_install': False, 'path': '/home/brilliant/ros2_ws/src/navigation2/nav2_bringup', 'symlink_install': True, 'test_result_base': None}
[1.142s] Level 5:colcon.colcon_core.verb:set package 'nav2_system_tests' build argument 'cmake_args' from command line to 'None'
[1.142s] Level 5:colcon.colcon_core.verb:set package 'nav2_system_tests' build argument 'cmake_target' from command line to 'None'
[1.142s] Level 5:colcon.colcon_core.verb:set package 'nav2_system_tests' build argument 'cmake_target_skip_unavailable' from command line to 'False'
[1.142s] Level 5:colcon.colcon_core.verb:set package 'nav2_system_tests' build argument 'cmake_clean_cache' from command line to 'False'
[1.142s] Level 5:colcon.colcon_core.verb:set package 'nav2_system_tests' build argument 'cmake_clean_first' from command line to 'False'
[1.142s] Level 5:colcon.colcon_core.verb:set package 'nav2_system_tests' build argument 'cmake_force_configure' from command line to 'False'
[1.142s] Level 5:colcon.colcon_core.verb:set package 'nav2_system_tests' build argument 'ament_cmake_args' from command line to 'None'
[1.142s] Level 5:colcon.colcon_core.verb:set package 'nav2_system_tests' build argument 'catkin_cmake_args' from command line to 'None'
[1.142s] Level 5:colcon.colcon_core.verb:set package 'nav2_system_tests' build argument 'catkin_skip_building_tests' from command line to 'False'
[1.142s] DEBUG:colcon.colcon_core.verb:Building package 'nav2_system_tests' with the following arguments: {'ament_cmake_args': None, 'build_base': '/home/brilliant/ros2_ws/build/nav2_system_tests', 'catkin_cmake_args': None, 'catkin_skip_building_tests': False, 'cmake_args': None, 'cmake_clean_cache': False, 'cmake_clean_first': False, 'cmake_force_configure': False, 'cmake_target': None, 'cmake_target_skip_unavailable': False, 'install_base': '/home/brilliant/ros2_ws/install/nav2_system_tests', 'merge_install': False, 'path': '/home/brilliant/ros2_ws/src/navigation2/nav2_system_tests', 'symlink_install': True, 'test_result_base': None}
[1.143s] INFO:colcon.colcon_core.executor:Executing jobs using 'parallel' executor
[1.149s] DEBUG:colcon.colcon_parallel_executor.executor.parallel:run_until_complete
[1.152s] INFO:colcon.colcon_ros.task.ament_cmake.build:Building ROS package in '/home/brilliant/ros2_ws/src/navigation2/nav2_common' with build type 'ament_cmake'
[1.153s] INFO:colcon.colcon_cmake.task.cmake.build:Building CMake package in '/home/brilliant/ros2_ws/src/navigation2/nav2_common'
[1.161s] INFO:colcon.colcon_core.plugin_system:Skipping extension 'colcon_core.shell.bat': Not used on non-Windows systems
[1.161s] INFO:colcon.colcon_core.shell:Skip shell extension 'powershell' for command environment: Not usable outside of PowerShell
[1.161s] DEBUG:colcon.colcon_core.shell:Skip shell extension 'dsv' for command environment
[1.174s] INFO:colcon.colcon_ros.task.ament_cmake.build:Building ROS package in '/home/brilliant/ros2_ws/src/navigation2/nav2_dwb_controller/nav_2d_msgs' with build type 'ament_cmake'
[1.174s] INFO:colcon.colcon_cmake.task.cmake.build:Building CMake package in '/home/brilliant/ros2_ws/src/navigation2/nav2_dwb_controller/nav_2d_msgs'
[1.175s] INFO:colcon.colcon_core.shell:Skip shell extension 'powershell' for command environment: Not usable outside of PowerShell
[1.175s] DEBUG:colcon.colcon_core.shell:Skip shell extension 'dsv' for command environment
[1.191s] INFO:colcon.colcon_ros.task.ament_cmake.build:Building ROS package in '/home/brilliant/ros2_ws/src/diffdrive_arduino' with build type 'ament_cmake'
[1.192s] INFO:colcon.colcon_cmake.task.cmake.build:Building CMake package in '/home/brilliant/ros2_ws/src/diffdrive_arduino'
[1.192s] INFO:colcon.colcon_core.shell:Skip shell extension 'powershell' for command environment: Not usable outside of PowerShell
[1.192s] DEBUG:colcon.colcon_core.shell:Skip shell extension 'dsv' for command environment
[1.207s] INFO:colcon.colcon_ros.task.ament_cmake.build:Building ROS package in '/home/brilliant/ros2_ws/src/minibot' with build type 'ament_cmake'
[1.207s] INFO:colcon.colcon_cmake.task.cmake.build:Building CMake package in '/home/brilliant/ros2_ws/src/minibot'
[1.207s] INFO:colcon.colcon_core.shell:Skip shell extension 'powershell' for command environment: Not usable outside of PowerShell
[1.208s] DEBUG:colcon.colcon_core.shell:Skip shell extension 'dsv' for command environment
[1.234s] DEBUG:colcon.colcon_core.event_handler.log_command:Invoking command in '/home/brilliant/ros2_ws/build/nav2_common': CMAKE_PREFIX_PATH=${CMAKE_PREFIX_PATH}:/home/brilliant/ros2_ws/install/twist_stamper:/opt/ros/jazzy DEBUGINFOD_URLS=https://debuginfod.ubuntu.com /usr/bin/cmake --build /home/brilliant/ros2_ws/build/nav2_common -- -j4 -l4
[1.247s] DEBUG:colcon.colcon_core.event_handler.log_command:Invoking command in '/home/brilliant/ros2_ws/build/nav_2d_msgs': CMAKE_PREFIX_PATH=${CMAKE_PREFIX_PATH}:/home/brilliant/ros2_ws/install/twist_stamper:/opt/ros/jazzy DEBUGINFOD_URLS=https://debuginfod.ubuntu.com /usr/bin/cmake --build /home/brilliant/ros2_ws/build/nav_2d_msgs -- -j4 -l4
[1.261s] DEBUG:colcon.colcon_core.event_handler.log_command:Invoking command in '/home/brilliant/ros2_ws/build/diffdrive_arduino': CMAKE_PREFIX_PATH=${CMAKE_PREFIX_PATH}:/home/brilliant/ros2_ws/install/twist_stamper:/opt/ros/jazzy DEBUGINFOD_URLS=https://debuginfod.ubuntu.com /usr/bin/cmake --build /home/brilliant/ros2_ws/build/diffdrive_arduino -- -j4 -l4
[1.294s] DEBUG:colcon.colcon_core.event_handler.log_command:Invoking command in '/home/brilliant/ros2_ws/build/minibot': CMAKE_PREFIX_PATH=${CMAKE_PREFIX_PATH}:/home/brilliant/ros2_ws/install/twist_stamper:/opt/ros/jazzy DEBUGINFOD_URLS=https://debuginfod.ubuntu.com /usr/bin/cmake --build /home/brilliant/ros2_ws/build/minibot -- -j4 -l4
[1.756s] DEBUG:colcon.colcon_core.event_handler.log_command:Invoked command in '/home/brilliant/ros2_ws/build/minibot' returned '0': CMAKE_PREFIX_PATH=${CMAKE_PREFIX_PATH}:/home/brilliant/ros2_ws/install/twist_stamper:/opt/ros/jazzy DEBUGINFOD_URLS=https://debuginfod.ubuntu.com /usr/bin/cmake --build /home/brilliant/ros2_ws/build/minibot -- -j4 -l4
[1.842s] DEBUG:colcon.colcon_core.event_handler.log_command:Invoking command in '/home/brilliant/ros2_ws/build/minibot': CMAKE_PREFIX_PATH=${CMAKE_PREFIX_PATH}:/home/brilliant/ros2_ws/install/twist_stamper:/opt/ros/jazzy DEBUGINFOD_URLS=https://debuginfod.ubuntu.com /usr/bin/cmake --install /home/brilliant/ros2_ws/build/minibot
[1.851s] DEBUG:colcon.colcon_core.event_handler.log_command:Invoked command in '/home/brilliant/ros2_ws/build/diffdrive_arduino' returned '0': CMAKE_PREFIX_PATH=${CMAKE_PREFIX_PATH}:/home/brilliant/ros2_ws/install/twist_stamper:/opt/ros/jazzy DEBUGINFOD_URLS=https://debuginfod.ubuntu.com /usr/bin/cmake --build /home/brilliant/ros2_ws/build/diffdrive_arduino -- -j4 -l4
[1.858s] DEBUG:colcon.colcon_core.event_handler.log_command:Invoking command in '/home/brilliant/ros2_ws/build/diffdrive_arduino': CMAKE_PREFIX_PATH=${CMAKE_PREFIX_PATH}:/home/brilliant/ros2_ws/install/twist_stamper:/opt/ros/jazzy DEBUGINFOD_URLS=https://debuginfod.ubuntu.com /usr/bin/cmake --install /home/brilliant/ros2_ws/build/diffdrive_arduino
[2.082s] Level 1:colcon.colcon_core.environment:create_environment_scripts_only(minibot)
[2.084s] DEBUG:colcon.colcon_core.event_handler.log_command:Invoked command in '/home/brilliant/ros2_ws/build/minibot' returned '0': CMAKE_PREFIX_PATH=${CMAKE_PREFIX_PATH}:/home/brilliant/ros2_ws/install/twist_stamper:/opt/ros/jazzy DEBUGINFOD_URLS=https://debuginfod.ubuntu.com /usr/bin/cmake --install /home/brilliant/ros2_ws/build/minibot
[2.105s] Level 1:colcon.colcon_core.environment:checking '/home/brilliant/ros2_ws/install/minibot' for CMake module files
[2.107s] Level 1:colcon.colcon_core.environment:checking '/home/brilliant/ros2_ws/install/minibot' for CMake config files
[2.113s] Level 1:colcon.colcon_core.shell:create_environment_hook('minibot', 'cmake_prefix_path')
[2.113s] INFO:colcon.colcon_core.shell:Creating environment hook '/home/brilliant/ros2_ws/install/minibot/share/minibot/hook/cmake_prefix_path.ps1'
[2.114s] INFO:colcon.colcon_core.shell:Creating environment descriptor '/home/brilliant/ros2_ws/install/minibot/share/minibot/hook/cmake_prefix_path.dsv'
[2.117s] INFO:colcon.colcon_core.shell:Creating environment hook '/home/brilliant/ros2_ws/install/minibot/share/minibot/hook/cmake_prefix_path.sh'
[2.121s] Level 1:colcon.colcon_core.environment:checking '/home/brilliant/ros2_ws/install/minibot/lib'
[2.124s] Level 1:colcon.colcon_core.environment:checking '/home/brilliant/ros2_ws/install/minibot/bin'
[2.124s] Level 1:colcon.colcon_core.environment:checking '/home/brilliant/ros2_ws/install/minibot/lib/pkgconfig/minibot.pc'
[2.124s] Level 1:colcon.colcon_core.environment:checking '/home/brilliant/ros2_ws/install/minibot/lib/python3.12/site-packages'
[2.125s] Level 1:colcon.colcon_core.environment:checking '/home/brilliant/ros2_ws/install/minibot/bin'
[2.126s] INFO:colcon.colcon_core.shell:Creating package script '/home/brilliant/ros2_ws/install/minibot/share/minibot/package.ps1'
[2.130s] INFO:colcon.colcon_core.shell:Creating package descriptor '/home/brilliant/ros2_ws/install/minibot/share/minibot/package.dsv'
[2.131s] INFO:colcon.colcon_core.shell:Creating package script '/home/brilliant/ros2_ws/install/minibot/share/minibot/package.sh'
[2.136s] INFO:colcon.colcon_core.shell:Creating package script '/home/brilliant/ros2_ws/install/minibot/share/minibot/package.bash'
[2.145s] INFO:colcon.colcon_core.shell:Creating package script '/home/brilliant/ros2_ws/install/minibot/share/minibot/package.zsh'
[2.147s] Level 1:colcon.colcon_core.environment:create_file_with_runtime_dependencies(/home/brilliant/ros2_ws/install/minibot/share/colcon-core/packages/minibot)
[2.162s] Level 1:colcon.colcon_core.environment:create_environment_scripts_only(minibot)
[2.162s] Level 1:colcon.colcon_core.environment:checking '/home/brilliant/ros2_ws/install/minibot' for CMake module files
[2.164s] Level 1:colcon.colcon_core.environment:checking '/home/brilliant/ros2_ws/install/minibot' for CMake config files
[2.177s] Level 1:colcon.colcon_core.shell:create_environment_hook('minibot', 'cmake_prefix_path')
[2.177s] INFO:colcon.colcon_core.shell:Creating environment hook '/home/brilliant/ros2_ws/install/minibot/share/minibot/hook/cmake_prefix_path.ps1'
[2.178s] INFO:colcon.colcon_core.shell:Creating environment descriptor '/home/brilliant/ros2_ws/install/minibot/share/minibot/hook/cmake_prefix_path.dsv'
[2.179s] INFO:colcon.colcon_core.shell:Creating environment hook '/home/brilliant/ros2_ws/install/minibot/share/minibot/hook/cmake_prefix_path.sh'
[2.197s] Level 1:colcon.colcon_core.environment:checking '/home/brilliant/ros2_ws/install/minibot/lib'
[2.197s] Level 1:colcon.colcon_core.environment:checking '/home/brilliant/ros2_ws/install/minibot/bin'
[2.198s] Level 1:colcon.colcon_core.environment:checking '/home/brilliant/ros2_ws/install/minibot/lib/pkgconfig/minibot.pc'
[2.198s] Level 1:colcon.colcon_core.environment:checking '/home/brilliant/ros2_ws/install/minibot/lib/python3.12/site-packages'
[2.203s] Level 1:colcon.colcon_core.environment:checking '/home/brilliant/ros2_ws/install/minibot/bin'
[2.206s] INFO:colcon.colcon_core.shell:Creating package script '/home/brilliant/ros2_ws/install/minibot/share/minibot/package.ps1'
[2.208s] INFO:colcon.colcon_core.shell:Creating package descriptor '/home/brilliant/ros2_ws/install/minibot/share/minibot/package.dsv'
[2.216s] INFO:colcon.colcon_core.shell:Creating package script '/home/brilliant/ros2_ws/install/minibot/share/minibot/package.sh'
[2.217s] INFO:colcon.colcon_core.shell:Creating package script '/home/brilliant/ros2_ws/install/minibot/share/minibot/package.bash'
[2.223s] INFO:colcon.colcon_core.shell:Creating package script '/home/brilliant/ros2_ws/install/minibot/share/minibot/package.zsh'
[2.226s] Level 1:colcon.colcon_core.environment:create_file_with_runtime_dependencies(/home/brilliant/ros2_ws/install/minibot/share/colcon-core/packages/minibot)
[2.232s] INFO:colcon.colcon_ros.task.ament_python.build:Building ROS package in '/home/brilliant/ros2_ws/src/navigation2/nav2_loopback_sim' with build type 'ament_python'
[2.233s] Level 1:colcon.colcon_core.shell:create_environment_hook('nav2_loopback_sim', 'ament_prefix_path')
[2.235s] INFO:colcon.colcon_core.shell:Creating environment hook '/home/brilliant/ros2_ws/install/nav2_loopback_sim/share/nav2_loopback_sim/hook/ament_prefix_path.ps1'
[2.237s] INFO:colcon.colcon_core.shell:Creating environment descriptor '/home/brilliant/ros2_ws/install/nav2_loopback_sim/share/nav2_loopback_sim/hook/ament_prefix_path.dsv'
[2.239s] INFO:colcon.colcon_core.shell:Creating environment hook '/home/brilliant/ros2_ws/install/nav2_loopback_sim/share/nav2_loopback_sim/hook/ament_prefix_path.sh'
[2.240s] INFO:colcon.colcon_core.shell:Skip shell extension 'powershell' for command environment: Not usable outside of PowerShell
[2.241s] DEBUG:colcon.colcon_core.shell:Skip shell extension 'dsv' for command environment
[2.259s] Level 1:colcon.colcon_core.environment:create_environment_scripts_only(diffdrive_arduino)
[2.260s] Level 1:colcon.colcon_core.environment:checking '/home/brilliant/ros2_ws/install/diffdrive_arduino' for CMake module files
[2.259s] DEBUG:colcon.colcon_core.event_handler.log_command:Invoked command in '/home/brilliant/ros2_ws/build/diffdrive_arduino' returned '0': CMAKE_PREFIX_PATH=${CMAKE_PREFIX_PATH}:/home/brilliant/ros2_ws/install/twist_stamper:/opt/ros/jazzy DEBUGINFOD_URLS=https://debuginfod.ubuntu.com /usr/bin/cmake --install /home/brilliant/ros2_ws/build/diffdrive_arduino
[2.263s] Level 1:colcon.colcon_core.environment:checking '/home/brilliant/ros2_ws/install/diffdrive_arduino' for CMake config files
[2.264s] Level 1:colcon.colcon_core.shell:create_environment_hook('diffdrive_arduino', 'cmake_prefix_path')
[2.265s] INFO:colcon.colcon_core.shell:Creating environment hook '/home/brilliant/ros2_ws/install/diffdrive_arduino/share/diffdrive_arduino/hook/cmake_prefix_path.ps1'
[2.266s] INFO:colcon.colcon_core.shell:Creating environment descriptor '/home/brilliant/ros2_ws/install/diffdrive_arduino/share/diffdrive_arduino/hook/cmake_prefix_path.dsv'
[2.267s] INFO:colcon.colcon_core.shell:Creating environment hook '/home/brilliant/ros2_ws/install/diffdrive_arduino/share/diffdrive_arduino/hook/cmake_prefix_path.sh'
[2.269s] Level 1:colcon.colcon_core.environment:checking '/home/brilliant/ros2_ws/install/diffdrive_arduino/lib'
[2.269s] Level 1:colcon.colcon_core.shell:create_environment_hook('diffdrive_arduino', 'ld_library_path_lib')
[2.269s] INFO:colcon.colcon_core.shell:Creating environment hook '/home/brilliant/ros2_ws/install/diffdrive_arduino/share/diffdrive_arduino/hook/ld_library_path_lib.ps1'
[2.271s] INFO:colcon.colcon_core.shell:Creating environment descriptor '/home/brilliant/ros2_ws/install/diffdrive_arduino/share/diffdrive_arduino/hook/ld_library_path_lib.dsv'
[2.272s] INFO:colcon.colcon_core.shell:Creating environment hook '/home/brilliant/ros2_ws/install/diffdrive_arduino/share/diffdrive_arduino/hook/ld_library_path_lib.sh'
[2.273s] Level 1:colcon.colcon_core.environment:checking '/home/brilliant/ros2_ws/install/diffdrive_arduino/bin'
[2.273s] Level 1:colcon.colcon_core.environment:checking '/home/brilliant/ros2_ws/install/diffdrive_arduino/lib/pkgconfig/diffdrive_arduino.pc'
[2.274s] Level 1:colcon.colcon_core.environment:checking '/home/brilliant/ros2_ws/install/diffdrive_arduino/lib/python3.12/site-packages'
[2.275s] Level 1:colcon.colcon_core.environment:checking '/home/brilliant/ros2_ws/install/diffdrive_arduino/bin'
[2.276s] INFO:colcon.colcon_core.shell:Creating package script '/home/brilliant/ros2_ws/install/diffdrive_arduino/share/diffdrive_arduino/package.ps1'
[2.277s] INFO:colcon.colcon_core.shell:Creating package descriptor '/home/brilliant/ros2_ws/install/diffdrive_arduino/share/diffdrive_arduino/package.dsv'
[2.278s] INFO:colcon.colcon_core.shell:Creating package script '/home/brilliant/ros2_ws/install/diffdrive_arduino/share/diffdrive_arduino/package.sh'
[2.280s] INFO:colcon.colcon_core.shell:Creating package script '/home/brilliant/ros2_ws/install/diffdrive_arduino/share/diffdrive_arduino/package.bash'
[2.281s] INFO:colcon.colcon_core.shell:Creating package script '/home/brilliant/ros2_ws/install/diffdrive_arduino/share/diffdrive_arduino/package.zsh'
[2.282s] Level 1:colcon.colcon_core.environment:create_file_with_runtime_dependencies(/home/brilliant/ros2_ws/install/diffdrive_arduino/share/colcon-core/packages/diffdrive_arduino)
[2.286s] Level 1:colcon.colcon_core.environment:create_environment_scripts_only(diffdrive_arduino)
[2.287s] Level 1:colcon.colcon_core.environment:checking '/home/brilliant/ros2_ws/install/diffdrive_arduino' for CMake module files
[2.289s] Level 1:colcon.colcon_core.environment:checking '/home/brilliant/ros2_ws/install/diffdrive_arduino' for CMake config files
[2.293s] Level 1:colcon.colcon_core.shell:create_environment_hook('diffdrive_arduino', 'cmake_prefix_path')
[2.293s] INFO:colcon.colcon_core.shell:Creating environment hook '/home/brilliant/ros2_ws/install/diffdrive_arduino/share/diffdrive_arduino/hook/cmake_prefix_path.ps1'
[2.295s] INFO:colcon.colcon_core.shell:Creating environment descriptor '/home/brilliant/ros2_ws/install/diffdrive_arduino/share/diffdrive_arduino/hook/cmake_prefix_path.dsv'
[2.296s] INFO:colcon.colcon_core.shell:Creating environment hook '/home/brilliant/ros2_ws/install/diffdrive_arduino/share/diffdrive_arduino/hook/cmake_prefix_path.sh'
[2.302s] Level 1:colcon.colcon_core.environment:checking '/home/brilliant/ros2_ws/install/diffdrive_arduino/lib'
[2.302s] Level 1:colcon.colcon_core.shell:create_environment_hook('diffdrive_arduino', 'ld_library_path_lib')
[2.302s] INFO:colcon.colcon_core.shell:Creating environment hook '/home/brilliant/ros2_ws/install/diffdrive_arduino/share/diffdrive_arduino/hook/ld_library_path_lib.ps1'
[2.306s] INFO:colcon.colcon_core.shell:Creating environment descriptor '/home/brilliant/ros2_ws/install/diffdrive_arduino/share/diffdrive_arduino/hook/ld_library_path_lib.dsv'
[2.308s] INFO:colcon.colcon_core.shell:Creating environment hook '/home/brilliant/ros2_ws/install/diffdrive_arduino/share/diffdrive_arduino/hook/ld_library_path_lib.sh'
[2.311s] Level 1:colcon.colcon_core.environment:checking '/home/brilliant/ros2_ws/install/diffdrive_arduino/bin'
[2.311s] Level 1:colcon.colcon_core.environment:checking '/home/brilliant/ros2_ws/install/diffdrive_arduino/lib/pkgconfig/diffdrive_arduino.pc'
[2.312s] Level 1:colcon.colcon_core.environment:checking '/home/brilliant/ros2_ws/install/diffdrive_arduino/lib/python3.12/site-packages'
[2.313s] Level 1:colcon.colcon_core.environment:checking '/home/brilliant/ros2_ws/install/diffdrive_arduino/bin'
[2.313s] INFO:colcon.colcon_core.shell:Creating package script '/home/brilliant/ros2_ws/install/diffdrive_arduino/share/diffdrive_arduino/package.ps1'
[2.318s] INFO:colcon.colcon_core.shell:Creating package descriptor '/home/brilliant/ros2_ws/install/diffdrive_arduino/share/diffdrive_arduino/package.dsv'
[2.321s] INFO:colcon.colcon_core.shell:Creating package script '/home/brilliant/ros2_ws/install/diffdrive_arduino/share/diffdrive_arduino/package.sh'
[2.324s] INFO:colcon.colcon_core.shell:Creating package script '/home/brilliant/ros2_ws/install/diffdrive_arduino/share/diffdrive_arduino/package.bash'
[2.326s] INFO:colcon.colcon_core.shell:Creating package script '/home/brilliant/ros2_ws/install/diffdrive_arduino/share/diffdrive_arduino/package.zsh'
[2.327s] Level 1:colcon.colcon_core.environment:create_file_with_runtime_dependencies(/home/brilliant/ros2_ws/install/diffdrive_arduino/share/colcon-core/packages/diffdrive_arduino)
[2.334s] INFO:colcon.colcon_ros.task.ament_cmake.build:Building ROS package in '/home/brilliant/ros2_ws/src/serial' with build type 'ament_cmake'
[2.335s] INFO:colcon.colcon_cmake.task.cmake.build:Building CMake package in '/home/brilliant/ros2_ws/src/serial'
[2.335s] INFO:colcon.colcon_core.shell:Skip shell extension 'powershell' for command environment: Not usable outside of PowerShell
[2.336s] DEBUG:colcon.colcon_core.shell:Skip shell extension 'dsv' for command environment
[3.595s] INFO:colcon.colcon_core.task.python.build:Building Python package in '/home/brilliant/ros2_ws/src/navigation2/nav2_loopback_sim'
[3.595s] INFO:colcon.colcon_core.shell:Skip shell extension 'powershell' for command environment: Not usable outside of PowerShell
[3.596s] DEBUG:colcon.colcon_core.shell:Skip shell extension 'dsv' for command environment
[3.627s] DEBUG:colcon.colcon_core.event_handler.log_command:Invoking command in '/home/brilliant/ros2_ws/build/serial': CMAKE_PREFIX_PATH=${CMAKE_PREFIX_PATH}:/home/brilliant/ros2_ws/install/twist_stamper:/opt/ros/jazzy DEBUGINFOD_URLS=https://debuginfod.ubuntu.com /usr/bin/cmake --build /home/brilliant/ros2_ws/build/serial -- -j4 -l4
[3.666s] DEBUG:colcon.colcon_core.event_handler.log_command:Invoked command in '/home/brilliant/ros2_ws/build/nav_2d_msgs' returned '0': CMAKE_PREFIX_PATH=${CMAKE_PREFIX_PATH}:/home/brilliant/ros2_ws/install/twist_stamper:/opt/ros/jazzy DEBUGINFOD_URLS=https://debuginfod.ubuntu.com /usr/bin/cmake --build /home/brilliant/ros2_ws/build/nav_2d_msgs -- -j4 -l4
[3.667s] DEBUG:colcon.colcon_core.event_handler.log_command:Invoking command in '/home/brilliant/ros2_ws/build/nav_2d_msgs': CMAKE_PREFIX_PATH=${CMAKE_PREFIX_PATH}:/home/brilliant/ros2_ws/install/twist_stamper:/opt/ros/jazzy DEBUGINFOD_URLS=https://debuginfod.ubuntu.com /usr/bin/cmake --install /home/brilliant/ros2_ws/build/nav_2d_msgs
[3.751s] DEBUG:colcon.colcon_core.event_handler.log_command:Invoked command in '/home/brilliant/ros2_ws/build/nav2_common' returned '0': CMAKE_PREFIX_PATH=${CMAKE_PREFIX_PATH}:/home/brilliant/ros2_ws/install/twist_stamper:/opt/ros/jazzy DEBUGINFOD_URLS=https://debuginfod.ubuntu.com /usr/bin/cmake --build /home/brilliant/ros2_ws/build/nav2_common -- -j4 -l4
[3.757s] DEBUG:colcon.colcon_core.event_handler.log_command:Invoking command in '/home/brilliant/ros2_ws/build/nav2_common': CMAKE_PREFIX_PATH=${CMAKE_PREFIX_PATH}:/home/brilliant/ros2_ws/install/twist_stamper:/opt/ros/jazzy DEBUGINFOD_URLS=https://debuginfod.ubuntu.com /usr/bin/cmake --install /home/brilliant/ros2_ws/build/nav2_common
[4.212s] Level 1:colcon.colcon_core.environment:create_environment_scripts_only(nav2_common)
[4.213s] Level 1:colcon.colcon_core.environment:checking '/home/brilliant/ros2_ws/install/nav2_common' for CMake module files
[4.214s] Level 1:colcon.colcon_core.environment:checking '/home/brilliant/ros2_ws/install/nav2_common' for CMake config files
[4.218s] Level 1:colcon.colcon_core.shell:create_environment_hook('nav2_common', 'cmake_prefix_path')
[4.218s] INFO:colcon.colcon_core.shell:Creating environment hook '/home/brilliant/ros2_ws/install/nav2_common/share/nav2_common/hook/cmake_prefix_path.ps1'
[4.219s] INFO:colcon.colcon_core.shell:Creating environment descriptor '/home/brilliant/ros2_ws/install/nav2_common/share/nav2_common/hook/cmake_prefix_path.dsv'
[4.220s] INFO:colcon.colcon_core.shell:Creating environment hook '/home/brilliant/ros2_ws/install/nav2_common/share/nav2_common/hook/cmake_prefix_path.sh'
[4.229s] Level 1:colcon.colcon_core.environment:checking '/home/brilliant/ros2_ws/install/nav2_common/lib'
[4.229s] Level 1:colcon.colcon_core.environment:checking '/home/brilliant/ros2_ws/install/nav2_common/bin'
[4.229s] Level 1:colcon.colcon_core.environment:checking '/home/brilliant/ros2_ws/install/nav2_common/lib/pkgconfig/nav2_common.pc'
[4.225s] DEBUG:colcon.colcon_core.event_handler.log_command:Invoked command in '/home/brilliant/ros2_ws/build/nav2_common' returned '0': CMAKE_PREFIX_PATH=${CMAKE_PREFIX_PATH}:/home/brilliant/ros2_ws/install/twist_stamper:/opt/ros/jazzy DEBUGINFOD_URLS=https://debuginfod.ubuntu.com /usr/bin/cmake --install /home/brilliant/ros2_ws/build/nav2_common
[4.230s] Level 1:colcon.colcon_core.environment:checking '/home/brilliant/ros2_ws/install/nav2_common/lib/python3.12/site-packages'
[4.230s] Level 1:colcon.colcon_core.shell:create_environment_hook('nav2_common', 'pythonpath')
[4.231s] INFO:colcon.colcon_core.shell:Creating environment hook '/home/brilliant/ros2_ws/install/nav2_common/share/nav2_common/hook/pythonpath.ps1'
[4.235s] INFO:colcon.colcon_core.shell:Creating environment descriptor '/home/brilliant/ros2_ws/install/nav2_common/share/nav2_common/hook/pythonpath.dsv'
[4.236s] INFO:colcon.colcon_core.shell:Creating environment hook '/home/brilliant/ros2_ws/install/nav2_common/share/nav2_common/hook/pythonpath.sh'
[4.237s] Level 1:colcon.colcon_core.environment:checking '/home/brilliant/ros2_ws/install/nav2_common/bin'
[4.238s] INFO:colcon.colcon_core.shell:Creating package script '/home/brilliant/ros2_ws/install/nav2_common/share/nav2_common/package.ps1'
[4.239s] INFO:colcon.colcon_core.shell:Creating package descriptor '/home/brilliant/ros2_ws/install/nav2_common/share/nav2_common/package.dsv'
[4.240s] INFO:colcon.colcon_core.shell:Creating package script '/home/brilliant/ros2_ws/install/nav2_common/share/nav2_common/package.sh'
[4.241s] INFO:colcon.colcon_core.shell:Creating package script '/home/brilliant/ros2_ws/install/nav2_common/share/nav2_common/package.bash'
[4.242s] INFO:colcon.colcon_core.shell:Creating package script '/home/brilliant/ros2_ws/install/nav2_common/share/nav2_common/package.zsh'
[4.243s] Level 1:colcon.colcon_core.environment:create_file_with_runtime_dependencies(/home/brilliant/ros2_ws/install/nav2_common/share/colcon-core/packages/nav2_common)
[4.244s] Level 1:colcon.colcon_core.environment:create_environment_scripts_only(nav2_common)
[4.244s] Level 1:colcon.colcon_core.environment:checking '/home/brilliant/ros2_ws/install/nav2_common' for CMake module files
[4.245s] Level 1:colcon.colcon_core.environment:checking '/home/brilliant/ros2_ws/install/nav2_common' for CMake config files
[4.246s] Level 1:colcon.colcon_core.shell:create_environment_hook('nav2_common', 'cmake_prefix_path')
[4.247s] INFO:colcon.colcon_core.shell:Creating environment hook '/home/brilliant/ros2_ws/install/nav2_common/share/nav2_common/hook/cmake_prefix_path.ps1'
[4.248s] INFO:colcon.colcon_core.shell:Creating environment descriptor '/home/brilliant/ros2_ws/install/nav2_common/share/nav2_common/hook/cmake_prefix_path.dsv'
[4.250s] INFO:colcon.colcon_core.shell:Creating environment hook '/home/brilliant/ros2_ws/install/nav2_common/share/nav2_common/hook/cmake_prefix_path.sh'
[4.252s] Level 1:colcon.colcon_core.environment:checking '/home/brilliant/ros2_ws/install/nav2_common/lib'
[4.252s] Level 1:colcon.colcon_core.environment:checking '/home/brilliant/ros2_ws/install/nav2_common/bin'
[4.252s] Level 1:colcon.colcon_core.environment:checking '/home/brilliant/ros2_ws/install/nav2_common/lib/pkgconfig/nav2_common.pc'
[4.255s] Level 1:colcon.colcon_core.environment:checking '/home/brilliant/ros2_ws/install/nav2_common/lib/python3.12/site-packages'
[4.256s] Level 1:colcon.colcon_core.shell:create_environment_hook('nav2_common', 'pythonpath')
[4.257s] INFO:colcon.colcon_core.shell:Creating environment hook '/home/brilliant/ros2_ws/install/nav2_common/share/nav2_common/hook/pythonpath.ps1'
[4.258s] INFO:colcon.colcon_core.shell:Creating environment descriptor '/home/brilliant/ros2_ws/install/nav2_common/share/nav2_common/hook/pythonpath.dsv'
[4.260s] INFO:colcon.colcon_core.shell:Creating environment hook '/home/brilliant/ros2_ws/install/nav2_common/share/nav2_common/hook/pythonpath.sh'
[4.266s] Level 1:colcon.colcon_core.environment:checking '/home/brilliant/ros2_ws/install/nav2_common/bin'
[4.266s] INFO:colcon.colcon_core.shell:Creating package script '/home/brilliant/ros2_ws/install/nav2_common/share/nav2_common/package.ps1'
[4.269s] INFO:colcon.colcon_core.shell:Creating package descriptor '/home/brilliant/ros2_ws/install/nav2_common/share/nav2_common/package.dsv'
[4.273s] INFO:colcon.colcon_core.shell:Creating package script '/home/brilliant/ros2_ws/install/nav2_common/share/nav2_common/package.sh'
[4.274s] INFO:colcon.colcon_core.shell:Creating package script '/home/brilliant/ros2_ws/install/nav2_common/share/nav2_common/package.bash'
[4.278s] INFO:colcon.colcon_core.shell:Creating package script '/home/brilliant/ros2_ws/install/nav2_common/share/nav2_common/package.zsh'
[4.282s] Level 1:colcon.colcon_core.environment:create_file_with_runtime_dependencies(/home/brilliant/ros2_ws/install/nav2_common/share/colcon-core/packages/nav2_common)
[4.284s] INFO:colcon.colcon_ros.task.ament_cmake.build:Building ROS package in '/home/brilliant/ros2_ws/src/navigation2/nav2_msgs' with build type 'ament_cmake'
[4.288s] INFO:colcon.colcon_cmake.task.cmake.build:Building CMake package in '/home/brilliant/ros2_ws/src/navigation2/nav2_msgs'
[4.288s] INFO:colcon.colcon_core.shell:Skip shell extension 'powershell' for command environment: Not usable outside of PowerShell
[4.288s] DEBUG:colcon.colcon_core.shell:Skip shell extension 'dsv' for command environment
[4.313s] DEBUG:colcon.colcon_core.event_handler.log_command:Invoked command in '/home/brilliant/ros2_ws/build/serial' returned '0': CMAKE_PREFIX_PATH=${CMAKE_PREFIX_PATH}:/home/brilliant/ros2_ws/install/twist_stamper:/opt/ros/jazzy DEBUGINFOD_URLS=https://debuginfod.ubuntu.com /usr/bin/cmake --build /home/brilliant/ros2_ws/build/serial -- -j4 -l4
[4.320s] DEBUG:colcon.colcon_core.event_handler.log_command:Invoking command in '/home/brilliant/ros2_ws/build/serial': CMAKE_PREFIX_PATH=${CMAKE_PREFIX_PATH}:/home/brilliant/ros2_ws/install/twist_stamper:/opt/ros/jazzy DEBUGINFOD_URLS=https://debuginfod.ubuntu.com /usr/bin/cmake --install /home/brilliant/ros2_ws/build/serial
[4.320s] Level 1:colcon.colcon_core.environment:create_environment_scripts_only(nav_2d_msgs)
[4.321s] Level 1:colcon.colcon_core.environment:checking '/home/brilliant/ros2_ws/install/nav_2d_msgs' for CMake module files
[4.327s] Level 1:colcon.colcon_core.environment:checking '/home/brilliant/ros2_ws/install/nav_2d_msgs' for CMake config files
[4.331s] Level 1:colcon.colcon_core.shell:create_environment_hook('nav_2d_msgs', 'cmake_prefix_path')
[4.332s] INFO:colcon.colcon_core.shell:Creating environment hook '/home/brilliant/ros2_ws/install/nav_2d_msgs/share/nav_2d_msgs/hook/cmake_prefix_path.ps1'
[4.333s] DEBUG:colcon.colcon_core.event_handler.log_command:Invoked command in '/home/brilliant/ros2_ws/build/nav_2d_msgs' returned '0': CMAKE_PREFIX_PATH=${CMAKE_PREFIX_PATH}:/home/brilliant/ros2_ws/install/twist_stamper:/opt/ros/jazzy DEBUGINFOD_URLS=https://debuginfod.ubuntu.com /usr/bin/cmake --install /home/brilliant/ros2_ws/build/nav_2d_msgs
[4.334s] INFO:colcon.colcon_core.shell:Creating environment descriptor '/home/brilliant/ros2_ws/install/nav_2d_msgs/share/nav_2d_msgs/hook/cmake_prefix_path.dsv'
[4.335s] INFO:colcon.colcon_core.shell:Creating environment hook '/home/brilliant/ros2_ws/install/nav_2d_msgs/share/nav_2d_msgs/hook/cmake_prefix_path.sh'
[4.336s] Level 1:colcon.colcon_core.environment:checking '/home/brilliant/ros2_ws/install/nav_2d_msgs/lib'
[4.337s] Level 1:colcon.colcon_core.shell:create_environment_hook('nav_2d_msgs', 'ld_library_path_lib')
[4.337s] INFO:colcon.colcon_core.shell:Creating environment hook '/home/brilliant/ros2_ws/install/nav_2d_msgs/share/nav_2d_msgs/hook/ld_library_path_lib.ps1'
[4.338s] INFO:colcon.colcon_core.shell:Creating environment descriptor '/home/brilliant/ros2_ws/install/nav_2d_msgs/share/nav_2d_msgs/hook/ld_library_path_lib.dsv'
[4.340s] INFO:colcon.colcon_core.shell:Creating environment hook '/home/brilliant/ros2_ws/install/nav_2d_msgs/share/nav_2d_msgs/hook/ld_library_path_lib.sh'
[4.346s] Level 1:colcon.colcon_core.environment:checking '/home/brilliant/ros2_ws/install/nav_2d_msgs/bin'
[4.347s] Level 1:colcon.colcon_core.environment:checking '/home/brilliant/ros2_ws/install/nav_2d_msgs/lib/pkgconfig/nav_2d_msgs.pc'
[4.347s] Level 1:colcon.colcon_core.environment:checking '/home/brilliant/ros2_ws/install/nav_2d_msgs/lib/python3.12/site-packages'
[4.348s] Level 1:colcon.colcon_core.shell:create_environment_hook('nav_2d_msgs', 'pythonpath')
[4.349s] INFO:colcon.colcon_core.shell:Creating environment hook '/home/brilliant/ros2_ws/install/nav_2d_msgs/share/nav_2d_msgs/hook/pythonpath.ps1'
[4.350s] INFO:colcon.colcon_core.shell:Creating environment descriptor '/home/brilliant/ros2_ws/install/nav_2d_msgs/share/nav_2d_msgs/hook/pythonpath.dsv'
[4.351s] INFO:colcon.colcon_core.shell:Creating environment hook '/home/brilliant/ros2_ws/install/nav_2d_msgs/share/nav_2d_msgs/hook/pythonpath.sh'
[4.353s] Level 1:colcon.colcon_core.environment:checking '/home/brilliant/ros2_ws/install/nav_2d_msgs/bin'
[4.354s] INFO:colcon.colcon_core.shell:Creating package script '/home/brilliant/ros2_ws/install/nav_2d_msgs/share/nav_2d_msgs/package.ps1'
[4.356s] INFO:colcon.colcon_core.shell:Creating package descriptor '/home/brilliant/ros2_ws/install/nav_2d_msgs/share/nav_2d_msgs/package.dsv'
[4.358s] INFO:colcon.colcon_core.shell:Creating package script '/home/brilliant/ros2_ws/install/nav_2d_msgs/share/nav_2d_msgs/package.sh'
[4.361s] INFO:colcon.colcon_core.shell:Creating package script '/home/brilliant/ros2_ws/install/nav_2d_msgs/share/nav_2d_msgs/package.bash'
[4.362s] INFO:colcon.colcon_core.shell:Creating package script '/home/brilliant/ros2_ws/install/nav_2d_msgs/share/nav_2d_msgs/package.zsh'
[4.364s] Level 1:colcon.colcon_core.environment:create_file_with_runtime_dependencies(/home/brilliant/ros2_ws/install/nav_2d_msgs/share/colcon-core/packages/nav_2d_msgs)
[4.366s] Level 1:colcon.colcon_core.environment:create_environment_scripts_only(nav_2d_msgs)
[4.367s] Level 1:colcon.colcon_core.environment:checking '/home/brilliant/ros2_ws/install/nav_2d_msgs' for CMake module files
[4.370s] Level 1:colcon.colcon_core.environment:checking '/home/brilliant/ros2_ws/install/nav_2d_msgs' for CMake config files
[4.373s] Level 1:colcon.colcon_core.shell:create_environment_hook('nav_2d_msgs', 'cmake_prefix_path')
[4.374s] INFO:colcon.colcon_core.shell:Creating environment hook '/home/brilliant/ros2_ws/install/nav_2d_msgs/share/nav_2d_msgs/hook/cmake_prefix_path.ps1'
[4.375s] INFO:colcon.colcon_core.shell:Creating environment descriptor '/home/brilliant/ros2_ws/install/nav_2d_msgs/share/nav_2d_msgs/hook/cmake_prefix_path.dsv'
[4.376s] INFO:colcon.colcon_core.shell:Creating environment hook '/home/brilliant/ros2_ws/install/nav_2d_msgs/share/nav_2d_msgs/hook/cmake_prefix_path.sh'
[4.378s] Level 1:colcon.colcon_core.environment:checking '/home/brilliant/ros2_ws/install/nav_2d_msgs/lib'
[4.379s] Level 1:colcon.colcon_core.shell:create_environment_hook('nav_2d_msgs', 'ld_library_path_lib')
[4.379s] INFO:colcon.colcon_core.shell:Creating environment hook '/home/brilliant/ros2_ws/install/nav_2d_msgs/share/nav_2d_msgs/hook/ld_library_path_lib.ps1'
[4.381s] INFO:colcon.colcon_core.shell:Creating environment descriptor '/home/brilliant/ros2_ws/install/nav_2d_msgs/share/nav_2d_msgs/hook/ld_library_path_lib.dsv'
[4.382s] INFO:colcon.colcon_core.shell:Creating environment hook '/home/brilliant/ros2_ws/install/nav_2d_msgs/share/nav_2d_msgs/hook/ld_library_path_lib.sh'
[4.383s] Level 1:colcon.colcon_core.environment:checking '/home/brilliant/ros2_ws/install/nav_2d_msgs/bin'
[4.384s] Level 1:colcon.colcon_core.environment:checking '/home/brilliant/ros2_ws/install/nav_2d_msgs/lib/pkgconfig/nav_2d_msgs.pc'
[4.384s] Level 1:colcon.colcon_core.environment:checking '/home/brilliant/ros2_ws/install/nav_2d_msgs/lib/python3.12/site-packages'
[4.385s] Level 1:colcon.colcon_core.shell:create_environment_hook('nav_2d_msgs', 'pythonpath')
[4.386s] INFO:colcon.colcon_core.shell:Creating environment hook '/home/brilliant/ros2_ws/install/nav_2d_msgs/share/nav_2d_msgs/hook/pythonpath.ps1'
[4.387s] INFO:colcon.colcon_core.shell:Creating environment descriptor '/home/brilliant/ros2_ws/install/nav_2d_msgs/share/nav_2d_msgs/hook/pythonpath.dsv'
[4.388s] INFO:colcon.colcon_core.shell:Creating environment hook '/home/brilliant/ros2_ws/install/nav_2d_msgs/share/nav_2d_msgs/hook/pythonpath.sh'
[4.390s] Level 1:colcon.colcon_core.environment:checking '/home/brilliant/ros2_ws/install/nav_2d_msgs/bin'
[4.391s] INFO:colcon.colcon_core.shell:Creating package script '/home/brilliant/ros2_ws/install/nav_2d_msgs/share/nav_2d_msgs/package.ps1'
[4.396s] INFO:colcon.colcon_core.shell:Creating package descriptor '/home/brilliant/ros2_ws/install/nav_2d_msgs/share/nav_2d_msgs/package.dsv'
[4.398s] INFO:colcon.colcon_core.shell:Creating package script '/home/brilliant/ros2_ws/install/nav_2d_msgs/share/nav_2d_msgs/package.sh'
[4.400s] INFO:colcon.colcon_core.shell:Creating package script '/home/brilliant/ros2_ws/install/nav_2d_msgs/share/nav_2d_msgs/package.bash'
[4.402s] INFO:colcon.colcon_core.shell:Creating package script '/home/brilliant/ros2_ws/install/nav_2d_msgs/share/nav_2d_msgs/package.zsh'
[4.405s] Level 1:colcon.colcon_core.environment:create_file_with_runtime_dependencies(/home/brilliant/ros2_ws/install/nav_2d_msgs/share/colcon-core/packages/nav_2d_msgs)
[4.409s] INFO:colcon.colcon_ros.task.ament_cmake.build:Building ROS package in '/home/brilliant/ros2_ws/src/navigation2/nav2_voxel_grid' with build type 'ament_cmake'
[4.409s] INFO:colcon.colcon_cmake.task.cmake.build:Building CMake package in '/home/brilliant/ros2_ws/src/navigation2/nav2_voxel_grid'
[4.410s] INFO:colcon.colcon_core.shell:Skip shell extension 'powershell' for command environment: Not usable outside of PowerShell
[4.410s] DEBUG:colcon.colcon_core.shell:Skip shell extension 'dsv' for command environment
[4.460s] DEBUG:colcon.colcon_core.event_handler.log_command:Invoking command in '/home/brilliant/ros2_ws/build/nav2_msgs': AMENT_PREFIX_PATH=/home/brilliant/ros2_ws/install/nav2_common:${AMENT_PREFIX_PATH} CMAKE_PREFIX_PATH=/home/brilliant/ros2_ws/install/nav2_common:/home/brilliant/ros2_ws/install/sllidar_ros2:/home/brilliant/ros2_ws/install/serial:/home/brilliant/ros2_ws/install/minibot:/home/brilliant/ros2_ws/install/diffdrive_arduino:/opt/ros/jazzy/opt/gz_sim_vendor:/opt/ros/jazzy/opt/gz_sensors_vendor:/opt/ros/jazzy/opt/gz_physics_vendor:/opt/ros/jazzy/opt/sdformat_vendor:/opt/ros/jazzy/opt/gz_gui_vendor:/opt/ros/jazzy/opt/gz_transport_vendor:/opt/ros/jazzy/opt/gz_rendering_vendor:/opt/ros/jazzy/opt/gz_plugin_vendor:/opt/ros/jazzy/opt/gz_fuel_tools_vendor:/opt/ros/jazzy/opt/gz_msgs_vendor:/opt/ros/jazzy/opt/gz_common_vendor:/opt/ros/jazzy/opt/gz_math_vendor:/opt/ros/jazzy/opt/gz_utils_vendor:/opt/ros/jazzy/opt/gz_tools_vendor:/opt/ros/jazzy/opt/gz_ogre_next_vendor:/opt/ros/jazzy/opt/gz_dartsim_vendor:/opt/ros/jazzy/opt/gz_cmake_vendor:/home/brilliant/ros2_ws/install/twist_stamper:/opt/ros/jazzy DEBUGINFOD_URLS=https://debuginfod.ubuntu.com PYTHONPATH=/home/brilliant/ros2_ws/install/nav2_common/lib/python3.12/site-packages:${PYTHONPATH} /usr/bin/cmake --build /home/brilliant/ros2_ws/build/nav2_msgs -- -j4 -l4
[4.464s] Level 1:colcon.colcon_core.environment:create_environment_scripts_only(serial)
[4.465s] Level 1:colcon.colcon_core.environment:checking '/home/brilliant/ros2_ws/install/serial' for CMake module files
[4.466s] Level 1:colcon.colcon_core.environment:checking '/home/brilliant/ros2_ws/install/serial' for CMake config files
[4.467s] DEBUG:colcon.colcon_core.event_handler.log_command:Invoked command in '/home/brilliant/ros2_ws/build/serial' returned '0': CMAKE_PREFIX_PATH=${CMAKE_PREFIX_PATH}:/home/brilliant/ros2_ws/install/twist_stamper:/opt/ros/jazzy DEBUGINFOD_URLS=https://debuginfod.ubuntu.com /usr/bin/cmake --install /home/brilliant/ros2_ws/build/serial
[4.468s] Level 1:colcon.colcon_core.shell:create_environment_hook('serial', 'cmake_prefix_path')
[4.469s] INFO:colcon.colcon_core.shell:Creating environment hook '/home/brilliant/ros2_ws/install/serial/share/serial/hook/cmake_prefix_path.ps1'
[4.470s] INFO:colcon.colcon_core.shell:Creating environment descriptor '/home/brilliant/ros2_ws/install/serial/share/serial/hook/cmake_prefix_path.dsv'
[4.471s] INFO:colcon.colcon_core.shell:Creating environment hook '/home/brilliant/ros2_ws/install/serial/share/serial/hook/cmake_prefix_path.sh'
[4.473s] Level 1:colcon.colcon_core.environment:checking '/home/brilliant/ros2_ws/install/serial/lib'
[4.473s] Level 1:colcon.colcon_core.environment:checking '/home/brilliant/ros2_ws/install/serial/bin'
[4.473s] Level 1:colcon.colcon_core.environment:checking '/home/brilliant/ros2_ws/install/serial/lib/pkgconfig/serial.pc'
[4.474s] Level 1:colcon.colcon_core.environment:checking '/home/brilliant/ros2_ws/install/serial/lib/python3.12/site-packages'
[4.474s] Level 1:colcon.colcon_core.environment:checking '/home/brilliant/ros2_ws/install/serial/bin'
[4.475s] INFO:colcon.colcon_core.shell:Creating package script '/home/brilliant/ros2_ws/install/serial/share/serial/package.ps1'
[4.476s] INFO:colcon.colcon_core.shell:Creating package descriptor '/home/brilliant/ros2_ws/install/serial/share/serial/package.dsv'
[4.477s] INFO:colcon.colcon_core.shell:Creating package script '/home/brilliant/ros2_ws/install/serial/share/serial/package.sh'
[4.478s] INFO:colcon.colcon_core.shell:Creating package script '/home/brilliant/ros2_ws/install/serial/share/serial/package.bash'
[4.479s] INFO:colcon.colcon_core.shell:Creating package script '/home/brilliant/ros2_ws/install/serial/share/serial/package.zsh'
[4.480s] Level 1:colcon.colcon_core.environment:create_file_with_runtime_dependencies(/home/brilliant/ros2_ws/install/serial/share/colcon-core/packages/serial)
[4.481s] Level 1:colcon.colcon_core.environment:create_environment_scripts_only(serial)
[4.482s] Level 1:colcon.colcon_core.environment:checking '/home/brilliant/ros2_ws/install/serial' for CMake module files
[4.483s] Level 1:colcon.colcon_core.environment:checking '/home/brilliant/ros2_ws/install/serial' for CMake config files
[4.484s] Level 1:colcon.colcon_core.shell:create_environment_hook('serial', 'cmake_prefix_path')
[4.485s] INFO:colcon.colcon_core.shell:Creating environment hook '/home/brilliant/ros2_ws/install/serial/share/serial/hook/cmake_prefix_path.ps1'
[4.486s] INFO:colcon.colcon_core.shell:Creating environment descriptor '/home/brilliant/ros2_ws/install/serial/share/serial/hook/cmake_prefix_path.dsv'
[4.488s] INFO:colcon.colcon_core.shell:Creating environment hook '/home/brilliant/ros2_ws/install/serial/share/serial/hook/cmake_prefix_path.sh'
[4.491s] Level 1:colcon.colcon_core.environment:checking '/home/brilliant/ros2_ws/install/serial/lib'
[4.492s] Level 1:colcon.colcon_core.environment:checking '/home/brilliant/ros2_ws/install/serial/bin'
[4.492s] Level 1:colcon.colcon_core.environment:checking '/home/brilliant/ros2_ws/install/serial/lib/pkgconfig/serial.pc'
[4.492s] Level 1:colcon.colcon_core.environment:checking '/home/brilliant/ros2_ws/install/serial/lib/python3.12/site-packages'
[4.493s] Level 1:colcon.colcon_core.environment:checking '/home/brilliant/ros2_ws/install/serial/bin'
[4.496s] INFO:colcon.colcon_core.shell:Creating package script '/home/brilliant/ros2_ws/install/serial/share/serial/package.ps1'
[4.497s] INFO:colcon.colcon_core.shell:Creating package descriptor '/home/brilliant/ros2_ws/install/serial/share/serial/package.dsv'
[4.501s] INFO:colcon.colcon_core.shell:Creating package script '/home/brilliant/ros2_ws/install/serial/share/serial/package.sh'
[4.502s] INFO:colcon.colcon_core.shell:Creating package script '/home/brilliant/ros2_ws/install/serial/share/serial/package.bash'
[4.505s] INFO:colcon.colcon_core.shell:Creating package script '/home/brilliant/ros2_ws/install/serial/share/serial/package.zsh'
[4.506s] Level 1:colcon.colcon_core.environment:create_file_with_runtime_dependencies(/home/brilliant/ros2_ws/install/serial/share/colcon-core/packages/serial)
[4.509s] INFO:colcon.colcon_ros.task.ament_cmake.build:Building ROS package in '/home/brilliant/ros2_ws/src/navigation2/nav2_dwb_controller/dwb_msgs' with build type 'ament_cmake'
[4.509s] INFO:colcon.colcon_cmake.task.cmake.build:Building CMake package in '/home/brilliant/ros2_ws/src/navigation2/nav2_dwb_controller/dwb_msgs'
[4.510s] INFO:colcon.colcon_core.shell:Skip shell extension 'powershell' for command environment: Not usable outside of PowerShell
[4.510s] DEBUG:colcon.colcon_core.shell:Skip shell extension 'dsv' for command environment
[4.537s] DEBUG:colcon.colcon_core.event_handler.log_command:Invoking command in '/home/brilliant/ros2_ws/build/nav2_voxel_grid': AMENT_PREFIX_PATH=/home/brilliant/ros2_ws/install/nav2_common:${AMENT_PREFIX_PATH} CMAKE_PREFIX_PATH=/home/brilliant/ros2_ws/install/nav2_common:/home/brilliant/ros2_ws/install/sllidar_ros2:/home/brilliant/ros2_ws/install/serial:/home/brilliant/ros2_ws/install/minibot:/home/brilliant/ros2_ws/install/diffdrive_arduino:/opt/ros/jazzy/opt/gz_sim_vendor:/opt/ros/jazzy/opt/gz_sensors_vendor:/opt/ros/jazzy/opt/gz_physics_vendor:/opt/ros/jazzy/opt/sdformat_vendor:/opt/ros/jazzy/opt/gz_gui_vendor:/opt/ros/jazzy/opt/gz_transport_vendor:/opt/ros/jazzy/opt/gz_rendering_vendor:/opt/ros/jazzy/opt/gz_plugin_vendor:/opt/ros/jazzy/opt/gz_fuel_tools_vendor:/opt/ros/jazzy/opt/gz_msgs_vendor:/opt/ros/jazzy/opt/gz_common_vendor:/opt/ros/jazzy/opt/gz_math_vendor:/opt/ros/jazzy/opt/gz_utils_vendor:/opt/ros/jazzy/opt/gz_tools_vendor:/opt/ros/jazzy/opt/gz_ogre_next_vendor:/opt/ros/jazzy/opt/gz_dartsim_vendor:/opt/ros/jazzy/opt/gz_cmake_vendor:/home/brilliant/ros2_ws/install/twist_stamper:/opt/ros/jazzy DEBUGINFOD_URLS=https://debuginfod.ubuntu.com PYTHONPATH=/home/brilliant/ros2_ws/install/nav2_common/lib/python3.12/site-packages:${PYTHONPATH} /usr/bin/cmake --build /home/brilliant/ros2_ws/build/nav2_voxel_grid -- -j4 -l4
[4.564s] DEBUG:colcon.colcon_core.event_handler.log_command:Invoking command in '/home/brilliant/ros2_ws/build/dwb_msgs': AMENT_PREFIX_PATH=/home/brilliant/ros2_ws/install/nav_2d_msgs:${AMENT_PREFIX_PATH} CMAKE_PREFIX_PATH=/home/brilliant/ros2_ws/install/nav_2d_msgs:/home/brilliant/ros2_ws/install/sllidar_ros2:/home/brilliant/ros2_ws/install/serial:/home/brilliant/ros2_ws/install/minibot:/home/brilliant/ros2_ws/install/diffdrive_arduino:/opt/ros/jazzy/opt/gz_sim_vendor:/opt/ros/jazzy/opt/gz_sensors_vendor:/opt/ros/jazzy/opt/gz_physics_vendor:/opt/ros/jazzy/opt/sdformat_vendor:/opt/ros/jazzy/opt/gz_gui_vendor:/opt/ros/jazzy/opt/gz_transport_vendor:/opt/ros/jazzy/opt/gz_rendering_vendor:/opt/ros/jazzy/opt/gz_plugin_vendor:/opt/ros/jazzy/opt/gz_fuel_tools_vendor:/opt/ros/jazzy/opt/gz_msgs_vendor:/opt/ros/jazzy/opt/gz_common_vendor:/opt/ros/jazzy/opt/gz_math_vendor:/opt/ros/jazzy/opt/gz_utils_vendor:/opt/ros/jazzy/opt/gz_tools_vendor:/opt/ros/jazzy/opt/gz_ogre_next_vendor:/opt/ros/jazzy/opt/gz_dartsim_vendor:/opt/ros/jazzy/opt/gz_cmake_vendor:/home/brilliant/ros2_ws/install/twist_stamper:/opt/ros/jazzy DEBUGINFOD_URLS=https://debuginfod.ubuntu.com LD_LIBRARY_PATH=/home/brilliant/ros2_ws/install/nav_2d_msgs/lib:${LD_LIBRARY_PATH} PYTHONPATH=/home/brilliant/ros2_ws/install/nav_2d_msgs/lib/python3.12/site-packages:${PYTHONPATH} /usr/bin/cmake --build /home/brilliant/ros2_ws/build/dwb_msgs -- -j4 -l4
[5.399s] DEBUG:colcon.colcon_core.event_handler.log_command:Invoked command in '/home/brilliant/ros2_ws/build/nav2_voxel_grid' returned '0': AMENT_PREFIX_PATH=/home/brilliant/ros2_ws/install/nav2_common:${AMENT_PREFIX_PATH} CMAKE_PREFIX_PATH=/home/brilliant/ros2_ws/install/nav2_common:/home/brilliant/ros2_ws/install/sllidar_ros2:/home/brilliant/ros2_ws/install/serial:/home/brilliant/ros2_ws/install/minibot:/home/brilliant/ros2_ws/install/diffdrive_arduino:/opt/ros/jazzy/opt/gz_sim_vendor:/opt/ros/jazzy/opt/gz_sensors_vendor:/opt/ros/jazzy/opt/gz_physics_vendor:/opt/ros/jazzy/opt/sdformat_vendor:/opt/ros/jazzy/opt/gz_gui_vendor:/opt/ros/jazzy/opt/gz_transport_vendor:/opt/ros/jazzy/opt/gz_rendering_vendor:/opt/ros/jazzy/opt/gz_plugin_vendor:/opt/ros/jazzy/opt/gz_fuel_tools_vendor:/opt/ros/jazzy/opt/gz_msgs_vendor:/opt/ros/jazzy/opt/gz_common_vendor:/opt/ros/jazzy/opt/gz_math_vendor:/opt/ros/jazzy/opt/gz_utils_vendor:/opt/ros/jazzy/opt/gz_tools_vendor:/opt/ros/jazzy/opt/gz_ogre_next_vendor:/opt/ros/jazzy/opt/gz_dartsim_vendor:/opt/ros/jazzy/opt/gz_cmake_vendor:/home/brilliant/ros2_ws/install/twist_stamper:/opt/ros/jazzy DEBUGINFOD_URLS=https://debuginfod.ubuntu.com PYTHONPATH=/home/brilliant/ros2_ws/install/nav2_common/lib/python3.12/site-packages:${PYTHONPATH} /usr/bin/cmake --build /home/brilliant/ros2_ws/build/nav2_voxel_grid -- -j4 -l4
[5.406s] DEBUG:colcon.colcon_core.event_handler.log_command:Invoking command in '/home/brilliant/ros2_ws/build/nav2_voxel_grid': AMENT_PREFIX_PATH=/home/brilliant/ros2_ws/install/nav2_common:${AMENT_PREFIX_PATH} CMAKE_PREFIX_PATH=/home/brilliant/ros2_ws/install/nav2_common:/home/brilliant/ros2_ws/install/sllidar_ros2:/home/brilliant/ros2_ws/install/serial:/home/brilliant/ros2_ws/install/minibot:/home/brilliant/ros2_ws/install/diffdrive_arduino:/opt/ros/jazzy/opt/gz_sim_vendor:/opt/ros/jazzy/opt/gz_sensors_vendor:/opt/ros/jazzy/opt/gz_physics_vendor:/opt/ros/jazzy/opt/sdformat_vendor:/opt/ros/jazzy/opt/gz_gui_vendor:/opt/ros/jazzy/opt/gz_transport_vendor:/opt/ros/jazzy/opt/gz_rendering_vendor:/opt/ros/jazzy/opt/gz_plugin_vendor:/opt/ros/jazzy/opt/gz_fuel_tools_vendor:/opt/ros/jazzy/opt/gz_msgs_vendor:/opt/ros/jazzy/opt/gz_common_vendor:/opt/ros/jazzy/opt/gz_math_vendor:/opt/ros/jazzy/opt/gz_utils_vendor:/opt/ros/jazzy/opt/gz_tools_vendor:/opt/ros/jazzy/opt/gz_ogre_next_vendor:/opt/ros/jazzy/opt/gz_dartsim_vendor:/opt/ros/jazzy/opt/gz_cmake_vendor:/home/brilliant/ros2_ws/install/twist_stamper:/opt/ros/jazzy DEBUGINFOD_URLS=https://debuginfod.ubuntu.com PYTHONPATH=/home/brilliant/ros2_ws/install/nav2_common/lib/python3.12/site-packages:${PYTHONPATH} /usr/bin/cmake --install /home/brilliant/ros2_ws/build/nav2_voxel_grid
[5.600s] Level 1:colcon.colcon_core.environment:create_environment_scripts_only(nav2_voxel_grid)
[5.600s] Level 1:colcon.colcon_core.environment:checking '/home/brilliant/ros2_ws/install/nav2_voxel_grid' for CMake module files
[5.602s] Level 1:colcon.colcon_core.environment:checking '/home/brilliant/ros2_ws/install/nav2_voxel_grid' for CMake config files
[5.609s] DEBUG:colcon.colcon_core.event_handler.log_command:Invoked command in '/home/brilliant/ros2_ws/build/nav2_voxel_grid' returned '0': AMENT_PREFIX_PATH=/home/brilliant/ros2_ws/install/nav2_common:${AMENT_PREFIX_PATH} CMAKE_PREFIX_PATH=/home/brilliant/ros2_ws/install/nav2_common:/home/brilliant/ros2_ws/install/sllidar_ros2:/home/brilliant/ros2_ws/install/serial:/home/brilliant/ros2_ws/install/minibot:/home/brilliant/ros2_ws/install/diffdrive_arduino:/opt/ros/jazzy/opt/gz_sim_vendor:/opt/ros/jazzy/opt/gz_sensors_vendor:/opt/ros/jazzy/opt/gz_physics_vendor:/opt/ros/jazzy/opt/sdformat_vendor:/opt/ros/jazzy/opt/gz_gui_vendor:/opt/ros/jazzy/opt/gz_transport_vendor:/opt/ros/jazzy/opt/gz_rendering_vendor:/opt/ros/jazzy/opt/gz_plugin_vendor:/opt/ros/jazzy/opt/gz_fuel_tools_vendor:/opt/ros/jazzy/opt/gz_msgs_vendor:/opt/ros/jazzy/opt/gz_common_vendor:/opt/ros/jazzy/opt/gz_math_vendor:/opt/ros/jazzy/opt/gz_utils_vendor:/opt/ros/jazzy/opt/gz_tools_vendor:/opt/ros/jazzy/opt/gz_ogre_next_vendor:/opt/ros/jazzy/opt/gz_dartsim_vendor:/opt/ros/jazzy/opt/gz_cmake_vendor:/home/brilliant/ros2_ws/install/twist_stamper:/opt/ros/jazzy DEBUGINFOD_URLS=https://debuginfod.ubuntu.com PYTHONPATH=/home/brilliant/ros2_ws/install/nav2_common/lib/python3.12/site-packages:${PYTHONPATH} /usr/bin/cmake --install /home/brilliant/ros2_ws/build/nav2_voxel_grid
[5.610s] Level 1:colcon.colcon_core.shell:create_environment_hook('nav2_voxel_grid', 'cmake_prefix_path')
[5.611s] INFO:colcon.colcon_core.shell:Creating environment hook '/home/brilliant/ros2_ws/install/nav2_voxel_grid/share/nav2_voxel_grid/hook/cmake_prefix_path.ps1'
[5.617s] INFO:colcon.colcon_core.shell:Creating environment descriptor '/home/brilliant/ros2_ws/install/nav2_voxel_grid/share/nav2_voxel_grid/hook/cmake_prefix_path.dsv'
[5.618s] INFO:colcon.colcon_core.shell:Creating environment hook '/home/brilliant/ros2_ws/install/nav2_voxel_grid/share/nav2_voxel_grid/hook/cmake_prefix_path.sh'
[5.619s] Level 1:colcon.colcon_core.environment:checking '/home/brilliant/ros2_ws/install/nav2_voxel_grid/lib'
[5.619s] Level 1:colcon.colcon_core.shell:create_environment_hook('nav2_voxel_grid', 'ld_library_path_lib')
[5.629s] INFO:colcon.colcon_core.shell:Creating environment hook '/home/brilliant/ros2_ws/install/nav2_voxel_grid/share/nav2_voxel_grid/hook/ld_library_path_lib.ps1'
[5.630s] INFO:colcon.colcon_core.shell:Creating environment descriptor '/home/brilliant/ros2_ws/install/nav2_voxel_grid/share/nav2_voxel_grid/hook/ld_library_path_lib.dsv'
[5.632s] INFO:colcon.colcon_core.shell:Creating environment hook '/home/brilliant/ros2_ws/install/nav2_voxel_grid/share/nav2_voxel_grid/hook/ld_library_path_lib.sh'
[5.641s] Level 1:colcon.colcon_core.environment:checking '/home/brilliant/ros2_ws/install/nav2_voxel_grid/bin'
[5.641s] Level 1:colcon.colcon_core.environment:checking '/home/brilliant/ros2_ws/install/nav2_voxel_grid/lib/pkgconfig/nav2_voxel_grid.pc'
[5.642s] Level 1:colcon.colcon_core.environment:checking '/home/brilliant/ros2_ws/install/nav2_voxel_grid/lib/python3.12/site-packages'
[5.644s] Level 1:colcon.colcon_core.environment:checking '/home/brilliant/ros2_ws/install/nav2_voxel_grid/bin'
[5.647s] INFO:colcon.colcon_core.shell:Creating package script '/home/brilliant/ros2_ws/install/nav2_voxel_grid/share/nav2_voxel_grid/package.ps1'
[5.650s] INFO:colcon.colcon_core.shell:Creating package descriptor '/home/brilliant/ros2_ws/install/nav2_voxel_grid/share/nav2_voxel_grid/package.dsv'
[5.655s] INFO:colcon.colcon_core.shell:Creating package script '/home/brilliant/ros2_ws/install/nav2_voxel_grid/share/nav2_voxel_grid/package.sh'
[5.661s] INFO:colcon.colcon_core.shell:Creating package script '/home/brilliant/ros2_ws/install/nav2_voxel_grid/share/nav2_voxel_grid/package.bash'
[5.664s] INFO:colcon.colcon_core.shell:Creating package script '/home/brilliant/ros2_ws/install/nav2_voxel_grid/share/nav2_voxel_grid/package.zsh'
[5.669s] Level 1:colcon.colcon_core.environment:create_file_with_runtime_dependencies(/home/brilliant/ros2_ws/install/nav2_voxel_grid/share/colcon-core/packages/nav2_voxel_grid)
[5.670s] Level 1:colcon.colcon_core.environment:create_environment_scripts_only(nav2_voxel_grid)
[5.670s] Level 1:colcon.colcon_core.environment:checking '/home/brilliant/ros2_ws/install/nav2_voxel_grid' for CMake module files
[5.678s] Level 1:colcon.colcon_core.environment:checking '/home/brilliant/ros2_ws/install/nav2_voxel_grid' for CMake config files
[5.679s] Level 1:colcon.colcon_core.shell:create_environment_hook('nav2_voxel_grid', 'cmake_prefix_path')
[5.679s] INFO:colcon.colcon_core.shell:Creating environment hook '/home/brilliant/ros2_ws/install/nav2_voxel_grid/share/nav2_voxel_grid/hook/cmake_prefix_path.ps1'
[5.683s] INFO:colcon.colcon_core.shell:Creating environment descriptor '/home/brilliant/ros2_ws/install/nav2_voxel_grid/share/nav2_voxel_grid/hook/cmake_prefix_path.dsv'
[5.685s] INFO:colcon.colcon_core.shell:Creating environment hook '/home/brilliant/ros2_ws/install/nav2_voxel_grid/share/nav2_voxel_grid/hook/cmake_prefix_path.sh'
[5.690s] Level 1:colcon.colcon_core.environment:checking '/home/brilliant/ros2_ws/install/nav2_voxel_grid/lib'
[5.690s] Level 1:colcon.colcon_core.shell:create_environment_hook('nav2_voxel_grid', 'ld_library_path_lib')
[5.691s] INFO:colcon.colcon_core.shell:Creating environment hook '/home/brilliant/ros2_ws/install/nav2_voxel_grid/share/nav2_voxel_grid/hook/ld_library_path_lib.ps1'
[5.692s] INFO:colcon.colcon_core.shell:Creating environment descriptor '/home/brilliant/ros2_ws/install/nav2_voxel_grid/share/nav2_voxel_grid/hook/ld_library_path_lib.dsv'
[5.693s] INFO:colcon.colcon_core.shell:Creating environment hook '/home/brilliant/ros2_ws/install/nav2_voxel_grid/share/nav2_voxel_grid/hook/ld_library_path_lib.sh'
[5.702s] Level 1:colcon.colcon_core.environment:checking '/home/brilliant/ros2_ws/install/nav2_voxel_grid/bin'
[5.702s] Level 1:colcon.colcon_core.environment:checking '/home/brilliant/ros2_ws/install/nav2_voxel_grid/lib/pkgconfig/nav2_voxel_grid.pc'
[5.703s] Level 1:colcon.colcon_core.environment:checking '/home/brilliant/ros2_ws/install/nav2_voxel_grid/lib/python3.12/site-packages'
[5.703s] Level 1:colcon.colcon_core.environment:checking '/home/brilliant/ros2_ws/install/nav2_voxel_grid/bin'
[5.704s] INFO:colcon.colcon_core.shell:Creating package script '/home/brilliant/ros2_ws/install/nav2_voxel_grid/share/nav2_voxel_grid/package.ps1'
[5.718s] INFO:colcon.colcon_core.shell:Creating package descriptor '/home/brilliant/ros2_ws/install/nav2_voxel_grid/share/nav2_voxel_grid/package.dsv'
[5.722s] INFO:colcon.colcon_core.shell:Creating package script '/home/brilliant/ros2_ws/install/nav2_voxel_grid/share/nav2_voxel_grid/package.sh'
[5.730s] INFO:colcon.colcon_core.shell:Creating package script '/home/brilliant/ros2_ws/install/nav2_voxel_grid/share/nav2_voxel_grid/package.bash'
[5.731s] INFO:colcon.colcon_core.shell:Creating package script '/home/brilliant/ros2_ws/install/nav2_voxel_grid/share/nav2_voxel_grid/package.zsh'
[5.742s] Level 1:colcon.colcon_core.environment:create_file_with_runtime_dependencies(/home/brilliant/ros2_ws/install/nav2_voxel_grid/share/colcon-core/packages/nav2_voxel_grid)
[5.744s] INFO:colcon.colcon_ros.task.ament_cmake.build:Building ROS package in '/home/brilliant/ros2_ws/src/sllidar_ros2' with build type 'ament_cmake'
[5.744s] INFO:colcon.colcon_cmake.task.cmake.build:Building CMake package in '/home/brilliant/ros2_ws/src/sllidar_ros2'
[5.750s] INFO:colcon.colcon_core.shell:Skip shell extension 'powershell' for command environment: Not usable outside of PowerShell
[5.750s] DEBUG:colcon.colcon_core.shell:Skip shell extension 'dsv' for command environment
[5.798s] DEBUG:colcon.colcon_core.event_handler.log_command:Invoking command in '/home/brilliant/ros2_ws/build/sllidar_ros2': CMAKE_PREFIX_PATH=${CMAKE_PREFIX_PATH}:/home/brilliant/ros2_ws/install/twist_stamper:/opt/ros/jazzy DEBUGINFOD_URLS=https://debuginfod.ubuntu.com /usr/bin/cmake --build /home/brilliant/ros2_ws/build/sllidar_ros2 -- -j4 -l4
[6.627s] DEBUG:colcon.colcon_core.event_handler.log_command:Invoked command in '/home/brilliant/ros2_ws/build/sllidar_ros2' returned '0': CMAKE_PREFIX_PATH=${CMAKE_PREFIX_PATH}:/home/brilliant/ros2_ws/install/twist_stamper:/opt/ros/jazzy DEBUGINFOD_URLS=https://debuginfod.ubuntu.com /usr/bin/cmake --build /home/brilliant/ros2_ws/build/sllidar_ros2 -- -j4 -l4
[6.631s] DEBUG:colcon.colcon_core.event_handler.log_command:Invoking command in '/home/brilliant/ros2_ws/build/sllidar_ros2': CMAKE_PREFIX_PATH=${CMAKE_PREFIX_PATH}:/home/brilliant/ros2_ws/install/twist_stamper:/opt/ros/jazzy DEBUGINFOD_URLS=https://debuginfod.ubuntu.com /usr/bin/cmake --install /home/brilliant/ros2_ws/build/sllidar_ros2
[6.905s] Level 1:colcon.colcon_core.environment:create_environment_scripts_only(sllidar_ros2)
[6.906s] Level 1:colcon.colcon_core.environment:checking '/home/brilliant/ros2_ws/install/sllidar_ros2' for CMake module files
[6.924s] DEBUG:colcon.colcon_core.event_handler.log_command:Invoked command in '/home/brilliant/ros2_ws/build/sllidar_ros2' returned '0': CMAKE_PREFIX_PATH=${CMAKE_PREFIX_PATH}:/home/brilliant/ros2_ws/install/twist_stamper:/opt/ros/jazzy DEBUGINFOD_URLS=https://debuginfod.ubuntu.com /usr/bin/cmake --install /home/brilliant/ros2_ws/build/sllidar_ros2
[6.907s] Level 1:colcon.colcon_core.environment:checking '/home/brilliant/ros2_ws/install/sllidar_ros2' for CMake config files
[6.927s] Level 1:colcon.colcon_core.shell:create_environment_hook('sllidar_ros2', 'cmake_prefix_path')
[6.928s] INFO:colcon.colcon_core.shell:Creating environment hook '/home/brilliant/ros2_ws/install/sllidar_ros2/share/sllidar_ros2/hook/cmake_prefix_path.ps1'
[6.929s] INFO:colcon.colcon_core.shell:Creating environment descriptor '/home/brilliant/ros2_ws/install/sllidar_ros2/share/sllidar_ros2/hook/cmake_prefix_path.dsv'
[6.942s] INFO:colcon.colcon_core.shell:Creating environment hook '/home/brilliant/ros2_ws/install/sllidar_ros2/share/sllidar_ros2/hook/cmake_prefix_path.sh'
[6.943s] Level 1:colcon.colcon_core.environment:checking '/home/brilliant/ros2_ws/install/sllidar_ros2/lib'
[6.944s] Level 1:colcon.colcon_core.environment:checking '/home/brilliant/ros2_ws/install/sllidar_ros2/bin'
[6.944s] Level 1:colcon.colcon_core.environment:checking '/home/brilliant/ros2_ws/install/sllidar_ros2/lib/pkgconfig/sllidar_ros2.pc'
[6.944s] Level 1:colcon.colcon_core.environment:checking '/home/brilliant/ros2_ws/install/sllidar_ros2/lib/python3.12/site-packages'
[6.960s] Level 1:colcon.colcon_core.environment:checking '/home/brilliant/ros2_ws/install/sllidar_ros2/bin'
[6.960s] INFO:colcon.colcon_core.shell:Creating package script '/home/brilliant/ros2_ws/install/sllidar_ros2/share/sllidar_ros2/package.ps1'
[6.961s] INFO:colcon.colcon_core.shell:Creating package descriptor '/home/brilliant/ros2_ws/install/sllidar_ros2/share/sllidar_ros2/package.dsv'
[6.974s] INFO:colcon.colcon_core.shell:Creating package script '/home/brilliant/ros2_ws/install/sllidar_ros2/share/sllidar_ros2/package.sh'
[6.975s] INFO:colcon.colcon_core.shell:Creating package script '/home/brilliant/ros2_ws/install/sllidar_ros2/share/sllidar_ros2/package.bash'
[6.975s] INFO:colcon.colcon_core.shell:Creating package script '/home/brilliant/ros2_ws/install/sllidar_ros2/share/sllidar_ros2/package.zsh'
[6.976s] Level 1:colcon.colcon_core.environment:create_file_with_runtime_dependencies(/home/brilliant/ros2_ws/install/sllidar_ros2/share/colcon-core/packages/sllidar_ros2)
[6.988s] Level 1:colcon.colcon_core.environment:create_environment_scripts_only(sllidar_ros2)
[6.989s] Level 1:colcon.colcon_core.environment:checking '/home/brilliant/ros2_ws/install/sllidar_ros2' for CMake module files
[7.006s] Level 1:colcon.colcon_core.environment:checking '/home/brilliant/ros2_ws/install/sllidar_ros2' for CMake config files
[7.009s] Level 1:colcon.colcon_core.shell:create_environment_hook('sllidar_ros2', 'cmake_prefix_path')
[7.009s] INFO:colcon.colcon_core.shell:Creating environment hook '/home/brilliant/ros2_ws/install/sllidar_ros2/share/sllidar_ros2/hook/cmake_prefix_path.ps1'
[7.014s] INFO:colcon.colcon_core.shell:Creating environment descriptor '/home/brilliant/ros2_ws/install/sllidar_ros2/share/sllidar_ros2/hook/cmake_prefix_path.dsv'
[7.015s] INFO:colcon.colcon_core.shell:Creating environment hook '/home/brilliant/ros2_ws/install/sllidar_ros2/share/sllidar_ros2/hook/cmake_prefix_path.sh'
[7.025s] Level 1:colcon.colcon_core.environment:checking '/home/brilliant/ros2_ws/install/sllidar_ros2/lib'
[7.026s] Level 1:colcon.colcon_core.environment:checking '/home/brilliant/ros2_ws/install/sllidar_ros2/bin'
[7.026s] Level 1:colcon.colcon_core.environment:checking '/home/brilliant/ros2_ws/install/sllidar_ros2/lib/pkgconfig/sllidar_ros2.pc'
[7.026s] Level 1:colcon.colcon_core.environment:checking '/home/brilliant/ros2_ws/install/sllidar_ros2/lib/python3.12/site-packages'
[7.027s] Level 1:colcon.colcon_core.environment:checking '/home/brilliant/ros2_ws/install/sllidar_ros2/bin'
[7.027s] INFO:colcon.colcon_core.shell:Creating package script '/home/brilliant/ros2_ws/install/sllidar_ros2/share/sllidar_ros2/package.ps1'
[7.038s] INFO:colcon.colcon_core.shell:Creating package descriptor '/home/brilliant/ros2_ws/install/sllidar_ros2/share/sllidar_ros2/package.dsv'
[7.039s] INFO:colcon.colcon_core.shell:Creating package script '/home/brilliant/ros2_ws/install/sllidar_ros2/share/sllidar_ros2/package.sh'
[7.052s] INFO:colcon.colcon_core.shell:Creating package script '/home/brilliant/ros2_ws/install/sllidar_ros2/share/sllidar_ros2/package.bash'
[7.054s] INFO:colcon.colcon_core.shell:Creating package script '/home/brilliant/ros2_ws/install/sllidar_ros2/share/sllidar_ros2/package.zsh'
[7.055s] Level 1:colcon.colcon_core.environment:create_file_with_runtime_dependencies(/home/brilliant/ros2_ws/install/sllidar_ros2/share/colcon-core/packages/sllidar_ros2)
[7.061s] INFO:colcon.colcon_ros.task.ament_python.build:Building ROS package in '/home/brilliant/ros2_ws/src/twist_stamper' with build type 'ament_python'
[7.061s] Level 1:colcon.colcon_core.shell:create_environment_hook('twist_stamper', 'ament_prefix_path')
[7.061s] INFO:colcon.colcon_core.shell:Creating environment hook '/home/brilliant/ros2_ws/install/twist_stamper/share/twist_stamper/hook/ament_prefix_path.ps1'
[7.064s] INFO:colcon.colcon_core.shell:Creating environment descriptor '/home/brilliant/ros2_ws/install/twist_stamper/share/twist_stamper/hook/ament_prefix_path.dsv'
[7.067s] INFO:colcon.colcon_core.shell:Creating environment hook '/home/brilliant/ros2_ws/install/twist_stamper/share/twist_stamper/hook/ament_prefix_path.sh'
[7.070s] INFO:colcon.colcon_core.shell:Skip shell extension 'powershell' for command environment: Not usable outside of PowerShell
[7.072s] DEBUG:colcon.colcon_core.shell:Skip shell extension 'dsv' for command environment
[8.252s] INFO:colcon.colcon_core.task.python.build:Building Python package in '/home/brilliant/ros2_ws/src/twist_stamper'
[8.252s] INFO:colcon.colcon_core.shell:Skip shell extension 'powershell' for command environment: Not usable outside of PowerShell
[8.252s] DEBUG:colcon.colcon_core.shell:Skip shell extension 'dsv' for command environment
[8.268s] DEBUG:colcon.colcon_core.event_handler.log_command:Invoking command in '/home/brilliant/ros2_ws/build/nav2_loopback_sim': DEBUGINFOD_URLS=https://debuginfod.ubuntu.com PYTHONPATH=/home/brilliant/ros2_ws/build/nav2_loopback_sim/prefix_override:/usr/lib/python3/dist-packages/colcon_core/task/python/colcon_distutils_commands:/home/brilliant/ros2_ws/install/nav2_loopback_sim/lib/python3.12/site-packages:${PYTHONPATH} /usr/bin/python3 -W ignore:setup.py install is deprecated -W ignore:easy_install command is deprecated setup.py develop --editable --build-directory /home/brilliant/ros2_ws/build/nav2_loopback_sim/build --no-deps symlink_data
[8.273s] DEBUG:colcon.colcon_core.event_handler.log_command:Invoked command in '/home/brilliant/ros2_ws/build/dwb_msgs' returned '0': AMENT_PREFIX_PATH=/home/brilliant/ros2_ws/install/nav_2d_msgs:${AMENT_PREFIX_PATH} CMAKE_PREFIX_PATH=/home/brilliant/ros2_ws/install/nav_2d_msgs:/home/brilliant/ros2_ws/install/sllidar_ros2:/home/brilliant/ros2_ws/install/serial:/home/brilliant/ros2_ws/install/minibot:/home/brilliant/ros2_ws/install/diffdrive_arduino:/opt/ros/jazzy/opt/gz_sim_vendor:/opt/ros/jazzy/opt/gz_sensors_vendor:/opt/ros/jazzy/opt/gz_physics_vendor:/opt/ros/jazzy/opt/sdformat_vendor:/opt/ros/jazzy/opt/gz_gui_vendor:/opt/ros/jazzy/opt/gz_transport_vendor:/opt/ros/jazzy/opt/gz_rendering_vendor:/opt/ros/jazzy/opt/gz_plugin_vendor:/opt/ros/jazzy/opt/gz_fuel_tools_vendor:/opt/ros/jazzy/opt/gz_msgs_vendor:/opt/ros/jazzy/opt/gz_common_vendor:/opt/ros/jazzy/opt/gz_math_vendor:/opt/ros/jazzy/opt/gz_utils_vendor:/opt/ros/jazzy/opt/gz_tools_vendor:/opt/ros/jazzy/opt/gz_ogre_next_vendor:/opt/ros/jazzy/opt/gz_dartsim_vendor:/opt/ros/jazzy/opt/gz_cmake_vendor:/home/brilliant/ros2_ws/install/twist_stamper:/opt/ros/jazzy DEBUGINFOD_URLS=https://debuginfod.ubuntu.com LD_LIBRARY_PATH=/home/brilliant/ros2_ws/install/nav_2d_msgs/lib:${LD_LIBRARY_PATH} PYTHONPATH=/home/brilliant/ros2_ws/install/nav_2d_msgs/lib/python3.12/site-packages:${PYTHONPATH} /usr/bin/cmake --build /home/brilliant/ros2_ws/build/dwb_msgs -- -j4 -l4
[8.280s] DEBUG:colcon.colcon_core.event_handler.log_command:Invoking command in '/home/brilliant/ros2_ws/build/dwb_msgs': AMENT_PREFIX_PATH=/home/brilliant/ros2_ws/install/nav_2d_msgs:${AMENT_PREFIX_PATH} CMAKE_PREFIX_PATH=/home/brilliant/ros2_ws/install/nav_2d_msgs:/home/brilliant/ros2_ws/install/sllidar_ros2:/home/brilliant/ros2_ws/install/serial:/home/brilliant/ros2_ws/install/minibot:/home/brilliant/ros2_ws/install/diffdrive_arduino:/opt/ros/jazzy/opt/gz_sim_vendor:/opt/ros/jazzy/opt/gz_sensors_vendor:/opt/ros/jazzy/opt/gz_physics_vendor:/opt/ros/jazzy/opt/sdformat_vendor:/opt/ros/jazzy/opt/gz_gui_vendor:/opt/ros/jazzy/opt/gz_transport_vendor:/opt/ros/jazzy/opt/gz_rendering_vendor:/opt/ros/jazzy/opt/gz_plugin_vendor:/opt/ros/jazzy/opt/gz_fuel_tools_vendor:/opt/ros/jazzy/opt/gz_msgs_vendor:/opt/ros/jazzy/opt/gz_common_vendor:/opt/ros/jazzy/opt/gz_math_vendor:/opt/ros/jazzy/opt/gz_utils_vendor:/opt/ros/jazzy/opt/gz_tools_vendor:/opt/ros/jazzy/opt/gz_ogre_next_vendor:/opt/ros/jazzy/opt/gz_dartsim_vendor:/opt/ros/jazzy/opt/gz_cmake_vendor:/home/brilliant/ros2_ws/install/twist_stamper:/opt/ros/jazzy DEBUGINFOD_URLS=https://debuginfod.ubuntu.com LD_LIBRARY_PATH=/home/brilliant/ros2_ws/install/nav_2d_msgs/lib:${LD_LIBRARY_PATH} PYTHONPATH=/home/brilliant/ros2_ws/install/nav_2d_msgs/lib/python3.12/site-packages:${PYTHONPATH} /usr/bin/cmake --install /home/brilliant/ros2_ws/build/dwb_msgs
[8.892s] Level 1:colcon.colcon_core.environment:create_environment_scripts_only(dwb_msgs)
[8.892s] Level 1:colcon.colcon_core.environment:checking '/home/brilliant/ros2_ws/install/dwb_msgs' for CMake module files
[8.895s] DEBUG:colcon.colcon_core.event_handler.log_command:Invoked command in '/home/brilliant/ros2_ws/build/dwb_msgs' returned '0': AMENT_PREFIX_PATH=/home/brilliant/ros2_ws/install/nav_2d_msgs:${AMENT_PREFIX_PATH} CMAKE_PREFIX_PATH=/home/brilliant/ros2_ws/install/nav_2d_msgs:/home/brilliant/ros2_ws/install/sllidar_ros2:/home/brilliant/ros2_ws/install/serial:/home/brilliant/ros2_ws/install/minibot:/home/brilliant/ros2_ws/install/diffdrive_arduino:/opt/ros/jazzy/opt/gz_sim_vendor:/opt/ros/jazzy/opt/gz_sensors_vendor:/opt/ros/jazzy/opt/gz_physics_vendor:/opt/ros/jazzy/opt/sdformat_vendor:/opt/ros/jazzy/opt/gz_gui_vendor:/opt/ros/jazzy/opt/gz_transport_vendor:/opt/ros/jazzy/opt/gz_rendering_vendor:/opt/ros/jazzy/opt/gz_plugin_vendor:/opt/ros/jazzy/opt/gz_fuel_tools_vendor:/opt/ros/jazzy/opt/gz_msgs_vendor:/opt/ros/jazzy/opt/gz_common_vendor:/opt/ros/jazzy/opt/gz_math_vendor:/opt/ros/jazzy/opt/gz_utils_vendor:/opt/ros/jazzy/opt/gz_tools_vendor:/opt/ros/jazzy/opt/gz_ogre_next_vendor:/opt/ros/jazzy/opt/gz_dartsim_vendor:/opt/ros/jazzy/opt/gz_cmake_vendor:/home/brilliant/ros2_ws/install/twist_stamper:/opt/ros/jazzy DEBUGINFOD_URLS=https://debuginfod.ubuntu.com LD_LIBRARY_PATH=/home/brilliant/ros2_ws/install/nav_2d_msgs/lib:${LD_LIBRARY_PATH} PYTHONPATH=/home/brilliant/ros2_ws/install/nav_2d_msgs/lib/python3.12/site-packages:${PYTHONPATH} /usr/bin/cmake --install /home/brilliant/ros2_ws/build/dwb_msgs
[8.905s] Level 1:colcon.colcon_core.environment:checking '/home/brilliant/ros2_ws/install/dwb_msgs' for CMake config files
[8.911s] Level 1:colcon.colcon_core.shell:create_environment_hook('dwb_msgs', 'cmake_prefix_path')
[8.911s] INFO:colcon.colcon_core.shell:Creating environment hook '/home/brilliant/ros2_ws/install/dwb_msgs/share/dwb_msgs/hook/cmake_prefix_path.ps1'
[8.915s] INFO:colcon.colcon_core.shell:Creating environment descriptor '/home/brilliant/ros2_ws/install/dwb_msgs/share/dwb_msgs/hook/cmake_prefix_path.dsv'
[8.917s] INFO:colcon.colcon_core.shell:Creating environment hook '/home/brilliant/ros2_ws/install/dwb_msgs/share/dwb_msgs/hook/cmake_prefix_path.sh'
[8.923s] Level 1:colcon.colcon_core.environment:checking '/home/brilliant/ros2_ws/install/dwb_msgs/lib'
[8.923s] Level 1:colcon.colcon_core.shell:create_environment_hook('dwb_msgs', 'ld_library_path_lib')
[8.925s] INFO:colcon.colcon_core.shell:Creating environment hook '/home/brilliant/ros2_ws/install/dwb_msgs/share/dwb_msgs/hook/ld_library_path_lib.ps1'
[8.929s] INFO:colcon.colcon_core.shell:Creating environment descriptor '/home/brilliant/ros2_ws/install/dwb_msgs/share/dwb_msgs/hook/ld_library_path_lib.dsv'
[8.932s] INFO:colcon.colcon_core.shell:Creating environment hook '/home/brilliant/ros2_ws/install/dwb_msgs/share/dwb_msgs/hook/ld_library_path_lib.sh'
[8.934s] Level 1:colcon.colcon_core.environment:checking '/home/brilliant/ros2_ws/install/dwb_msgs/bin'
[8.934s] Level 1:colcon.colcon_core.environment:checking '/home/brilliant/ros2_ws/install/dwb_msgs/lib/pkgconfig/dwb_msgs.pc'
[8.935s] Level 1:colcon.colcon_core.environment:checking '/home/brilliant/ros2_ws/install/dwb_msgs/lib/python3.12/site-packages'
[8.935s] Level 1:colcon.colcon_core.shell:create_environment_hook('dwb_msgs', 'pythonpath')
[8.935s] INFO:colcon.colcon_core.shell:Creating environment hook '/home/brilliant/ros2_ws/install/dwb_msgs/share/dwb_msgs/hook/pythonpath.ps1'
[8.942s] INFO:colcon.colcon_core.shell:Creating environment descriptor '/home/brilliant/ros2_ws/install/dwb_msgs/share/dwb_msgs/hook/pythonpath.dsv'
[8.943s] INFO:colcon.colcon_core.shell:Creating environment hook '/home/brilliant/ros2_ws/install/dwb_msgs/share/dwb_msgs/hook/pythonpath.sh'
[8.948s] Level 1:colcon.colcon_core.environment:checking '/home/brilliant/ros2_ws/install/dwb_msgs/bin'
[8.949s] INFO:colcon.colcon_core.shell:Creating package script '/home/brilliant/ros2_ws/install/dwb_msgs/share/dwb_msgs/package.ps1'
[8.952s] INFO:colcon.colcon_core.shell:Creating package descriptor '/home/brilliant/ros2_ws/install/dwb_msgs/share/dwb_msgs/package.dsv'
[8.959s] INFO:colcon.colcon_core.shell:Creating package script '/home/brilliant/ros2_ws/install/dwb_msgs/share/dwb_msgs/package.sh'
[8.960s] INFO:colcon.colcon_core.shell:Creating package script '/home/brilliant/ros2_ws/install/dwb_msgs/share/dwb_msgs/package.bash'
[8.961s] INFO:colcon.colcon_core.shell:Creating package script '/home/brilliant/ros2_ws/install/dwb_msgs/share/dwb_msgs/package.zsh'
[8.966s] Level 1:colcon.colcon_core.environment:create_file_with_runtime_dependencies(/home/brilliant/ros2_ws/install/dwb_msgs/share/colcon-core/packages/dwb_msgs)
[8.967s] Level 1:colcon.colcon_core.environment:create_environment_scripts_only(dwb_msgs)
[8.967s] Level 1:colcon.colcon_core.environment:checking '/home/brilliant/ros2_ws/install/dwb_msgs' for CMake module files
[8.975s] Level 1:colcon.colcon_core.environment:checking '/home/brilliant/ros2_ws/install/dwb_msgs' for CMake config files
[8.984s] Level 1:colcon.colcon_core.shell:create_environment_hook('dwb_msgs', 'cmake_prefix_path')
[8.985s] INFO:colcon.colcon_core.shell:Creating environment hook '/home/brilliant/ros2_ws/install/dwb_msgs/share/dwb_msgs/hook/cmake_prefix_path.ps1'
[8.986s] INFO:colcon.colcon_core.shell:Creating environment descriptor '/home/brilliant/ros2_ws/install/dwb_msgs/share/dwb_msgs/hook/cmake_prefix_path.dsv'
[8.993s] INFO:colcon.colcon_core.shell:Creating environment hook '/home/brilliant/ros2_ws/install/dwb_msgs/share/dwb_msgs/hook/cmake_prefix_path.sh'
[8.994s] Level 1:colcon.colcon_core.environment:checking '/home/brilliant/ros2_ws/install/dwb_msgs/lib'
[8.994s] Level 1:colcon.colcon_core.shell:create_environment_hook('dwb_msgs', 'ld_library_path_lib')
[8.995s] INFO:colcon.colcon_core.shell:Creating environment hook '/home/brilliant/ros2_ws/install/dwb_msgs/share/dwb_msgs/hook/ld_library_path_lib.ps1'
[9.002s] INFO:colcon.colcon_core.shell:Creating environment descriptor '/home/brilliant/ros2_ws/install/dwb_msgs/share/dwb_msgs/hook/ld_library_path_lib.dsv'
[9.006s] INFO:colcon.colcon_core.shell:Creating environment hook '/home/brilliant/ros2_ws/install/dwb_msgs/share/dwb_msgs/hook/ld_library_path_lib.sh'
[9.009s] Level 1:colcon.colcon_core.environment:checking '/home/brilliant/ros2_ws/install/dwb_msgs/bin'
[9.009s] Level 1:colcon.colcon_core.environment:checking '/home/brilliant/ros2_ws/install/dwb_msgs/lib/pkgconfig/dwb_msgs.pc'
[9.010s] Level 1:colcon.colcon_core.environment:checking '/home/brilliant/ros2_ws/install/dwb_msgs/lib/python3.12/site-packages'
[9.010s] Level 1:colcon.colcon_core.shell:create_environment_hook('dwb_msgs', 'pythonpath')
[9.010s] INFO:colcon.colcon_core.shell:Creating environment hook '/home/brilliant/ros2_ws/install/dwb_msgs/share/dwb_msgs/hook/pythonpath.ps1'
[9.014s] INFO:colcon.colcon_core.shell:Creating environment descriptor '/home/brilliant/ros2_ws/install/dwb_msgs/share/dwb_msgs/hook/pythonpath.dsv'
[9.015s] INFO:colcon.colcon_core.shell:Creating environment hook '/home/brilliant/ros2_ws/install/dwb_msgs/share/dwb_msgs/hook/pythonpath.sh'
[9.017s] Level 1:colcon.colcon_core.environment:checking '/home/brilliant/ros2_ws/install/dwb_msgs/bin'
[9.021s] INFO:colcon.colcon_core.shell:Creating package script '/home/brilliant/ros2_ws/install/dwb_msgs/share/dwb_msgs/package.ps1'
[9.025s] INFO:colcon.colcon_core.shell:Creating package descriptor '/home/brilliant/ros2_ws/install/dwb_msgs/share/dwb_msgs/package.dsv'
[9.027s] INFO:colcon.colcon_core.shell:Creating package script '/home/brilliant/ros2_ws/install/dwb_msgs/share/dwb_msgs/package.sh'
[9.033s] INFO:colcon.colcon_core.shell:Creating package script '/home/brilliant/ros2_ws/install/dwb_msgs/share/dwb_msgs/package.bash'
[9.034s] INFO:colcon.colcon_core.shell:Creating package script '/home/brilliant/ros2_ws/install/dwb_msgs/share/dwb_msgs/package.zsh'
[9.037s] Level 1:colcon.colcon_core.environment:create_file_with_runtime_dependencies(/home/brilliant/ros2_ws/install/dwb_msgs/share/colcon-core/packages/dwb_msgs)
[9.297s] DEBUG:colcon.colcon_core.event_handler.log_command:Invoked command in '/home/brilliant/ros2_ws/build/nav2_msgs' returned '0': AMENT_PREFIX_PATH=/home/brilliant/ros2_ws/install/nav2_common:${AMENT_PREFIX_PATH} CMAKE_PREFIX_PATH=/home/brilliant/ros2_ws/install/nav2_common:/home/brilliant/ros2_ws/install/sllidar_ros2:/home/brilliant/ros2_ws/install/serial:/home/brilliant/ros2_ws/install/minibot:/home/brilliant/ros2_ws/install/diffdrive_arduino:/opt/ros/jazzy/opt/gz_sim_vendor:/opt/ros/jazzy/opt/gz_sensors_vendor:/opt/ros/jazzy/opt/gz_physics_vendor:/opt/ros/jazzy/opt/sdformat_vendor:/opt/ros/jazzy/opt/gz_gui_vendor:/opt/ros/jazzy/opt/gz_transport_vendor:/opt/ros/jazzy/opt/gz_rendering_vendor:/opt/ros/jazzy/opt/gz_plugin_vendor:/opt/ros/jazzy/opt/gz_fuel_tools_vendor:/opt/ros/jazzy/opt/gz_msgs_vendor:/opt/ros/jazzy/opt/gz_common_vendor:/opt/ros/jazzy/opt/gz_math_vendor:/opt/ros/jazzy/opt/gz_utils_vendor:/opt/ros/jazzy/opt/gz_tools_vendor:/opt/ros/jazzy/opt/gz_ogre_next_vendor:/opt/ros/jazzy/opt/gz_dartsim_vendor:/opt/ros/jazzy/opt/gz_cmake_vendor:/home/brilliant/ros2_ws/install/twist_stamper:/opt/ros/jazzy DEBUGINFOD_URLS=https://debuginfod.ubuntu.com PYTHONPATH=/home/brilliant/ros2_ws/install/nav2_common/lib/python3.12/site-packages:${PYTHONPATH} /usr/bin/cmake --build /home/brilliant/ros2_ws/build/nav2_msgs -- -j4 -l4
[9.298s] DEBUG:colcon.colcon_core.event_handler.log_command:Invoking command in '/home/brilliant/ros2_ws/build/nav2_msgs': AMENT_PREFIX_PATH=/home/brilliant/ros2_ws/install/nav2_common:${AMENT_PREFIX_PATH} CMAKE_PREFIX_PATH=/home/brilliant/ros2_ws/install/nav2_common:/home/brilliant/ros2_ws/install/sllidar_ros2:/home/brilliant/ros2_ws/install/serial:/home/brilliant/ros2_ws/install/minibot:/home/brilliant/ros2_ws/install/diffdrive_arduino:/opt/ros/jazzy/opt/gz_sim_vendor:/opt/ros/jazzy/opt/gz_sensors_vendor:/opt/ros/jazzy/opt/gz_physics_vendor:/opt/ros/jazzy/opt/sdformat_vendor:/opt/ros/jazzy/opt/gz_gui_vendor:/opt/ros/jazzy/opt/gz_transport_vendor:/opt/ros/jazzy/opt/gz_rendering_vendor:/opt/ros/jazzy/opt/gz_plugin_vendor:/opt/ros/jazzy/opt/gz_fuel_tools_vendor:/opt/ros/jazzy/opt/gz_msgs_vendor:/opt/ros/jazzy/opt/gz_common_vendor:/opt/ros/jazzy/opt/gz_math_vendor:/opt/ros/jazzy/opt/gz_utils_vendor:/opt/ros/jazzy/opt/gz_tools_vendor:/opt/ros/jazzy/opt/gz_ogre_next_vendor:/opt/ros/jazzy/opt/gz_dartsim_vendor:/opt/ros/jazzy/opt/gz_cmake_vendor:/home/brilliant/ros2_ws/install/twist_stamper:/opt/ros/jazzy DEBUGINFOD_URLS=https://debuginfod.ubuntu.com PYTHONPATH=/home/brilliant/ros2_ws/install/nav2_common/lib/python3.12/site-packages:${PYTHONPATH} /usr/bin/cmake --install /home/brilliant/ros2_ws/build/nav2_msgs
[10.586s] Level 1:colcon.colcon_core.environment:create_environment_scripts_only(nav2_msgs)
[10.587s] Level 1:colcon.colcon_core.environment:checking '/home/brilliant/ros2_ws/install/nav2_msgs' for CMake module files
[10.587s] DEBUG:colcon.colcon_core.event_handler.log_command:Invoked command in '/home/brilliant/ros2_ws/build/nav2_msgs' returned '0': AMENT_PREFIX_PATH=/home/brilliant/ros2_ws/install/nav2_common:${AMENT_PREFIX_PATH} CMAKE_PREFIX_PATH=/home/brilliant/ros2_ws/install/nav2_common:/home/brilliant/ros2_ws/install/sllidar_ros2:/home/brilliant/ros2_ws/install/serial:/home/brilliant/ros2_ws/install/minibot:/home/brilliant/ros2_ws/install/diffdrive_arduino:/opt/ros/jazzy/opt/gz_sim_vendor:/opt/ros/jazzy/opt/gz_sensors_vendor:/opt/ros/jazzy/opt/gz_physics_vendor:/opt/ros/jazzy/opt/sdformat_vendor:/opt/ros/jazzy/opt/gz_gui_vendor:/opt/ros/jazzy/opt/gz_transport_vendor:/opt/ros/jazzy/opt/gz_rendering_vendor:/opt/ros/jazzy/opt/gz_plugin_vendor:/opt/ros/jazzy/opt/gz_fuel_tools_vendor:/opt/ros/jazzy/opt/gz_msgs_vendor:/opt/ros/jazzy/opt/gz_common_vendor:/opt/ros/jazzy/opt/gz_math_vendor:/opt/ros/jazzy/opt/gz_utils_vendor:/opt/ros/jazzy/opt/gz_tools_vendor:/opt/ros/jazzy/opt/gz_ogre_next_vendor:/opt/ros/jazzy/opt/gz_dartsim_vendor:/opt/ros/jazzy/opt/gz_cmake_vendor:/home/brilliant/ros2_ws/install/twist_stamper:/opt/ros/jazzy DEBUGINFOD_URLS=https://debuginfod.ubuntu.com PYTHONPATH=/home/brilliant/ros2_ws/install/nav2_common/lib/python3.12/site-packages:${PYTHONPATH} /usr/bin/cmake --install /home/brilliant/ros2_ws/build/nav2_msgs
[10.591s] Level 1:colcon.colcon_core.environment:checking '/home/brilliant/ros2_ws/install/nav2_msgs' for CMake config files
[10.609s] Level 1:colcon.colcon_core.shell:create_environment_hook('nav2_msgs', 'cmake_prefix_path')
[10.610s] INFO:colcon.colcon_core.shell:Creating environment hook '/home/brilliant/ros2_ws/install/nav2_msgs/share/nav2_msgs/hook/cmake_prefix_path.ps1'
[10.614s] INFO:colcon.colcon_core.shell:Creating environment descriptor '/home/brilliant/ros2_ws/install/nav2_msgs/share/nav2_msgs/hook/cmake_prefix_path.dsv'
[10.615s] INFO:colcon.colcon_core.shell:Creating environment hook '/home/brilliant/ros2_ws/install/nav2_msgs/share/nav2_msgs/hook/cmake_prefix_path.sh'
[10.616s] Level 1:colcon.colcon_core.environment:checking '/home/brilliant/ros2_ws/install/nav2_msgs/lib'
[10.616s] Level 1:colcon.colcon_core.shell:create_environment_hook('nav2_msgs', 'ld_library_path_lib')
[10.619s] INFO:colcon.colcon_core.shell:Creating environment hook '/home/brilliant/ros2_ws/install/nav2_msgs/share/nav2_msgs/hook/ld_library_path_lib.ps1'
[10.620s] INFO:colcon.colcon_core.shell:Creating environment descriptor '/home/brilliant/ros2_ws/install/nav2_msgs/share/nav2_msgs/hook/ld_library_path_lib.dsv'
[10.621s] INFO:colcon.colcon_core.shell:Creating environment hook '/home/brilliant/ros2_ws/install/nav2_msgs/share/nav2_msgs/hook/ld_library_path_lib.sh'
[10.622s] Level 1:colcon.colcon_core.environment:checking '/home/brilliant/ros2_ws/install/nav2_msgs/bin'
[10.622s] Level 1:colcon.colcon_core.environment:checking '/home/brilliant/ros2_ws/install/nav2_msgs/lib/pkgconfig/nav2_msgs.pc'
[10.626s] Level 1:colcon.colcon_core.environment:checking '/home/brilliant/ros2_ws/install/nav2_msgs/lib/python3.12/site-packages'
[10.626s] Level 1:colcon.colcon_core.shell:create_environment_hook('nav2_msgs', 'pythonpath')
[10.626s] INFO:colcon.colcon_core.shell:Creating environment hook '/home/brilliant/ros2_ws/install/nav2_msgs/share/nav2_msgs/hook/pythonpath.ps1'
[10.630s] INFO:colcon.colcon_core.shell:Creating environment descriptor '/home/brilliant/ros2_ws/install/nav2_msgs/share/nav2_msgs/hook/pythonpath.dsv'
[10.631s] INFO:colcon.colcon_core.shell:Creating environment hook '/home/brilliant/ros2_ws/install/nav2_msgs/share/nav2_msgs/hook/pythonpath.sh'
[10.635s] Level 1:colcon.colcon_core.environment:checking '/home/brilliant/ros2_ws/install/nav2_msgs/bin'
[10.636s] INFO:colcon.colcon_core.shell:Creating package script '/home/brilliant/ros2_ws/install/nav2_msgs/share/nav2_msgs/package.ps1'
[10.637s] INFO:colcon.colcon_core.shell:Creating package descriptor '/home/brilliant/ros2_ws/install/nav2_msgs/share/nav2_msgs/package.dsv'
[10.638s] INFO:colcon.colcon_core.shell:Creating package script '/home/brilliant/ros2_ws/install/nav2_msgs/share/nav2_msgs/package.sh'
[10.639s] INFO:colcon.colcon_core.shell:Creating package script '/home/brilliant/ros2_ws/install/nav2_msgs/share/nav2_msgs/package.bash'
[10.640s] INFO:colcon.colcon_core.shell:Creating package script '/home/brilliant/ros2_ws/install/nav2_msgs/share/nav2_msgs/package.zsh'
[10.642s] Level 1:colcon.colcon_core.environment:create_file_with_runtime_dependencies(/home/brilliant/ros2_ws/install/nav2_msgs/share/colcon-core/packages/nav2_msgs)
[10.643s] Level 1:colcon.colcon_core.environment:create_environment_scripts_only(nav2_msgs)
[10.644s] Level 1:colcon.colcon_core.environment:checking '/home/brilliant/ros2_ws/install/nav2_msgs' for CMake module files
[10.647s] Level 1:colcon.colcon_core.environment:checking '/home/brilliant/ros2_ws/install/nav2_msgs' for CMake config files
[10.658s] Level 1:colcon.colcon_core.shell:create_environment_hook('nav2_msgs', 'cmake_prefix_path')
[10.659s] INFO:colcon.colcon_core.shell:Creating environment hook '/home/brilliant/ros2_ws/install/nav2_msgs/share/nav2_msgs/hook/cmake_prefix_path.ps1'
[10.660s] INFO:colcon.colcon_core.shell:Creating environment descriptor '/home/brilliant/ros2_ws/install/nav2_msgs/share/nav2_msgs/hook/cmake_prefix_path.dsv'
[10.661s] INFO:colcon.colcon_core.shell:Creating environment hook '/home/brilliant/ros2_ws/install/nav2_msgs/share/nav2_msgs/hook/cmake_prefix_path.sh'
[10.662s] Level 1:colcon.colcon_core.environment:checking '/home/brilliant/ros2_ws/install/nav2_msgs/lib'
[10.662s] Level 1:colcon.colcon_core.shell:create_environment_hook('nav2_msgs', 'ld_library_path_lib')
[10.663s] INFO:colcon.colcon_core.shell:Creating environment hook '/home/brilliant/ros2_ws/install/nav2_msgs/share/nav2_msgs/hook/ld_library_path_lib.ps1'
[10.664s] INFO:colcon.colcon_core.shell:Creating environment descriptor '/home/brilliant/ros2_ws/install/nav2_msgs/share/nav2_msgs/hook/ld_library_path_lib.dsv'
[10.665s] INFO:colcon.colcon_core.shell:Creating environment hook '/home/brilliant/ros2_ws/install/nav2_msgs/share/nav2_msgs/hook/ld_library_path_lib.sh'
[10.666s] Level 1:colcon.colcon_core.environment:checking '/home/brilliant/ros2_ws/install/nav2_msgs/bin'
[10.666s] Level 1:colcon.colcon_core.environment:checking '/home/brilliant/ros2_ws/install/nav2_msgs/lib/pkgconfig/nav2_msgs.pc'
[10.667s] Level 1:colcon.colcon_core.environment:checking '/home/brilliant/ros2_ws/install/nav2_msgs/lib/python3.12/site-packages'
[10.667s] Level 1:colcon.colcon_core.shell:create_environment_hook('nav2_msgs', 'pythonpath')
[10.667s] INFO:colcon.colcon_core.shell:Creating environment hook '/home/brilliant/ros2_ws/install/nav2_msgs/share/nav2_msgs/hook/pythonpath.ps1'
[10.668s] INFO:colcon.colcon_core.shell:Creating environment descriptor '/home/brilliant/ros2_ws/install/nav2_msgs/share/nav2_msgs/hook/pythonpath.dsv'
[10.669s] INFO:colcon.colcon_core.shell:Creating environment hook '/home/brilliant/ros2_ws/install/nav2_msgs/share/nav2_msgs/hook/pythonpath.sh'
[10.671s] Level 1:colcon.colcon_core.environment:checking '/home/brilliant/ros2_ws/install/nav2_msgs/bin'
[10.671s] INFO:colcon.colcon_core.shell:Creating package script '/home/brilliant/ros2_ws/install/nav2_msgs/share/nav2_msgs/package.ps1'
[10.673s] INFO:colcon.colcon_core.shell:Creating package descriptor '/home/brilliant/ros2_ws/install/nav2_msgs/share/nav2_msgs/package.dsv'
[10.674s] INFO:colcon.colcon_core.shell:Creating package script '/home/brilliant/ros2_ws/install/nav2_msgs/share/nav2_msgs/package.sh'
[10.676s] INFO:colcon.colcon_core.shell:Creating package script '/home/brilliant/ros2_ws/install/nav2_msgs/share/nav2_msgs/package.bash'
[10.677s] INFO:colcon.colcon_core.shell:Creating package script '/home/brilliant/ros2_ws/install/nav2_msgs/share/nav2_msgs/package.zsh'
[10.678s] Level 1:colcon.colcon_core.environment:create_file_with_runtime_dependencies(/home/brilliant/ros2_ws/install/nav2_msgs/share/colcon-core/packages/nav2_msgs)
[10.680s] INFO:colcon.colcon_ros.task.ament_cmake.build:Building ROS package in '/home/brilliant/ros2_ws/src/navigation2/nav2_util' with build type 'ament_cmake'
[10.680s] INFO:colcon.colcon_cmake.task.cmake.build:Building CMake package in '/home/brilliant/ros2_ws/src/navigation2/nav2_util'
[10.683s] INFO:colcon.colcon_core.shell:Skip shell extension 'powershell' for command environment: Not usable outside of PowerShell
[10.684s] DEBUG:colcon.colcon_core.shell:Skip shell extension 'dsv' for command environment
[10.703s] INFO:colcon.colcon_ros.task.ament_python.build:Building ROS package in '/home/brilliant/ros2_ws/src/navigation2/nav2_simple_commander' with build type 'ament_python'
[10.703s] Level 1:colcon.colcon_core.shell:create_environment_hook('nav2_simple_commander', 'ament_prefix_path')
[10.703s] INFO:colcon.colcon_core.shell:Creating environment hook '/home/brilliant/ros2_ws/install/nav2_simple_commander/share/nav2_simple_commander/hook/ament_prefix_path.ps1'
[10.706s] INFO:colcon.colcon_core.shell:Creating environment descriptor '/home/brilliant/ros2_ws/install/nav2_simple_commander/share/nav2_simple_commander/hook/ament_prefix_path.dsv'
[10.708s] INFO:colcon.colcon_core.shell:Creating environment hook '/home/brilliant/ros2_ws/install/nav2_simple_commander/share/nav2_simple_commander/hook/ament_prefix_path.sh'
[10.709s] INFO:colcon.colcon_core.shell:Skip shell extension 'powershell' for command environment: Not usable outside of PowerShell
[10.709s] DEBUG:colcon.colcon_core.shell:Skip shell extension 'dsv' for command environment
[10.747s] DEBUG:colcon.colcon_core.event_handler.log_command:Invoking command in '/home/brilliant/ros2_ws/build/nav2_util': AMENT_PREFIX_PATH=/home/brilliant/ros2_ws/install/nav2_msgs:/home/brilliant/ros2_ws/install/nav2_common:${AMENT_PREFIX_PATH} CMAKE_PREFIX_PATH=/home/brilliant/ros2_ws/install/nav2_msgs:/home/brilliant/ros2_ws/install/nav2_common:/home/brilliant/ros2_ws/install/sllidar_ros2:/home/brilliant/ros2_ws/install/serial:/home/brilliant/ros2_ws/install/minibot:/home/brilliant/ros2_ws/install/diffdrive_arduino:/opt/ros/jazzy/opt/gz_sim_vendor:/opt/ros/jazzy/opt/gz_sensors_vendor:/opt/ros/jazzy/opt/gz_physics_vendor:/opt/ros/jazzy/opt/sdformat_vendor:/opt/ros/jazzy/opt/gz_gui_vendor:/opt/ros/jazzy/opt/gz_transport_vendor:/opt/ros/jazzy/opt/gz_rendering_vendor:/opt/ros/jazzy/opt/gz_plugin_vendor:/opt/ros/jazzy/opt/gz_fuel_tools_vendor:/opt/ros/jazzy/opt/gz_msgs_vendor:/opt/ros/jazzy/opt/gz_common_vendor:/opt/ros/jazzy/opt/gz_math_vendor:/opt/ros/jazzy/opt/gz_utils_vendor:/opt/ros/jazzy/opt/gz_tools_vendor:/opt/ros/jazzy/opt/gz_ogre_next_vendor:/opt/ros/jazzy/opt/gz_dartsim_vendor:/opt/ros/jazzy/opt/gz_cmake_vendor:/home/brilliant/ros2_ws/install/twist_stamper:/opt/ros/jazzy DEBUGINFOD_URLS=https://debuginfod.ubuntu.com LD_LIBRARY_PATH=/home/brilliant/ros2_ws/install/nav2_msgs/lib:${LD_LIBRARY_PATH} PYTHONPATH=/home/brilliant/ros2_ws/install/nav2_msgs/lib/python3.12/site-packages:/home/brilliant/ros2_ws/install/nav2_common/lib/python3.12/site-packages:${PYTHONPATH} /usr/bin/cmake /home/brilliant/ros2_ws/src/navigation2/nav2_util -DAMENT_CMAKE_SYMLINK_INSTALL=1 -DCMAKE_INSTALL_PREFIX=/home/brilliant/ros2_ws/install/nav2_util
[11.582s] INFO:colcon.colcon_core.task.python.build:Building Python package in '/home/brilliant/ros2_ws/src/navigation2/nav2_simple_commander'
[11.582s] INFO:colcon.colcon_core.shell:Skip shell extension 'powershell' for command environment: Not usable outside of PowerShell
[11.583s] DEBUG:colcon.colcon_core.shell:Skip shell extension 'dsv' for command environment
[11.604s] DEBUG:colcon.colcon_core.event_handler.log_command:Invoking command in '/home/brilliant/ros2_ws/build/twist_stamper': DEBUGINFOD_URLS=https://debuginfod.ubuntu.com PYTHONPATH=/home/brilliant/ros2_ws/build/twist_stamper/prefix_override:/usr/lib/python3/dist-packages/colcon_core/task/python/colcon_distutils_commands:/home/brilliant/ros2_ws/install/twist_stamper/lib/python3.12/site-packages:${PYTHONPATH} /usr/bin/python3 -W ignore:setup.py install is deprecated -W ignore:easy_install command is deprecated setup.py develop --editable --build-directory /home/brilliant/ros2_ws/build/twist_stamper/build --no-deps symlink_data
[11.938s] Level 1:colcon.colcon_core.shell:create_environment_hook('nav2_loopback_sim', 'pythonpath_develop')
[11.939s] INFO:colcon.colcon_core.shell:Creating environment hook '/home/brilliant/ros2_ws/build/nav2_loopback_sim/share/nav2_loopback_sim/hook/pythonpath_develop.ps1'
[11.941s] INFO:colcon.colcon_core.shell:Creating environment descriptor '/home/brilliant/ros2_ws/build/nav2_loopback_sim/share/nav2_loopback_sim/hook/pythonpath_develop.dsv'
[11.943s] DEBUG:colcon.colcon_core.event_handler.log_command:Invoked command in '/home/brilliant/ros2_ws/build/nav2_loopback_sim' returned '0': DEBUGINFOD_URLS=https://debuginfod.ubuntu.com PYTHONPATH=/home/brilliant/ros2_ws/build/nav2_loopback_sim/prefix_override:/usr/lib/python3/dist-packages/colcon_core/task/python/colcon_distutils_commands:/home/brilliant/ros2_ws/install/nav2_loopback_sim/lib/python3.12/site-packages:${PYTHONPATH} /usr/bin/python3 -W ignore:setup.py install is deprecated -W ignore:easy_install command is deprecated setup.py develop --editable --build-directory /home/brilliant/ros2_ws/build/nav2_loopback_sim/build --no-deps symlink_data
[11.947s] INFO:colcon.colcon_core.shell:Creating environment hook '/home/brilliant/ros2_ws/build/nav2_loopback_sim/share/nav2_loopback_sim/hook/pythonpath_develop.sh'
[11.953s] Level 1:colcon.colcon_core.environment:checking '/home/brilliant/ros2_ws/install/nav2_loopback_sim' for CMake module files
[11.961s] Level 1:colcon.colcon_core.environment:checking '/home/brilliant/ros2_ws/install/nav2_loopback_sim' for CMake config files
[11.963s] Level 1:colcon.colcon_core.environment:checking '/home/brilliant/ros2_ws/install/nav2_loopback_sim/lib'
[11.968s] Level 1:colcon.colcon_core.environment:checking '/home/brilliant/ros2_ws/install/nav2_loopback_sim/bin'
[11.968s] Level 1:colcon.colcon_core.environment:checking '/home/brilliant/ros2_ws/install/nav2_loopback_sim/lib/pkgconfig/nav2_loopback_sim.pc'
[11.970s] Level 1:colcon.colcon_core.environment:checking '/home/brilliant/ros2_ws/install/nav2_loopback_sim/lib/python3.12/site-packages'
[11.970s] Level 1:colcon.colcon_core.shell:create_environment_hook('nav2_loopback_sim', 'pythonpath')
[11.970s] INFO:colcon.colcon_core.shell:Creating environment hook '/home/brilliant/ros2_ws/install/nav2_loopback_sim/share/nav2_loopback_sim/hook/pythonpath.ps1'
[11.981s] INFO:colcon.colcon_core.shell:Creating environment descriptor '/home/brilliant/ros2_ws/install/nav2_loopback_sim/share/nav2_loopback_sim/hook/pythonpath.dsv'
[11.982s] INFO:colcon.colcon_core.shell:Creating environment hook '/home/brilliant/ros2_ws/install/nav2_loopback_sim/share/nav2_loopback_sim/hook/pythonpath.sh'
[11.983s] Level 1:colcon.colcon_core.environment:checking '/home/brilliant/ros2_ws/install/nav2_loopback_sim/bin'
[11.984s] Level 1:colcon.colcon_core.environment:create_environment_scripts_only(nav2_loopback_sim)
[11.985s] INFO:colcon.colcon_core.shell:Creating package script '/home/brilliant/ros2_ws/install/nav2_loopback_sim/share/nav2_loopback_sim/package.ps1'
[11.988s] INFO:colcon.colcon_core.shell:Creating package descriptor '/home/brilliant/ros2_ws/install/nav2_loopback_sim/share/nav2_loopback_sim/package.dsv'
[11.993s] INFO:colcon.colcon_core.shell:Creating package script '/home/brilliant/ros2_ws/install/nav2_loopback_sim/share/nav2_loopback_sim/package.sh'
[11.997s] INFO:colcon.colcon_core.shell:Creating package script '/home/brilliant/ros2_ws/install/nav2_loopback_sim/share/nav2_loopback_sim/package.bash'
[12.002s] INFO:colcon.colcon_core.shell:Creating package script '/home/brilliant/ros2_ws/install/nav2_loopback_sim/share/nav2_loopback_sim/package.zsh'
[12.003s] Level 1:colcon.colcon_core.environment:create_file_with_runtime_dependencies(/home/brilliant/ros2_ws/install/nav2_loopback_sim/share/colcon-core/packages/nav2_loopback_sim)
[13.672s] DEBUG:colcon.colcon_core.event_handler.log_command:Invoking command in '/home/brilliant/ros2_ws/build/nav2_simple_commander': AMENT_PREFIX_PATH=/home/brilliant/ros2_ws/install/nav2_msgs:/home/brilliant/ros2_ws/install/nav2_common:${AMENT_PREFIX_PATH} CMAKE_PREFIX_PATH=/home/brilliant/ros2_ws/install/nav2_msgs:/home/brilliant/ros2_ws/install/nav2_common:${CMAKE_PREFIX_PATH} DEBUGINFOD_URLS=https://debuginfod.ubuntu.com LD_LIBRARY_PATH=/home/brilliant/ros2_ws/install/nav2_msgs/lib:${LD_LIBRARY_PATH} PYTHONPATH=/home/brilliant/ros2_ws/build/nav2_simple_commander/prefix_override:/usr/lib/python3/dist-packages/colcon_core/task/python/colcon_distutils_commands:/home/brilliant/ros2_ws/install/nav2_simple_commander/lib/python3.12/site-packages:/home/brilliant/ros2_ws/install/nav2_msgs/lib/python3.12/site-packages:/home/brilliant/ros2_ws/install/nav2_common/lib/python3.12/site-packages:${PYTHONPATH} /usr/bin/python3 -W ignore:setup.py install is deprecated -W ignore:easy_install command is deprecated setup.py develop --editable --build-directory /home/brilliant/ros2_ws/build/nav2_simple_commander/build --no-deps symlink_data
[13.926s] Level 1:colcon.colcon_core.shell:create_environment_hook('twist_stamper', 'pythonpath_develop')
[13.927s] INFO:colcon.colcon_core.shell:Creating environment hook '/home/brilliant/ros2_ws/build/twist_stamper/share/twist_stamper/hook/pythonpath_develop.ps1'
[13.927s] DEBUG:colcon.colcon_core.event_handler.log_command:Invoked command in '/home/brilliant/ros2_ws/build/twist_stamper' returned '0': DEBUGINFOD_URLS=https://debuginfod.ubuntu.com PYTHONPATH=/home/brilliant/ros2_ws/build/twist_stamper/prefix_override:/usr/lib/python3/dist-packages/colcon_core/task/python/colcon_distutils_commands:/home/brilliant/ros2_ws/install/twist_stamper/lib/python3.12/site-packages:${PYTHONPATH} /usr/bin/python3 -W ignore:setup.py install is deprecated -W ignore:easy_install command is deprecated setup.py develop --editable --build-directory /home/brilliant/ros2_ws/build/twist_stamper/build --no-deps symlink_data
[13.930s] INFO:colcon.colcon_core.shell:Creating environment descriptor '/home/brilliant/ros2_ws/build/twist_stamper/share/twist_stamper/hook/pythonpath_develop.dsv'
[13.932s] INFO:colcon.colcon_core.shell:Creating environment hook '/home/brilliant/ros2_ws/build/twist_stamper/share/twist_stamper/hook/pythonpath_develop.sh'
[13.934s] Level 1:colcon.colcon_core.environment:checking '/home/brilliant/ros2_ws/install/twist_stamper' for CMake module files
[13.936s] Level 1:colcon.colcon_core.environment:checking '/home/brilliant/ros2_ws/install/twist_stamper' for CMake config files
[13.937s] Level 1:colcon.colcon_core.environment:checking '/home/brilliant/ros2_ws/install/twist_stamper/lib'
[13.938s] Level 1:colcon.colcon_core.environment:checking '/home/brilliant/ros2_ws/install/twist_stamper/bin'
[13.938s] Level 1:colcon.colcon_core.environment:checking '/home/brilliant/ros2_ws/install/twist_stamper/lib/pkgconfig/twist_stamper.pc'
[13.939s] Level 1:colcon.colcon_core.environment:checking '/home/brilliant/ros2_ws/install/twist_stamper/lib/python3.12/site-packages'
[13.939s] Level 1:colcon.colcon_core.shell:create_environment_hook('twist_stamper', 'pythonpath')
[13.940s] INFO:colcon.colcon_core.shell:Creating environment hook '/home/brilliant/ros2_ws/install/twist_stamper/share/twist_stamper/hook/pythonpath.ps1'
[13.941s] INFO:colcon.colcon_core.shell:Creating environment descriptor '/home/brilliant/ros2_ws/install/twist_stamper/share/twist_stamper/hook/pythonpath.dsv'
[13.942s] INFO:colcon.colcon_core.shell:Creating environment hook '/home/brilliant/ros2_ws/install/twist_stamper/share/twist_stamper/hook/pythonpath.sh'
[13.944s] Level 1:colcon.colcon_core.environment:checking '/home/brilliant/ros2_ws/install/twist_stamper/bin'
[13.944s] Level 1:colcon.colcon_core.environment:create_environment_scripts_only(twist_stamper)
[13.945s] INFO:colcon.colcon_core.shell:Creating package script '/home/brilliant/ros2_ws/install/twist_stamper/share/twist_stamper/package.ps1'
[13.948s] INFO:colcon.colcon_core.shell:Creating package descriptor '/home/brilliant/ros2_ws/install/twist_stamper/share/twist_stamper/package.dsv'
[13.949s] INFO:colcon.colcon_core.shell:Creating package script '/home/brilliant/ros2_ws/install/twist_stamper/share/twist_stamper/package.sh'
[13.951s] INFO:colcon.colcon_core.shell:Creating package script '/home/brilliant/ros2_ws/install/twist_stamper/share/twist_stamper/package.bash'
[13.952s] INFO:colcon.colcon_core.shell:Creating package script '/home/brilliant/ros2_ws/install/twist_stamper/share/twist_stamper/package.zsh'
[13.953s] Level 1:colcon.colcon_core.environment:create_file_with_runtime_dependencies(/home/brilliant/ros2_ws/install/twist_stamper/share/colcon-core/packages/twist_stamper)
[15.289s] DEBUG:colcon.colcon_core.event_handler.log_command:Invoked command in '/home/brilliant/ros2_ws/build/nav2_util' returned '0': AMENT_PREFIX_PATH=/home/brilliant/ros2_ws/install/nav2_msgs:/home/brilliant/ros2_ws/install/nav2_common:${AMENT_PREFIX_PATH} CMAKE_PREFIX_PATH=/home/brilliant/ros2_ws/install/nav2_msgs:/home/brilliant/ros2_ws/install/nav2_common:/home/brilliant/ros2_ws/install/sllidar_ros2:/home/brilliant/ros2_ws/install/serial:/home/brilliant/ros2_ws/install/minibot:/home/brilliant/ros2_ws/install/diffdrive_arduino:/opt/ros/jazzy/opt/gz_sim_vendor:/opt/ros/jazzy/opt/gz_sensors_vendor:/opt/ros/jazzy/opt/gz_physics_vendor:/opt/ros/jazzy/opt/sdformat_vendor:/opt/ros/jazzy/opt/gz_gui_vendor:/opt/ros/jazzy/opt/gz_transport_vendor:/opt/ros/jazzy/opt/gz_rendering_vendor:/opt/ros/jazzy/opt/gz_plugin_vendor:/opt/ros/jazzy/opt/gz_fuel_tools_vendor:/opt/ros/jazzy/opt/gz_msgs_vendor:/opt/ros/jazzy/opt/gz_common_vendor:/opt/ros/jazzy/opt/gz_math_vendor:/opt/ros/jazzy/opt/gz_utils_vendor:/opt/ros/jazzy/opt/gz_tools_vendor:/opt/ros/jazzy/opt/gz_ogre_next_vendor:/opt/ros/jazzy/opt/gz_dartsim_vendor:/opt/ros/jazzy/opt/gz_cmake_vendor:/home/brilliant/ros2_ws/install/twist_stamper:/opt/ros/jazzy DEBUGINFOD_URLS=https://debuginfod.ubuntu.com LD_LIBRARY_PATH=/home/brilliant/ros2_ws/install/nav2_msgs/lib:${LD_LIBRARY_PATH} PYTHONPATH=/home/brilliant/ros2_ws/install/nav2_msgs/lib/python3.12/site-packages:/home/brilliant/ros2_ws/install/nav2_common/lib/python3.12/site-packages:${PYTHONPATH} /usr/bin/cmake /home/brilliant/ros2_ws/src/navigation2/nav2_util -DAMENT_CMAKE_SYMLINK_INSTALL=1 -DCMAKE_INSTALL_PREFIX=/home/brilliant/ros2_ws/install/nav2_util
[15.291s] DEBUG:colcon.colcon_core.event_handler.log_command:Invoking command in '/home/brilliant/ros2_ws/build/nav2_util': AMENT_PREFIX_PATH=/home/brilliant/ros2_ws/install/nav2_msgs:/home/brilliant/ros2_ws/install/nav2_common:${AMENT_PREFIX_PATH} CMAKE_PREFIX_PATH=/home/brilliant/ros2_ws/install/nav2_msgs:/home/brilliant/ros2_ws/install/nav2_common:/home/brilliant/ros2_ws/install/sllidar_ros2:/home/brilliant/ros2_ws/install/serial:/home/brilliant/ros2_ws/install/minibot:/home/brilliant/ros2_ws/install/diffdrive_arduino:/opt/ros/jazzy/opt/gz_sim_vendor:/opt/ros/jazzy/opt/gz_sensors_vendor:/opt/ros/jazzy/opt/gz_physics_vendor:/opt/ros/jazzy/opt/sdformat_vendor:/opt/ros/jazzy/opt/gz_gui_vendor:/opt/ros/jazzy/opt/gz_transport_vendor:/opt/ros/jazzy/opt/gz_rendering_vendor:/opt/ros/jazzy/opt/gz_plugin_vendor:/opt/ros/jazzy/opt/gz_fuel_tools_vendor:/opt/ros/jazzy/opt/gz_msgs_vendor:/opt/ros/jazzy/opt/gz_common_vendor:/opt/ros/jazzy/opt/gz_math_vendor:/opt/ros/jazzy/opt/gz_utils_vendor:/opt/ros/jazzy/opt/gz_tools_vendor:/opt/ros/jazzy/opt/gz_ogre_next_vendor:/opt/ros/jazzy/opt/gz_dartsim_vendor:/opt/ros/jazzy/opt/gz_cmake_vendor:/home/brilliant/ros2_ws/install/twist_stamper:/opt/ros/jazzy DEBUGINFOD_URLS=https://debuginfod.ubuntu.com LD_LIBRARY_PATH=/home/brilliant/ros2_ws/install/nav2_msgs/lib:${LD_LIBRARY_PATH} PYTHONPATH=/home/brilliant/ros2_ws/install/nav2_msgs/lib/python3.12/site-packages:/home/brilliant/ros2_ws/install/nav2_common/lib/python3.12/site-packages:${PYTHONPATH} /usr/bin/cmake --build /home/brilliant/ros2_ws/build/nav2_util -- -j4 -l4
[15.557s] Level 1:colcon.colcon_core.shell:create_environment_hook('nav2_simple_commander', 'pythonpath_develop')
[15.558s] INFO:colcon.colcon_core.shell:Creating environment hook '/home/brilliant/ros2_ws/build/nav2_simple_commander/share/nav2_simple_commander/hook/pythonpath_develop.ps1'
[15.559s] DEBUG:colcon.colcon_core.event_handler.log_command:Invoked command in '/home/brilliant/ros2_ws/build/nav2_simple_commander' returned '0': AMENT_PREFIX_PATH=/home/brilliant/ros2_ws/install/nav2_msgs:/home/brilliant/ros2_ws/install/nav2_common:${AMENT_PREFIX_PATH} CMAKE_PREFIX_PATH=/home/brilliant/ros2_ws/install/nav2_msgs:/home/brilliant/ros2_ws/install/nav2_common:${CMAKE_PREFIX_PATH} DEBUGINFOD_URLS=https://debuginfod.ubuntu.com LD_LIBRARY_PATH=/home/brilliant/ros2_ws/install/nav2_msgs/lib:${LD_LIBRARY_PATH} PYTHONPATH=/home/brilliant/ros2_ws/build/nav2_simple_commander/prefix_override:/usr/lib/python3/dist-packages/colcon_core/task/python/colcon_distutils_commands:/home/brilliant/ros2_ws/install/nav2_simple_commander/lib/python3.12/site-packages:/home/brilliant/ros2_ws/install/nav2_msgs/lib/python3.12/site-packages:/home/brilliant/ros2_ws/install/nav2_common/lib/python3.12/site-packages:${PYTHONPATH} /usr/bin/python3 -W ignore:setup.py install is deprecated -W ignore:easy_install command is deprecated setup.py develop --editable --build-directory /home/brilliant/ros2_ws/build/nav2_simple_commander/build --no-deps symlink_data
[15.560s] INFO:colcon.colcon_core.shell:Creating environment descriptor '/home/brilliant/ros2_ws/build/nav2_simple_commander/share/nav2_simple_commander/hook/pythonpath_develop.dsv'
[15.560s] INFO:colcon.colcon_core.shell:Creating environment hook '/home/brilliant/ros2_ws/build/nav2_simple_commander/share/nav2_simple_commander/hook/pythonpath_develop.sh'
[15.562s] Level 1:colcon.colcon_core.environment:checking '/home/brilliant/ros2_ws/install/nav2_simple_commander' for CMake module files
[15.563s] Level 1:colcon.colcon_core.environment:checking '/home/brilliant/ros2_ws/install/nav2_simple_commander' for CMake config files
[15.565s] Level 1:colcon.colcon_core.environment:checking '/home/brilliant/ros2_ws/install/nav2_simple_commander/lib'
[15.565s] Level 1:colcon.colcon_core.environment:checking '/home/brilliant/ros2_ws/install/nav2_simple_commander/bin'
[15.565s] Level 1:colcon.colcon_core.environment:checking '/home/brilliant/ros2_ws/install/nav2_simple_commander/lib/pkgconfig/nav2_simple_commander.pc'
[15.566s] Level 1:colcon.colcon_core.environment:checking '/home/brilliant/ros2_ws/install/nav2_simple_commander/lib/python3.12/site-packages'
[15.566s] Level 1:colcon.colcon_core.shell:create_environment_hook('nav2_simple_commander', 'pythonpath')
[15.567s] INFO:colcon.colcon_core.shell:Creating environment hook '/home/brilliant/ros2_ws/install/nav2_simple_commander/share/nav2_simple_commander/hook/pythonpath.ps1'
[15.568s] INFO:colcon.colcon_core.shell:Creating environment descriptor '/home/brilliant/ros2_ws/install/nav2_simple_commander/share/nav2_simple_commander/hook/pythonpath.dsv'
[15.569s] INFO:colcon.colcon_core.shell:Creating environment hook '/home/brilliant/ros2_ws/install/nav2_simple_commander/share/nav2_simple_commander/hook/pythonpath.sh'
[15.570s] Level 1:colcon.colcon_core.environment:checking '/home/brilliant/ros2_ws/install/nav2_simple_commander/bin'
[15.570s] Level 1:colcon.colcon_core.environment:create_environment_scripts_only(nav2_simple_commander)
[15.571s] INFO:colcon.colcon_core.shell:Creating package script '/home/brilliant/ros2_ws/install/nav2_simple_commander/share/nav2_simple_commander/package.ps1'
[15.572s] INFO:colcon.colcon_core.shell:Creating package descriptor '/home/brilliant/ros2_ws/install/nav2_simple_commander/share/nav2_simple_commander/package.dsv'
[15.573s] INFO:colcon.colcon_core.shell:Creating package script '/home/brilliant/ros2_ws/install/nav2_simple_commander/share/nav2_simple_commander/package.sh'
[15.575s] INFO:colcon.colcon_core.shell:Creating package script '/home/brilliant/ros2_ws/install/nav2_simple_commander/share/nav2_simple_commander/package.bash'
[15.576s] INFO:colcon.colcon_core.shell:Creating package script '/home/brilliant/ros2_ws/install/nav2_simple_commander/share/nav2_simple_commander/package.zsh'
[15.578s] Level 1:colcon.colcon_core.environment:create_file_with_runtime_dependencies(/home/brilliant/ros2_ws/install/nav2_simple_commander/share/colcon-core/packages/nav2_simple_commander)
[226.851s] DEBUG:colcon.colcon_core.event_handler.log_command:Invoked command in '/home/brilliant/ros2_ws/build/nav2_util' returned '0': AMENT_PREFIX_PATH=/home/brilliant/ros2_ws/install/nav2_msgs:/home/brilliant/ros2_ws/install/nav2_common:${AMENT_PREFIX_PATH} CMAKE_PREFIX_PATH=/home/brilliant/ros2_ws/install/nav2_msgs:/home/brilliant/ros2_ws/install/nav2_common:/home/brilliant/ros2_ws/install/sllidar_ros2:/home/brilliant/ros2_ws/install/serial:/home/brilliant/ros2_ws/install/minibot:/home/brilliant/ros2_ws/install/diffdrive_arduino:/opt/ros/jazzy/opt/gz_sim_vendor:/opt/ros/jazzy/opt/gz_sensors_vendor:/opt/ros/jazzy/opt/gz_physics_vendor:/opt/ros/jazzy/opt/sdformat_vendor:/opt/ros/jazzy/opt/gz_gui_vendor:/opt/ros/jazzy/opt/gz_transport_vendor:/opt/ros/jazzy/opt/gz_rendering_vendor:/opt/ros/jazzy/opt/gz_plugin_vendor:/opt/ros/jazzy/opt/gz_fuel_tools_vendor:/opt/ros/jazzy/opt/gz_msgs_vendor:/opt/ros/jazzy/opt/gz_common_vendor:/opt/ros/jazzy/opt/gz_math_vendor:/opt/ros/jazzy/opt/gz_utils_vendor:/opt/ros/jazzy/opt/gz_tools_vendor:/opt/ros/jazzy/opt/gz_ogre_next_vendor:/opt/ros/jazzy/opt/gz_dartsim_vendor:/opt/ros/jazzy/opt/gz_cmake_vendor:/home/brilliant/ros2_ws/install/twist_stamper:/opt/ros/jazzy DEBUGINFOD_URLS=https://debuginfod.ubuntu.com LD_LIBRARY_PATH=/home/brilliant/ros2_ws/install/nav2_msgs/lib:${LD_LIBRARY_PATH} PYTHONPATH=/home/brilliant/ros2_ws/install/nav2_msgs/lib/python3.12/site-packages:/home/brilliant/ros2_ws/install/nav2_common/lib/python3.12/site-packages:${PYTHONPATH} /usr/bin/cmake --build /home/brilliant/ros2_ws/build/nav2_util -- -j4 -l4
[226.854s] DEBUG:colcon.colcon_core.event_handler.log_command:Invoking command in '/home/brilliant/ros2_ws/build/nav2_util': AMENT_PREFIX_PATH=/home/brilliant/ros2_ws/install/nav2_msgs:/home/brilliant/ros2_ws/install/nav2_common:${AMENT_PREFIX_PATH} CMAKE_PREFIX_PATH=/home/brilliant/ros2_ws/install/nav2_msgs:/home/brilliant/ros2_ws/install/nav2_common:/home/brilliant/ros2_ws/install/sllidar_ros2:/home/brilliant/ros2_ws/install/serial:/home/brilliant/ros2_ws/install/minibot:/home/brilliant/ros2_ws/install/diffdrive_arduino:/opt/ros/jazzy/opt/gz_sim_vendor:/opt/ros/jazzy/opt/gz_sensors_vendor:/opt/ros/jazzy/opt/gz_physics_vendor:/opt/ros/jazzy/opt/sdformat_vendor:/opt/ros/jazzy/opt/gz_gui_vendor:/opt/ros/jazzy/opt/gz_transport_vendor:/opt/ros/jazzy/opt/gz_rendering_vendor:/opt/ros/jazzy/opt/gz_plugin_vendor:/opt/ros/jazzy/opt/gz_fuel_tools_vendor:/opt/ros/jazzy/opt/gz_msgs_vendor:/opt/ros/jazzy/opt/gz_common_vendor:/opt/ros/jazzy/opt/gz_math_vendor:/opt/ros/jazzy/opt/gz_utils_vendor:/opt/ros/jazzy/opt/gz_tools_vendor:/opt/ros/jazzy/opt/gz_ogre_next_vendor:/opt/ros/jazzy/opt/gz_dartsim_vendor:/opt/ros/jazzy/opt/gz_cmake_vendor:/home/brilliant/ros2_ws/install/twist_stamper:/opt/ros/jazzy DEBUGINFOD_URLS=https://debuginfod.ubuntu.com LD_LIBRARY_PATH=/home/brilliant/ros2_ws/install/nav2_msgs/lib:${LD_LIBRARY_PATH} PYTHONPATH=/home/brilliant/ros2_ws/install/nav2_msgs/lib/python3.12/site-packages:/home/brilliant/ros2_ws/install/nav2_common/lib/python3.12/site-packages:${PYTHONPATH} /usr/bin/cmake --install /home/brilliant/ros2_ws/build/nav2_util
[227.864s] Level 1:colcon.colcon_core.environment:create_environment_scripts_only(nav2_util)
[227.865s] Level 1:colcon.colcon_core.environment:checking '/home/brilliant/ros2_ws/install/nav2_util' for CMake module files
[227.867s] DEBUG:colcon.colcon_core.event_handler.log_command:Invoked command in '/home/brilliant/ros2_ws/build/nav2_util' returned '0': AMENT_PREFIX_PATH=/home/brilliant/ros2_ws/install/nav2_msgs:/home/brilliant/ros2_ws/install/nav2_common:${AMENT_PREFIX_PATH} CMAKE_PREFIX_PATH=/home/brilliant/ros2_ws/install/nav2_msgs:/home/brilliant/ros2_ws/install/nav2_common:/home/brilliant/ros2_ws/install/sllidar_ros2:/home/brilliant/ros2_ws/install/serial:/home/brilliant/ros2_ws/install/minibot:/home/brilliant/ros2_ws/install/diffdrive_arduino:/opt/ros/jazzy/opt/gz_sim_vendor:/opt/ros/jazzy/opt/gz_sensors_vendor:/opt/ros/jazzy/opt/gz_physics_vendor:/opt/ros/jazzy/opt/sdformat_vendor:/opt/ros/jazzy/opt/gz_gui_vendor:/opt/ros/jazzy/opt/gz_transport_vendor:/opt/ros/jazzy/opt/gz_rendering_vendor:/opt/ros/jazzy/opt/gz_plugin_vendor:/opt/ros/jazzy/opt/gz_fuel_tools_vendor:/opt/ros/jazzy/opt/gz_msgs_vendor:/opt/ros/jazzy/opt/gz_common_vendor:/opt/ros/jazzy/opt/gz_math_vendor:/opt/ros/jazzy/opt/gz_utils_vendor:/opt/ros/jazzy/opt/gz_tools_vendor:/opt/ros/jazzy/opt/gz_ogre_next_vendor:/opt/ros/jazzy/opt/gz_dartsim_vendor:/opt/ros/jazzy/opt/gz_cmake_vendor:/home/brilliant/ros2_ws/install/twist_stamper:/opt/ros/jazzy DEBUGINFOD_URLS=https://debuginfod.ubuntu.com LD_LIBRARY_PATH=/home/brilliant/ros2_ws/install/nav2_msgs/lib:${LD_LIBRARY_PATH} PYTHONPATH=/home/brilliant/ros2_ws/install/nav2_msgs/lib/python3.12/site-packages:/home/brilliant/ros2_ws/install/nav2_common/lib/python3.12/site-packages:${PYTHONPATH} /usr/bin/cmake --install /home/brilliant/ros2_ws/build/nav2_util
[227.867s] Level 1:colcon.colcon_core.environment:checking '/home/brilliant/ros2_ws/install/nav2_util' for CMake config files
[227.868s] Level 1:colcon.colcon_core.shell:create_environment_hook('nav2_util', 'cmake_prefix_path')
[227.869s] INFO:colcon.colcon_core.shell:Creating environment hook '/home/brilliant/ros2_ws/install/nav2_util/share/nav2_util/hook/cmake_prefix_path.ps1'
[227.870s] INFO:colcon.colcon_core.shell:Creating environment descriptor '/home/brilliant/ros2_ws/install/nav2_util/share/nav2_util/hook/cmake_prefix_path.dsv'
[227.870s] INFO:colcon.colcon_core.shell:Creating environment hook '/home/brilliant/ros2_ws/install/nav2_util/share/nav2_util/hook/cmake_prefix_path.sh'
[227.872s] Level 1:colcon.colcon_core.environment:checking '/home/brilliant/ros2_ws/install/nav2_util/lib'
[227.872s] Level 1:colcon.colcon_core.shell:create_environment_hook('nav2_util', 'ld_library_path_lib')
[227.872s] INFO:colcon.colcon_core.shell:Creating environment hook '/home/brilliant/ros2_ws/install/nav2_util/share/nav2_util/hook/ld_library_path_lib.ps1'
[227.873s] INFO:colcon.colcon_core.shell:Creating environment descriptor '/home/brilliant/ros2_ws/install/nav2_util/share/nav2_util/hook/ld_library_path_lib.dsv'
[227.874s] INFO:colcon.colcon_core.shell:Creating environment hook '/home/brilliant/ros2_ws/install/nav2_util/share/nav2_util/hook/ld_library_path_lib.sh'
[227.875s] Level 1:colcon.colcon_core.environment:checking '/home/brilliant/ros2_ws/install/nav2_util/bin'
[227.875s] Level 1:colcon.colcon_core.environment:checking '/home/brilliant/ros2_ws/install/nav2_util/lib/pkgconfig/nav2_util.pc'
[227.875s] Level 1:colcon.colcon_core.environment:checking '/home/brilliant/ros2_ws/install/nav2_util/lib/python3.12/site-packages'
[227.876s] Level 1:colcon.colcon_core.environment:checking '/home/brilliant/ros2_ws/install/nav2_util/bin'
[227.876s] INFO:colcon.colcon_core.shell:Creating package script '/home/brilliant/ros2_ws/install/nav2_util/share/nav2_util/package.ps1'
[227.877s] INFO:colcon.colcon_core.shell:Creating package descriptor '/home/brilliant/ros2_ws/install/nav2_util/share/nav2_util/package.dsv'
[227.878s] INFO:colcon.colcon_core.shell:Creating package script '/home/brilliant/ros2_ws/install/nav2_util/share/nav2_util/package.sh'
[227.879s] INFO:colcon.colcon_core.shell:Creating package script '/home/brilliant/ros2_ws/install/nav2_util/share/nav2_util/package.bash'
[227.880s] INFO:colcon.colcon_core.shell:Creating package script '/home/brilliant/ros2_ws/install/nav2_util/share/nav2_util/package.zsh'
[227.881s] Level 1:colcon.colcon_core.environment:create_file_with_runtime_dependencies(/home/brilliant/ros2_ws/install/nav2_util/share/colcon-core/packages/nav2_util)
[227.882s] Level 1:colcon.colcon_core.environment:create_environment_scripts_only(nav2_util)
[227.882s] Level 1:colcon.colcon_core.environment:checking '/home/brilliant/ros2_ws/install/nav2_util' for CMake module files
[227.884s] Level 1:colcon.colcon_core.environment:checking '/home/brilliant/ros2_ws/install/nav2_util' for CMake config files
[227.885s] Level 1:colcon.colcon_core.shell:create_environment_hook('nav2_util', 'cmake_prefix_path')
[227.885s] INFO:colcon.colcon_core.shell:Creating environment hook '/home/brilliant/ros2_ws/install/nav2_util/share/nav2_util/hook/cmake_prefix_path.ps1'
[227.886s] INFO:colcon.colcon_core.shell:Creating environment descriptor '/home/brilliant/ros2_ws/install/nav2_util/share/nav2_util/hook/cmake_prefix_path.dsv'
[227.887s] INFO:colcon.colcon_core.shell:Creating environment hook '/home/brilliant/ros2_ws/install/nav2_util/share/nav2_util/hook/cmake_prefix_path.sh'
[227.888s] Level 1:colcon.colcon_core.environment:checking '/home/brilliant/ros2_ws/install/nav2_util/lib'
[227.888s] Level 1:colcon.colcon_core.shell:create_environment_hook('nav2_util', 'ld_library_path_lib')
[227.889s] INFO:colcon.colcon_core.shell:Creating environment hook '/home/brilliant/ros2_ws/install/nav2_util/share/nav2_util/hook/ld_library_path_lib.ps1'
[227.890s] INFO:colcon.colcon_core.shell:Creating environment descriptor '/home/brilliant/ros2_ws/install/nav2_util/share/nav2_util/hook/ld_library_path_lib.dsv'
[227.890s] INFO:colcon.colcon_core.shell:Creating environment hook '/home/brilliant/ros2_ws/install/nav2_util/share/nav2_util/hook/ld_library_path_lib.sh'
[227.891s] Level 1:colcon.colcon_core.environment:checking '/home/brilliant/ros2_ws/install/nav2_util/bin'
[227.892s] Level 1:colcon.colcon_core.environment:checking '/home/brilliant/ros2_ws/install/nav2_util/lib/pkgconfig/nav2_util.pc'
[227.892s] Level 1:colcon.colcon_core.environment:checking '/home/brilliant/ros2_ws/install/nav2_util/lib/python3.12/site-packages'
[227.893s] Level 1:colcon.colcon_core.environment:checking '/home/brilliant/ros2_ws/install/nav2_util/bin'
[227.893s] INFO:colcon.colcon_core.shell:Creating package script '/home/brilliant/ros2_ws/install/nav2_util/share/nav2_util/package.ps1'
[227.894s] INFO:colcon.colcon_core.shell:Creating package descriptor '/home/brilliant/ros2_ws/install/nav2_util/share/nav2_util/package.dsv'
[227.896s] INFO:colcon.colcon_core.shell:Creating package script '/home/brilliant/ros2_ws/install/nav2_util/share/nav2_util/package.sh'
[227.896s] INFO:colcon.colcon_core.shell:Creating package script '/home/brilliant/ros2_ws/install/nav2_util/share/nav2_util/package.bash'
[227.898s] INFO:colcon.colcon_core.shell:Creating package script '/home/brilliant/ros2_ws/install/nav2_util/share/nav2_util/package.zsh'
[227.898s] Level 1:colcon.colcon_core.environment:create_file_with_runtime_dependencies(/home/brilliant/ros2_ws/install/nav2_util/share/colcon-core/packages/nav2_util)
[227.899s] INFO:colcon.colcon_ros.task.ament_cmake.build:Building ROS package in '/home/brilliant/ros2_ws/src/navigation2/nav2_lifecycle_manager' with build type 'ament_cmake'
[227.900s] INFO:colcon.colcon_cmake.task.cmake.build:Building CMake package in '/home/brilliant/ros2_ws/src/navigation2/nav2_lifecycle_manager'
[227.900s] INFO:colcon.colcon_core.shell:Skip shell extension 'powershell' for command environment: Not usable outside of PowerShell
[227.900s] DEBUG:colcon.colcon_core.shell:Skip shell extension 'dsv' for command environment
[227.920s] INFO:colcon.colcon_ros.task.ament_cmake.build:Building ROS package in '/home/brilliant/ros2_ws/src/navigation2/nav2_map_server' with build type 'ament_cmake'
[227.920s] INFO:colcon.colcon_cmake.task.cmake.build:Building CMake package in '/home/brilliant/ros2_ws/src/navigation2/nav2_map_server'
[227.921s] INFO:colcon.colcon_core.shell:Skip shell extension 'powershell' for command environment: Not usable outside of PowerShell
[227.921s] DEBUG:colcon.colcon_core.shell:Skip shell extension 'dsv' for command environment
[227.933s] INFO:colcon.colcon_ros.task.ament_cmake.build:Building ROS package in '/home/brilliant/ros2_ws/src/navigation2/nav2_behavior_tree' with build type 'ament_cmake'
[227.933s] INFO:colcon.colcon_cmake.task.cmake.build:Building CMake package in '/home/brilliant/ros2_ws/src/navigation2/nav2_behavior_tree'
[227.934s] INFO:colcon.colcon_core.shell:Skip shell extension 'powershell' for command environment: Not usable outside of PowerShell
[227.935s] DEBUG:colcon.colcon_core.shell:Skip shell extension 'dsv' for command environment
[227.948s] INFO:colcon.colcon_ros.task.ament_cmake.build:Building ROS package in '/home/brilliant/ros2_ws/src/navigation2/nav2_dwb_controller/nav_2d_utils' with build type 'ament_cmake'
[227.948s] INFO:colcon.colcon_cmake.task.cmake.build:Building CMake package in '/home/brilliant/ros2_ws/src/navigation2/nav2_dwb_controller/nav_2d_utils'
[227.949s] INFO:colcon.colcon_core.shell:Skip shell extension 'powershell' for command environment: Not usable outside of PowerShell
[227.949s] DEBUG:colcon.colcon_core.shell:Skip shell extension 'dsv' for command environment
[227.976s] DEBUG:colcon.colcon_core.event_handler.log_command:Invoking command in '/home/brilliant/ros2_ws/build/nav2_lifecycle_manager': AMENT_PREFIX_PATH=/home/brilliant/ros2_ws/install/nav2_util:/home/brilliant/ros2_ws/install/nav2_msgs:/home/brilliant/ros2_ws/install/nav2_common:${AMENT_PREFIX_PATH} CMAKE_PREFIX_PATH=/home/brilliant/ros2_ws/install/nav2_util:/home/brilliant/ros2_ws/install/nav2_msgs:/home/brilliant/ros2_ws/install/nav2_common:/home/brilliant/ros2_ws/install/sllidar_ros2:/home/brilliant/ros2_ws/install/serial:/home/brilliant/ros2_ws/install/minibot:/home/brilliant/ros2_ws/install/diffdrive_arduino:/opt/ros/jazzy/opt/gz_sim_vendor:/opt/ros/jazzy/opt/gz_sensors_vendor:/opt/ros/jazzy/opt/gz_physics_vendor:/opt/ros/jazzy/opt/sdformat_vendor:/opt/ros/jazzy/opt/gz_gui_vendor:/opt/ros/jazzy/opt/gz_transport_vendor:/opt/ros/jazzy/opt/gz_rendering_vendor:/opt/ros/jazzy/opt/gz_plugin_vendor:/opt/ros/jazzy/opt/gz_fuel_tools_vendor:/opt/ros/jazzy/opt/gz_msgs_vendor:/opt/ros/jazzy/opt/gz_common_vendor:/opt/ros/jazzy/opt/gz_math_vendor:/opt/ros/jazzy/opt/gz_utils_vendor:/opt/ros/jazzy/opt/gz_tools_vendor:/opt/ros/jazzy/opt/gz_ogre_next_vendor:/opt/ros/jazzy/opt/gz_dartsim_vendor:/opt/ros/jazzy/opt/gz_cmake_vendor:/home/brilliant/ros2_ws/install/twist_stamper:/opt/ros/jazzy DEBUGINFOD_URLS=https://debuginfod.ubuntu.com LD_LIBRARY_PATH=/home/brilliant/ros2_ws/install/nav2_util/lib:/home/brilliant/ros2_ws/install/nav2_msgs/lib:${LD_LIBRARY_PATH} PYTHONPATH=/home/brilliant/ros2_ws/install/nav2_msgs/lib/python3.12/site-packages:/home/brilliant/ros2_ws/install/nav2_common/lib/python3.12/site-packages:${PYTHONPATH} /usr/bin/cmake /home/brilliant/ros2_ws/src/navigation2/nav2_lifecycle_manager -DAMENT_CMAKE_SYMLINK_INSTALL=1 -DCMAKE_INSTALL_PREFIX=/home/brilliant/ros2_ws/install/nav2_lifecycle_manager
[227.983s] DEBUG:colcon.colcon_core.event_handler.log_command:Invoking command in '/home/brilliant/ros2_ws/build/nav2_map_server': AMENT_PREFIX_PATH=/home/brilliant/ros2_ws/install/nav2_util:/home/brilliant/ros2_ws/install/nav2_msgs:/home/brilliant/ros2_ws/install/nav2_common:${AMENT_PREFIX_PATH} CMAKE_PREFIX_PATH=/home/brilliant/ros2_ws/install/nav2_util:/home/brilliant/ros2_ws/install/nav2_msgs:/home/brilliant/ros2_ws/install/nav2_common:/home/brilliant/ros2_ws/install/sllidar_ros2:/home/brilliant/ros2_ws/install/serial:/home/brilliant/ros2_ws/install/minibot:/home/brilliant/ros2_ws/install/diffdrive_arduino:/opt/ros/jazzy/opt/gz_sim_vendor:/opt/ros/jazzy/opt/gz_sensors_vendor:/opt/ros/jazzy/opt/gz_physics_vendor:/opt/ros/jazzy/opt/sdformat_vendor:/opt/ros/jazzy/opt/gz_gui_vendor:/opt/ros/jazzy/opt/gz_transport_vendor:/opt/ros/jazzy/opt/gz_rendering_vendor:/opt/ros/jazzy/opt/gz_plugin_vendor:/opt/ros/jazzy/opt/gz_fuel_tools_vendor:/opt/ros/jazzy/opt/gz_msgs_vendor:/opt/ros/jazzy/opt/gz_common_vendor:/opt/ros/jazzy/opt/gz_math_vendor:/opt/ros/jazzy/opt/gz_utils_vendor:/opt/ros/jazzy/opt/gz_tools_vendor:/opt/ros/jazzy/opt/gz_ogre_next_vendor:/opt/ros/jazzy/opt/gz_dartsim_vendor:/opt/ros/jazzy/opt/gz_cmake_vendor:/home/brilliant/ros2_ws/install/twist_stamper:/opt/ros/jazzy DEBUGINFOD_URLS=https://debuginfod.ubuntu.com LD_LIBRARY_PATH=/home/brilliant/ros2_ws/install/nav2_util/lib:/home/brilliant/ros2_ws/install/nav2_msgs/lib:${LD_LIBRARY_PATH} PYTHONPATH=/home/brilliant/ros2_ws/install/nav2_msgs/lib/python3.12/site-packages:/home/brilliant/ros2_ws/install/nav2_common/lib/python3.12/site-packages:${PYTHONPATH} /usr/bin/cmake /home/brilliant/ros2_ws/src/navigation2/nav2_map_server -DAMENT_CMAKE_SYMLINK_INSTALL=1 -DCMAKE_INSTALL_PREFIX=/home/brilliant/ros2_ws/install/nav2_map_server
[227.998s] DEBUG:colcon.colcon_core.event_handler.log_command:Invoking command in '/home/brilliant/ros2_ws/build/nav2_behavior_tree': AMENT_PREFIX_PATH=/home/brilliant/ros2_ws/install/nav2_util:/home/brilliant/ros2_ws/install/nav2_msgs:/home/brilliant/ros2_ws/install/nav2_common:${AMENT_PREFIX_PATH} CMAKE_PREFIX_PATH=/home/brilliant/ros2_ws/install/nav2_util:/home/brilliant/ros2_ws/install/nav2_msgs:/home/brilliant/ros2_ws/install/nav2_common:/home/brilliant/ros2_ws/install/sllidar_ros2:/home/brilliant/ros2_ws/install/serial:/home/brilliant/ros2_ws/install/minibot:/home/brilliant/ros2_ws/install/diffdrive_arduino:/opt/ros/jazzy/opt/gz_sim_vendor:/opt/ros/jazzy/opt/gz_sensors_vendor:/opt/ros/jazzy/opt/gz_physics_vendor:/opt/ros/jazzy/opt/sdformat_vendor:/opt/ros/jazzy/opt/gz_gui_vendor:/opt/ros/jazzy/opt/gz_transport_vendor:/opt/ros/jazzy/opt/gz_rendering_vendor:/opt/ros/jazzy/opt/gz_plugin_vendor:/opt/ros/jazzy/opt/gz_fuel_tools_vendor:/opt/ros/jazzy/opt/gz_msgs_vendor:/opt/ros/jazzy/opt/gz_common_vendor:/opt/ros/jazzy/opt/gz_math_vendor:/opt/ros/jazzy/opt/gz_utils_vendor:/opt/ros/jazzy/opt/gz_tools_vendor:/opt/ros/jazzy/opt/gz_ogre_next_vendor:/opt/ros/jazzy/opt/gz_dartsim_vendor:/opt/ros/jazzy/opt/gz_cmake_vendor:/home/brilliant/ros2_ws/install/twist_stamper:/opt/ros/jazzy DEBUGINFOD_URLS=https://debuginfod.ubuntu.com LD_LIBRARY_PATH=/home/brilliant/ros2_ws/install/nav2_util/lib:/home/brilliant/ros2_ws/install/nav2_msgs/lib:${LD_LIBRARY_PATH} PYTHONPATH=/home/brilliant/ros2_ws/install/nav2_msgs/lib/python3.12/site-packages:/home/brilliant/ros2_ws/install/nav2_common/lib/python3.12/site-packages:${PYTHONPATH} /usr/bin/cmake /home/brilliant/ros2_ws/src/navigation2/nav2_behavior_tree -DAMENT_CMAKE_SYMLINK_INSTALL=1 -DCMAKE_INSTALL_PREFIX=/home/brilliant/ros2_ws/install/nav2_behavior_tree
[228.052s] DEBUG:colcon.colcon_core.event_handler.log_command:Invoking command in '/home/brilliant/ros2_ws/build/nav_2d_utils': AMENT_PREFIX_PATH=/home/brilliant/ros2_ws/install/nav2_util:/home/brilliant/ros2_ws/install/nav2_msgs:/home/brilliant/ros2_ws/install/nav_2d_msgs:/home/brilliant/ros2_ws/install/nav2_common:${AMENT_PREFIX_PATH} CMAKE_PREFIX_PATH=/home/brilliant/ros2_ws/install/nav2_util:/home/brilliant/ros2_ws/install/nav2_msgs:/home/brilliant/ros2_ws/install/nav_2d_msgs:/home/brilliant/ros2_ws/install/nav2_common:/home/brilliant/ros2_ws/install/sllidar_ros2:/home/brilliant/ros2_ws/install/serial:/home/brilliant/ros2_ws/install/minibot:/home/brilliant/ros2_ws/install/diffdrive_arduino:/opt/ros/jazzy/opt/gz_sim_vendor:/opt/ros/jazzy/opt/gz_sensors_vendor:/opt/ros/jazzy/opt/gz_physics_vendor:/opt/ros/jazzy/opt/sdformat_vendor:/opt/ros/jazzy/opt/gz_gui_vendor:/opt/ros/jazzy/opt/gz_transport_vendor:/opt/ros/jazzy/opt/gz_rendering_vendor:/opt/ros/jazzy/opt/gz_plugin_vendor:/opt/ros/jazzy/opt/gz_fuel_tools_vendor:/opt/ros/jazzy/opt/gz_msgs_vendor:/opt/ros/jazzy/opt/gz_common_vendor:/opt/ros/jazzy/opt/gz_math_vendor:/opt/ros/jazzy/opt/gz_utils_vendor:/opt/ros/jazzy/opt/gz_tools_vendor:/opt/ros/jazzy/opt/gz_ogre_next_vendor:/opt/ros/jazzy/opt/gz_dartsim_vendor:/opt/ros/jazzy/opt/gz_cmake_vendor:/home/brilliant/ros2_ws/install/twist_stamper:/opt/ros/jazzy DEBUGINFOD_URLS=https://debuginfod.ubuntu.com LD_LIBRARY_PATH=/home/brilliant/ros2_ws/install/nav2_util/lib:/home/brilliant/ros2_ws/install/nav2_msgs/lib:/home/brilliant/ros2_ws/install/nav_2d_msgs/lib:${LD_LIBRARY_PATH} PYTHONPATH=/home/brilliant/ros2_ws/install/nav2_msgs/lib/python3.12/site-packages:/home/brilliant/ros2_ws/install/nav_2d_msgs/lib/python3.12/site-packages:/home/brilliant/ros2_ws/install/nav2_common/lib/python3.12/site-packages:${PYTHONPATH} /usr/bin/cmake /home/brilliant/ros2_ws/src/navigation2/nav2_dwb_controller/nav_2d_utils -DAMENT_CMAKE_SYMLINK_INSTALL=1 -DCMAKE_INSTALL_PREFIX=/home/brilliant/ros2_ws/install/nav_2d_utils
[236.261s] DEBUG:colcon.colcon_core.event_handler.log_command:Invoked command in '/home/brilliant/ros2_ws/build/nav2_lifecycle_manager' returned '0': AMENT_PREFIX_PATH=/home/brilliant/ros2_ws/install/nav2_util:/home/brilliant/ros2_ws/install/nav2_msgs:/home/brilliant/ros2_ws/install/nav2_common:${AMENT_PREFIX_PATH} CMAKE_PREFIX_PATH=/home/brilliant/ros2_ws/install/nav2_util:/home/brilliant/ros2_ws/install/nav2_msgs:/home/brilliant/ros2_ws/install/nav2_common:/home/brilliant/ros2_ws/install/sllidar_ros2:/home/brilliant/ros2_ws/install/serial:/home/brilliant/ros2_ws/install/minibot:/home/brilliant/ros2_ws/install/diffdrive_arduino:/opt/ros/jazzy/opt/gz_sim_vendor:/opt/ros/jazzy/opt/gz_sensors_vendor:/opt/ros/jazzy/opt/gz_physics_vendor:/opt/ros/jazzy/opt/sdformat_vendor:/opt/ros/jazzy/opt/gz_gui_vendor:/opt/ros/jazzy/opt/gz_transport_vendor:/opt/ros/jazzy/opt/gz_rendering_vendor:/opt/ros/jazzy/opt/gz_plugin_vendor:/opt/ros/jazzy/opt/gz_fuel_tools_vendor:/opt/ros/jazzy/opt/gz_msgs_vendor:/opt/ros/jazzy/opt/gz_common_vendor:/opt/ros/jazzy/opt/gz_math_vendor:/opt/ros/jazzy/opt/gz_utils_vendor:/opt/ros/jazzy/opt/gz_tools_vendor:/opt/ros/jazzy/opt/gz_ogre_next_vendor:/opt/ros/jazzy/opt/gz_dartsim_vendor:/opt/ros/jazzy/opt/gz_cmake_vendor:/home/brilliant/ros2_ws/install/twist_stamper:/opt/ros/jazzy DEBUGINFOD_URLS=https://debuginfod.ubuntu.com LD_LIBRARY_PATH=/home/brilliant/ros2_ws/install/nav2_util/lib:/home/brilliant/ros2_ws/install/nav2_msgs/lib:${LD_LIBRARY_PATH} PYTHONPATH=/home/brilliant/ros2_ws/install/nav2_msgs/lib/python3.12/site-packages:/home/brilliant/ros2_ws/install/nav2_common/lib/python3.12/site-packages:${PYTHONPATH} /usr/bin/cmake /home/brilliant/ros2_ws/src/navigation2/nav2_lifecycle_manager -DAMENT_CMAKE_SYMLINK_INSTALL=1 -DCMAKE_INSTALL_PREFIX=/home/brilliant/ros2_ws/install/nav2_lifecycle_manager
[236.264s] DEBUG:colcon.colcon_core.event_handler.log_command:Invoking command in '/home/brilliant/ros2_ws/build/nav2_lifecycle_manager': AMENT_PREFIX_PATH=/home/brilliant/ros2_ws/install/nav2_util:/home/brilliant/ros2_ws/install/nav2_msgs:/home/brilliant/ros2_ws/install/nav2_common:${AMENT_PREFIX_PATH} CMAKE_PREFIX_PATH=/home/brilliant/ros2_ws/install/nav2_util:/home/brilliant/ros2_ws/install/nav2_msgs:/home/brilliant/ros2_ws/install/nav2_common:/home/brilliant/ros2_ws/install/sllidar_ros2:/home/brilliant/ros2_ws/install/serial:/home/brilliant/ros2_ws/install/minibot:/home/brilliant/ros2_ws/install/diffdrive_arduino:/opt/ros/jazzy/opt/gz_sim_vendor:/opt/ros/jazzy/opt/gz_sensors_vendor:/opt/ros/jazzy/opt/gz_physics_vendor:/opt/ros/jazzy/opt/sdformat_vendor:/opt/ros/jazzy/opt/gz_gui_vendor:/opt/ros/jazzy/opt/gz_transport_vendor:/opt/ros/jazzy/opt/gz_rendering_vendor:/opt/ros/jazzy/opt/gz_plugin_vendor:/opt/ros/jazzy/opt/gz_fuel_tools_vendor:/opt/ros/jazzy/opt/gz_msgs_vendor:/opt/ros/jazzy/opt/gz_common_vendor:/opt/ros/jazzy/opt/gz_math_vendor:/opt/ros/jazzy/opt/gz_utils_vendor:/opt/ros/jazzy/opt/gz_tools_vendor:/opt/ros/jazzy/opt/gz_ogre_next_vendor:/opt/ros/jazzy/opt/gz_dartsim_vendor:/opt/ros/jazzy/opt/gz_cmake_vendor:/home/brilliant/ros2_ws/install/twist_stamper:/opt/ros/jazzy DEBUGINFOD_URLS=https://debuginfod.ubuntu.com LD_LIBRARY_PATH=/home/brilliant/ros2_ws/install/nav2_util/lib:/home/brilliant/ros2_ws/install/nav2_msgs/lib:${LD_LIBRARY_PATH} PYTHONPATH=/home/brilliant/ros2_ws/install/nav2_msgs/lib/python3.12/site-packages:/home/brilliant/ros2_ws/install/nav2_common/lib/python3.12/site-packages:${PYTHONPATH} /usr/bin/cmake --build /home/brilliant/ros2_ws/build/nav2_lifecycle_manager -- -j4 -l4
[236.346s] DEBUG:colcon.colcon_core.event_handler.log_command:Invoked command in '/home/brilliant/ros2_ws/build/nav_2d_utils' returned '0': AMENT_PREFIX_PATH=/home/brilliant/ros2_ws/install/nav2_util:/home/brilliant/ros2_ws/install/nav2_msgs:/home/brilliant/ros2_ws/install/nav_2d_msgs:/home/brilliant/ros2_ws/install/nav2_common:${AMENT_PREFIX_PATH} CMAKE_PREFIX_PATH=/home/brilliant/ros2_ws/install/nav2_util:/home/brilliant/ros2_ws/install/nav2_msgs:/home/brilliant/ros2_ws/install/nav_2d_msgs:/home/brilliant/ros2_ws/install/nav2_common:/home/brilliant/ros2_ws/install/sllidar_ros2:/home/brilliant/ros2_ws/install/serial:/home/brilliant/ros2_ws/install/minibot:/home/brilliant/ros2_ws/install/diffdrive_arduino:/opt/ros/jazzy/opt/gz_sim_vendor:/opt/ros/jazzy/opt/gz_sensors_vendor:/opt/ros/jazzy/opt/gz_physics_vendor:/opt/ros/jazzy/opt/sdformat_vendor:/opt/ros/jazzy/opt/gz_gui_vendor:/opt/ros/jazzy/opt/gz_transport_vendor:/opt/ros/jazzy/opt/gz_rendering_vendor:/opt/ros/jazzy/opt/gz_plugin_vendor:/opt/ros/jazzy/opt/gz_fuel_tools_vendor:/opt/ros/jazzy/opt/gz_msgs_vendor:/opt/ros/jazzy/opt/gz_common_vendor:/opt/ros/jazzy/opt/gz_math_vendor:/opt/ros/jazzy/opt/gz_utils_vendor:/opt/ros/jazzy/opt/gz_tools_vendor:/opt/ros/jazzy/opt/gz_ogre_next_vendor:/opt/ros/jazzy/opt/gz_dartsim_vendor:/opt/ros/jazzy/opt/gz_cmake_vendor:/home/brilliant/ros2_ws/install/twist_stamper:/opt/ros/jazzy DEBUGINFOD_URLS=https://debuginfod.ubuntu.com LD_LIBRARY_PATH=/home/brilliant/ros2_ws/install/nav2_util/lib:/home/brilliant/ros2_ws/install/nav2_msgs/lib:/home/brilliant/ros2_ws/install/nav_2d_msgs/lib:${LD_LIBRARY_PATH} PYTHONPATH=/home/brilliant/ros2_ws/install/nav2_msgs/lib/python3.12/site-packages:/home/brilliant/ros2_ws/install/nav_2d_msgs/lib/python3.12/site-packages:/home/brilliant/ros2_ws/install/nav2_common/lib/python3.12/site-packages:${PYTHONPATH} /usr/bin/cmake /home/brilliant/ros2_ws/src/navigation2/nav2_dwb_controller/nav_2d_utils -DAMENT_CMAKE_SYMLINK_INSTALL=1 -DCMAKE_INSTALL_PREFIX=/home/brilliant/ros2_ws/install/nav_2d_utils
[236.350s] DEBUG:colcon.colcon_core.event_handler.log_command:Invoking command in '/home/brilliant/ros2_ws/build/nav_2d_utils': AMENT_PREFIX_PATH=/home/brilliant/ros2_ws/install/nav2_util:/home/brilliant/ros2_ws/install/nav2_msgs:/home/brilliant/ros2_ws/install/nav_2d_msgs:/home/brilliant/ros2_ws/install/nav2_common:${AMENT_PREFIX_PATH} CMAKE_PREFIX_PATH=/home/brilliant/ros2_ws/install/nav2_util:/home/brilliant/ros2_ws/install/nav2_msgs:/home/brilliant/ros2_ws/install/nav_2d_msgs:/home/brilliant/ros2_ws/install/nav2_common:/home/brilliant/ros2_ws/install/sllidar_ros2:/home/brilliant/ros2_ws/install/serial:/home/brilliant/ros2_ws/install/minibot:/home/brilliant/ros2_ws/install/diffdrive_arduino:/opt/ros/jazzy/opt/gz_sim_vendor:/opt/ros/jazzy/opt/gz_sensors_vendor:/opt/ros/jazzy/opt/gz_physics_vendor:/opt/ros/jazzy/opt/sdformat_vendor:/opt/ros/jazzy/opt/gz_gui_vendor:/opt/ros/jazzy/opt/gz_transport_vendor:/opt/ros/jazzy/opt/gz_rendering_vendor:/opt/ros/jazzy/opt/gz_plugin_vendor:/opt/ros/jazzy/opt/gz_fuel_tools_vendor:/opt/ros/jazzy/opt/gz_msgs_vendor:/opt/ros/jazzy/opt/gz_common_vendor:/opt/ros/jazzy/opt/gz_math_vendor:/opt/ros/jazzy/opt/gz_utils_vendor:/opt/ros/jazzy/opt/gz_tools_vendor:/opt/ros/jazzy/opt/gz_ogre_next_vendor:/opt/ros/jazzy/opt/gz_dartsim_vendor:/opt/ros/jazzy/opt/gz_cmake_vendor:/home/brilliant/ros2_ws/install/twist_stamper:/opt/ros/jazzy DEBUGINFOD_URLS=https://debuginfod.ubuntu.com LD_LIBRARY_PATH=/home/brilliant/ros2_ws/install/nav2_util/lib:/home/brilliant/ros2_ws/install/nav2_msgs/lib:/home/brilliant/ros2_ws/install/nav_2d_msgs/lib:${LD_LIBRARY_PATH} PYTHONPATH=/home/brilliant/ros2_ws/install/nav2_msgs/lib/python3.12/site-packages:/home/brilliant/ros2_ws/install/nav_2d_msgs/lib/python3.12/site-packages:/home/brilliant/ros2_ws/install/nav2_common/lib/python3.12/site-packages:${PYTHONPATH} /usr/bin/cmake --build /home/brilliant/ros2_ws/build/nav_2d_utils -- -j4 -l4
[236.881s] DEBUG:colcon.colcon_core.event_handler.log_command:Invoked command in '/home/brilliant/ros2_ws/build/nav2_map_server' returned '0': AMENT_PREFIX_PATH=/home/brilliant/ros2_ws/install/nav2_util:/home/brilliant/ros2_ws/install/nav2_msgs:/home/brilliant/ros2_ws/install/nav2_common:${AMENT_PREFIX_PATH} CMAKE_PREFIX_PATH=/home/brilliant/ros2_ws/install/nav2_util:/home/brilliant/ros2_ws/install/nav2_msgs:/home/brilliant/ros2_ws/install/nav2_common:/home/brilliant/ros2_ws/install/sllidar_ros2:/home/brilliant/ros2_ws/install/serial:/home/brilliant/ros2_ws/install/minibot:/home/brilliant/ros2_ws/install/diffdrive_arduino:/opt/ros/jazzy/opt/gz_sim_vendor:/opt/ros/jazzy/opt/gz_sensors_vendor:/opt/ros/jazzy/opt/gz_physics_vendor:/opt/ros/jazzy/opt/sdformat_vendor:/opt/ros/jazzy/opt/gz_gui_vendor:/opt/ros/jazzy/opt/gz_transport_vendor:/opt/ros/jazzy/opt/gz_rendering_vendor:/opt/ros/jazzy/opt/gz_plugin_vendor:/opt/ros/jazzy/opt/gz_fuel_tools_vendor:/opt/ros/jazzy/opt/gz_msgs_vendor:/opt/ros/jazzy/opt/gz_common_vendor:/opt/ros/jazzy/opt/gz_math_vendor:/opt/ros/jazzy/opt/gz_utils_vendor:/opt/ros/jazzy/opt/gz_tools_vendor:/opt/ros/jazzy/opt/gz_ogre_next_vendor:/opt/ros/jazzy/opt/gz_dartsim_vendor:/opt/ros/jazzy/opt/gz_cmake_vendor:/home/brilliant/ros2_ws/install/twist_stamper:/opt/ros/jazzy DEBUGINFOD_URLS=https://debuginfod.ubuntu.com LD_LIBRARY_PATH=/home/brilliant/ros2_ws/install/nav2_util/lib:/home/brilliant/ros2_ws/install/nav2_msgs/lib:${LD_LIBRARY_PATH} PYTHONPATH=/home/brilliant/ros2_ws/install/nav2_msgs/lib/python3.12/site-packages:/home/brilliant/ros2_ws/install/nav2_common/lib/python3.12/site-packages:${PYTHONPATH} /usr/bin/cmake /home/brilliant/ros2_ws/src/navigation2/nav2_map_server -DAMENT_CMAKE_SYMLINK_INSTALL=1 -DCMAKE_INSTALL_PREFIX=/home/brilliant/ros2_ws/install/nav2_map_server
[236.887s] DEBUG:colcon.colcon_core.event_handler.log_command:Invoking command in '/home/brilliant/ros2_ws/build/nav2_map_server': AMENT_PREFIX_PATH=/home/brilliant/ros2_ws/install/nav2_util:/home/brilliant/ros2_ws/install/nav2_msgs:/home/brilliant/ros2_ws/install/nav2_common:${AMENT_PREFIX_PATH} CMAKE_PREFIX_PATH=/home/brilliant/ros2_ws/install/nav2_util:/home/brilliant/ros2_ws/install/nav2_msgs:/home/brilliant/ros2_ws/install/nav2_common:/home/brilliant/ros2_ws/install/sllidar_ros2:/home/brilliant/ros2_ws/install/serial:/home/brilliant/ros2_ws/install/minibot:/home/brilliant/ros2_ws/install/diffdrive_arduino:/opt/ros/jazzy/opt/gz_sim_vendor:/opt/ros/jazzy/opt/gz_sensors_vendor:/opt/ros/jazzy/opt/gz_physics_vendor:/opt/ros/jazzy/opt/sdformat_vendor:/opt/ros/jazzy/opt/gz_gui_vendor:/opt/ros/jazzy/opt/gz_transport_vendor:/opt/ros/jazzy/opt/gz_rendering_vendor:/opt/ros/jazzy/opt/gz_plugin_vendor:/opt/ros/jazzy/opt/gz_fuel_tools_vendor:/opt/ros/jazzy/opt/gz_msgs_vendor:/opt/ros/jazzy/opt/gz_common_vendor:/opt/ros/jazzy/opt/gz_math_vendor:/opt/ros/jazzy/opt/gz_utils_vendor:/opt/ros/jazzy/opt/gz_tools_vendor:/opt/ros/jazzy/opt/gz_ogre_next_vendor:/opt/ros/jazzy/opt/gz_dartsim_vendor:/opt/ros/jazzy/opt/gz_cmake_vendor:/home/brilliant/ros2_ws/install/twist_stamper:/opt/ros/jazzy DEBUGINFOD_URLS=https://debuginfod.ubuntu.com LD_LIBRARY_PATH=/home/brilliant/ros2_ws/install/nav2_util/lib:/home/brilliant/ros2_ws/install/nav2_msgs/lib:${LD_LIBRARY_PATH} PYTHONPATH=/home/brilliant/ros2_ws/install/nav2_msgs/lib/python3.12/site-packages:/home/brilliant/ros2_ws/install/nav2_common/lib/python3.12/site-packages:${PYTHONPATH} /usr/bin/cmake --build /home/brilliant/ros2_ws/build/nav2_map_server -- -j4 -l4
[247.420s] DEBUG:colcon.colcon_core.event_handler.log_command:Invoked command in '/home/brilliant/ros2_ws/build/nav2_behavior_tree' returned '0': AMENT_PREFIX_PATH=/home/brilliant/ros2_ws/install/nav2_util:/home/brilliant/ros2_ws/install/nav2_msgs:/home/brilliant/ros2_ws/install/nav2_common:${AMENT_PREFIX_PATH} CMAKE_PREFIX_PATH=/home/brilliant/ros2_ws/install/nav2_util:/home/brilliant/ros2_ws/install/nav2_msgs:/home/brilliant/ros2_ws/install/nav2_common:/home/brilliant/ros2_ws/install/sllidar_ros2:/home/brilliant/ros2_ws/install/serial:/home/brilliant/ros2_ws/install/minibot:/home/brilliant/ros2_ws/install/diffdrive_arduino:/opt/ros/jazzy/opt/gz_sim_vendor:/opt/ros/jazzy/opt/gz_sensors_vendor:/opt/ros/jazzy/opt/gz_physics_vendor:/opt/ros/jazzy/opt/sdformat_vendor:/opt/ros/jazzy/opt/gz_gui_vendor:/opt/ros/jazzy/opt/gz_transport_vendor:/opt/ros/jazzy/opt/gz_rendering_vendor:/opt/ros/jazzy/opt/gz_plugin_vendor:/opt/ros/jazzy/opt/gz_fuel_tools_vendor:/opt/ros/jazzy/opt/gz_msgs_vendor:/opt/ros/jazzy/opt/gz_common_vendor:/opt/ros/jazzy/opt/gz_math_vendor:/opt/ros/jazzy/opt/gz_utils_vendor:/opt/ros/jazzy/opt/gz_tools_vendor:/opt/ros/jazzy/opt/gz_ogre_next_vendor:/opt/ros/jazzy/opt/gz_dartsim_vendor:/opt/ros/jazzy/opt/gz_cmake_vendor:/home/brilliant/ros2_ws/install/twist_stamper:/opt/ros/jazzy DEBUGINFOD_URLS=https://debuginfod.ubuntu.com LD_LIBRARY_PATH=/home/brilliant/ros2_ws/install/nav2_util/lib:/home/brilliant/ros2_ws/install/nav2_msgs/lib:${LD_LIBRARY_PATH} PYTHONPATH=/home/brilliant/ros2_ws/install/nav2_msgs/lib/python3.12/site-packages:/home/brilliant/ros2_ws/install/nav2_common/lib/python3.12/site-packages:${PYTHONPATH} /usr/bin/cmake /home/brilliant/ros2_ws/src/navigation2/nav2_behavior_tree -DAMENT_CMAKE_SYMLINK_INSTALL=1 -DCMAKE_INSTALL_PREFIX=/home/brilliant/ros2_ws/install/nav2_behavior_tree
[247.421s] DEBUG:colcon.colcon_core.event_handler.log_command:Invoking command in '/home/brilliant/ros2_ws/build/nav2_behavior_tree': AMENT_PREFIX_PATH=/home/brilliant/ros2_ws/install/nav2_util:/home/brilliant/ros2_ws/install/nav2_msgs:/home/brilliant/ros2_ws/install/nav2_common:${AMENT_PREFIX_PATH} CMAKE_PREFIX_PATH=/home/brilliant/ros2_ws/install/nav2_util:/home/brilliant/ros2_ws/install/nav2_msgs:/home/brilliant/ros2_ws/install/nav2_common:/home/brilliant/ros2_ws/install/sllidar_ros2:/home/brilliant/ros2_ws/install/serial:/home/brilliant/ros2_ws/install/minibot:/home/brilliant/ros2_ws/install/diffdrive_arduino:/opt/ros/jazzy/opt/gz_sim_vendor:/opt/ros/jazzy/opt/gz_sensors_vendor:/opt/ros/jazzy/opt/gz_physics_vendor:/opt/ros/jazzy/opt/sdformat_vendor:/opt/ros/jazzy/opt/gz_gui_vendor:/opt/ros/jazzy/opt/gz_transport_vendor:/opt/ros/jazzy/opt/gz_rendering_vendor:/opt/ros/jazzy/opt/gz_plugin_vendor:/opt/ros/jazzy/opt/gz_fuel_tools_vendor:/opt/ros/jazzy/opt/gz_msgs_vendor:/opt/ros/jazzy/opt/gz_common_vendor:/opt/ros/jazzy/opt/gz_math_vendor:/opt/ros/jazzy/opt/gz_utils_vendor:/opt/ros/jazzy/opt/gz_tools_vendor:/opt/ros/jazzy/opt/gz_ogre_next_vendor:/opt/ros/jazzy/opt/gz_dartsim_vendor:/opt/ros/jazzy/opt/gz_cmake_vendor:/home/brilliant/ros2_ws/install/twist_stamper:/opt/ros/jazzy DEBUGINFOD_URLS=https://debuginfod.ubuntu.com LD_LIBRARY_PATH=/home/brilliant/ros2_ws/install/nav2_util/lib:/home/brilliant/ros2_ws/install/nav2_msgs/lib:${LD_LIBRARY_PATH} PYTHONPATH=/home/brilliant/ros2_ws/install/nav2_msgs/lib/python3.12/site-packages:/home/brilliant/ros2_ws/install/nav2_common/lib/python3.12/site-packages:${PYTHONPATH} /usr/bin/cmake --build /home/brilliant/ros2_ws/build/nav2_behavior_tree -- -j4 -l4
[350.551s] DEBUG:colcon.colcon_core.event_handler.log_command:Invoked command in '/home/brilliant/ros2_ws/build/nav_2d_utils' returned '0': AMENT_PREFIX_PATH=/home/brilliant/ros2_ws/install/nav2_util:/home/brilliant/ros2_ws/install/nav2_msgs:/home/brilliant/ros2_ws/install/nav_2d_msgs:/home/brilliant/ros2_ws/install/nav2_common:${AMENT_PREFIX_PATH} CMAKE_PREFIX_PATH=/home/brilliant/ros2_ws/install/nav2_util:/home/brilliant/ros2_ws/install/nav2_msgs:/home/brilliant/ros2_ws/install/nav_2d_msgs:/home/brilliant/ros2_ws/install/nav2_common:/home/brilliant/ros2_ws/install/sllidar_ros2:/home/brilliant/ros2_ws/install/serial:/home/brilliant/ros2_ws/install/minibot:/home/brilliant/ros2_ws/install/diffdrive_arduino:/opt/ros/jazzy/opt/gz_sim_vendor:/opt/ros/jazzy/opt/gz_sensors_vendor:/opt/ros/jazzy/opt/gz_physics_vendor:/opt/ros/jazzy/opt/sdformat_vendor:/opt/ros/jazzy/opt/gz_gui_vendor:/opt/ros/jazzy/opt/gz_transport_vendor:/opt/ros/jazzy/opt/gz_rendering_vendor:/opt/ros/jazzy/opt/gz_plugin_vendor:/opt/ros/jazzy/opt/gz_fuel_tools_vendor:/opt/ros/jazzy/opt/gz_msgs_vendor:/opt/ros/jazzy/opt/gz_common_vendor:/opt/ros/jazzy/opt/gz_math_vendor:/opt/ros/jazzy/opt/gz_utils_vendor:/opt/ros/jazzy/opt/gz_tools_vendor:/opt/ros/jazzy/opt/gz_ogre_next_vendor:/opt/ros/jazzy/opt/gz_dartsim_vendor:/opt/ros/jazzy/opt/gz_cmake_vendor:/home/brilliant/ros2_ws/install/twist_stamper:/opt/ros/jazzy DEBUGINFOD_URLS=https://debuginfod.ubuntu.com LD_LIBRARY_PATH=/home/brilliant/ros2_ws/install/nav2_util/lib:/home/brilliant/ros2_ws/install/nav2_msgs/lib:/home/brilliant/ros2_ws/install/nav_2d_msgs/lib:${LD_LIBRARY_PATH} PYTHONPATH=/home/brilliant/ros2_ws/install/nav2_msgs/lib/python3.12/site-packages:/home/brilliant/ros2_ws/install/nav_2d_msgs/lib/python3.12/site-packages:/home/brilliant/ros2_ws/install/nav2_common/lib/python3.12/site-packages:${PYTHONPATH} /usr/bin/cmake --build /home/brilliant/ros2_ws/build/nav_2d_utils -- -j4 -l4
[350.553s] DEBUG:colcon.colcon_core.event_handler.log_command:Invoking command in '/home/brilliant/ros2_ws/build/nav_2d_utils': AMENT_PREFIX_PATH=/home/brilliant/ros2_ws/install/nav2_util:/home/brilliant/ros2_ws/install/nav2_msgs:/home/brilliant/ros2_ws/install/nav_2d_msgs:/home/brilliant/ros2_ws/install/nav2_common:${AMENT_PREFIX_PATH} CMAKE_PREFIX_PATH=/home/brilliant/ros2_ws/install/nav2_util:/home/brilliant/ros2_ws/install/nav2_msgs:/home/brilliant/ros2_ws/install/nav_2d_msgs:/home/brilliant/ros2_ws/install/nav2_common:/home/brilliant/ros2_ws/install/sllidar_ros2:/home/brilliant/ros2_ws/install/serial:/home/brilliant/ros2_ws/install/minibot:/home/brilliant/ros2_ws/install/diffdrive_arduino:/opt/ros/jazzy/opt/gz_sim_vendor:/opt/ros/jazzy/opt/gz_sensors_vendor:/opt/ros/jazzy/opt/gz_physics_vendor:/opt/ros/jazzy/opt/sdformat_vendor:/opt/ros/jazzy/opt/gz_gui_vendor:/opt/ros/jazzy/opt/gz_transport_vendor:/opt/ros/jazzy/opt/gz_rendering_vendor:/opt/ros/jazzy/opt/gz_plugin_vendor:/opt/ros/jazzy/opt/gz_fuel_tools_vendor:/opt/ros/jazzy/opt/gz_msgs_vendor:/opt/ros/jazzy/opt/gz_common_vendor:/opt/ros/jazzy/opt/gz_math_vendor:/opt/ros/jazzy/opt/gz_utils_vendor:/opt/ros/jazzy/opt/gz_tools_vendor:/opt/ros/jazzy/opt/gz_ogre_next_vendor:/opt/ros/jazzy/opt/gz_dartsim_vendor:/opt/ros/jazzy/opt/gz_cmake_vendor:/home/brilliant/ros2_ws/install/twist_stamper:/opt/ros/jazzy DEBUGINFOD_URLS=https://debuginfod.ubuntu.com LD_LIBRARY_PATH=/home/brilliant/ros2_ws/install/nav2_util/lib:/home/brilliant/ros2_ws/install/nav2_msgs/lib:/home/brilliant/ros2_ws/install/nav_2d_msgs/lib:${LD_LIBRARY_PATH} PYTHONPATH=/home/brilliant/ros2_ws/install/nav2_msgs/lib/python3.12/site-packages:/home/brilliant/ros2_ws/install/nav_2d_msgs/lib/python3.12/site-packages:/home/brilliant/ros2_ws/install/nav2_common/lib/python3.12/site-packages:${PYTHONPATH} /usr/bin/cmake --install /home/brilliant/ros2_ws/build/nav_2d_utils
[352.012s] Level 1:colcon.colcon_core.environment:create_environment_scripts_only(nav_2d_utils)
[352.013s] Level 1:colcon.colcon_core.environment:checking '/home/brilliant/ros2_ws/install/nav_2d_utils' for CMake module files
[352.015s] DEBUG:colcon.colcon_core.event_handler.log_command:Invoked command in '/home/brilliant/ros2_ws/build/nav_2d_utils' returned '0': AMENT_PREFIX_PATH=/home/brilliant/ros2_ws/install/nav2_util:/home/brilliant/ros2_ws/install/nav2_msgs:/home/brilliant/ros2_ws/install/nav_2d_msgs:/home/brilliant/ros2_ws/install/nav2_common:${AMENT_PREFIX_PATH} CMAKE_PREFIX_PATH=/home/brilliant/ros2_ws/install/nav2_util:/home/brilliant/ros2_ws/install/nav2_msgs:/home/brilliant/ros2_ws/install/nav_2d_msgs:/home/brilliant/ros2_ws/install/nav2_common:/home/brilliant/ros2_ws/install/sllidar_ros2:/home/brilliant/ros2_ws/install/serial:/home/brilliant/ros2_ws/install/minibot:/home/brilliant/ros2_ws/install/diffdrive_arduino:/opt/ros/jazzy/opt/gz_sim_vendor:/opt/ros/jazzy/opt/gz_sensors_vendor:/opt/ros/jazzy/opt/gz_physics_vendor:/opt/ros/jazzy/opt/sdformat_vendor:/opt/ros/jazzy/opt/gz_gui_vendor:/opt/ros/jazzy/opt/gz_transport_vendor:/opt/ros/jazzy/opt/gz_rendering_vendor:/opt/ros/jazzy/opt/gz_plugin_vendor:/opt/ros/jazzy/opt/gz_fuel_tools_vendor:/opt/ros/jazzy/opt/gz_msgs_vendor:/opt/ros/jazzy/opt/gz_common_vendor:/opt/ros/jazzy/opt/gz_math_vendor:/opt/ros/jazzy/opt/gz_utils_vendor:/opt/ros/jazzy/opt/gz_tools_vendor:/opt/ros/jazzy/opt/gz_ogre_next_vendor:/opt/ros/jazzy/opt/gz_dartsim_vendor:/opt/ros/jazzy/opt/gz_cmake_vendor:/home/brilliant/ros2_ws/install/twist_stamper:/opt/ros/jazzy DEBUGINFOD_URLS=https://debuginfod.ubuntu.com LD_LIBRARY_PATH=/home/brilliant/ros2_ws/install/nav2_util/lib:/home/brilliant/ros2_ws/install/nav2_msgs/lib:/home/brilliant/ros2_ws/install/nav_2d_msgs/lib:${LD_LIBRARY_PATH} PYTHONPATH=/home/brilliant/ros2_ws/install/nav2_msgs/lib/python3.12/site-packages:/home/brilliant/ros2_ws/install/nav_2d_msgs/lib/python3.12/site-packages:/home/brilliant/ros2_ws/install/nav2_common/lib/python3.12/site-packages:${PYTHONPATH} /usr/bin/cmake --install /home/brilliant/ros2_ws/build/nav_2d_utils
[352.019s] Level 1:colcon.colcon_core.environment:checking '/home/brilliant/ros2_ws/install/nav_2d_utils' for CMake config files
[352.024s] Level 1:colcon.colcon_core.shell:create_environment_hook('nav_2d_utils', 'cmake_prefix_path')
[352.025s] INFO:colcon.colcon_core.shell:Creating environment hook '/home/brilliant/ros2_ws/install/nav_2d_utils/share/nav_2d_utils/hook/cmake_prefix_path.ps1'
[352.030s] INFO:colcon.colcon_core.shell:Creating environment descriptor '/home/brilliant/ros2_ws/install/nav_2d_utils/share/nav_2d_utils/hook/cmake_prefix_path.dsv'
[352.031s] INFO:colcon.colcon_core.shell:Creating environment hook '/home/brilliant/ros2_ws/install/nav_2d_utils/share/nav_2d_utils/hook/cmake_prefix_path.sh'
[352.036s] Level 1:colcon.colcon_core.environment:checking '/home/brilliant/ros2_ws/install/nav_2d_utils/lib'
[352.036s] Level 1:colcon.colcon_core.shell:create_environment_hook('nav_2d_utils', 'ld_library_path_lib')
[352.037s] INFO:colcon.colcon_core.shell:Creating environment hook '/home/brilliant/ros2_ws/install/nav_2d_utils/share/nav_2d_utils/hook/ld_library_path_lib.ps1'
[352.039s] INFO:colcon.colcon_core.shell:Creating environment descriptor '/home/brilliant/ros2_ws/install/nav_2d_utils/share/nav_2d_utils/hook/ld_library_path_lib.dsv'
[352.043s] INFO:colcon.colcon_core.shell:Creating environment hook '/home/brilliant/ros2_ws/install/nav_2d_utils/share/nav_2d_utils/hook/ld_library_path_lib.sh'
[352.045s] Level 1:colcon.colcon_core.environment:checking '/home/brilliant/ros2_ws/install/nav_2d_utils/bin'
[352.048s] Level 1:colcon.colcon_core.environment:checking '/home/brilliant/ros2_ws/install/nav_2d_utils/lib/pkgconfig/nav_2d_utils.pc'
[352.049s] Level 1:colcon.colcon_core.environment:checking '/home/brilliant/ros2_ws/install/nav_2d_utils/lib/python3.12/site-packages'
[352.050s] Level 1:colcon.colcon_core.environment:checking '/home/brilliant/ros2_ws/install/nav_2d_utils/bin'
[352.055s] INFO:colcon.colcon_core.shell:Creating package script '/home/brilliant/ros2_ws/install/nav_2d_utils/share/nav_2d_utils/package.ps1'
[352.060s] INFO:colcon.colcon_core.shell:Creating package descriptor '/home/brilliant/ros2_ws/install/nav_2d_utils/share/nav_2d_utils/package.dsv'
[352.062s] INFO:colcon.colcon_core.shell:Creating package script '/home/brilliant/ros2_ws/install/nav_2d_utils/share/nav_2d_utils/package.sh'
[352.070s] INFO:colcon.colcon_core.shell:Creating package script '/home/brilliant/ros2_ws/install/nav_2d_utils/share/nav_2d_utils/package.bash'
[352.072s] INFO:colcon.colcon_core.shell:Creating package script '/home/brilliant/ros2_ws/install/nav_2d_utils/share/nav_2d_utils/package.zsh'
[352.073s] Level 1:colcon.colcon_core.environment:create_file_with_runtime_dependencies(/home/brilliant/ros2_ws/install/nav_2d_utils/share/colcon-core/packages/nav_2d_utils)
[352.080s] Level 1:colcon.colcon_core.environment:create_environment_scripts_only(nav_2d_utils)
[352.084s] Level 1:colcon.colcon_core.environment:checking '/home/brilliant/ros2_ws/install/nav_2d_utils' for CMake module files
[352.090s] Level 1:colcon.colcon_core.environment:checking '/home/brilliant/ros2_ws/install/nav_2d_utils' for CMake config files
[352.092s] Level 1:colcon.colcon_core.shell:create_environment_hook('nav_2d_utils', 'cmake_prefix_path')
[352.093s] INFO:colcon.colcon_core.shell:Creating environment hook '/home/brilliant/ros2_ws/install/nav_2d_utils/share/nav_2d_utils/hook/cmake_prefix_path.ps1'
[352.095s] INFO:colcon.colcon_core.shell:Creating environment descriptor '/home/brilliant/ros2_ws/install/nav_2d_utils/share/nav_2d_utils/hook/cmake_prefix_path.dsv'
[352.096s] INFO:colcon.colcon_core.shell:Creating environment hook '/home/brilliant/ros2_ws/install/nav_2d_utils/share/nav_2d_utils/hook/cmake_prefix_path.sh'
[352.100s] Level 1:colcon.colcon_core.environment:checking '/home/brilliant/ros2_ws/install/nav_2d_utils/lib'
[352.101s] Level 1:colcon.colcon_core.shell:create_environment_hook('nav_2d_utils', 'ld_library_path_lib')
[352.103s] INFO:colcon.colcon_core.shell:Creating environment hook '/home/brilliant/ros2_ws/install/nav_2d_utils/share/nav_2d_utils/hook/ld_library_path_lib.ps1'
[352.104s] INFO:colcon.colcon_core.shell:Creating environment descriptor '/home/brilliant/ros2_ws/install/nav_2d_utils/share/nav_2d_utils/hook/ld_library_path_lib.dsv'
[352.105s] INFO:colcon.colcon_core.shell:Creating environment hook '/home/brilliant/ros2_ws/install/nav_2d_utils/share/nav_2d_utils/hook/ld_library_path_lib.sh'
[352.109s] Level 1:colcon.colcon_core.environment:checking '/home/brilliant/ros2_ws/install/nav_2d_utils/bin'
[352.110s] Level 1:colcon.colcon_core.environment:checking '/home/brilliant/ros2_ws/install/nav_2d_utils/lib/pkgconfig/nav_2d_utils.pc'
[352.110s] Level 1:colcon.colcon_core.environment:checking '/home/brilliant/ros2_ws/install/nav_2d_utils/lib/python3.12/site-packages'
[352.111s] Level 1:colcon.colcon_core.environment:checking '/home/brilliant/ros2_ws/install/nav_2d_utils/bin'
[352.111s] INFO:colcon.colcon_core.shell:Creating package script '/home/brilliant/ros2_ws/install/nav_2d_utils/share/nav_2d_utils/package.ps1'
[352.116s] INFO:colcon.colcon_core.shell:Creating package descriptor '/home/brilliant/ros2_ws/install/nav_2d_utils/share/nav_2d_utils/package.dsv'
[352.120s] INFO:colcon.colcon_core.shell:Creating package script '/home/brilliant/ros2_ws/install/nav_2d_utils/share/nav_2d_utils/package.sh'
[352.122s] INFO:colcon.colcon_core.shell:Creating package script '/home/brilliant/ros2_ws/install/nav_2d_utils/share/nav_2d_utils/package.bash'
[352.123s] INFO:colcon.colcon_core.shell:Creating package script '/home/brilliant/ros2_ws/install/nav_2d_utils/share/nav_2d_utils/package.zsh'
[352.128s] Level 1:colcon.colcon_core.environment:create_file_with_runtime_dependencies(/home/brilliant/ros2_ws/install/nav_2d_utils/share/colcon-core/packages/nav_2d_utils)
[352.129s] INFO:colcon.colcon_ros.task.ament_cmake.build:Building ROS package in '/home/brilliant/ros2_ws/src/navigation2/nav2_docking/opennav_docking_core' with build type 'ament_cmake'
[352.132s] INFO:colcon.colcon_cmake.task.cmake.build:Building CMake package in '/home/brilliant/ros2_ws/src/navigation2/nav2_docking/opennav_docking_core'
[352.132s] INFO:colcon.colcon_core.shell:Skip shell extension 'powershell' for command environment: Not usable outside of PowerShell
[352.136s] DEBUG:colcon.colcon_core.shell:Skip shell extension 'dsv' for command environment
[352.220s] DEBUG:colcon.colcon_core.event_handler.log_command:Invoking command in '/home/brilliant/ros2_ws/build/opennav_docking_core': AMENT_PREFIX_PATH=/home/brilliant/ros2_ws/install/nav2_util:/home/brilliant/ros2_ws/install/nav2_msgs:/home/brilliant/ros2_ws/install/nav2_common:${AMENT_PREFIX_PATH} CMAKE_PREFIX_PATH=/home/brilliant/ros2_ws/install/nav2_util:/home/brilliant/ros2_ws/install/nav2_msgs:/home/brilliant/ros2_ws/install/nav2_common:/home/brilliant/ros2_ws/install/sllidar_ros2:/home/brilliant/ros2_ws/install/serial:/home/brilliant/ros2_ws/install/minibot:/home/brilliant/ros2_ws/install/diffdrive_arduino:/opt/ros/jazzy/opt/gz_sim_vendor:/opt/ros/jazzy/opt/gz_sensors_vendor:/opt/ros/jazzy/opt/gz_physics_vendor:/opt/ros/jazzy/opt/sdformat_vendor:/opt/ros/jazzy/opt/gz_gui_vendor:/opt/ros/jazzy/opt/gz_transport_vendor:/opt/ros/jazzy/opt/gz_rendering_vendor:/opt/ros/jazzy/opt/gz_plugin_vendor:/opt/ros/jazzy/opt/gz_fuel_tools_vendor:/opt/ros/jazzy/opt/gz_msgs_vendor:/opt/ros/jazzy/opt/gz_common_vendor:/opt/ros/jazzy/opt/gz_math_vendor:/opt/ros/jazzy/opt/gz_utils_vendor:/opt/ros/jazzy/opt/gz_tools_vendor:/opt/ros/jazzy/opt/gz_ogre_next_vendor:/opt/ros/jazzy/opt/gz_dartsim_vendor:/opt/ros/jazzy/opt/gz_cmake_vendor:/home/brilliant/ros2_ws/install/twist_stamper:/opt/ros/jazzy DEBUGINFOD_URLS=https://debuginfod.ubuntu.com LD_LIBRARY_PATH=/home/brilliant/ros2_ws/install/nav2_util/lib:/home/brilliant/ros2_ws/install/nav2_msgs/lib:${LD_LIBRARY_PATH} PYTHONPATH=/home/brilliant/ros2_ws/install/nav2_msgs/lib/python3.12/site-packages:/home/brilliant/ros2_ws/install/nav2_common/lib/python3.12/site-packages:${PYTHONPATH} /usr/bin/cmake /home/brilliant/ros2_ws/src/navigation2/nav2_docking/opennav_docking_core -DAMENT_CMAKE_SYMLINK_INSTALL=1 -DCMAKE_INSTALL_PREFIX=/home/brilliant/ros2_ws/install/opennav_docking_core
[362.994s] DEBUG:colcon.colcon_core.event_handler.log_command:Invoked command in '/home/brilliant/ros2_ws/build/opennav_docking_core' returned '0': AMENT_PREFIX_PATH=/home/brilliant/ros2_ws/install/nav2_util:/home/brilliant/ros2_ws/install/nav2_msgs:/home/brilliant/ros2_ws/install/nav2_common:${AMENT_PREFIX_PATH} CMAKE_PREFIX_PATH=/home/brilliant/ros2_ws/install/nav2_util:/home/brilliant/ros2_ws/install/nav2_msgs:/home/brilliant/ros2_ws/install/nav2_common:/home/brilliant/ros2_ws/install/sllidar_ros2:/home/brilliant/ros2_ws/install/serial:/home/brilliant/ros2_ws/install/minibot:/home/brilliant/ros2_ws/install/diffdrive_arduino:/opt/ros/jazzy/opt/gz_sim_vendor:/opt/ros/jazzy/opt/gz_sensors_vendor:/opt/ros/jazzy/opt/gz_physics_vendor:/opt/ros/jazzy/opt/sdformat_vendor:/opt/ros/jazzy/opt/gz_gui_vendor:/opt/ros/jazzy/opt/gz_transport_vendor:/opt/ros/jazzy/opt/gz_rendering_vendor:/opt/ros/jazzy/opt/gz_plugin_vendor:/opt/ros/jazzy/opt/gz_fuel_tools_vendor:/opt/ros/jazzy/opt/gz_msgs_vendor:/opt/ros/jazzy/opt/gz_common_vendor:/opt/ros/jazzy/opt/gz_math_vendor:/opt/ros/jazzy/opt/gz_utils_vendor:/opt/ros/jazzy/opt/gz_tools_vendor:/opt/ros/jazzy/opt/gz_ogre_next_vendor:/opt/ros/jazzy/opt/gz_dartsim_vendor:/opt/ros/jazzy/opt/gz_cmake_vendor:/home/brilliant/ros2_ws/install/twist_stamper:/opt/ros/jazzy DEBUGINFOD_URLS=https://debuginfod.ubuntu.com LD_LIBRARY_PATH=/home/brilliant/ros2_ws/install/nav2_util/lib:/home/brilliant/ros2_ws/install/nav2_msgs/lib:${LD_LIBRARY_PATH} PYTHONPATH=/home/brilliant/ros2_ws/install/nav2_msgs/lib/python3.12/site-packages:/home/brilliant/ros2_ws/install/nav2_common/lib/python3.12/site-packages:${PYTHONPATH} /usr/bin/cmake /home/brilliant/ros2_ws/src/navigation2/nav2_docking/opennav_docking_core -DAMENT_CMAKE_SYMLINK_INSTALL=1 -DCMAKE_INSTALL_PREFIX=/home/brilliant/ros2_ws/install/opennav_docking_core
[363.004s] DEBUG:colcon.colcon_core.event_handler.log_command:Invoking command in '/home/brilliant/ros2_ws/build/opennav_docking_core': AMENT_PREFIX_PATH=/home/brilliant/ros2_ws/install/nav2_util:/home/brilliant/ros2_ws/install/nav2_msgs:/home/brilliant/ros2_ws/install/nav2_common:${AMENT_PREFIX_PATH} CMAKE_PREFIX_PATH=/home/brilliant/ros2_ws/install/nav2_util:/home/brilliant/ros2_ws/install/nav2_msgs:/home/brilliant/ros2_ws/install/nav2_common:/home/brilliant/ros2_ws/install/sllidar_ros2:/home/brilliant/ros2_ws/install/serial:/home/brilliant/ros2_ws/install/minibot:/home/brilliant/ros2_ws/install/diffdrive_arduino:/opt/ros/jazzy/opt/gz_sim_vendor:/opt/ros/jazzy/opt/gz_sensors_vendor:/opt/ros/jazzy/opt/gz_physics_vendor:/opt/ros/jazzy/opt/sdformat_vendor:/opt/ros/jazzy/opt/gz_gui_vendor:/opt/ros/jazzy/opt/gz_transport_vendor:/opt/ros/jazzy/opt/gz_rendering_vendor:/opt/ros/jazzy/opt/gz_plugin_vendor:/opt/ros/jazzy/opt/gz_fuel_tools_vendor:/opt/ros/jazzy/opt/gz_msgs_vendor:/opt/ros/jazzy/opt/gz_common_vendor:/opt/ros/jazzy/opt/gz_math_vendor:/opt/ros/jazzy/opt/gz_utils_vendor:/opt/ros/jazzy/opt/gz_tools_vendor:/opt/ros/jazzy/opt/gz_ogre_next_vendor:/opt/ros/jazzy/opt/gz_dartsim_vendor:/opt/ros/jazzy/opt/gz_cmake_vendor:/home/brilliant/ros2_ws/install/twist_stamper:/opt/ros/jazzy DEBUGINFOD_URLS=https://debuginfod.ubuntu.com LD_LIBRARY_PATH=/home/brilliant/ros2_ws/install/nav2_util/lib:/home/brilliant/ros2_ws/install/nav2_msgs/lib:${LD_LIBRARY_PATH} PYTHONPATH=/home/brilliant/ros2_ws/install/nav2_msgs/lib/python3.12/site-packages:/home/brilliant/ros2_ws/install/nav2_common/lib/python3.12/site-packages:${PYTHONPATH} /usr/bin/cmake --build /home/brilliant/ros2_ws/build/opennav_docking_core -- -j4 -l4
[363.312s] DEBUG:colcon.colcon_core.event_handler.log_command:Invoked command in '/home/brilliant/ros2_ws/build/opennav_docking_core' returned '0': AMENT_PREFIX_PATH=/home/brilliant/ros2_ws/install/nav2_util:/home/brilliant/ros2_ws/install/nav2_msgs:/home/brilliant/ros2_ws/install/nav2_common:${AMENT_PREFIX_PATH} CMAKE_PREFIX_PATH=/home/brilliant/ros2_ws/install/nav2_util:/home/brilliant/ros2_ws/install/nav2_msgs:/home/brilliant/ros2_ws/install/nav2_common:/home/brilliant/ros2_ws/install/sllidar_ros2:/home/brilliant/ros2_ws/install/serial:/home/brilliant/ros2_ws/install/minibot:/home/brilliant/ros2_ws/install/diffdrive_arduino:/opt/ros/jazzy/opt/gz_sim_vendor:/opt/ros/jazzy/opt/gz_sensors_vendor:/opt/ros/jazzy/opt/gz_physics_vendor:/opt/ros/jazzy/opt/sdformat_vendor:/opt/ros/jazzy/opt/gz_gui_vendor:/opt/ros/jazzy/opt/gz_transport_vendor:/opt/ros/jazzy/opt/gz_rendering_vendor:/opt/ros/jazzy/opt/gz_plugin_vendor:/opt/ros/jazzy/opt/gz_fuel_tools_vendor:/opt/ros/jazzy/opt/gz_msgs_vendor:/opt/ros/jazzy/opt/gz_common_vendor:/opt/ros/jazzy/opt/gz_math_vendor:/opt/ros/jazzy/opt/gz_utils_vendor:/opt/ros/jazzy/opt/gz_tools_vendor:/opt/ros/jazzy/opt/gz_ogre_next_vendor:/opt/ros/jazzy/opt/gz_dartsim_vendor:/opt/ros/jazzy/opt/gz_cmake_vendor:/home/brilliant/ros2_ws/install/twist_stamper:/opt/ros/jazzy DEBUGINFOD_URLS=https://debuginfod.ubuntu.com LD_LIBRARY_PATH=/home/brilliant/ros2_ws/install/nav2_util/lib:/home/brilliant/ros2_ws/install/nav2_msgs/lib:${LD_LIBRARY_PATH} PYTHONPATH=/home/brilliant/ros2_ws/install/nav2_msgs/lib/python3.12/site-packages:/home/brilliant/ros2_ws/install/nav2_common/lib/python3.12/site-packages:${PYTHONPATH} /usr/bin/cmake --build /home/brilliant/ros2_ws/build/opennav_docking_core -- -j4 -l4
[363.313s] DEBUG:colcon.colcon_core.event_handler.log_command:Invoking command in '/home/brilliant/ros2_ws/build/opennav_docking_core': AMENT_PREFIX_PATH=/home/brilliant/ros2_ws/install/nav2_util:/home/brilliant/ros2_ws/install/nav2_msgs:/home/brilliant/ros2_ws/install/nav2_common:${AMENT_PREFIX_PATH} CMAKE_PREFIX_PATH=/home/brilliant/ros2_ws/install/nav2_util:/home/brilliant/ros2_ws/install/nav2_msgs:/home/brilliant/ros2_ws/install/nav2_common:/home/brilliant/ros2_ws/install/sllidar_ros2:/home/brilliant/ros2_ws/install/serial:/home/brilliant/ros2_ws/install/minibot:/home/brilliant/ros2_ws/install/diffdrive_arduino:/opt/ros/jazzy/opt/gz_sim_vendor:/opt/ros/jazzy/opt/gz_sensors_vendor:/opt/ros/jazzy/opt/gz_physics_vendor:/opt/ros/jazzy/opt/sdformat_vendor:/opt/ros/jazzy/opt/gz_gui_vendor:/opt/ros/jazzy/opt/gz_transport_vendor:/opt/ros/jazzy/opt/gz_rendering_vendor:/opt/ros/jazzy/opt/gz_plugin_vendor:/opt/ros/jazzy/opt/gz_fuel_tools_vendor:/opt/ros/jazzy/opt/gz_msgs_vendor:/opt/ros/jazzy/opt/gz_common_vendor:/opt/ros/jazzy/opt/gz_math_vendor:/opt/ros/jazzy/opt/gz_utils_vendor:/opt/ros/jazzy/opt/gz_tools_vendor:/opt/ros/jazzy/opt/gz_ogre_next_vendor:/opt/ros/jazzy/opt/gz_dartsim_vendor:/opt/ros/jazzy/opt/gz_cmake_vendor:/home/brilliant/ros2_ws/install/twist_stamper:/opt/ros/jazzy DEBUGINFOD_URLS=https://debuginfod.ubuntu.com LD_LIBRARY_PATH=/home/brilliant/ros2_ws/install/nav2_util/lib:/home/brilliant/ros2_ws/install/nav2_msgs/lib:${LD_LIBRARY_PATH} PYTHONPATH=/home/brilliant/ros2_ws/install/nav2_msgs/lib/python3.12/site-packages:/home/brilliant/ros2_ws/install/nav2_common/lib/python3.12/site-packages:${PYTHONPATH} /usr/bin/cmake --install /home/brilliant/ros2_ws/build/opennav_docking_core
[364.574s] Level 1:colcon.colcon_core.environment:create_environment_scripts_only(opennav_docking_core)
[364.577s] Level 1:colcon.colcon_core.environment:checking '/home/brilliant/ros2_ws/install/opennav_docking_core' for CMake module files
[364.575s] DEBUG:colcon.colcon_core.event_handler.log_command:Invoked command in '/home/brilliant/ros2_ws/build/opennav_docking_core' returned '0': AMENT_PREFIX_PATH=/home/brilliant/ros2_ws/install/nav2_util:/home/brilliant/ros2_ws/install/nav2_msgs:/home/brilliant/ros2_ws/install/nav2_common:${AMENT_PREFIX_PATH} CMAKE_PREFIX_PATH=/home/brilliant/ros2_ws/install/nav2_util:/home/brilliant/ros2_ws/install/nav2_msgs:/home/brilliant/ros2_ws/install/nav2_common:/home/brilliant/ros2_ws/install/sllidar_ros2:/home/brilliant/ros2_ws/install/serial:/home/brilliant/ros2_ws/install/minibot:/home/brilliant/ros2_ws/install/diffdrive_arduino:/opt/ros/jazzy/opt/gz_sim_vendor:/opt/ros/jazzy/opt/gz_sensors_vendor:/opt/ros/jazzy/opt/gz_physics_vendor:/opt/ros/jazzy/opt/sdformat_vendor:/opt/ros/jazzy/opt/gz_gui_vendor:/opt/ros/jazzy/opt/gz_transport_vendor:/opt/ros/jazzy/opt/gz_rendering_vendor:/opt/ros/jazzy/opt/gz_plugin_vendor:/opt/ros/jazzy/opt/gz_fuel_tools_vendor:/opt/ros/jazzy/opt/gz_msgs_vendor:/opt/ros/jazzy/opt/gz_common_vendor:/opt/ros/jazzy/opt/gz_math_vendor:/opt/ros/jazzy/opt/gz_utils_vendor:/opt/ros/jazzy/opt/gz_tools_vendor:/opt/ros/jazzy/opt/gz_ogre_next_vendor:/opt/ros/jazzy/opt/gz_dartsim_vendor:/opt/ros/jazzy/opt/gz_cmake_vendor:/home/brilliant/ros2_ws/install/twist_stamper:/opt/ros/jazzy DEBUGINFOD_URLS=https://debuginfod.ubuntu.com LD_LIBRARY_PATH=/home/brilliant/ros2_ws/install/nav2_util/lib:/home/brilliant/ros2_ws/install/nav2_msgs/lib:${LD_LIBRARY_PATH} PYTHONPATH=/home/brilliant/ros2_ws/install/nav2_msgs/lib/python3.12/site-packages:/home/brilliant/ros2_ws/install/nav2_common/lib/python3.12/site-packages:${PYTHONPATH} /usr/bin/cmake --install /home/brilliant/ros2_ws/build/opennav_docking_core
[364.579s] Level 1:colcon.colcon_core.environment:checking '/home/brilliant/ros2_ws/install/opennav_docking_core' for CMake config files
[364.581s] Level 1:colcon.colcon_core.shell:create_environment_hook('opennav_docking_core', 'cmake_prefix_path')
[364.582s] INFO:colcon.colcon_core.shell:Creating environment hook '/home/brilliant/ros2_ws/install/opennav_docking_core/share/opennav_docking_core/hook/cmake_prefix_path.ps1'
[364.584s] INFO:colcon.colcon_core.shell:Creating environment descriptor '/home/brilliant/ros2_ws/install/opennav_docking_core/share/opennav_docking_core/hook/cmake_prefix_path.dsv'
[364.585s] INFO:colcon.colcon_core.shell:Creating environment hook '/home/brilliant/ros2_ws/install/opennav_docking_core/share/opennav_docking_core/hook/cmake_prefix_path.sh'
[364.588s] Level 1:colcon.colcon_core.environment:checking '/home/brilliant/ros2_ws/install/opennav_docking_core/bin'
[364.594s] Level 1:colcon.colcon_core.environment:checking '/home/brilliant/ros2_ws/install/opennav_docking_core/lib/pkgconfig/opennav_docking_core.pc'
[364.595s] Level 1:colcon.colcon_core.environment:checking '/home/brilliant/ros2_ws/install/opennav_docking_core/lib/python3.12/site-packages'
[364.596s] Level 1:colcon.colcon_core.environment:checking '/home/brilliant/ros2_ws/install/opennav_docking_core/bin'
[364.601s] INFO:colcon.colcon_core.shell:Creating package script '/home/brilliant/ros2_ws/install/opennav_docking_core/share/opennav_docking_core/package.ps1'
[364.602s] INFO:colcon.colcon_core.shell:Creating package descriptor '/home/brilliant/ros2_ws/install/opennav_docking_core/share/opennav_docking_core/package.dsv'
[364.603s] INFO:colcon.colcon_core.shell:Creating package script '/home/brilliant/ros2_ws/install/opennav_docking_core/share/opennav_docking_core/package.sh'
[364.608s] INFO:colcon.colcon_core.shell:Creating package script '/home/brilliant/ros2_ws/install/opennav_docking_core/share/opennav_docking_core/package.bash'
[364.609s] INFO:colcon.colcon_core.shell:Creating package script '/home/brilliant/ros2_ws/install/opennav_docking_core/share/opennav_docking_core/package.zsh'
[364.613s] Level 1:colcon.colcon_core.environment:create_file_with_runtime_dependencies(/home/brilliant/ros2_ws/install/opennav_docking_core/share/colcon-core/packages/opennav_docking_core)
[364.615s] Level 1:colcon.colcon_core.environment:create_environment_scripts_only(opennav_docking_core)
[364.615s] Level 1:colcon.colcon_core.environment:checking '/home/brilliant/ros2_ws/install/opennav_docking_core' for CMake module files
[364.620s] Level 1:colcon.colcon_core.environment:checking '/home/brilliant/ros2_ws/install/opennav_docking_core' for CMake config files
[364.624s] Level 1:colcon.colcon_core.shell:create_environment_hook('opennav_docking_core', 'cmake_prefix_path')
[364.625s] INFO:colcon.colcon_core.shell:Creating environment hook '/home/brilliant/ros2_ws/install/opennav_docking_core/share/opennav_docking_core/hook/cmake_prefix_path.ps1'
[364.628s] INFO:colcon.colcon_core.shell:Creating environment descriptor '/home/brilliant/ros2_ws/install/opennav_docking_core/share/opennav_docking_core/hook/cmake_prefix_path.dsv'
[364.630s] INFO:colcon.colcon_core.shell:Creating environment hook '/home/brilliant/ros2_ws/install/opennav_docking_core/share/opennav_docking_core/hook/cmake_prefix_path.sh'
[364.634s] Level 1:colcon.colcon_core.environment:checking '/home/brilliant/ros2_ws/install/opennav_docking_core/bin'
[364.634s] Level 1:colcon.colcon_core.environment:checking '/home/brilliant/ros2_ws/install/opennav_docking_core/lib/pkgconfig/opennav_docking_core.pc'
[364.635s] Level 1:colcon.colcon_core.environment:checking '/home/brilliant/ros2_ws/install/opennav_docking_core/lib/python3.12/site-packages'
[364.636s] Level 1:colcon.colcon_core.environment:checking '/home/brilliant/ros2_ws/install/opennav_docking_core/bin'
[364.637s] INFO:colcon.colcon_core.shell:Creating package script '/home/brilliant/ros2_ws/install/opennav_docking_core/share/opennav_docking_core/package.ps1'
[364.641s] INFO:colcon.colcon_core.shell:Creating package descriptor '/home/brilliant/ros2_ws/install/opennav_docking_core/share/opennav_docking_core/package.dsv'
[364.646s] INFO:colcon.colcon_core.shell:Creating package script '/home/brilliant/ros2_ws/install/opennav_docking_core/share/opennav_docking_core/package.sh'
[364.652s] INFO:colcon.colcon_core.shell:Creating package script '/home/brilliant/ros2_ws/install/opennav_docking_core/share/opennav_docking_core/package.bash'
[364.656s] INFO:colcon.colcon_core.shell:Creating package script '/home/brilliant/ros2_ws/install/opennav_docking_core/share/opennav_docking_core/package.zsh'
[364.660s] Level 1:colcon.colcon_core.environment:create_file_with_runtime_dependencies(/home/brilliant/ros2_ws/install/opennav_docking_core/share/colcon-core/packages/opennav_docking_core)
[364.668s] INFO:colcon.colcon_ros.task.ament_cmake.build:Building ROS package in '/home/brilliant/ros2_ws/src/navigation2/nav2_amcl' with build type 'ament_cmake'
[364.669s] INFO:colcon.colcon_cmake.task.cmake.build:Building CMake package in '/home/brilliant/ros2_ws/src/navigation2/nav2_amcl'
[364.669s] INFO:colcon.colcon_core.shell:Skip shell extension 'powershell' for command environment: Not usable outside of PowerShell
[364.670s] DEBUG:colcon.colcon_core.shell:Skip shell extension 'dsv' for command environment
[364.778s] DEBUG:colcon.colcon_core.event_handler.log_command:Invoking command in '/home/brilliant/ros2_ws/build/nav2_amcl': AMENT_PREFIX_PATH=/home/brilliant/ros2_ws/install/nav2_util:/home/brilliant/ros2_ws/install/nav2_msgs:/home/brilliant/ros2_ws/install/nav2_common:${AMENT_PREFIX_PATH} CMAKE_PREFIX_PATH=/home/brilliant/ros2_ws/install/nav2_util:/home/brilliant/ros2_ws/install/nav2_msgs:/home/brilliant/ros2_ws/install/nav2_common:/home/brilliant/ros2_ws/install/sllidar_ros2:/home/brilliant/ros2_ws/install/serial:/home/brilliant/ros2_ws/install/minibot:/home/brilliant/ros2_ws/install/diffdrive_arduino:/opt/ros/jazzy/opt/gz_sim_vendor:/opt/ros/jazzy/opt/gz_sensors_vendor:/opt/ros/jazzy/opt/gz_physics_vendor:/opt/ros/jazzy/opt/sdformat_vendor:/opt/ros/jazzy/opt/gz_gui_vendor:/opt/ros/jazzy/opt/gz_transport_vendor:/opt/ros/jazzy/opt/gz_rendering_vendor:/opt/ros/jazzy/opt/gz_plugin_vendor:/opt/ros/jazzy/opt/gz_fuel_tools_vendor:/opt/ros/jazzy/opt/gz_msgs_vendor:/opt/ros/jazzy/opt/gz_common_vendor:/opt/ros/jazzy/opt/gz_math_vendor:/opt/ros/jazzy/opt/gz_utils_vendor:/opt/ros/jazzy/opt/gz_tools_vendor:/opt/ros/jazzy/opt/gz_ogre_next_vendor:/opt/ros/jazzy/opt/gz_dartsim_vendor:/opt/ros/jazzy/opt/gz_cmake_vendor:/home/brilliant/ros2_ws/install/twist_stamper:/opt/ros/jazzy DEBUGINFOD_URLS=https://debuginfod.ubuntu.com LD_LIBRARY_PATH=/home/brilliant/ros2_ws/install/nav2_util/lib:/home/brilliant/ros2_ws/install/nav2_msgs/lib:${LD_LIBRARY_PATH} PYTHONPATH=/home/brilliant/ros2_ws/install/nav2_msgs/lib/python3.12/site-packages:/home/brilliant/ros2_ws/install/nav2_common/lib/python3.12/site-packages:${PYTHONPATH} /usr/bin/cmake /home/brilliant/ros2_ws/src/navigation2/nav2_amcl -DAMENT_CMAKE_SYMLINK_INSTALL=1 -DCMAKE_INSTALL_PREFIX=/home/brilliant/ros2_ws/install/nav2_amcl
[371.615s] DEBUG:colcon.colcon_core.event_handler.log_command:Invoked command in '/home/brilliant/ros2_ws/build/nav2_lifecycle_manager' returned '0': AMENT_PREFIX_PATH=/home/brilliant/ros2_ws/install/nav2_util:/home/brilliant/ros2_ws/install/nav2_msgs:/home/brilliant/ros2_ws/install/nav2_common:${AMENT_PREFIX_PATH} CMAKE_PREFIX_PATH=/home/brilliant/ros2_ws/install/nav2_util:/home/brilliant/ros2_ws/install/nav2_msgs:/home/brilliant/ros2_ws/install/nav2_common:/home/brilliant/ros2_ws/install/sllidar_ros2:/home/brilliant/ros2_ws/install/serial:/home/brilliant/ros2_ws/install/minibot:/home/brilliant/ros2_ws/install/diffdrive_arduino:/opt/ros/jazzy/opt/gz_sim_vendor:/opt/ros/jazzy/opt/gz_sensors_vendor:/opt/ros/jazzy/opt/gz_physics_vendor:/opt/ros/jazzy/opt/sdformat_vendor:/opt/ros/jazzy/opt/gz_gui_vendor:/opt/ros/jazzy/opt/gz_transport_vendor:/opt/ros/jazzy/opt/gz_rendering_vendor:/opt/ros/jazzy/opt/gz_plugin_vendor:/opt/ros/jazzy/opt/gz_fuel_tools_vendor:/opt/ros/jazzy/opt/gz_msgs_vendor:/opt/ros/jazzy/opt/gz_common_vendor:/opt/ros/jazzy/opt/gz_math_vendor:/opt/ros/jazzy/opt/gz_utils_vendor:/opt/ros/jazzy/opt/gz_tools_vendor:/opt/ros/jazzy/opt/gz_ogre_next_vendor:/opt/ros/jazzy/opt/gz_dartsim_vendor:/opt/ros/jazzy/opt/gz_cmake_vendor:/home/brilliant/ros2_ws/install/twist_stamper:/opt/ros/jazzy DEBUGINFOD_URLS=https://debuginfod.ubuntu.com LD_LIBRARY_PATH=/home/brilliant/ros2_ws/install/nav2_util/lib:/home/brilliant/ros2_ws/install/nav2_msgs/lib:${LD_LIBRARY_PATH} PYTHONPATH=/home/brilliant/ros2_ws/install/nav2_msgs/lib/python3.12/site-packages:/home/brilliant/ros2_ws/install/nav2_common/lib/python3.12/site-packages:${PYTHONPATH} /usr/bin/cmake --build /home/brilliant/ros2_ws/build/nav2_lifecycle_manager -- -j4 -l4
[371.621s] DEBUG:colcon.colcon_core.event_handler.log_command:Invoking command in '/home/brilliant/ros2_ws/build/nav2_lifecycle_manager': AMENT_PREFIX_PATH=/home/brilliant/ros2_ws/install/nav2_util:/home/brilliant/ros2_ws/install/nav2_msgs:/home/brilliant/ros2_ws/install/nav2_common:${AMENT_PREFIX_PATH} CMAKE_PREFIX_PATH=/home/brilliant/ros2_ws/install/nav2_util:/home/brilliant/ros2_ws/install/nav2_msgs:/home/brilliant/ros2_ws/install/nav2_common:/home/brilliant/ros2_ws/install/sllidar_ros2:/home/brilliant/ros2_ws/install/serial:/home/brilliant/ros2_ws/install/minibot:/home/brilliant/ros2_ws/install/diffdrive_arduino:/opt/ros/jazzy/opt/gz_sim_vendor:/opt/ros/jazzy/opt/gz_sensors_vendor:/opt/ros/jazzy/opt/gz_physics_vendor:/opt/ros/jazzy/opt/sdformat_vendor:/opt/ros/jazzy/opt/gz_gui_vendor:/opt/ros/jazzy/opt/gz_transport_vendor:/opt/ros/jazzy/opt/gz_rendering_vendor:/opt/ros/jazzy/opt/gz_plugin_vendor:/opt/ros/jazzy/opt/gz_fuel_tools_vendor:/opt/ros/jazzy/opt/gz_msgs_vendor:/opt/ros/jazzy/opt/gz_common_vendor:/opt/ros/jazzy/opt/gz_math_vendor:/opt/ros/jazzy/opt/gz_utils_vendor:/opt/ros/jazzy/opt/gz_tools_vendor:/opt/ros/jazzy/opt/gz_ogre_next_vendor:/opt/ros/jazzy/opt/gz_dartsim_vendor:/opt/ros/jazzy/opt/gz_cmake_vendor:/home/brilliant/ros2_ws/install/twist_stamper:/opt/ros/jazzy DEBUGINFOD_URLS=https://debuginfod.ubuntu.com LD_LIBRARY_PATH=/home/brilliant/ros2_ws/install/nav2_util/lib:/home/brilliant/ros2_ws/install/nav2_msgs/lib:${LD_LIBRARY_PATH} PYTHONPATH=/home/brilliant/ros2_ws/install/nav2_msgs/lib/python3.12/site-packages:/home/brilliant/ros2_ws/install/nav2_common/lib/python3.12/site-packages:${PYTHONPATH} /usr/bin/cmake --install /home/brilliant/ros2_ws/build/nav2_lifecycle_manager
[372.685s] Level 1:colcon.colcon_core.environment:create_environment_scripts_only(nav2_lifecycle_manager)
[372.686s] Level 1:colcon.colcon_core.environment:checking '/home/brilliant/ros2_ws/install/nav2_lifecycle_manager' for CMake module files
[372.687s] Level 1:colcon.colcon_core.environment:checking '/home/brilliant/ros2_ws/install/nav2_lifecycle_manager' for CMake config files
[372.699s] DEBUG:colcon.colcon_core.event_handler.log_command:Invoked command in '/home/brilliant/ros2_ws/build/nav2_lifecycle_manager' returned '0': AMENT_PREFIX_PATH=/home/brilliant/ros2_ws/install/nav2_util:/home/brilliant/ros2_ws/install/nav2_msgs:/home/brilliant/ros2_ws/install/nav2_common:${AMENT_PREFIX_PATH} CMAKE_PREFIX_PATH=/home/brilliant/ros2_ws/install/nav2_util:/home/brilliant/ros2_ws/install/nav2_msgs:/home/brilliant/ros2_ws/install/nav2_common:/home/brilliant/ros2_ws/install/sllidar_ros2:/home/brilliant/ros2_ws/install/serial:/home/brilliant/ros2_ws/install/minibot:/home/brilliant/ros2_ws/install/diffdrive_arduino:/opt/ros/jazzy/opt/gz_sim_vendor:/opt/ros/jazzy/opt/gz_sensors_vendor:/opt/ros/jazzy/opt/gz_physics_vendor:/opt/ros/jazzy/opt/sdformat_vendor:/opt/ros/jazzy/opt/gz_gui_vendor:/opt/ros/jazzy/opt/gz_transport_vendor:/opt/ros/jazzy/opt/gz_rendering_vendor:/opt/ros/jazzy/opt/gz_plugin_vendor:/opt/ros/jazzy/opt/gz_fuel_tools_vendor:/opt/ros/jazzy/opt/gz_msgs_vendor:/opt/ros/jazzy/opt/gz_common_vendor:/opt/ros/jazzy/opt/gz_math_vendor:/opt/ros/jazzy/opt/gz_utils_vendor:/opt/ros/jazzy/opt/gz_tools_vendor:/opt/ros/jazzy/opt/gz_ogre_next_vendor:/opt/ros/jazzy/opt/gz_dartsim_vendor:/opt/ros/jazzy/opt/gz_cmake_vendor:/home/brilliant/ros2_ws/install/twist_stamper:/opt/ros/jazzy DEBUGINFOD_URLS=https://debuginfod.ubuntu.com LD_LIBRARY_PATH=/home/brilliant/ros2_ws/install/nav2_util/lib:/home/brilliant/ros2_ws/install/nav2_msgs/lib:${LD_LIBRARY_PATH} PYTHONPATH=/home/brilliant/ros2_ws/install/nav2_msgs/lib/python3.12/site-packages:/home/brilliant/ros2_ws/install/nav2_common/lib/python3.12/site-packages:${PYTHONPATH} /usr/bin/cmake --install /home/brilliant/ros2_ws/build/nav2_lifecycle_manager
[372.700s] Level 1:colcon.colcon_core.shell:create_environment_hook('nav2_lifecycle_manager', 'cmake_prefix_path')
[372.701s] INFO:colcon.colcon_core.shell:Creating environment hook '/home/brilliant/ros2_ws/install/nav2_lifecycle_manager/share/nav2_lifecycle_manager/hook/cmake_prefix_path.ps1'
[372.702s] INFO:colcon.colcon_core.shell:Creating environment descriptor '/home/brilliant/ros2_ws/install/nav2_lifecycle_manager/share/nav2_lifecycle_manager/hook/cmake_prefix_path.dsv'
[372.702s] INFO:colcon.colcon_core.shell:Creating environment hook '/home/brilliant/ros2_ws/install/nav2_lifecycle_manager/share/nav2_lifecycle_manager/hook/cmake_prefix_path.sh'
[372.713s] Level 1:colcon.colcon_core.environment:checking '/home/brilliant/ros2_ws/install/nav2_lifecycle_manager/lib'
[372.716s] Level 1:colcon.colcon_core.shell:create_environment_hook('nav2_lifecycle_manager', 'ld_library_path_lib')
[372.717s] INFO:colcon.colcon_core.shell:Creating environment hook '/home/brilliant/ros2_ws/install/nav2_lifecycle_manager/share/nav2_lifecycle_manager/hook/ld_library_path_lib.ps1'
[372.718s] INFO:colcon.colcon_core.shell:Creating environment descriptor '/home/brilliant/ros2_ws/install/nav2_lifecycle_manager/share/nav2_lifecycle_manager/hook/ld_library_path_lib.dsv'
[372.718s] INFO:colcon.colcon_core.shell:Creating environment hook '/home/brilliant/ros2_ws/install/nav2_lifecycle_manager/share/nav2_lifecycle_manager/hook/ld_library_path_lib.sh'
[372.719s] Level 1:colcon.colcon_core.environment:checking '/home/brilliant/ros2_ws/install/nav2_lifecycle_manager/bin'
[372.722s] Level 1:colcon.colcon_core.environment:checking '/home/brilliant/ros2_ws/install/nav2_lifecycle_manager/lib/pkgconfig/nav2_lifecycle_manager.pc'
[372.724s] Level 1:colcon.colcon_core.environment:checking '/home/brilliant/ros2_ws/install/nav2_lifecycle_manager/lib/python3.12/site-packages'
[372.729s] Level 1:colcon.colcon_core.environment:checking '/home/brilliant/ros2_ws/install/nav2_lifecycle_manager/bin'
[372.730s] INFO:colcon.colcon_core.shell:Creating package script '/home/brilliant/ros2_ws/install/nav2_lifecycle_manager/share/nav2_lifecycle_manager/package.ps1'
[372.732s] INFO:colcon.colcon_core.shell:Creating package descriptor '/home/brilliant/ros2_ws/install/nav2_lifecycle_manager/share/nav2_lifecycle_manager/package.dsv'
[372.735s] INFO:colcon.colcon_core.shell:Creating package script '/home/brilliant/ros2_ws/install/nav2_lifecycle_manager/share/nav2_lifecycle_manager/package.sh'
[372.741s] INFO:colcon.colcon_core.shell:Creating package script '/home/brilliant/ros2_ws/install/nav2_lifecycle_manager/share/nav2_lifecycle_manager/package.bash'
[372.742s] INFO:colcon.colcon_core.shell:Creating package script '/home/brilliant/ros2_ws/install/nav2_lifecycle_manager/share/nav2_lifecycle_manager/package.zsh'
[372.747s] Level 1:colcon.colcon_core.environment:create_file_with_runtime_dependencies(/home/brilliant/ros2_ws/install/nav2_lifecycle_manager/share/colcon-core/packages/nav2_lifecycle_manager)
[372.748s] Level 1:colcon.colcon_core.environment:create_environment_scripts_only(nav2_lifecycle_manager)
[372.749s] Level 1:colcon.colcon_core.environment:checking '/home/brilliant/ros2_ws/install/nav2_lifecycle_manager' for CMake module files
[372.753s] Level 1:colcon.colcon_core.environment:checking '/home/brilliant/ros2_ws/install/nav2_lifecycle_manager' for CMake config files
[372.754s] Level 1:colcon.colcon_core.shell:create_environment_hook('nav2_lifecycle_manager', 'cmake_prefix_path')
[372.754s] INFO:colcon.colcon_core.shell:Creating environment hook '/home/brilliant/ros2_ws/install/nav2_lifecycle_manager/share/nav2_lifecycle_manager/hook/cmake_prefix_path.ps1'
[372.759s] INFO:colcon.colcon_core.shell:Creating environment descriptor '/home/brilliant/ros2_ws/install/nav2_lifecycle_manager/share/nav2_lifecycle_manager/hook/cmake_prefix_path.dsv'
[372.761s] INFO:colcon.colcon_core.shell:Creating environment hook '/home/brilliant/ros2_ws/install/nav2_lifecycle_manager/share/nav2_lifecycle_manager/hook/cmake_prefix_path.sh'
[372.763s] Level 1:colcon.colcon_core.environment:checking '/home/brilliant/ros2_ws/install/nav2_lifecycle_manager/lib'
[372.766s] Level 1:colcon.colcon_core.shell:create_environment_hook('nav2_lifecycle_manager', 'ld_library_path_lib')
[372.766s] INFO:colcon.colcon_core.shell:Creating environment hook '/home/brilliant/ros2_ws/install/nav2_lifecycle_manager/share/nav2_lifecycle_manager/hook/ld_library_path_lib.ps1'
[372.767s] INFO:colcon.colcon_core.shell:Creating environment descriptor '/home/brilliant/ros2_ws/install/nav2_lifecycle_manager/share/nav2_lifecycle_manager/hook/ld_library_path_lib.dsv'
[372.773s] INFO:colcon.colcon_core.shell:Creating environment hook '/home/brilliant/ros2_ws/install/nav2_lifecycle_manager/share/nav2_lifecycle_manager/hook/ld_library_path_lib.sh'
[372.775s] Level 1:colcon.colcon_core.environment:checking '/home/brilliant/ros2_ws/install/nav2_lifecycle_manager/bin'
[372.776s] Level 1:colcon.colcon_core.environment:checking '/home/brilliant/ros2_ws/install/nav2_lifecycle_manager/lib/pkgconfig/nav2_lifecycle_manager.pc'
[372.777s] Level 1:colcon.colcon_core.environment:checking '/home/brilliant/ros2_ws/install/nav2_lifecycle_manager/lib/python3.12/site-packages'
[372.778s] Level 1:colcon.colcon_core.environment:checking '/home/brilliant/ros2_ws/install/nav2_lifecycle_manager/bin'
[372.779s] INFO:colcon.colcon_core.shell:Creating package script '/home/brilliant/ros2_ws/install/nav2_lifecycle_manager/share/nav2_lifecycle_manager/package.ps1'
[372.783s] INFO:colcon.colcon_core.shell:Creating package descriptor '/home/brilliant/ros2_ws/install/nav2_lifecycle_manager/share/nav2_lifecycle_manager/package.dsv'
[372.788s] INFO:colcon.colcon_core.shell:Creating package script '/home/brilliant/ros2_ws/install/nav2_lifecycle_manager/share/nav2_lifecycle_manager/package.sh'
[372.789s] INFO:colcon.colcon_core.shell:Creating package script '/home/brilliant/ros2_ws/install/nav2_lifecycle_manager/share/nav2_lifecycle_manager/package.bash'
[372.792s] INFO:colcon.colcon_core.shell:Creating package script '/home/brilliant/ros2_ws/install/nav2_lifecycle_manager/share/nav2_lifecycle_manager/package.zsh'
[372.794s] Level 1:colcon.colcon_core.environment:create_file_with_runtime_dependencies(/home/brilliant/ros2_ws/install/nav2_lifecycle_manager/share/colcon-core/packages/nav2_lifecycle_manager)
[372.800s] INFO:colcon.colcon_ros.task.ament_cmake.build:Building ROS package in '/home/brilliant/ros2_ws/src/navigation2/nav2_velocity_smoother' with build type 'ament_cmake'
[372.800s] INFO:colcon.colcon_cmake.task.cmake.build:Building CMake package in '/home/brilliant/ros2_ws/src/navigation2/nav2_velocity_smoother'
[372.801s] INFO:colcon.colcon_core.shell:Skip shell extension 'powershell' for command environment: Not usable outside of PowerShell
[372.801s] DEBUG:colcon.colcon_core.shell:Skip shell extension 'dsv' for command environment
[372.920s] DEBUG:colcon.colcon_core.event_handler.log_command:Invoking command in '/home/brilliant/ros2_ws/build/nav2_velocity_smoother': AMENT_PREFIX_PATH=/home/brilliant/ros2_ws/install/nav2_util:/home/brilliant/ros2_ws/install/nav2_msgs:/home/brilliant/ros2_ws/install/nav2_common:${AMENT_PREFIX_PATH} CMAKE_PREFIX_PATH=/home/brilliant/ros2_ws/install/nav2_util:/home/brilliant/ros2_ws/install/nav2_msgs:/home/brilliant/ros2_ws/install/nav2_common:/home/brilliant/ros2_ws/install/sllidar_ros2:/home/brilliant/ros2_ws/install/serial:/home/brilliant/ros2_ws/install/minibot:/home/brilliant/ros2_ws/install/diffdrive_arduino:/opt/ros/jazzy/opt/gz_sim_vendor:/opt/ros/jazzy/opt/gz_sensors_vendor:/opt/ros/jazzy/opt/gz_physics_vendor:/opt/ros/jazzy/opt/sdformat_vendor:/opt/ros/jazzy/opt/gz_gui_vendor:/opt/ros/jazzy/opt/gz_transport_vendor:/opt/ros/jazzy/opt/gz_rendering_vendor:/opt/ros/jazzy/opt/gz_plugin_vendor:/opt/ros/jazzy/opt/gz_fuel_tools_vendor:/opt/ros/jazzy/opt/gz_msgs_vendor:/opt/ros/jazzy/opt/gz_common_vendor:/opt/ros/jazzy/opt/gz_math_vendor:/opt/ros/jazzy/opt/gz_utils_vendor:/opt/ros/jazzy/opt/gz_tools_vendor:/opt/ros/jazzy/opt/gz_ogre_next_vendor:/opt/ros/jazzy/opt/gz_dartsim_vendor:/opt/ros/jazzy/opt/gz_cmake_vendor:/home/brilliant/ros2_ws/install/twist_stamper:/opt/ros/jazzy DEBUGINFOD_URLS=https://debuginfod.ubuntu.com LD_LIBRARY_PATH=/home/brilliant/ros2_ws/install/nav2_util/lib:/home/brilliant/ros2_ws/install/nav2_msgs/lib:${LD_LIBRARY_PATH} PYTHONPATH=/home/brilliant/ros2_ws/install/nav2_msgs/lib/python3.12/site-packages:/home/brilliant/ros2_ws/install/nav2_common/lib/python3.12/site-packages:${PYTHONPATH} /usr/bin/cmake /home/brilliant/ros2_ws/src/navigation2/nav2_velocity_smoother -DAMENT_CMAKE_SYMLINK_INSTALL=1 -DCMAKE_INSTALL_PREFIX=/home/brilliant/ros2_ws/install/nav2_velocity_smoother
[373.876s] DEBUG:colcon.colcon_core.event_handler.log_command:Invoked command in '/home/brilliant/ros2_ws/build/nav2_amcl' returned '0': AMENT_PREFIX_PATH=/home/brilliant/ros2_ws/install/nav2_util:/home/brilliant/ros2_ws/install/nav2_msgs:/home/brilliant/ros2_ws/install/nav2_common:${AMENT_PREFIX_PATH} CMAKE_PREFIX_PATH=/home/brilliant/ros2_ws/install/nav2_util:/home/brilliant/ros2_ws/install/nav2_msgs:/home/brilliant/ros2_ws/install/nav2_common:/home/brilliant/ros2_ws/install/sllidar_ros2:/home/brilliant/ros2_ws/install/serial:/home/brilliant/ros2_ws/install/minibot:/home/brilliant/ros2_ws/install/diffdrive_arduino:/opt/ros/jazzy/opt/gz_sim_vendor:/opt/ros/jazzy/opt/gz_sensors_vendor:/opt/ros/jazzy/opt/gz_physics_vendor:/opt/ros/jazzy/opt/sdformat_vendor:/opt/ros/jazzy/opt/gz_gui_vendor:/opt/ros/jazzy/opt/gz_transport_vendor:/opt/ros/jazzy/opt/gz_rendering_vendor:/opt/ros/jazzy/opt/gz_plugin_vendor:/opt/ros/jazzy/opt/gz_fuel_tools_vendor:/opt/ros/jazzy/opt/gz_msgs_vendor:/opt/ros/jazzy/opt/gz_common_vendor:/opt/ros/jazzy/opt/gz_math_vendor:/opt/ros/jazzy/opt/gz_utils_vendor:/opt/ros/jazzy/opt/gz_tools_vendor:/opt/ros/jazzy/opt/gz_ogre_next_vendor:/opt/ros/jazzy/opt/gz_dartsim_vendor:/opt/ros/jazzy/opt/gz_cmake_vendor:/home/brilliant/ros2_ws/install/twist_stamper:/opt/ros/jazzy DEBUGINFOD_URLS=https://debuginfod.ubuntu.com LD_LIBRARY_PATH=/home/brilliant/ros2_ws/install/nav2_util/lib:/home/brilliant/ros2_ws/install/nav2_msgs/lib:${LD_LIBRARY_PATH} PYTHONPATH=/home/brilliant/ros2_ws/install/nav2_msgs/lib/python3.12/site-packages:/home/brilliant/ros2_ws/install/nav2_common/lib/python3.12/site-packages:${PYTHONPATH} /usr/bin/cmake /home/brilliant/ros2_ws/src/navigation2/nav2_amcl -DAMENT_CMAKE_SYMLINK_INSTALL=1 -DCMAKE_INSTALL_PREFIX=/home/brilliant/ros2_ws/install/nav2_amcl
[373.878s] DEBUG:colcon.colcon_core.event_handler.log_command:Invoking command in '/home/brilliant/ros2_ws/build/nav2_amcl': AMENT_PREFIX_PATH=/home/brilliant/ros2_ws/install/nav2_util:/home/brilliant/ros2_ws/install/nav2_msgs:/home/brilliant/ros2_ws/install/nav2_common:${AMENT_PREFIX_PATH} CMAKE_PREFIX_PATH=/home/brilliant/ros2_ws/install/nav2_util:/home/brilliant/ros2_ws/install/nav2_msgs:/home/brilliant/ros2_ws/install/nav2_common:/home/brilliant/ros2_ws/install/sllidar_ros2:/home/brilliant/ros2_ws/install/serial:/home/brilliant/ros2_ws/install/minibot:/home/brilliant/ros2_ws/install/diffdrive_arduino:/opt/ros/jazzy/opt/gz_sim_vendor:/opt/ros/jazzy/opt/gz_sensors_vendor:/opt/ros/jazzy/opt/gz_physics_vendor:/opt/ros/jazzy/opt/sdformat_vendor:/opt/ros/jazzy/opt/gz_gui_vendor:/opt/ros/jazzy/opt/gz_transport_vendor:/opt/ros/jazzy/opt/gz_rendering_vendor:/opt/ros/jazzy/opt/gz_plugin_vendor:/opt/ros/jazzy/opt/gz_fuel_tools_vendor:/opt/ros/jazzy/opt/gz_msgs_vendor:/opt/ros/jazzy/opt/gz_common_vendor:/opt/ros/jazzy/opt/gz_math_vendor:/opt/ros/jazzy/opt/gz_utils_vendor:/opt/ros/jazzy/opt/gz_tools_vendor:/opt/ros/jazzy/opt/gz_ogre_next_vendor:/opt/ros/jazzy/opt/gz_dartsim_vendor:/opt/ros/jazzy/opt/gz_cmake_vendor:/home/brilliant/ros2_ws/install/twist_stamper:/opt/ros/jazzy DEBUGINFOD_URLS=https://debuginfod.ubuntu.com LD_LIBRARY_PATH=/home/brilliant/ros2_ws/install/nav2_util/lib:/home/brilliant/ros2_ws/install/nav2_msgs/lib:${LD_LIBRARY_PATH} PYTHONPATH=/home/brilliant/ros2_ws/install/nav2_msgs/lib/python3.12/site-packages:/home/brilliant/ros2_ws/install/nav2_common/lib/python3.12/site-packages:${PYTHONPATH} /usr/bin/cmake --build /home/brilliant/ros2_ws/build/nav2_amcl -- -j4 -l4
[381.346s] DEBUG:colcon.colcon_core.event_handler.log_command:Invoked command in '/home/brilliant/ros2_ws/build/nav2_velocity_smoother' returned '0': AMENT_PREFIX_PATH=/home/brilliant/ros2_ws/install/nav2_util:/home/brilliant/ros2_ws/install/nav2_msgs:/home/brilliant/ros2_ws/install/nav2_common:${AMENT_PREFIX_PATH} CMAKE_PREFIX_PATH=/home/brilliant/ros2_ws/install/nav2_util:/home/brilliant/ros2_ws/install/nav2_msgs:/home/brilliant/ros2_ws/install/nav2_common:/home/brilliant/ros2_ws/install/sllidar_ros2:/home/brilliant/ros2_ws/install/serial:/home/brilliant/ros2_ws/install/minibot:/home/brilliant/ros2_ws/install/diffdrive_arduino:/opt/ros/jazzy/opt/gz_sim_vendor:/opt/ros/jazzy/opt/gz_sensors_vendor:/opt/ros/jazzy/opt/gz_physics_vendor:/opt/ros/jazzy/opt/sdformat_vendor:/opt/ros/jazzy/opt/gz_gui_vendor:/opt/ros/jazzy/opt/gz_transport_vendor:/opt/ros/jazzy/opt/gz_rendering_vendor:/opt/ros/jazzy/opt/gz_plugin_vendor:/opt/ros/jazzy/opt/gz_fuel_tools_vendor:/opt/ros/jazzy/opt/gz_msgs_vendor:/opt/ros/jazzy/opt/gz_common_vendor:/opt/ros/jazzy/opt/gz_math_vendor:/opt/ros/jazzy/opt/gz_utils_vendor:/opt/ros/jazzy/opt/gz_tools_vendor:/opt/ros/jazzy/opt/gz_ogre_next_vendor:/opt/ros/jazzy/opt/gz_dartsim_vendor:/opt/ros/jazzy/opt/gz_cmake_vendor:/home/brilliant/ros2_ws/install/twist_stamper:/opt/ros/jazzy DEBUGINFOD_URLS=https://debuginfod.ubuntu.com LD_LIBRARY_PATH=/home/brilliant/ros2_ws/install/nav2_util/lib:/home/brilliant/ros2_ws/install/nav2_msgs/lib:${LD_LIBRARY_PATH} PYTHONPATH=/home/brilliant/ros2_ws/install/nav2_msgs/lib/python3.12/site-packages:/home/brilliant/ros2_ws/install/nav2_common/lib/python3.12/site-packages:${PYTHONPATH} /usr/bin/cmake /home/brilliant/ros2_ws/src/navigation2/nav2_velocity_smoother -DAMENT_CMAKE_SYMLINK_INSTALL=1 -DCMAKE_INSTALL_PREFIX=/home/brilliant/ros2_ws/install/nav2_velocity_smoother
[381.348s] DEBUG:colcon.colcon_core.event_handler.log_command:Invoking command in '/home/brilliant/ros2_ws/build/nav2_velocity_smoother': AMENT_PREFIX_PATH=/home/brilliant/ros2_ws/install/nav2_util:/home/brilliant/ros2_ws/install/nav2_msgs:/home/brilliant/ros2_ws/install/nav2_common:${AMENT_PREFIX_PATH} CMAKE_PREFIX_PATH=/home/brilliant/ros2_ws/install/nav2_util:/home/brilliant/ros2_ws/install/nav2_msgs:/home/brilliant/ros2_ws/install/nav2_common:/home/brilliant/ros2_ws/install/sllidar_ros2:/home/brilliant/ros2_ws/install/serial:/home/brilliant/ros2_ws/install/minibot:/home/brilliant/ros2_ws/install/diffdrive_arduino:/opt/ros/jazzy/opt/gz_sim_vendor:/opt/ros/jazzy/opt/gz_sensors_vendor:/opt/ros/jazzy/opt/gz_physics_vendor:/opt/ros/jazzy/opt/sdformat_vendor:/opt/ros/jazzy/opt/gz_gui_vendor:/opt/ros/jazzy/opt/gz_transport_vendor:/opt/ros/jazzy/opt/gz_rendering_vendor:/opt/ros/jazzy/opt/gz_plugin_vendor:/opt/ros/jazzy/opt/gz_fuel_tools_vendor:/opt/ros/jazzy/opt/gz_msgs_vendor:/opt/ros/jazzy/opt/gz_common_vendor:/opt/ros/jazzy/opt/gz_math_vendor:/opt/ros/jazzy/opt/gz_utils_vendor:/opt/ros/jazzy/opt/gz_tools_vendor:/opt/ros/jazzy/opt/gz_ogre_next_vendor:/opt/ros/jazzy/opt/gz_dartsim_vendor:/opt/ros/jazzy/opt/gz_cmake_vendor:/home/brilliant/ros2_ws/install/twist_stamper:/opt/ros/jazzy DEBUGINFOD_URLS=https://debuginfod.ubuntu.com LD_LIBRARY_PATH=/home/brilliant/ros2_ws/install/nav2_util/lib:/home/brilliant/ros2_ws/install/nav2_msgs/lib:${LD_LIBRARY_PATH} PYTHONPATH=/home/brilliant/ros2_ws/install/nav2_msgs/lib/python3.12/site-packages:/home/brilliant/ros2_ws/install/nav2_common/lib/python3.12/site-packages:${PYTHONPATH} /usr/bin/cmake --build /home/brilliant/ros2_ws/build/nav2_velocity_smoother -- -j4 -l4
[531.983s] DEBUG:colcon.colcon_core.event_handler.log_command:Invoked command in '/home/brilliant/ros2_ws/build/nav2_amcl' returned '0': AMENT_PREFIX_PATH=/home/brilliant/ros2_ws/install/nav2_util:/home/brilliant/ros2_ws/install/nav2_msgs:/home/brilliant/ros2_ws/install/nav2_common:${AMENT_PREFIX_PATH} CMAKE_PREFIX_PATH=/home/brilliant/ros2_ws/install/nav2_util:/home/brilliant/ros2_ws/install/nav2_msgs:/home/brilliant/ros2_ws/install/nav2_common:/home/brilliant/ros2_ws/install/sllidar_ros2:/home/brilliant/ros2_ws/install/serial:/home/brilliant/ros2_ws/install/minibot:/home/brilliant/ros2_ws/install/diffdrive_arduino:/opt/ros/jazzy/opt/gz_sim_vendor:/opt/ros/jazzy/opt/gz_sensors_vendor:/opt/ros/jazzy/opt/gz_physics_vendor:/opt/ros/jazzy/opt/sdformat_vendor:/opt/ros/jazzy/opt/gz_gui_vendor:/opt/ros/jazzy/opt/gz_transport_vendor:/opt/ros/jazzy/opt/gz_rendering_vendor:/opt/ros/jazzy/opt/gz_plugin_vendor:/opt/ros/jazzy/opt/gz_fuel_tools_vendor:/opt/ros/jazzy/opt/gz_msgs_vendor:/opt/ros/jazzy/opt/gz_common_vendor:/opt/ros/jazzy/opt/gz_math_vendor:/opt/ros/jazzy/opt/gz_utils_vendor:/opt/ros/jazzy/opt/gz_tools_vendor:/opt/ros/jazzy/opt/gz_ogre_next_vendor:/opt/ros/jazzy/opt/gz_dartsim_vendor:/opt/ros/jazzy/opt/gz_cmake_vendor:/home/brilliant/ros2_ws/install/twist_stamper:/opt/ros/jazzy DEBUGINFOD_URLS=https://debuginfod.ubuntu.com LD_LIBRARY_PATH=/home/brilliant/ros2_ws/install/nav2_util/lib:/home/brilliant/ros2_ws/install/nav2_msgs/lib:${LD_LIBRARY_PATH} PYTHONPATH=/home/brilliant/ros2_ws/install/nav2_msgs/lib/python3.12/site-packages:/home/brilliant/ros2_ws/install/nav2_common/lib/python3.12/site-packages:${PYTHONPATH} /usr/bin/cmake --build /home/brilliant/ros2_ws/build/nav2_amcl -- -j4 -l4
[531.991s] DEBUG:colcon.colcon_core.event_handler.log_command:Invoking command in '/home/brilliant/ros2_ws/build/nav2_amcl': AMENT_PREFIX_PATH=/home/brilliant/ros2_ws/install/nav2_util:/home/brilliant/ros2_ws/install/nav2_msgs:/home/brilliant/ros2_ws/install/nav2_common:${AMENT_PREFIX_PATH} CMAKE_PREFIX_PATH=/home/brilliant/ros2_ws/install/nav2_util:/home/brilliant/ros2_ws/install/nav2_msgs:/home/brilliant/ros2_ws/install/nav2_common:/home/brilliant/ros2_ws/install/sllidar_ros2:/home/brilliant/ros2_ws/install/serial:/home/brilliant/ros2_ws/install/minibot:/home/brilliant/ros2_ws/install/diffdrive_arduino:/opt/ros/jazzy/opt/gz_sim_vendor:/opt/ros/jazzy/opt/gz_sensors_vendor:/opt/ros/jazzy/opt/gz_physics_vendor:/opt/ros/jazzy/opt/sdformat_vendor:/opt/ros/jazzy/opt/gz_gui_vendor:/opt/ros/jazzy/opt/gz_transport_vendor:/opt/ros/jazzy/opt/gz_rendering_vendor:/opt/ros/jazzy/opt/gz_plugin_vendor:/opt/ros/jazzy/opt/gz_fuel_tools_vendor:/opt/ros/jazzy/opt/gz_msgs_vendor:/opt/ros/jazzy/opt/gz_common_vendor:/opt/ros/jazzy/opt/gz_math_vendor:/opt/ros/jazzy/opt/gz_utils_vendor:/opt/ros/jazzy/opt/gz_tools_vendor:/opt/ros/jazzy/opt/gz_ogre_next_vendor:/opt/ros/jazzy/opt/gz_dartsim_vendor:/opt/ros/jazzy/opt/gz_cmake_vendor:/home/brilliant/ros2_ws/install/twist_stamper:/opt/ros/jazzy DEBUGINFOD_URLS=https://debuginfod.ubuntu.com LD_LIBRARY_PATH=/home/brilliant/ros2_ws/install/nav2_util/lib:/home/brilliant/ros2_ws/install/nav2_msgs/lib:${LD_LIBRARY_PATH} PYTHONPATH=/home/brilliant/ros2_ws/install/nav2_msgs/lib/python3.12/site-packages:/home/brilliant/ros2_ws/install/nav2_common/lib/python3.12/site-packages:${PYTHONPATH} /usr/bin/cmake --install /home/brilliant/ros2_ws/build/nav2_amcl
[533.564s] Level 1:colcon.colcon_core.environment:create_environment_scripts_only(nav2_amcl)
[533.565s] Level 1:colcon.colcon_core.environment:checking '/home/brilliant/ros2_ws/install/nav2_amcl' for CMake module files
[533.567s] Level 1:colcon.colcon_core.environment:checking '/home/brilliant/ros2_ws/install/nav2_amcl' for CMake config files
[533.568s] DEBUG:colcon.colcon_core.event_handler.log_command:Invoked command in '/home/brilliant/ros2_ws/build/nav2_amcl' returned '0': AMENT_PREFIX_PATH=/home/brilliant/ros2_ws/install/nav2_util:/home/brilliant/ros2_ws/install/nav2_msgs:/home/brilliant/ros2_ws/install/nav2_common:${AMENT_PREFIX_PATH} CMAKE_PREFIX_PATH=/home/brilliant/ros2_ws/install/nav2_util:/home/brilliant/ros2_ws/install/nav2_msgs:/home/brilliant/ros2_ws/install/nav2_common:/home/brilliant/ros2_ws/install/sllidar_ros2:/home/brilliant/ros2_ws/install/serial:/home/brilliant/ros2_ws/install/minibot:/home/brilliant/ros2_ws/install/diffdrive_arduino:/opt/ros/jazzy/opt/gz_sim_vendor:/opt/ros/jazzy/opt/gz_sensors_vendor:/opt/ros/jazzy/opt/gz_physics_vendor:/opt/ros/jazzy/opt/sdformat_vendor:/opt/ros/jazzy/opt/gz_gui_vendor:/opt/ros/jazzy/opt/gz_transport_vendor:/opt/ros/jazzy/opt/gz_rendering_vendor:/opt/ros/jazzy/opt/gz_plugin_vendor:/opt/ros/jazzy/opt/gz_fuel_tools_vendor:/opt/ros/jazzy/opt/gz_msgs_vendor:/opt/ros/jazzy/opt/gz_common_vendor:/opt/ros/jazzy/opt/gz_math_vendor:/opt/ros/jazzy/opt/gz_utils_vendor:/opt/ros/jazzy/opt/gz_tools_vendor:/opt/ros/jazzy/opt/gz_ogre_next_vendor:/opt/ros/jazzy/opt/gz_dartsim_vendor:/opt/ros/jazzy/opt/gz_cmake_vendor:/home/brilliant/ros2_ws/install/twist_stamper:/opt/ros/jazzy DEBUGINFOD_URLS=https://debuginfod.ubuntu.com LD_LIBRARY_PATH=/home/brilliant/ros2_ws/install/nav2_util/lib:/home/brilliant/ros2_ws/install/nav2_msgs/lib:${LD_LIBRARY_PATH} PYTHONPATH=/home/brilliant/ros2_ws/install/nav2_msgs/lib/python3.12/site-packages:/home/brilliant/ros2_ws/install/nav2_common/lib/python3.12/site-packages:${PYTHONPATH} /usr/bin/cmake --install /home/brilliant/ros2_ws/build/nav2_amcl
[533.569s] Level 1:colcon.colcon_core.shell:create_environment_hook('nav2_amcl', 'cmake_prefix_path')
[533.572s] INFO:colcon.colcon_core.shell:Creating environment hook '/home/brilliant/ros2_ws/install/nav2_amcl/share/nav2_amcl/hook/cmake_prefix_path.ps1'
[533.575s] INFO:colcon.colcon_core.shell:Creating environment descriptor '/home/brilliant/ros2_ws/install/nav2_amcl/share/nav2_amcl/hook/cmake_prefix_path.dsv'
[533.581s] INFO:colcon.colcon_core.shell:Creating environment hook '/home/brilliant/ros2_ws/install/nav2_amcl/share/nav2_amcl/hook/cmake_prefix_path.sh'
[533.587s] Level 1:colcon.colcon_core.environment:checking '/home/brilliant/ros2_ws/install/nav2_amcl/lib'
[533.588s] Level 1:colcon.colcon_core.shell:create_environment_hook('nav2_amcl', 'ld_library_path_lib')
[533.589s] INFO:colcon.colcon_core.shell:Creating environment hook '/home/brilliant/ros2_ws/install/nav2_amcl/share/nav2_amcl/hook/ld_library_path_lib.ps1'
[533.590s] INFO:colcon.colcon_core.shell:Creating environment descriptor '/home/brilliant/ros2_ws/install/nav2_amcl/share/nav2_amcl/hook/ld_library_path_lib.dsv'
[533.595s] INFO:colcon.colcon_core.shell:Creating environment hook '/home/brilliant/ros2_ws/install/nav2_amcl/share/nav2_amcl/hook/ld_library_path_lib.sh'
[533.596s] Level 1:colcon.colcon_core.environment:checking '/home/brilliant/ros2_ws/install/nav2_amcl/bin'
[533.596s] Level 1:colcon.colcon_core.environment:checking '/home/brilliant/ros2_ws/install/nav2_amcl/lib/pkgconfig/nav2_amcl.pc'
[533.600s] Level 1:colcon.colcon_core.environment:checking '/home/brilliant/ros2_ws/install/nav2_amcl/lib/python3.12/site-packages'
[533.601s] Level 1:colcon.colcon_core.environment:checking '/home/brilliant/ros2_ws/install/nav2_amcl/bin'
[533.605s] INFO:colcon.colcon_core.shell:Creating package script '/home/brilliant/ros2_ws/install/nav2_amcl/share/nav2_amcl/package.ps1'
[533.606s] INFO:colcon.colcon_core.shell:Creating package descriptor '/home/brilliant/ros2_ws/install/nav2_amcl/share/nav2_amcl/package.dsv'
[533.612s] INFO:colcon.colcon_core.shell:Creating package script '/home/brilliant/ros2_ws/install/nav2_amcl/share/nav2_amcl/package.sh'
[533.614s] INFO:colcon.colcon_core.shell:Creating package script '/home/brilliant/ros2_ws/install/nav2_amcl/share/nav2_amcl/package.bash'
[533.615s] INFO:colcon.colcon_core.shell:Creating package script '/home/brilliant/ros2_ws/install/nav2_amcl/share/nav2_amcl/package.zsh'
[533.619s] Level 1:colcon.colcon_core.environment:create_file_with_runtime_dependencies(/home/brilliant/ros2_ws/install/nav2_amcl/share/colcon-core/packages/nav2_amcl)
[533.622s] Level 1:colcon.colcon_core.environment:create_environment_scripts_only(nav2_amcl)
[533.622s] Level 1:colcon.colcon_core.environment:checking '/home/brilliant/ros2_ws/install/nav2_amcl' for CMake module files
[533.627s] Level 1:colcon.colcon_core.environment:checking '/home/brilliant/ros2_ws/install/nav2_amcl' for CMake config files
[533.628s] Level 1:colcon.colcon_core.shell:create_environment_hook('nav2_amcl', 'cmake_prefix_path')
[533.629s] INFO:colcon.colcon_core.shell:Creating environment hook '/home/brilliant/ros2_ws/install/nav2_amcl/share/nav2_amcl/hook/cmake_prefix_path.ps1'
[533.637s] INFO:colcon.colcon_core.shell:Creating environment descriptor '/home/brilliant/ros2_ws/install/nav2_amcl/share/nav2_amcl/hook/cmake_prefix_path.dsv'
[533.638s] INFO:colcon.colcon_core.shell:Creating environment hook '/home/brilliant/ros2_ws/install/nav2_amcl/share/nav2_amcl/hook/cmake_prefix_path.sh'
[533.640s] Level 1:colcon.colcon_core.environment:checking '/home/brilliant/ros2_ws/install/nav2_amcl/lib'
[533.644s] Level 1:colcon.colcon_core.shell:create_environment_hook('nav2_amcl', 'ld_library_path_lib')
[533.644s] INFO:colcon.colcon_core.shell:Creating environment hook '/home/brilliant/ros2_ws/install/nav2_amcl/share/nav2_amcl/hook/ld_library_path_lib.ps1'
[533.646s] INFO:colcon.colcon_core.shell:Creating environment descriptor '/home/brilliant/ros2_ws/install/nav2_amcl/share/nav2_amcl/hook/ld_library_path_lib.dsv'
[533.650s] INFO:colcon.colcon_core.shell:Creating environment hook '/home/brilliant/ros2_ws/install/nav2_amcl/share/nav2_amcl/hook/ld_library_path_lib.sh'
[533.654s] Level 1:colcon.colcon_core.environment:checking '/home/brilliant/ros2_ws/install/nav2_amcl/bin'
[533.654s] Level 1:colcon.colcon_core.environment:checking '/home/brilliant/ros2_ws/install/nav2_amcl/lib/pkgconfig/nav2_amcl.pc'
[533.655s] Level 1:colcon.colcon_core.environment:checking '/home/brilliant/ros2_ws/install/nav2_amcl/lib/python3.12/site-packages'
[533.655s] Level 1:colcon.colcon_core.environment:checking '/home/brilliant/ros2_ws/install/nav2_amcl/bin'
[533.656s] INFO:colcon.colcon_core.shell:Creating package script '/home/brilliant/ros2_ws/install/nav2_amcl/share/nav2_amcl/package.ps1'
[533.661s] INFO:colcon.colcon_core.shell:Creating package descriptor '/home/brilliant/ros2_ws/install/nav2_amcl/share/nav2_amcl/package.dsv'
[533.665s] INFO:colcon.colcon_core.shell:Creating package script '/home/brilliant/ros2_ws/install/nav2_amcl/share/nav2_amcl/package.sh'
[533.667s] INFO:colcon.colcon_core.shell:Creating package script '/home/brilliant/ros2_ws/install/nav2_amcl/share/nav2_amcl/package.bash'
[533.673s] INFO:colcon.colcon_core.shell:Creating package script '/home/brilliant/ros2_ws/install/nav2_amcl/share/nav2_amcl/package.zsh'
[533.679s] Level 1:colcon.colcon_core.environment:create_file_with_runtime_dependencies(/home/brilliant/ros2_ws/install/nav2_amcl/share/colcon-core/packages/nav2_amcl)
[533.684s] INFO:colcon.colcon_ros.task.ament_cmake.build:Building ROS package in '/home/brilliant/ros2_ws/src/navigation2/nav2_rviz_plugins' with build type 'ament_cmake'
[533.687s] INFO:colcon.colcon_cmake.task.cmake.build:Building CMake package in '/home/brilliant/ros2_ws/src/navigation2/nav2_rviz_plugins'
[533.690s] INFO:colcon.colcon_core.shell:Skip shell extension 'powershell' for command environment: Not usable outside of PowerShell
[533.691s] DEBUG:colcon.colcon_core.shell:Skip shell extension 'dsv' for command environment
[533.821s] DEBUG:colcon.colcon_core.event_handler.log_command:Invoking command in '/home/brilliant/ros2_ws/build/nav2_rviz_plugins': AMENT_PREFIX_PATH=/home/brilliant/ros2_ws/install/nav2_lifecycle_manager:/home/brilliant/ros2_ws/install/nav2_util:/home/brilliant/ros2_ws/install/nav2_msgs:/home/brilliant/ros2_ws/install/nav2_common:${AMENT_PREFIX_PATH} CMAKE_PREFIX_PATH=/home/brilliant/ros2_ws/install/nav2_lifecycle_manager:/home/brilliant/ros2_ws/install/nav2_util:/home/brilliant/ros2_ws/install/nav2_msgs:/home/brilliant/ros2_ws/install/nav2_common:/home/brilliant/ros2_ws/install/sllidar_ros2:/home/brilliant/ros2_ws/install/serial:/home/brilliant/ros2_ws/install/minibot:/home/brilliant/ros2_ws/install/diffdrive_arduino:/opt/ros/jazzy/opt/gz_sim_vendor:/opt/ros/jazzy/opt/gz_sensors_vendor:/opt/ros/jazzy/opt/gz_physics_vendor:/opt/ros/jazzy/opt/sdformat_vendor:/opt/ros/jazzy/opt/gz_gui_vendor:/opt/ros/jazzy/opt/gz_transport_vendor:/opt/ros/jazzy/opt/gz_rendering_vendor:/opt/ros/jazzy/opt/gz_plugin_vendor:/opt/ros/jazzy/opt/gz_fuel_tools_vendor:/opt/ros/jazzy/opt/gz_msgs_vendor:/opt/ros/jazzy/opt/gz_common_vendor:/opt/ros/jazzy/opt/gz_math_vendor:/opt/ros/jazzy/opt/gz_utils_vendor:/opt/ros/jazzy/opt/gz_tools_vendor:/opt/ros/jazzy/opt/gz_ogre_next_vendor:/opt/ros/jazzy/opt/gz_dartsim_vendor:/opt/ros/jazzy/opt/gz_cmake_vendor:/home/brilliant/ros2_ws/install/twist_stamper:/opt/ros/jazzy DEBUGINFOD_URLS=https://debuginfod.ubuntu.com LD_LIBRARY_PATH=/home/brilliant/ros2_ws/install/nav2_lifecycle_manager/lib:/home/brilliant/ros2_ws/install/nav2_util/lib:/home/brilliant/ros2_ws/install/nav2_msgs/lib:${LD_LIBRARY_PATH} PYTHONPATH=/home/brilliant/ros2_ws/install/nav2_msgs/lib/python3.12/site-packages:/home/brilliant/ros2_ws/install/nav2_common/lib/python3.12/site-packages:${PYTHONPATH} /usr/bin/cmake /home/brilliant/ros2_ws/src/navigation2/nav2_rviz_plugins -DAMENT_CMAKE_SYMLINK_INSTALL=1 -DCMAKE_INSTALL_PREFIX=/home/brilliant/ros2_ws/install/nav2_rviz_plugins
[550.460s] DEBUG:colcon.colcon_core.event_handler.log_command:Invoked command in '/home/brilliant/ros2_ws/build/nav2_rviz_plugins' returned '0': AMENT_PREFIX_PATH=/home/brilliant/ros2_ws/install/nav2_lifecycle_manager:/home/brilliant/ros2_ws/install/nav2_util:/home/brilliant/ros2_ws/install/nav2_msgs:/home/brilliant/ros2_ws/install/nav2_common:${AMENT_PREFIX_PATH} CMAKE_PREFIX_PATH=/home/brilliant/ros2_ws/install/nav2_lifecycle_manager:/home/brilliant/ros2_ws/install/nav2_util:/home/brilliant/ros2_ws/install/nav2_msgs:/home/brilliant/ros2_ws/install/nav2_common:/home/brilliant/ros2_ws/install/sllidar_ros2:/home/brilliant/ros2_ws/install/serial:/home/brilliant/ros2_ws/install/minibot:/home/brilliant/ros2_ws/install/diffdrive_arduino:/opt/ros/jazzy/opt/gz_sim_vendor:/opt/ros/jazzy/opt/gz_sensors_vendor:/opt/ros/jazzy/opt/gz_physics_vendor:/opt/ros/jazzy/opt/sdformat_vendor:/opt/ros/jazzy/opt/gz_gui_vendor:/opt/ros/jazzy/opt/gz_transport_vendor:/opt/ros/jazzy/opt/gz_rendering_vendor:/opt/ros/jazzy/opt/gz_plugin_vendor:/opt/ros/jazzy/opt/gz_fuel_tools_vendor:/opt/ros/jazzy/opt/gz_msgs_vendor:/opt/ros/jazzy/opt/gz_common_vendor:/opt/ros/jazzy/opt/gz_math_vendor:/opt/ros/jazzy/opt/gz_utils_vendor:/opt/ros/jazzy/opt/gz_tools_vendor:/opt/ros/jazzy/opt/gz_ogre_next_vendor:/opt/ros/jazzy/opt/gz_dartsim_vendor:/opt/ros/jazzy/opt/gz_cmake_vendor:/home/brilliant/ros2_ws/install/twist_stamper:/opt/ros/jazzy DEBUGINFOD_URLS=https://debuginfod.ubuntu.com LD_LIBRARY_PATH=/home/brilliant/ros2_ws/install/nav2_lifecycle_manager/lib:/home/brilliant/ros2_ws/install/nav2_util/lib:/home/brilliant/ros2_ws/install/nav2_msgs/lib:${LD_LIBRARY_PATH} PYTHONPATH=/home/brilliant/ros2_ws/install/nav2_msgs/lib/python3.12/site-packages:/home/brilliant/ros2_ws/install/nav2_common/lib/python3.12/site-packages:${PYTHONPATH} /usr/bin/cmake /home/brilliant/ros2_ws/src/navigation2/nav2_rviz_plugins -DAMENT_CMAKE_SYMLINK_INSTALL=1 -DCMAKE_INSTALL_PREFIX=/home/brilliant/ros2_ws/install/nav2_rviz_plugins
[550.470s] DEBUG:colcon.colcon_core.event_handler.log_command:Invoking command in '/home/brilliant/ros2_ws/build/nav2_rviz_plugins': AMENT_PREFIX_PATH=/home/brilliant/ros2_ws/install/nav2_lifecycle_manager:/home/brilliant/ros2_ws/install/nav2_util:/home/brilliant/ros2_ws/install/nav2_msgs:/home/brilliant/ros2_ws/install/nav2_common:${AMENT_PREFIX_PATH} CMAKE_PREFIX_PATH=/home/brilliant/ros2_ws/install/nav2_lifecycle_manager:/home/brilliant/ros2_ws/install/nav2_util:/home/brilliant/ros2_ws/install/nav2_msgs:/home/brilliant/ros2_ws/install/nav2_common:/home/brilliant/ros2_ws/install/sllidar_ros2:/home/brilliant/ros2_ws/install/serial:/home/brilliant/ros2_ws/install/minibot:/home/brilliant/ros2_ws/install/diffdrive_arduino:/opt/ros/jazzy/opt/gz_sim_vendor:/opt/ros/jazzy/opt/gz_sensors_vendor:/opt/ros/jazzy/opt/gz_physics_vendor:/opt/ros/jazzy/opt/sdformat_vendor:/opt/ros/jazzy/opt/gz_gui_vendor:/opt/ros/jazzy/opt/gz_transport_vendor:/opt/ros/jazzy/opt/gz_rendering_vendor:/opt/ros/jazzy/opt/gz_plugin_vendor:/opt/ros/jazzy/opt/gz_fuel_tools_vendor:/opt/ros/jazzy/opt/gz_msgs_vendor:/opt/ros/jazzy/opt/gz_common_vendor:/opt/ros/jazzy/opt/gz_math_vendor:/opt/ros/jazzy/opt/gz_utils_vendor:/opt/ros/jazzy/opt/gz_tools_vendor:/opt/ros/jazzy/opt/gz_ogre_next_vendor:/opt/ros/jazzy/opt/gz_dartsim_vendor:/opt/ros/jazzy/opt/gz_cmake_vendor:/home/brilliant/ros2_ws/install/twist_stamper:/opt/ros/jazzy DEBUGINFOD_URLS=https://debuginfod.ubuntu.com LD_LIBRARY_PATH=/home/brilliant/ros2_ws/install/nav2_lifecycle_manager/lib:/home/brilliant/ros2_ws/install/nav2_util/lib:/home/brilliant/ros2_ws/install/nav2_msgs/lib:${LD_LIBRARY_PATH} PYTHONPATH=/home/brilliant/ros2_ws/install/nav2_msgs/lib/python3.12/site-packages:/home/brilliant/ros2_ws/install/nav2_common/lib/python3.12/site-packages:${PYTHONPATH} /usr/bin/cmake --build /home/brilliant/ros2_ws/build/nav2_rviz_plugins -- -j4 -l4
[559.103s] DEBUG:colcon.colcon_core.event_handler.log_command:Invoked command in '/home/brilliant/ros2_ws/build/nav2_velocity_smoother' returned '0': AMENT_PREFIX_PATH=/home/brilliant/ros2_ws/install/nav2_util:/home/brilliant/ros2_ws/install/nav2_msgs:/home/brilliant/ros2_ws/install/nav2_common:${AMENT_PREFIX_PATH} CMAKE_PREFIX_PATH=/home/brilliant/ros2_ws/install/nav2_util:/home/brilliant/ros2_ws/install/nav2_msgs:/home/brilliant/ros2_ws/install/nav2_common:/home/brilliant/ros2_ws/install/sllidar_ros2:/home/brilliant/ros2_ws/install/serial:/home/brilliant/ros2_ws/install/minibot:/home/brilliant/ros2_ws/install/diffdrive_arduino:/opt/ros/jazzy/opt/gz_sim_vendor:/opt/ros/jazzy/opt/gz_sensors_vendor:/opt/ros/jazzy/opt/gz_physics_vendor:/opt/ros/jazzy/opt/sdformat_vendor:/opt/ros/jazzy/opt/gz_gui_vendor:/opt/ros/jazzy/opt/gz_transport_vendor:/opt/ros/jazzy/opt/gz_rendering_vendor:/opt/ros/jazzy/opt/gz_plugin_vendor:/opt/ros/jazzy/opt/gz_fuel_tools_vendor:/opt/ros/jazzy/opt/gz_msgs_vendor:/opt/ros/jazzy/opt/gz_common_vendor:/opt/ros/jazzy/opt/gz_math_vendor:/opt/ros/jazzy/opt/gz_utils_vendor:/opt/ros/jazzy/opt/gz_tools_vendor:/opt/ros/jazzy/opt/gz_ogre_next_vendor:/opt/ros/jazzy/opt/gz_dartsim_vendor:/opt/ros/jazzy/opt/gz_cmake_vendor:/home/brilliant/ros2_ws/install/twist_stamper:/opt/ros/jazzy DEBUGINFOD_URLS=https://debuginfod.ubuntu.com LD_LIBRARY_PATH=/home/brilliant/ros2_ws/install/nav2_util/lib:/home/brilliant/ros2_ws/install/nav2_msgs/lib:${LD_LIBRARY_PATH} PYTHONPATH=/home/brilliant/ros2_ws/install/nav2_msgs/lib/python3.12/site-packages:/home/brilliant/ros2_ws/install/nav2_common/lib/python3.12/site-packages:${PYTHONPATH} /usr/bin/cmake --build /home/brilliant/ros2_ws/build/nav2_velocity_smoother -- -j4 -l4
[559.111s] DEBUG:colcon.colcon_core.event_handler.log_command:Invoking command in '/home/brilliant/ros2_ws/build/nav2_velocity_smoother': AMENT_PREFIX_PATH=/home/brilliant/ros2_ws/install/nav2_util:/home/brilliant/ros2_ws/install/nav2_msgs:/home/brilliant/ros2_ws/install/nav2_common:${AMENT_PREFIX_PATH} CMAKE_PREFIX_PATH=/home/brilliant/ros2_ws/install/nav2_util:/home/brilliant/ros2_ws/install/nav2_msgs:/home/brilliant/ros2_ws/install/nav2_common:/home/brilliant/ros2_ws/install/sllidar_ros2:/home/brilliant/ros2_ws/install/serial:/home/brilliant/ros2_ws/install/minibot:/home/brilliant/ros2_ws/install/diffdrive_arduino:/opt/ros/jazzy/opt/gz_sim_vendor:/opt/ros/jazzy/opt/gz_sensors_vendor:/opt/ros/jazzy/opt/gz_physics_vendor:/opt/ros/jazzy/opt/sdformat_vendor:/opt/ros/jazzy/opt/gz_gui_vendor:/opt/ros/jazzy/opt/gz_transport_vendor:/opt/ros/jazzy/opt/gz_rendering_vendor:/opt/ros/jazzy/opt/gz_plugin_vendor:/opt/ros/jazzy/opt/gz_fuel_tools_vendor:/opt/ros/jazzy/opt/gz_msgs_vendor:/opt/ros/jazzy/opt/gz_common_vendor:/opt/ros/jazzy/opt/gz_math_vendor:/opt/ros/jazzy/opt/gz_utils_vendor:/opt/ros/jazzy/opt/gz_tools_vendor:/opt/ros/jazzy/opt/gz_ogre_next_vendor:/opt/ros/jazzy/opt/gz_dartsim_vendor:/opt/ros/jazzy/opt/gz_cmake_vendor:/home/brilliant/ros2_ws/install/twist_stamper:/opt/ros/jazzy DEBUGINFOD_URLS=https://debuginfod.ubuntu.com LD_LIBRARY_PATH=/home/brilliant/ros2_ws/install/nav2_util/lib:/home/brilliant/ros2_ws/install/nav2_msgs/lib:${LD_LIBRARY_PATH} PYTHONPATH=/home/brilliant/ros2_ws/install/nav2_msgs/lib/python3.12/site-packages:/home/brilliant/ros2_ws/install/nav2_common/lib/python3.12/site-packages:${PYTHONPATH} /usr/bin/cmake --install /home/brilliant/ros2_ws/build/nav2_velocity_smoother
[560.417s] Level 1:colcon.colcon_core.environment:create_environment_scripts_only(nav2_velocity_smoother)
[560.418s] Level 1:colcon.colcon_core.environment:checking '/home/brilliant/ros2_ws/install/nav2_velocity_smoother' for CMake module files
[560.419s] Level 1:colcon.colcon_core.environment:checking '/home/brilliant/ros2_ws/install/nav2_velocity_smoother' for CMake config files
[560.420s] Level 1:colcon.colcon_core.shell:create_environment_hook('nav2_velocity_smoother', 'cmake_prefix_path')
[560.417s] DEBUG:colcon.colcon_core.event_handler.log_command:Invoked command in '/home/brilliant/ros2_ws/build/nav2_velocity_smoother' returned '0': AMENT_PREFIX_PATH=/home/brilliant/ros2_ws/install/nav2_util:/home/brilliant/ros2_ws/install/nav2_msgs:/home/brilliant/ros2_ws/install/nav2_common:${AMENT_PREFIX_PATH} CMAKE_PREFIX_PATH=/home/brilliant/ros2_ws/install/nav2_util:/home/brilliant/ros2_ws/install/nav2_msgs:/home/brilliant/ros2_ws/install/nav2_common:/home/brilliant/ros2_ws/install/sllidar_ros2:/home/brilliant/ros2_ws/install/serial:/home/brilliant/ros2_ws/install/minibot:/home/brilliant/ros2_ws/install/diffdrive_arduino:/opt/ros/jazzy/opt/gz_sim_vendor:/opt/ros/jazzy/opt/gz_sensors_vendor:/opt/ros/jazzy/opt/gz_physics_vendor:/opt/ros/jazzy/opt/sdformat_vendor:/opt/ros/jazzy/opt/gz_gui_vendor:/opt/ros/jazzy/opt/gz_transport_vendor:/opt/ros/jazzy/opt/gz_rendering_vendor:/opt/ros/jazzy/opt/gz_plugin_vendor:/opt/ros/jazzy/opt/gz_fuel_tools_vendor:/opt/ros/jazzy/opt/gz_msgs_vendor:/opt/ros/jazzy/opt/gz_common_vendor:/opt/ros/jazzy/opt/gz_math_vendor:/opt/ros/jazzy/opt/gz_utils_vendor:/opt/ros/jazzy/opt/gz_tools_vendor:/opt/ros/jazzy/opt/gz_ogre_next_vendor:/opt/ros/jazzy/opt/gz_dartsim_vendor:/opt/ros/jazzy/opt/gz_cmake_vendor:/home/brilliant/ros2_ws/install/twist_stamper:/opt/ros/jazzy DEBUGINFOD_URLS=https://debuginfod.ubuntu.com LD_LIBRARY_PATH=/home/brilliant/ros2_ws/install/nav2_util/lib:/home/brilliant/ros2_ws/install/nav2_msgs/lib:${LD_LIBRARY_PATH} PYTHONPATH=/home/brilliant/ros2_ws/install/nav2_msgs/lib/python3.12/site-packages:/home/brilliant/ros2_ws/install/nav2_common/lib/python3.12/site-packages:${PYTHONPATH} /usr/bin/cmake --install /home/brilliant/ros2_ws/build/nav2_velocity_smoother
[560.424s] INFO:colcon.colcon_core.shell:Creating environment hook '/home/brilliant/ros2_ws/install/nav2_velocity_smoother/share/nav2_velocity_smoother/hook/cmake_prefix_path.ps1'
[560.428s] INFO:colcon.colcon_core.shell:Creating environment descriptor '/home/brilliant/ros2_ws/install/nav2_velocity_smoother/share/nav2_velocity_smoother/hook/cmake_prefix_path.dsv'
[560.429s] INFO:colcon.colcon_core.shell:Creating environment hook '/home/brilliant/ros2_ws/install/nav2_velocity_smoother/share/nav2_velocity_smoother/hook/cmake_prefix_path.sh'
[560.434s] Level 1:colcon.colcon_core.environment:checking '/home/brilliant/ros2_ws/install/nav2_velocity_smoother/lib'
[560.434s] Level 1:colcon.colcon_core.shell:create_environment_hook('nav2_velocity_smoother', 'ld_library_path_lib')
[560.435s] INFO:colcon.colcon_core.shell:Creating environment hook '/home/brilliant/ros2_ws/install/nav2_velocity_smoother/share/nav2_velocity_smoother/hook/ld_library_path_lib.ps1'
[560.436s] INFO:colcon.colcon_core.shell:Creating environment descriptor '/home/brilliant/ros2_ws/install/nav2_velocity_smoother/share/nav2_velocity_smoother/hook/ld_library_path_lib.dsv'
[560.437s] INFO:colcon.colcon_core.shell:Creating environment hook '/home/brilliant/ros2_ws/install/nav2_velocity_smoother/share/nav2_velocity_smoother/hook/ld_library_path_lib.sh'
[560.441s] Level 1:colcon.colcon_core.environment:checking '/home/brilliant/ros2_ws/install/nav2_velocity_smoother/bin'
[560.444s] Level 1:colcon.colcon_core.environment:checking '/home/brilliant/ros2_ws/install/nav2_velocity_smoother/lib/pkgconfig/nav2_velocity_smoother.pc'
[560.445s] Level 1:colcon.colcon_core.environment:checking '/home/brilliant/ros2_ws/install/nav2_velocity_smoother/lib/python3.12/site-packages'
[560.446s] Level 1:colcon.colcon_core.environment:checking '/home/brilliant/ros2_ws/install/nav2_velocity_smoother/bin'
[560.448s] INFO:colcon.colcon_core.shell:Creating package script '/home/brilliant/ros2_ws/install/nav2_velocity_smoother/share/nav2_velocity_smoother/package.ps1'
[560.450s] INFO:colcon.colcon_core.shell:Creating package descriptor '/home/brilliant/ros2_ws/install/nav2_velocity_smoother/share/nav2_velocity_smoother/package.dsv'
[560.455s] INFO:colcon.colcon_core.shell:Creating package script '/home/brilliant/ros2_ws/install/nav2_velocity_smoother/share/nav2_velocity_smoother/package.sh'
[560.461s] INFO:colcon.colcon_core.shell:Creating package script '/home/brilliant/ros2_ws/install/nav2_velocity_smoother/share/nav2_velocity_smoother/package.bash'
[560.462s] INFO:colcon.colcon_core.shell:Creating package script '/home/brilliant/ros2_ws/install/nav2_velocity_smoother/share/nav2_velocity_smoother/package.zsh'
[560.463s] Level 1:colcon.colcon_core.environment:create_file_with_runtime_dependencies(/home/brilliant/ros2_ws/install/nav2_velocity_smoother/share/colcon-core/packages/nav2_velocity_smoother)
[560.468s] Level 1:colcon.colcon_core.environment:create_environment_scripts_only(nav2_velocity_smoother)
[560.469s] Level 1:colcon.colcon_core.environment:checking '/home/brilliant/ros2_ws/install/nav2_velocity_smoother' for CMake module files
[560.470s] Level 1:colcon.colcon_core.environment:checking '/home/brilliant/ros2_ws/install/nav2_velocity_smoother' for CMake config files
[560.475s] Level 1:colcon.colcon_core.shell:create_environment_hook('nav2_velocity_smoother', 'cmake_prefix_path')
[560.475s] INFO:colcon.colcon_core.shell:Creating environment hook '/home/brilliant/ros2_ws/install/nav2_velocity_smoother/share/nav2_velocity_smoother/hook/cmake_prefix_path.ps1'
[560.479s] INFO:colcon.colcon_core.shell:Creating environment descriptor '/home/brilliant/ros2_ws/install/nav2_velocity_smoother/share/nav2_velocity_smoother/hook/cmake_prefix_path.dsv'
[560.480s] INFO:colcon.colcon_core.shell:Creating environment hook '/home/brilliant/ros2_ws/install/nav2_velocity_smoother/share/nav2_velocity_smoother/hook/cmake_prefix_path.sh'
[560.485s] Level 1:colcon.colcon_core.environment:checking '/home/brilliant/ros2_ws/install/nav2_velocity_smoother/lib'
[560.485s] Level 1:colcon.colcon_core.shell:create_environment_hook('nav2_velocity_smoother', 'ld_library_path_lib')
[560.489s] INFO:colcon.colcon_core.shell:Creating environment hook '/home/brilliant/ros2_ws/install/nav2_velocity_smoother/share/nav2_velocity_smoother/hook/ld_library_path_lib.ps1'
[560.490s] INFO:colcon.colcon_core.shell:Creating environment descriptor '/home/brilliant/ros2_ws/install/nav2_velocity_smoother/share/nav2_velocity_smoother/hook/ld_library_path_lib.dsv'
[560.491s] INFO:colcon.colcon_core.shell:Creating environment hook '/home/brilliant/ros2_ws/install/nav2_velocity_smoother/share/nav2_velocity_smoother/hook/ld_library_path_lib.sh'
[560.499s] Level 1:colcon.colcon_core.environment:checking '/home/brilliant/ros2_ws/install/nav2_velocity_smoother/bin'
[560.500s] Level 1:colcon.colcon_core.environment:checking '/home/brilliant/ros2_ws/install/nav2_velocity_smoother/lib/pkgconfig/nav2_velocity_smoother.pc'
[560.500s] Level 1:colcon.colcon_core.environment:checking '/home/brilliant/ros2_ws/install/nav2_velocity_smoother/lib/python3.12/site-packages'
[560.501s] Level 1:colcon.colcon_core.environment:checking '/home/brilliant/ros2_ws/install/nav2_velocity_smoother/bin'
[560.503s] INFO:colcon.colcon_core.shell:Creating package script '/home/brilliant/ros2_ws/install/nav2_velocity_smoother/share/nav2_velocity_smoother/package.ps1'
[560.505s] INFO:colcon.colcon_core.shell:Creating package descriptor '/home/brilliant/ros2_ws/install/nav2_velocity_smoother/share/nav2_velocity_smoother/package.dsv'
[560.512s] INFO:colcon.colcon_core.shell:Creating package script '/home/brilliant/ros2_ws/install/nav2_velocity_smoother/share/nav2_velocity_smoother/package.sh'
[560.514s] INFO:colcon.colcon_core.shell:Creating package script '/home/brilliant/ros2_ws/install/nav2_velocity_smoother/share/nav2_velocity_smoother/package.bash'
[560.518s] INFO:colcon.colcon_core.shell:Creating package script '/home/brilliant/ros2_ws/install/nav2_velocity_smoother/share/nav2_velocity_smoother/package.zsh'
[560.519s] Level 1:colcon.colcon_core.environment:create_file_with_runtime_dependencies(/home/brilliant/ros2_ws/install/nav2_velocity_smoother/share/colcon-core/packages/nav2_velocity_smoother)
[593.773s] DEBUG:colcon.colcon_core.event_handler.log_command:Invoked command in '/home/brilliant/ros2_ws/build/nav2_map_server' returned '0': AMENT_PREFIX_PATH=/home/brilliant/ros2_ws/install/nav2_util:/home/brilliant/ros2_ws/install/nav2_msgs:/home/brilliant/ros2_ws/install/nav2_common:${AMENT_PREFIX_PATH} CMAKE_PREFIX_PATH=/home/brilliant/ros2_ws/install/nav2_util:/home/brilliant/ros2_ws/install/nav2_msgs:/home/brilliant/ros2_ws/install/nav2_common:/home/brilliant/ros2_ws/install/sllidar_ros2:/home/brilliant/ros2_ws/install/serial:/home/brilliant/ros2_ws/install/minibot:/home/brilliant/ros2_ws/install/diffdrive_arduino:/opt/ros/jazzy/opt/gz_sim_vendor:/opt/ros/jazzy/opt/gz_sensors_vendor:/opt/ros/jazzy/opt/gz_physics_vendor:/opt/ros/jazzy/opt/sdformat_vendor:/opt/ros/jazzy/opt/gz_gui_vendor:/opt/ros/jazzy/opt/gz_transport_vendor:/opt/ros/jazzy/opt/gz_rendering_vendor:/opt/ros/jazzy/opt/gz_plugin_vendor:/opt/ros/jazzy/opt/gz_fuel_tools_vendor:/opt/ros/jazzy/opt/gz_msgs_vendor:/opt/ros/jazzy/opt/gz_common_vendor:/opt/ros/jazzy/opt/gz_math_vendor:/opt/ros/jazzy/opt/gz_utils_vendor:/opt/ros/jazzy/opt/gz_tools_vendor:/opt/ros/jazzy/opt/gz_ogre_next_vendor:/opt/ros/jazzy/opt/gz_dartsim_vendor:/opt/ros/jazzy/opt/gz_cmake_vendor:/home/brilliant/ros2_ws/install/twist_stamper:/opt/ros/jazzy DEBUGINFOD_URLS=https://debuginfod.ubuntu.com LD_LIBRARY_PATH=/home/brilliant/ros2_ws/install/nav2_util/lib:/home/brilliant/ros2_ws/install/nav2_msgs/lib:${LD_LIBRARY_PATH} PYTHONPATH=/home/brilliant/ros2_ws/install/nav2_msgs/lib/python3.12/site-packages:/home/brilliant/ros2_ws/install/nav2_common/lib/python3.12/site-packages:${PYTHONPATH} /usr/bin/cmake --build /home/brilliant/ros2_ws/build/nav2_map_server -- -j4 -l4
[593.782s] DEBUG:colcon.colcon_core.event_handler.log_command:Invoking command in '/home/brilliant/ros2_ws/build/nav2_map_server': AMENT_PREFIX_PATH=/home/brilliant/ros2_ws/install/nav2_util:/home/brilliant/ros2_ws/install/nav2_msgs:/home/brilliant/ros2_ws/install/nav2_common:${AMENT_PREFIX_PATH} CMAKE_PREFIX_PATH=/home/brilliant/ros2_ws/install/nav2_util:/home/brilliant/ros2_ws/install/nav2_msgs:/home/brilliant/ros2_ws/install/nav2_common:/home/brilliant/ros2_ws/install/sllidar_ros2:/home/brilliant/ros2_ws/install/serial:/home/brilliant/ros2_ws/install/minibot:/home/brilliant/ros2_ws/install/diffdrive_arduino:/opt/ros/jazzy/opt/gz_sim_vendor:/opt/ros/jazzy/opt/gz_sensors_vendor:/opt/ros/jazzy/opt/gz_physics_vendor:/opt/ros/jazzy/opt/sdformat_vendor:/opt/ros/jazzy/opt/gz_gui_vendor:/opt/ros/jazzy/opt/gz_transport_vendor:/opt/ros/jazzy/opt/gz_rendering_vendor:/opt/ros/jazzy/opt/gz_plugin_vendor:/opt/ros/jazzy/opt/gz_fuel_tools_vendor:/opt/ros/jazzy/opt/gz_msgs_vendor:/opt/ros/jazzy/opt/gz_common_vendor:/opt/ros/jazzy/opt/gz_math_vendor:/opt/ros/jazzy/opt/gz_utils_vendor:/opt/ros/jazzy/opt/gz_tools_vendor:/opt/ros/jazzy/opt/gz_ogre_next_vendor:/opt/ros/jazzy/opt/gz_dartsim_vendor:/opt/ros/jazzy/opt/gz_cmake_vendor:/home/brilliant/ros2_ws/install/twist_stamper:/opt/ros/jazzy DEBUGINFOD_URLS=https://debuginfod.ubuntu.com LD_LIBRARY_PATH=/home/brilliant/ros2_ws/install/nav2_util/lib:/home/brilliant/ros2_ws/install/nav2_msgs/lib:${LD_LIBRARY_PATH} PYTHONPATH=/home/brilliant/ros2_ws/install/nav2_msgs/lib/python3.12/site-packages:/home/brilliant/ros2_ws/install/nav2_common/lib/python3.12/site-packages:${PYTHONPATH} /usr/bin/cmake --install /home/brilliant/ros2_ws/build/nav2_map_server
[594.905s] Level 1:colcon.colcon_core.environment:create_environment_scripts_only(nav2_map_server)
[594.906s] Level 1:colcon.colcon_core.environment:checking '/home/brilliant/ros2_ws/install/nav2_map_server' for CMake module files
[594.908s] DEBUG:colcon.colcon_core.event_handler.log_command:Invoked command in '/home/brilliant/ros2_ws/build/nav2_map_server' returned '0': AMENT_PREFIX_PATH=/home/brilliant/ros2_ws/install/nav2_util:/home/brilliant/ros2_ws/install/nav2_msgs:/home/brilliant/ros2_ws/install/nav2_common:${AMENT_PREFIX_PATH} CMAKE_PREFIX_PATH=/home/brilliant/ros2_ws/install/nav2_util:/home/brilliant/ros2_ws/install/nav2_msgs:/home/brilliant/ros2_ws/install/nav2_common:/home/brilliant/ros2_ws/install/sllidar_ros2:/home/brilliant/ros2_ws/install/serial:/home/brilliant/ros2_ws/install/minibot:/home/brilliant/ros2_ws/install/diffdrive_arduino:/opt/ros/jazzy/opt/gz_sim_vendor:/opt/ros/jazzy/opt/gz_sensors_vendor:/opt/ros/jazzy/opt/gz_physics_vendor:/opt/ros/jazzy/opt/sdformat_vendor:/opt/ros/jazzy/opt/gz_gui_vendor:/opt/ros/jazzy/opt/gz_transport_vendor:/opt/ros/jazzy/opt/gz_rendering_vendor:/opt/ros/jazzy/opt/gz_plugin_vendor:/opt/ros/jazzy/opt/gz_fuel_tools_vendor:/opt/ros/jazzy/opt/gz_msgs_vendor:/opt/ros/jazzy/opt/gz_common_vendor:/opt/ros/jazzy/opt/gz_math_vendor:/opt/ros/jazzy/opt/gz_utils_vendor:/opt/ros/jazzy/opt/gz_tools_vendor:/opt/ros/jazzy/opt/gz_ogre_next_vendor:/opt/ros/jazzy/opt/gz_dartsim_vendor:/opt/ros/jazzy/opt/gz_cmake_vendor:/home/brilliant/ros2_ws/install/twist_stamper:/opt/ros/jazzy DEBUGINFOD_URLS=https://debuginfod.ubuntu.com LD_LIBRARY_PATH=/home/brilliant/ros2_ws/install/nav2_util/lib:/home/brilliant/ros2_ws/install/nav2_msgs/lib:${LD_LIBRARY_PATH} PYTHONPATH=/home/brilliant/ros2_ws/install/nav2_msgs/lib/python3.12/site-packages:/home/brilliant/ros2_ws/install/nav2_common/lib/python3.12/site-packages:${PYTHONPATH} /usr/bin/cmake --install /home/brilliant/ros2_ws/build/nav2_map_server
[594.910s] Level 1:colcon.colcon_core.environment:checking '/home/brilliant/ros2_ws/install/nav2_map_server' for CMake config files
[594.917s] Level 1:colcon.colcon_core.shell:create_environment_hook('nav2_map_server', 'cmake_prefix_path')
[594.917s] INFO:colcon.colcon_core.shell:Creating environment hook '/home/brilliant/ros2_ws/install/nav2_map_server/share/nav2_map_server/hook/cmake_prefix_path.ps1'
[594.919s] INFO:colcon.colcon_core.shell:Creating environment descriptor '/home/brilliant/ros2_ws/install/nav2_map_server/share/nav2_map_server/hook/cmake_prefix_path.dsv'
[594.923s] INFO:colcon.colcon_core.shell:Creating environment hook '/home/brilliant/ros2_ws/install/nav2_map_server/share/nav2_map_server/hook/cmake_prefix_path.sh'
[594.924s] Level 1:colcon.colcon_core.environment:checking '/home/brilliant/ros2_ws/install/nav2_map_server/lib'
[594.924s] Level 1:colcon.colcon_core.shell:create_environment_hook('nav2_map_server', 'ld_library_path_lib')
[594.930s] INFO:colcon.colcon_core.shell:Creating environment hook '/home/brilliant/ros2_ws/install/nav2_map_server/share/nav2_map_server/hook/ld_library_path_lib.ps1'
[594.931s] INFO:colcon.colcon_core.shell:Creating environment descriptor '/home/brilliant/ros2_ws/install/nav2_map_server/share/nav2_map_server/hook/ld_library_path_lib.dsv'
[594.932s] INFO:colcon.colcon_core.shell:Creating environment hook '/home/brilliant/ros2_ws/install/nav2_map_server/share/nav2_map_server/hook/ld_library_path_lib.sh'
[594.937s] Level 1:colcon.colcon_core.environment:checking '/home/brilliant/ros2_ws/install/nav2_map_server/bin'
[594.943s] Level 1:colcon.colcon_core.environment:checking '/home/brilliant/ros2_ws/install/nav2_map_server/lib/pkgconfig/nav2_map_server.pc'
[594.944s] Level 1:colcon.colcon_core.environment:checking '/home/brilliant/ros2_ws/install/nav2_map_server/lib/python3.12/site-packages'
[594.944s] Level 1:colcon.colcon_core.environment:checking '/home/brilliant/ros2_ws/install/nav2_map_server/bin'
[594.945s] INFO:colcon.colcon_core.shell:Creating package script '/home/brilliant/ros2_ws/install/nav2_map_server/share/nav2_map_server/package.ps1'
[594.947s] INFO:colcon.colcon_core.shell:Creating package descriptor '/home/brilliant/ros2_ws/install/nav2_map_server/share/nav2_map_server/package.dsv'
[594.948s] INFO:colcon.colcon_core.shell:Creating package script '/home/brilliant/ros2_ws/install/nav2_map_server/share/nav2_map_server/package.sh'
[594.950s] INFO:colcon.colcon_core.shell:Creating package script '/home/brilliant/ros2_ws/install/nav2_map_server/share/nav2_map_server/package.bash'
[594.952s] INFO:colcon.colcon_core.shell:Creating package script '/home/brilliant/ros2_ws/install/nav2_map_server/share/nav2_map_server/package.zsh'
[594.953s] Level 1:colcon.colcon_core.environment:create_file_with_runtime_dependencies(/home/brilliant/ros2_ws/install/nav2_map_server/share/colcon-core/packages/nav2_map_server)
[594.958s] Level 1:colcon.colcon_core.environment:create_environment_scripts_only(nav2_map_server)
[594.958s] Level 1:colcon.colcon_core.environment:checking '/home/brilliant/ros2_ws/install/nav2_map_server' for CMake module files
[594.963s] Level 1:colcon.colcon_core.environment:checking '/home/brilliant/ros2_ws/install/nav2_map_server' for CMake config files
[594.964s] Level 1:colcon.colcon_core.shell:create_environment_hook('nav2_map_server', 'cmake_prefix_path')
[594.965s] INFO:colcon.colcon_core.shell:Creating environment hook '/home/brilliant/ros2_ws/install/nav2_map_server/share/nav2_map_server/hook/cmake_prefix_path.ps1'
[594.967s] INFO:colcon.colcon_core.shell:Creating environment descriptor '/home/brilliant/ros2_ws/install/nav2_map_server/share/nav2_map_server/hook/cmake_prefix_path.dsv'
[594.969s] INFO:colcon.colcon_core.shell:Creating environment hook '/home/brilliant/ros2_ws/install/nav2_map_server/share/nav2_map_server/hook/cmake_prefix_path.sh'
[594.971s] Level 1:colcon.colcon_core.environment:checking '/home/brilliant/ros2_ws/install/nav2_map_server/lib'
[594.971s] Level 1:colcon.colcon_core.shell:create_environment_hook('nav2_map_server', 'ld_library_path_lib')
[594.972s] INFO:colcon.colcon_core.shell:Creating environment hook '/home/brilliant/ros2_ws/install/nav2_map_server/share/nav2_map_server/hook/ld_library_path_lib.ps1'
[594.974s] INFO:colcon.colcon_core.shell:Creating environment descriptor '/home/brilliant/ros2_ws/install/nav2_map_server/share/nav2_map_server/hook/ld_library_path_lib.dsv'
[594.975s] INFO:colcon.colcon_core.shell:Creating environment hook '/home/brilliant/ros2_ws/install/nav2_map_server/share/nav2_map_server/hook/ld_library_path_lib.sh'
[594.977s] Level 1:colcon.colcon_core.environment:checking '/home/brilliant/ros2_ws/install/nav2_map_server/bin'
[594.977s] Level 1:colcon.colcon_core.environment:checking '/home/brilliant/ros2_ws/install/nav2_map_server/lib/pkgconfig/nav2_map_server.pc'
[594.978s] Level 1:colcon.colcon_core.environment:checking '/home/brilliant/ros2_ws/install/nav2_map_server/lib/python3.12/site-packages'
[594.979s] Level 1:colcon.colcon_core.environment:checking '/home/brilliant/ros2_ws/install/nav2_map_server/bin'
[594.980s] INFO:colcon.colcon_core.shell:Creating package script '/home/brilliant/ros2_ws/install/nav2_map_server/share/nav2_map_server/package.ps1'
[594.982s] INFO:colcon.colcon_core.shell:Creating package descriptor '/home/brilliant/ros2_ws/install/nav2_map_server/share/nav2_map_server/package.dsv'
[594.984s] INFO:colcon.colcon_core.shell:Creating package script '/home/brilliant/ros2_ws/install/nav2_map_server/share/nav2_map_server/package.sh'
[594.986s] INFO:colcon.colcon_core.shell:Creating package script '/home/brilliant/ros2_ws/install/nav2_map_server/share/nav2_map_server/package.bash'
[594.988s] INFO:colcon.colcon_core.shell:Creating package script '/home/brilliant/ros2_ws/install/nav2_map_server/share/nav2_map_server/package.zsh'
[594.989s] Level 1:colcon.colcon_core.environment:create_file_with_runtime_dependencies(/home/brilliant/ros2_ws/install/nav2_map_server/share/colcon-core/packages/nav2_map_server)
[594.991s] INFO:colcon.colcon_ros.task.ament_cmake.build:Building ROS package in '/home/brilliant/ros2_ws/src/navigation2/nav2_costmap_2d' with build type 'ament_cmake'
[594.991s] INFO:colcon.colcon_cmake.task.cmake.build:Building CMake package in '/home/brilliant/ros2_ws/src/navigation2/nav2_costmap_2d'
[594.992s] INFO:colcon.colcon_core.shell:Skip shell extension 'powershell' for command environment: Not usable outside of PowerShell
[594.999s] DEBUG:colcon.colcon_core.shell:Skip shell extension 'dsv' for command environment
[595.094s] DEBUG:colcon.colcon_core.event_handler.log_command:Invoking command in '/home/brilliant/ros2_ws/build/nav2_costmap_2d': AMENT_PREFIX_PATH=/home/brilliant/ros2_ws/install/nav2_map_server:/home/brilliant/ros2_ws/install/nav2_lifecycle_manager:/home/brilliant/ros2_ws/install/nav2_util:/home/brilliant/ros2_ws/install/nav2_voxel_grid:/home/brilliant/ros2_ws/install/nav2_msgs:/home/brilliant/ros2_ws/install/nav2_common:${AMENT_PREFIX_PATH} CMAKE_PREFIX_PATH=/home/brilliant/ros2_ws/install/nav2_map_server:/home/brilliant/ros2_ws/install/nav2_lifecycle_manager:/home/brilliant/ros2_ws/install/nav2_util:/home/brilliant/ros2_ws/install/nav2_voxel_grid:/home/brilliant/ros2_ws/install/nav2_msgs:/home/brilliant/ros2_ws/install/nav2_common:/home/brilliant/ros2_ws/install/sllidar_ros2:/home/brilliant/ros2_ws/install/serial:/home/brilliant/ros2_ws/install/minibot:/home/brilliant/ros2_ws/install/diffdrive_arduino:/opt/ros/jazzy/opt/gz_sim_vendor:/opt/ros/jazzy/opt/gz_sensors_vendor:/opt/ros/jazzy/opt/gz_physics_vendor:/opt/ros/jazzy/opt/sdformat_vendor:/opt/ros/jazzy/opt/gz_gui_vendor:/opt/ros/jazzy/opt/gz_transport_vendor:/opt/ros/jazzy/opt/gz_rendering_vendor:/opt/ros/jazzy/opt/gz_plugin_vendor:/opt/ros/jazzy/opt/gz_fuel_tools_vendor:/opt/ros/jazzy/opt/gz_msgs_vendor:/opt/ros/jazzy/opt/gz_common_vendor:/opt/ros/jazzy/opt/gz_math_vendor:/opt/ros/jazzy/opt/gz_utils_vendor:/opt/ros/jazzy/opt/gz_tools_vendor:/opt/ros/jazzy/opt/gz_ogre_next_vendor:/opt/ros/jazzy/opt/gz_dartsim_vendor:/opt/ros/jazzy/opt/gz_cmake_vendor:/home/brilliant/ros2_ws/install/twist_stamper:/opt/ros/jazzy DEBUGINFOD_URLS=https://debuginfod.ubuntu.com LD_LIBRARY_PATH=/home/brilliant/ros2_ws/install/nav2_map_server/lib:/home/brilliant/ros2_ws/install/nav2_lifecycle_manager/lib:/home/brilliant/ros2_ws/install/nav2_util/lib:/home/brilliant/ros2_ws/install/nav2_voxel_grid/lib:/home/brilliant/ros2_ws/install/nav2_msgs/lib:${LD_LIBRARY_PATH} PYTHONPATH=/home/brilliant/ros2_ws/install/nav2_msgs/lib/python3.12/site-packages:/home/brilliant/ros2_ws/install/nav2_common/lib/python3.12/site-packages:${PYTHONPATH} /usr/bin/cmake /home/brilliant/ros2_ws/src/navigation2/nav2_costmap_2d -DAMENT_CMAKE_SYMLINK_INSTALL=1 -DCMAKE_INSTALL_PREFIX=/home/brilliant/ros2_ws/install/nav2_costmap_2d
[606.508s] DEBUG:colcon.colcon_core.event_handler.log_command:Invoked command in '/home/brilliant/ros2_ws/build/nav2_costmap_2d' returned '0': AMENT_PREFIX_PATH=/home/brilliant/ros2_ws/install/nav2_map_server:/home/brilliant/ros2_ws/install/nav2_lifecycle_manager:/home/brilliant/ros2_ws/install/nav2_util:/home/brilliant/ros2_ws/install/nav2_voxel_grid:/home/brilliant/ros2_ws/install/nav2_msgs:/home/brilliant/ros2_ws/install/nav2_common:${AMENT_PREFIX_PATH} CMAKE_PREFIX_PATH=/home/brilliant/ros2_ws/install/nav2_map_server:/home/brilliant/ros2_ws/install/nav2_lifecycle_manager:/home/brilliant/ros2_ws/install/nav2_util:/home/brilliant/ros2_ws/install/nav2_voxel_grid:/home/brilliant/ros2_ws/install/nav2_msgs:/home/brilliant/ros2_ws/install/nav2_common:/home/brilliant/ros2_ws/install/sllidar_ros2:/home/brilliant/ros2_ws/install/serial:/home/brilliant/ros2_ws/install/minibot:/home/brilliant/ros2_ws/install/diffdrive_arduino:/opt/ros/jazzy/opt/gz_sim_vendor:/opt/ros/jazzy/opt/gz_sensors_vendor:/opt/ros/jazzy/opt/gz_physics_vendor:/opt/ros/jazzy/opt/sdformat_vendor:/opt/ros/jazzy/opt/gz_gui_vendor:/opt/ros/jazzy/opt/gz_transport_vendor:/opt/ros/jazzy/opt/gz_rendering_vendor:/opt/ros/jazzy/opt/gz_plugin_vendor:/opt/ros/jazzy/opt/gz_fuel_tools_vendor:/opt/ros/jazzy/opt/gz_msgs_vendor:/opt/ros/jazzy/opt/gz_common_vendor:/opt/ros/jazzy/opt/gz_math_vendor:/opt/ros/jazzy/opt/gz_utils_vendor:/opt/ros/jazzy/opt/gz_tools_vendor:/opt/ros/jazzy/opt/gz_ogre_next_vendor:/opt/ros/jazzy/opt/gz_dartsim_vendor:/opt/ros/jazzy/opt/gz_cmake_vendor:/home/brilliant/ros2_ws/install/twist_stamper:/opt/ros/jazzy DEBUGINFOD_URLS=https://debuginfod.ubuntu.com LD_LIBRARY_PATH=/home/brilliant/ros2_ws/install/nav2_map_server/lib:/home/brilliant/ros2_ws/install/nav2_lifecycle_manager/lib:/home/brilliant/ros2_ws/install/nav2_util/lib:/home/brilliant/ros2_ws/install/nav2_voxel_grid/lib:/home/brilliant/ros2_ws/install/nav2_msgs/lib:${LD_LIBRARY_PATH} PYTHONPATH=/home/brilliant/ros2_ws/install/nav2_msgs/lib/python3.12/site-packages:/home/brilliant/ros2_ws/install/nav2_common/lib/python3.12/site-packages:${PYTHONPATH} /usr/bin/cmake /home/brilliant/ros2_ws/src/navigation2/nav2_costmap_2d -DAMENT_CMAKE_SYMLINK_INSTALL=1 -DCMAKE_INSTALL_PREFIX=/home/brilliant/ros2_ws/install/nav2_costmap_2d
[606.515s] DEBUG:colcon.colcon_core.event_handler.log_command:Invoking command in '/home/brilliant/ros2_ws/build/nav2_costmap_2d': AMENT_PREFIX_PATH=/home/brilliant/ros2_ws/install/nav2_map_server:/home/brilliant/ros2_ws/install/nav2_lifecycle_manager:/home/brilliant/ros2_ws/install/nav2_util:/home/brilliant/ros2_ws/install/nav2_voxel_grid:/home/brilliant/ros2_ws/install/nav2_msgs:/home/brilliant/ros2_ws/install/nav2_common:${AMENT_PREFIX_PATH} CMAKE_PREFIX_PATH=/home/brilliant/ros2_ws/install/nav2_map_server:/home/brilliant/ros2_ws/install/nav2_lifecycle_manager:/home/brilliant/ros2_ws/install/nav2_util:/home/brilliant/ros2_ws/install/nav2_voxel_grid:/home/brilliant/ros2_ws/install/nav2_msgs:/home/brilliant/ros2_ws/install/nav2_common:/home/brilliant/ros2_ws/install/sllidar_ros2:/home/brilliant/ros2_ws/install/serial:/home/brilliant/ros2_ws/install/minibot:/home/brilliant/ros2_ws/install/diffdrive_arduino:/opt/ros/jazzy/opt/gz_sim_vendor:/opt/ros/jazzy/opt/gz_sensors_vendor:/opt/ros/jazzy/opt/gz_physics_vendor:/opt/ros/jazzy/opt/sdformat_vendor:/opt/ros/jazzy/opt/gz_gui_vendor:/opt/ros/jazzy/opt/gz_transport_vendor:/opt/ros/jazzy/opt/gz_rendering_vendor:/opt/ros/jazzy/opt/gz_plugin_vendor:/opt/ros/jazzy/opt/gz_fuel_tools_vendor:/opt/ros/jazzy/opt/gz_msgs_vendor:/opt/ros/jazzy/opt/gz_common_vendor:/opt/ros/jazzy/opt/gz_math_vendor:/opt/ros/jazzy/opt/gz_utils_vendor:/opt/ros/jazzy/opt/gz_tools_vendor:/opt/ros/jazzy/opt/gz_ogre_next_vendor:/opt/ros/jazzy/opt/gz_dartsim_vendor:/opt/ros/jazzy/opt/gz_cmake_vendor:/home/brilliant/ros2_ws/install/twist_stamper:/opt/ros/jazzy DEBUGINFOD_URLS=https://debuginfod.ubuntu.com LD_LIBRARY_PATH=/home/brilliant/ros2_ws/install/nav2_map_server/lib:/home/brilliant/ros2_ws/install/nav2_lifecycle_manager/lib:/home/brilliant/ros2_ws/install/nav2_util/lib:/home/brilliant/ros2_ws/install/nav2_voxel_grid/lib:/home/brilliant/ros2_ws/install/nav2_msgs/lib:${LD_LIBRARY_PATH} PYTHONPATH=/home/brilliant/ros2_ws/install/nav2_msgs/lib/python3.12/site-packages:/home/brilliant/ros2_ws/install/nav2_common/lib/python3.12/site-packages:${PYTHONPATH} /usr/bin/cmake --build /home/brilliant/ros2_ws/build/nav2_costmap_2d -- -j4 -l4
[812.836s] DEBUG:colcon.colcon_core.event_handler.log_command:Invoked command in '/home/brilliant/ros2_ws/build/nav2_rviz_plugins' returned '0': AMENT_PREFIX_PATH=/home/brilliant/ros2_ws/install/nav2_lifecycle_manager:/home/brilliant/ros2_ws/install/nav2_util:/home/brilliant/ros2_ws/install/nav2_msgs:/home/brilliant/ros2_ws/install/nav2_common:${AMENT_PREFIX_PATH} CMAKE_PREFIX_PATH=/home/brilliant/ros2_ws/install/nav2_lifecycle_manager:/home/brilliant/ros2_ws/install/nav2_util:/home/brilliant/ros2_ws/install/nav2_msgs:/home/brilliant/ros2_ws/install/nav2_common:/home/brilliant/ros2_ws/install/sllidar_ros2:/home/brilliant/ros2_ws/install/serial:/home/brilliant/ros2_ws/install/minibot:/home/brilliant/ros2_ws/install/diffdrive_arduino:/opt/ros/jazzy/opt/gz_sim_vendor:/opt/ros/jazzy/opt/gz_sensors_vendor:/opt/ros/jazzy/opt/gz_physics_vendor:/opt/ros/jazzy/opt/sdformat_vendor:/opt/ros/jazzy/opt/gz_gui_vendor:/opt/ros/jazzy/opt/gz_transport_vendor:/opt/ros/jazzy/opt/gz_rendering_vendor:/opt/ros/jazzy/opt/gz_plugin_vendor:/opt/ros/jazzy/opt/gz_fuel_tools_vendor:/opt/ros/jazzy/opt/gz_msgs_vendor:/opt/ros/jazzy/opt/gz_common_vendor:/opt/ros/jazzy/opt/gz_math_vendor:/opt/ros/jazzy/opt/gz_utils_vendor:/opt/ros/jazzy/opt/gz_tools_vendor:/opt/ros/jazzy/opt/gz_ogre_next_vendor:/opt/ros/jazzy/opt/gz_dartsim_vendor:/opt/ros/jazzy/opt/gz_cmake_vendor:/home/brilliant/ros2_ws/install/twist_stamper:/opt/ros/jazzy DEBUGINFOD_URLS=https://debuginfod.ubuntu.com LD_LIBRARY_PATH=/home/brilliant/ros2_ws/install/nav2_lifecycle_manager/lib:/home/brilliant/ros2_ws/install/nav2_util/lib:/home/brilliant/ros2_ws/install/nav2_msgs/lib:${LD_LIBRARY_PATH} PYTHONPATH=/home/brilliant/ros2_ws/install/nav2_msgs/lib/python3.12/site-packages:/home/brilliant/ros2_ws/install/nav2_common/lib/python3.12/site-packages:${PYTHONPATH} /usr/bin/cmake --build /home/brilliant/ros2_ws/build/nav2_rviz_plugins -- -j4 -l4
[812.837s] DEBUG:colcon.colcon_core.event_handler.log_command:Invoking command in '/home/brilliant/ros2_ws/build/nav2_rviz_plugins': AMENT_PREFIX_PATH=/home/brilliant/ros2_ws/install/nav2_lifecycle_manager:/home/brilliant/ros2_ws/install/nav2_util:/home/brilliant/ros2_ws/install/nav2_msgs:/home/brilliant/ros2_ws/install/nav2_common:${AMENT_PREFIX_PATH} CMAKE_PREFIX_PATH=/home/brilliant/ros2_ws/install/nav2_lifecycle_manager:/home/brilliant/ros2_ws/install/nav2_util:/home/brilliant/ros2_ws/install/nav2_msgs:/home/brilliant/ros2_ws/install/nav2_common:/home/brilliant/ros2_ws/install/sllidar_ros2:/home/brilliant/ros2_ws/install/serial:/home/brilliant/ros2_ws/install/minibot:/home/brilliant/ros2_ws/install/diffdrive_arduino:/opt/ros/jazzy/opt/gz_sim_vendor:/opt/ros/jazzy/opt/gz_sensors_vendor:/opt/ros/jazzy/opt/gz_physics_vendor:/opt/ros/jazzy/opt/sdformat_vendor:/opt/ros/jazzy/opt/gz_gui_vendor:/opt/ros/jazzy/opt/gz_transport_vendor:/opt/ros/jazzy/opt/gz_rendering_vendor:/opt/ros/jazzy/opt/gz_plugin_vendor:/opt/ros/jazzy/opt/gz_fuel_tools_vendor:/opt/ros/jazzy/opt/gz_msgs_vendor:/opt/ros/jazzy/opt/gz_common_vendor:/opt/ros/jazzy/opt/gz_math_vendor:/opt/ros/jazzy/opt/gz_utils_vendor:/opt/ros/jazzy/opt/gz_tools_vendor:/opt/ros/jazzy/opt/gz_ogre_next_vendor:/opt/ros/jazzy/opt/gz_dartsim_vendor:/opt/ros/jazzy/opt/gz_cmake_vendor:/home/brilliant/ros2_ws/install/twist_stamper:/opt/ros/jazzy DEBUGINFOD_URLS=https://debuginfod.ubuntu.com LD_LIBRARY_PATH=/home/brilliant/ros2_ws/install/nav2_lifecycle_manager/lib:/home/brilliant/ros2_ws/install/nav2_util/lib:/home/brilliant/ros2_ws/install/nav2_msgs/lib:${LD_LIBRARY_PATH} PYTHONPATH=/home/brilliant/ros2_ws/install/nav2_msgs/lib/python3.12/site-packages:/home/brilliant/ros2_ws/install/nav2_common/lib/python3.12/site-packages:${PYTHONPATH} /usr/bin/cmake --install /home/brilliant/ros2_ws/build/nav2_rviz_plugins
[814.070s] Level 1:colcon.colcon_core.environment:create_environment_scripts_only(nav2_rviz_plugins)
[814.071s] DEBUG:colcon.colcon_core.event_handler.log_command:Invoked command in '/home/brilliant/ros2_ws/build/nav2_rviz_plugins' returned '0': AMENT_PREFIX_PATH=/home/brilliant/ros2_ws/install/nav2_lifecycle_manager:/home/brilliant/ros2_ws/install/nav2_util:/home/brilliant/ros2_ws/install/nav2_msgs:/home/brilliant/ros2_ws/install/nav2_common:${AMENT_PREFIX_PATH} CMAKE_PREFIX_PATH=/home/brilliant/ros2_ws/install/nav2_lifecycle_manager:/home/brilliant/ros2_ws/install/nav2_util:/home/brilliant/ros2_ws/install/nav2_msgs:/home/brilliant/ros2_ws/install/nav2_common:/home/brilliant/ros2_ws/install/sllidar_ros2:/home/brilliant/ros2_ws/install/serial:/home/brilliant/ros2_ws/install/minibot:/home/brilliant/ros2_ws/install/diffdrive_arduino:/opt/ros/jazzy/opt/gz_sim_vendor:/opt/ros/jazzy/opt/gz_sensors_vendor:/opt/ros/jazzy/opt/gz_physics_vendor:/opt/ros/jazzy/opt/sdformat_vendor:/opt/ros/jazzy/opt/gz_gui_vendor:/opt/ros/jazzy/opt/gz_transport_vendor:/opt/ros/jazzy/opt/gz_rendering_vendor:/opt/ros/jazzy/opt/gz_plugin_vendor:/opt/ros/jazzy/opt/gz_fuel_tools_vendor:/opt/ros/jazzy/opt/gz_msgs_vendor:/opt/ros/jazzy/opt/gz_common_vendor:/opt/ros/jazzy/opt/gz_math_vendor:/opt/ros/jazzy/opt/gz_utils_vendor:/opt/ros/jazzy/opt/gz_tools_vendor:/opt/ros/jazzy/opt/gz_ogre_next_vendor:/opt/ros/jazzy/opt/gz_dartsim_vendor:/opt/ros/jazzy/opt/gz_cmake_vendor:/home/brilliant/ros2_ws/install/twist_stamper:/opt/ros/jazzy DEBUGINFOD_URLS=https://debuginfod.ubuntu.com LD_LIBRARY_PATH=/home/brilliant/ros2_ws/install/nav2_lifecycle_manager/lib:/home/brilliant/ros2_ws/install/nav2_util/lib:/home/brilliant/ros2_ws/install/nav2_msgs/lib:${LD_LIBRARY_PATH} PYTHONPATH=/home/brilliant/ros2_ws/install/nav2_msgs/lib/python3.12/site-packages:/home/brilliant/ros2_ws/install/nav2_common/lib/python3.12/site-packages:${PYTHONPATH} /usr/bin/cmake --install /home/brilliant/ros2_ws/build/nav2_rviz_plugins
[814.074s] Level 1:colcon.colcon_core.environment:checking '/home/brilliant/ros2_ws/install/nav2_rviz_plugins' for CMake module files
[814.076s] Level 1:colcon.colcon_core.environment:checking '/home/brilliant/ros2_ws/install/nav2_rviz_plugins' for CMake config files
[814.077s] Level 1:colcon.colcon_core.shell:create_environment_hook('nav2_rviz_plugins', 'cmake_prefix_path')
[814.080s] INFO:colcon.colcon_core.shell:Creating environment hook '/home/brilliant/ros2_ws/install/nav2_rviz_plugins/share/nav2_rviz_plugins/hook/cmake_prefix_path.ps1'
[814.081s] INFO:colcon.colcon_core.shell:Creating environment descriptor '/home/brilliant/ros2_ws/install/nav2_rviz_plugins/share/nav2_rviz_plugins/hook/cmake_prefix_path.dsv'
[814.082s] INFO:colcon.colcon_core.shell:Creating environment hook '/home/brilliant/ros2_ws/install/nav2_rviz_plugins/share/nav2_rviz_plugins/hook/cmake_prefix_path.sh'
[814.084s] Level 1:colcon.colcon_core.environment:checking '/home/brilliant/ros2_ws/install/nav2_rviz_plugins/lib'
[814.084s] Level 1:colcon.colcon_core.shell:create_environment_hook('nav2_rviz_plugins', 'ld_library_path_lib')
[814.085s] INFO:colcon.colcon_core.shell:Creating environment hook '/home/brilliant/ros2_ws/install/nav2_rviz_plugins/share/nav2_rviz_plugins/hook/ld_library_path_lib.ps1'
[814.086s] INFO:colcon.colcon_core.shell:Creating environment descriptor '/home/brilliant/ros2_ws/install/nav2_rviz_plugins/share/nav2_rviz_plugins/hook/ld_library_path_lib.dsv'
[814.087s] INFO:colcon.colcon_core.shell:Creating environment hook '/home/brilliant/ros2_ws/install/nav2_rviz_plugins/share/nav2_rviz_plugins/hook/ld_library_path_lib.sh'
[814.088s] Level 1:colcon.colcon_core.environment:checking '/home/brilliant/ros2_ws/install/nav2_rviz_plugins/bin'
[814.089s] Level 1:colcon.colcon_core.environment:checking '/home/brilliant/ros2_ws/install/nav2_rviz_plugins/lib/pkgconfig/nav2_rviz_plugins.pc'
[814.090s] Level 1:colcon.colcon_core.environment:checking '/home/brilliant/ros2_ws/install/nav2_rviz_plugins/lib/python3.12/site-packages'
[814.091s] Level 1:colcon.colcon_core.environment:checking '/home/brilliant/ros2_ws/install/nav2_rviz_plugins/bin'
[814.091s] INFO:colcon.colcon_core.shell:Creating package script '/home/brilliant/ros2_ws/install/nav2_rviz_plugins/share/nav2_rviz_plugins/package.ps1'
[814.093s] INFO:colcon.colcon_core.shell:Creating package descriptor '/home/brilliant/ros2_ws/install/nav2_rviz_plugins/share/nav2_rviz_plugins/package.dsv'
[814.095s] INFO:colcon.colcon_core.shell:Creating package script '/home/brilliant/ros2_ws/install/nav2_rviz_plugins/share/nav2_rviz_plugins/package.sh'
[814.096s] INFO:colcon.colcon_core.shell:Creating package script '/home/brilliant/ros2_ws/install/nav2_rviz_plugins/share/nav2_rviz_plugins/package.bash'
[814.098s] INFO:colcon.colcon_core.shell:Creating package script '/home/brilliant/ros2_ws/install/nav2_rviz_plugins/share/nav2_rviz_plugins/package.zsh'
[814.099s] Level 1:colcon.colcon_core.environment:create_file_with_runtime_dependencies(/home/brilliant/ros2_ws/install/nav2_rviz_plugins/share/colcon-core/packages/nav2_rviz_plugins)
[814.103s] Level 1:colcon.colcon_core.environment:create_environment_scripts_only(nav2_rviz_plugins)
[814.103s] Level 1:colcon.colcon_core.environment:checking '/home/brilliant/ros2_ws/install/nav2_rviz_plugins' for CMake module files
[814.105s] Level 1:colcon.colcon_core.environment:checking '/home/brilliant/ros2_ws/install/nav2_rviz_plugins' for CMake config files
[814.107s] Level 1:colcon.colcon_core.shell:create_environment_hook('nav2_rviz_plugins', 'cmake_prefix_path')
[814.107s] INFO:colcon.colcon_core.shell:Creating environment hook '/home/brilliant/ros2_ws/install/nav2_rviz_plugins/share/nav2_rviz_plugins/hook/cmake_prefix_path.ps1'
[814.109s] INFO:colcon.colcon_core.shell:Creating environment descriptor '/home/brilliant/ros2_ws/install/nav2_rviz_plugins/share/nav2_rviz_plugins/hook/cmake_prefix_path.dsv'
[814.110s] INFO:colcon.colcon_core.shell:Creating environment hook '/home/brilliant/ros2_ws/install/nav2_rviz_plugins/share/nav2_rviz_plugins/hook/cmake_prefix_path.sh'
[814.112s] Level 1:colcon.colcon_core.environment:checking '/home/brilliant/ros2_ws/install/nav2_rviz_plugins/lib'
[814.113s] Level 1:colcon.colcon_core.shell:create_environment_hook('nav2_rviz_plugins', 'ld_library_path_lib')
[814.113s] INFO:colcon.colcon_core.shell:Creating environment hook '/home/brilliant/ros2_ws/install/nav2_rviz_plugins/share/nav2_rviz_plugins/hook/ld_library_path_lib.ps1'
[814.115s] INFO:colcon.colcon_core.shell:Creating environment descriptor '/home/brilliant/ros2_ws/install/nav2_rviz_plugins/share/nav2_rviz_plugins/hook/ld_library_path_lib.dsv'
[814.116s] INFO:colcon.colcon_core.shell:Creating environment hook '/home/brilliant/ros2_ws/install/nav2_rviz_plugins/share/nav2_rviz_plugins/hook/ld_library_path_lib.sh'
[814.118s] Level 1:colcon.colcon_core.environment:checking '/home/brilliant/ros2_ws/install/nav2_rviz_plugins/bin'
[814.118s] Level 1:colcon.colcon_core.environment:checking '/home/brilliant/ros2_ws/install/nav2_rviz_plugins/lib/pkgconfig/nav2_rviz_plugins.pc'
[814.119s] Level 1:colcon.colcon_core.environment:checking '/home/brilliant/ros2_ws/install/nav2_rviz_plugins/lib/python3.12/site-packages'
[814.120s] Level 1:colcon.colcon_core.environment:checking '/home/brilliant/ros2_ws/install/nav2_rviz_plugins/bin'
[814.121s] INFO:colcon.colcon_core.shell:Creating package script '/home/brilliant/ros2_ws/install/nav2_rviz_plugins/share/nav2_rviz_plugins/package.ps1'
[814.124s] INFO:colcon.colcon_core.shell:Creating package descriptor '/home/brilliant/ros2_ws/install/nav2_rviz_plugins/share/nav2_rviz_plugins/package.dsv'
[814.126s] INFO:colcon.colcon_core.shell:Creating package script '/home/brilliant/ros2_ws/install/nav2_rviz_plugins/share/nav2_rviz_plugins/package.sh'
[814.128s] INFO:colcon.colcon_core.shell:Creating package script '/home/brilliant/ros2_ws/install/nav2_rviz_plugins/share/nav2_rviz_plugins/package.bash'
[814.129s] INFO:colcon.colcon_core.shell:Creating package script '/home/brilliant/ros2_ws/install/nav2_rviz_plugins/share/nav2_rviz_plugins/package.zsh'
[814.131s] Level 1:colcon.colcon_core.environment:create_file_with_runtime_dependencies(/home/brilliant/ros2_ws/install/nav2_rviz_plugins/share/colcon-core/packages/nav2_rviz_plugins)
