[0.170s] Invoking command in '/home/brilliant/ros2_ws/build/nav2_msgs': AMENT_PREFIX_PATH=/home/brilliant/ros2_ws/install/nav2_common:${AMENT_PREFIX_PATH} CMAKE_PREFIX_PATH=/home/brilliant/ros2_ws/install/nav2_common:/home/brilliant/ros2_ws/install/sllidar_ros2:/home/brilliant/ros2_ws/install/serial:/home/brilliant/ros2_ws/install/minibot:/home/brilliant/ros2_ws/install/diffdrive_arduino:/opt/ros/jazzy/opt/gz_sim_vendor:/opt/ros/jazzy/opt/gz_sensors_vendor:/opt/ros/jazzy/opt/gz_physics_vendor:/opt/ros/jazzy/opt/sdformat_vendor:/opt/ros/jazzy/opt/gz_gui_vendor:/opt/ros/jazzy/opt/gz_transport_vendor:/opt/ros/jazzy/opt/gz_rendering_vendor:/opt/ros/jazzy/opt/gz_plugin_vendor:/opt/ros/jazzy/opt/gz_fuel_tools_vendor:/opt/ros/jazzy/opt/gz_msgs_vendor:/opt/ros/jazzy/opt/gz_common_vendor:/opt/ros/jazzy/opt/gz_math_vendor:/opt/ros/jazzy/opt/gz_utils_vendor:/opt/ros/jazzy/opt/gz_tools_vendor:/opt/ros/jazzy/opt/gz_ogre_next_vendor:/opt/ros/jazzy/opt/gz_dartsim_vendor:/opt/ros/jazzy/opt/gz_cmake_vendor:/home/brilliant/ros2_ws/install/twist_stamper:/opt/ros/jazzy DEBUGINFOD_URLS=https://debuginfod.ubuntu.com PYTHONPATH=/home/brilliant/ros2_ws/install/nav2_common/lib/python3.12/site-packages:${PYTHONPATH} /usr/bin/cmake --build /home/brilliant/ros2_ws/build/nav2_msgs -- -j4 -l4
[0.555s] [  1%] Built target nav2_msgs__rosidl_generator_type_description
[0.697s] [  1%] Built target ament_cmake_python_symlink_nav2_msgs
[0.704s] [  1%] Built target nav2_msgs__cpp
[1.394s] [ 30%] Built target nav2_msgs__rosidl_generator_c
[2.351s] [ 39%] Built target nav2_msgs__rosidl_typesupport_cpp
[2.415s] [ 49%] Built target nav2_msgs__rosidl_typesupport_fastrtps_c
[2.447s] [ 59%] Built target nav2_msgs__rosidl_typesupport_fastrtps_cpp
[2.822s] [ 69%] Built target nav2_msgs__rosidl_typesupport_c
[2.939s] [ 79%] Built target nav2_msgs__rosidl_typesupport_introspection_c
[3.014s] [ 89%] Built target nav2_msgs__rosidl_typesupport_introspection_cpp
[3.149s] running egg_info
[3.153s] [ 89%] Built target nav2_msgs
[3.292s] writing nav2_msgs.egg-info/PKG-INFO
[3.295s] writing dependency_links to nav2_msgs.egg-info/dependency_links.txt
[3.296s] writing top-level names to nav2_msgs.egg-info/top_level.txt
[3.640s] reading manifest file 'nav2_msgs.egg-info/SOURCES.txt'
[3.645s] writing manifest file 'nav2_msgs.egg-info/SOURCES.txt'
[3.828s] [ 89%] Built target ament_cmake_python_build_nav2_msgs_egg
[3.984s] [ 89%] Built target nav2_msgs__py
[4.476s] [ 98%] Built target nav2_msgs__rosidl_generator_py
[4.661s] [ 98%] Built target nav2_msgs_s__rosidl_typesupport_fastrtps_c
[4.804s] [ 99%] Built target nav2_msgs_s__rosidl_typesupport_c
[4.917s] [100%] Built target nav2_msgs_s__rosidl_typesupport_introspection_c
[5.007s] Invoked command in '/home/brilliant/ros2_ws/build/nav2_msgs' returned '0': AMENT_PREFIX_PATH=/home/brilliant/ros2_ws/install/nav2_common:${AMENT_PREFIX_PATH} CMAKE_PREFIX_PATH=/home/brilliant/ros2_ws/install/nav2_common:/home/brilliant/ros2_ws/install/sllidar_ros2:/home/brilliant/ros2_ws/install/serial:/home/brilliant/ros2_ws/install/minibot:/home/brilliant/ros2_ws/install/diffdrive_arduino:/opt/ros/jazzy/opt/gz_sim_vendor:/opt/ros/jazzy/opt/gz_sensors_vendor:/opt/ros/jazzy/opt/gz_physics_vendor:/opt/ros/jazzy/opt/sdformat_vendor:/opt/ros/jazzy/opt/gz_gui_vendor:/opt/ros/jazzy/opt/gz_transport_vendor:/opt/ros/jazzy/opt/gz_rendering_vendor:/opt/ros/jazzy/opt/gz_plugin_vendor:/opt/ros/jazzy/opt/gz_fuel_tools_vendor:/opt/ros/jazzy/opt/gz_msgs_vendor:/opt/ros/jazzy/opt/gz_common_vendor:/opt/ros/jazzy/opt/gz_math_vendor:/opt/ros/jazzy/opt/gz_utils_vendor:/opt/ros/jazzy/opt/gz_tools_vendor:/opt/ros/jazzy/opt/gz_ogre_next_vendor:/opt/ros/jazzy/opt/gz_dartsim_vendor:/opt/ros/jazzy/opt/gz_cmake_vendor:/home/brilliant/ros2_ws/install/twist_stamper:/opt/ros/jazzy DEBUGINFOD_URLS=https://debuginfod.ubuntu.com PYTHONPATH=/home/brilliant/ros2_ws/install/nav2_common/lib/python3.12/site-packages:${PYTHONPATH} /usr/bin/cmake --build /home/brilliant/ros2_ws/build/nav2_msgs -- -j4 -l4
[5.008s] Invoking command in '/home/brilliant/ros2_ws/build/nav2_msgs': AMENT_PREFIX_PATH=/home/brilliant/ros2_ws/install/nav2_common:${AMENT_PREFIX_PATH} CMAKE_PREFIX_PATH=/home/brilliant/ros2_ws/install/nav2_common:/home/brilliant/ros2_ws/install/sllidar_ros2:/home/brilliant/ros2_ws/install/serial:/home/brilliant/ros2_ws/install/minibot:/home/brilliant/ros2_ws/install/diffdrive_arduino:/opt/ros/jazzy/opt/gz_sim_vendor:/opt/ros/jazzy/opt/gz_sensors_vendor:/opt/ros/jazzy/opt/gz_physics_vendor:/opt/ros/jazzy/opt/sdformat_vendor:/opt/ros/jazzy/opt/gz_gui_vendor:/opt/ros/jazzy/opt/gz_transport_vendor:/opt/ros/jazzy/opt/gz_rendering_vendor:/opt/ros/jazzy/opt/gz_plugin_vendor:/opt/ros/jazzy/opt/gz_fuel_tools_vendor:/opt/ros/jazzy/opt/gz_msgs_vendor:/opt/ros/jazzy/opt/gz_common_vendor:/opt/ros/jazzy/opt/gz_math_vendor:/opt/ros/jazzy/opt/gz_utils_vendor:/opt/ros/jazzy/opt/gz_tools_vendor:/opt/ros/jazzy/opt/gz_ogre_next_vendor:/opt/ros/jazzy/opt/gz_dartsim_vendor:/opt/ros/jazzy/opt/gz_cmake_vendor:/home/brilliant/ros2_ws/install/twist_stamper:/opt/ros/jazzy DEBUGINFOD_URLS=https://debuginfod.ubuntu.com PYTHONPATH=/home/brilliant/ros2_ws/install/nav2_common/lib/python3.12/site-packages:${PYTHONPATH} /usr/bin/cmake --install /home/brilliant/ros2_ws/build/nav2_msgs
[5.050s] -- Install configuration: "Release"
[5.061s] -- Execute custom install script
[5.061s] -- Up-to-date symlink: /home/brilliant/ros2_ws/install/nav2_msgs/share/ament_index/resource_index/rosidl_interfaces/nav2_msgs
[5.063s] -- Up-to-date symlink: /home/brilliant/ros2_ws/install/nav2_msgs/share/nav2_msgs/msg/CollisionMonitorState.json
[5.063s] -- Up-to-date symlink: /home/brilliant/ros2_ws/install/nav2_msgs/share/nav2_msgs/msg/CollisionDetectorState.json
[5.063s] -- Up-to-date symlink: /home/brilliant/ros2_ws/install/nav2_msgs/share/nav2_msgs/msg/Costmap.json
[5.065s] -- Up-to-date symlink: /home/brilliant/ros2_ws/install/nav2_msgs/share/nav2_msgs/msg/CostmapMetaData.json
[5.067s] -- Up-to-date symlink: /home/brilliant/ros2_ws/install/nav2_msgs/share/nav2_msgs/msg/CostmapUpdate.json
[5.067s] -- Up-to-date symlink: /home/brilliant/ros2_ws/install/nav2_msgs/share/nav2_msgs/msg/CostmapFilterInfo.json
[5.068s] -- Up-to-date symlink: /home/brilliant/ros2_ws/install/nav2_msgs/share/nav2_msgs/msg/SpeedLimit.json
[5.068s] -- Up-to-date symlink: /home/brilliant/ros2_ws/install/nav2_msgs/share/nav2_msgs/msg/VoxelGrid.json
[5.070s] -- Up-to-date symlink: /home/brilliant/ros2_ws/install/nav2_msgs/share/nav2_msgs/msg/BehaviorTreeStatusChange.json
[5.071s] -- Up-to-date symlink: /home/brilliant/ros2_ws/install/nav2_msgs/share/nav2_msgs/msg/BehaviorTreeLog.json
[5.071s] -- Up-to-date symlink: /home/brilliant/ros2_ws/install/nav2_msgs/share/nav2_msgs/msg/Particle.json
[5.072s] -- Up-to-date symlink: /home/brilliant/ros2_ws/install/nav2_msgs/share/nav2_msgs/msg/ParticleCloud.json
[5.072s] -- Up-to-date symlink: /home/brilliant/ros2_ws/install/nav2_msgs/share/nav2_msgs/msg/MissedWaypoint.json
[5.073s] -- Up-to-date symlink: /home/brilliant/ros2_ws/install/nav2_msgs/share/nav2_msgs/srv/GetCost.json
[5.075s] -- Up-to-date symlink: /home/brilliant/ros2_ws/install/nav2_msgs/share/nav2_msgs/srv/GetCostmap.json
[5.078s] -- Up-to-date symlink: /home/brilliant/ros2_ws/install/nav2_msgs/share/nav2_msgs/srv/IsPathValid.json
[5.078s] -- Up-to-date symlink: /home/brilliant/ros2_ws/install/nav2_msgs/share/nav2_msgs/srv/ClearCostmapExceptRegion.json
[5.078s] -- Up-to-date symlink: /home/brilliant/ros2_ws/install/nav2_msgs/share/nav2_msgs/srv/ClearCostmapAroundRobot.json
[5.079s] -- Up-to-date symlink: /home/brilliant/ros2_ws/install/nav2_msgs/share/nav2_msgs/srv/ClearCostmapAroundPose.json
[5.080s] -- Up-to-date symlink: /home/brilliant/ros2_ws/install/nav2_msgs/share/nav2_msgs/srv/ClearEntireCostmap.json
[5.081s] -- Up-to-date symlink: /home/brilliant/ros2_ws/install/nav2_msgs/share/nav2_msgs/srv/ManageLifecycleNodes.json
[5.081s] -- Up-to-date symlink: /home/brilliant/ros2_ws/install/nav2_msgs/share/nav2_msgs/srv/LoadMap.json
[5.086s] -- Up-to-date symlink: /home/brilliant/ros2_ws/install/nav2_msgs/share/nav2_msgs/srv/SaveMap.json
[5.089s] -- Up-to-date symlink: /home/brilliant/ros2_ws/install/nav2_msgs/share/nav2_msgs/srv/SetInitialPose.json
[5.090s] -- Up-to-date symlink: /home/brilliant/ros2_ws/install/nav2_msgs/share/nav2_msgs/srv/ReloadDockDatabase.json
[5.096s] -- Up-to-date symlink: /home/brilliant/ros2_ws/install/nav2_msgs/share/nav2_msgs/action/AssistedTeleop.json
[5.096s] -- Up-to-date symlink: /home/brilliant/ros2_ws/install/nav2_msgs/share/nav2_msgs/action/BackUp.json
[5.096s] -- Up-to-date symlink: /home/brilliant/ros2_ws/install/nav2_msgs/share/nav2_msgs/action/ComputePathToPose.json
[5.097s] -- Up-to-date symlink: /home/brilliant/ros2_ws/install/nav2_msgs/share/nav2_msgs/action/ComputePathThroughPoses.json
[5.102s] -- Up-to-date symlink: /home/brilliant/ros2_ws/install/nav2_msgs/share/nav2_msgs/action/DriveOnHeading.json
[5.105s] -- Up-to-date symlink: /home/brilliant/ros2_ws/install/nav2_msgs/share/nav2_msgs/action/SmoothPath.json
[5.105s] -- Up-to-date symlink: /home/brilliant/ros2_ws/install/nav2_msgs/share/nav2_msgs/action/FollowPath.json
[5.105s] -- Up-to-date symlink: /home/brilliant/ros2_ws/install/nav2_msgs/share/nav2_msgs/action/NavigateToPose.json
[5.105s] -- Up-to-date symlink: /home/brilliant/ros2_ws/install/nav2_msgs/share/nav2_msgs/action/NavigateThroughPoses.json
[5.106s] -- Up-to-date symlink: /home/brilliant/ros2_ws/install/nav2_msgs/share/nav2_msgs/action/Wait.json
[5.109s] -- Up-to-date symlink: /home/brilliant/ros2_ws/install/nav2_msgs/share/nav2_msgs/action/Spin.json
[5.109s] -- Up-to-date symlink: /home/brilliant/ros2_ws/install/nav2_msgs/share/nav2_msgs/action/DummyBehavior.json
[5.110s] -- Up-to-date symlink: /home/brilliant/ros2_ws/install/nav2_msgs/share/nav2_msgs/action/FollowWaypoints.json
[5.110s] -- Up-to-date symlink: /home/brilliant/ros2_ws/install/nav2_msgs/share/nav2_msgs/action/FollowGPSWaypoints.json
[5.121s] -- Up-to-date symlink: /home/brilliant/ros2_ws/install/nav2_msgs/share/nav2_msgs/action/DockRobot.json
[5.121s] -- Up-to-date symlink: /home/brilliant/ros2_ws/install/nav2_msgs/share/nav2_msgs/action/UndockRobot.json
[5.137s] -- Up-to-date symlink: /home/brilliant/ros2_ws/install/nav2_msgs/include/nav2_msgs/nav2_msgs/action/assisted_teleop.h
[5.140s] -- Up-to-date symlink: /home/brilliant/ros2_ws/install/nav2_msgs/include/nav2_msgs/nav2_msgs/action/back_up.h
[5.141s] -- Up-to-date symlink: /home/brilliant/ros2_ws/install/nav2_msgs/include/nav2_msgs/nav2_msgs/action/compute_path_through_poses.h
[5.141s] -- Up-to-date symlink: /home/brilliant/ros2_ws/install/nav2_msgs/include/nav2_msgs/nav2_msgs/action/compute_path_to_pose.h
[5.149s] -- Up-to-date symlink: /home/brilliant/ros2_ws/install/nav2_msgs/include/nav2_msgs/nav2_msgs/action/detail/assisted_teleop__functions.h
[5.149s] -- Up-to-date symlink: /home/brilliant/ros2_ws/install/nav2_msgs/include/nav2_msgs/nav2_msgs/action/detail/assisted_teleop__struct.h
[5.149s] -- Up-to-date symlink: /home/brilliant/ros2_ws/install/nav2_msgs/include/nav2_msgs/nav2_msgs/action/detail/assisted_teleop__type_support.h
[5.150s] -- Up-to-date symlink: /home/brilliant/ros2_ws/install/nav2_msgs/include/nav2_msgs/nav2_msgs/action/detail/back_up__functions.h
[5.150s] -- Up-to-date symlink: /home/brilliant/ros2_ws/install/nav2_msgs/include/nav2_msgs/nav2_msgs/action/detail/back_up__struct.h
[5.154s] -- Up-to-date symlink: /home/brilliant/ros2_ws/install/nav2_msgs/include/nav2_msgs/nav2_msgs/action/detail/back_up__type_support.h
[5.154s] -- Up-to-date symlink: /home/brilliant/ros2_ws/install/nav2_msgs/include/nav2_msgs/nav2_msgs/action/detail/compute_path_through_poses__functions.h
[5.155s] -- Up-to-date symlink: /home/brilliant/ros2_ws/install/nav2_msgs/include/nav2_msgs/nav2_msgs/action/detail/compute_path_through_poses__struct.h
[5.157s] -- Up-to-date symlink: /home/brilliant/ros2_ws/install/nav2_msgs/include/nav2_msgs/nav2_msgs/action/detail/compute_path_through_poses__type_support.h
[5.158s] -- Up-to-date symlink: /home/brilliant/ros2_ws/install/nav2_msgs/include/nav2_msgs/nav2_msgs/action/detail/compute_path_to_pose__functions.h
[5.159s] -- Up-to-date symlink: /home/brilliant/ros2_ws/install/nav2_msgs/include/nav2_msgs/nav2_msgs/action/detail/compute_path_to_pose__struct.h
[5.161s] -- Up-to-date symlink: /home/brilliant/ros2_ws/install/nav2_msgs/include/nav2_msgs/nav2_msgs/action/detail/compute_path_to_pose__type_support.h
[5.161s] -- Up-to-date symlink: /home/brilliant/ros2_ws/install/nav2_msgs/include/nav2_msgs/nav2_msgs/action/detail/dock_robot__functions.h
[5.162s] -- Up-to-date symlink: /home/brilliant/ros2_ws/install/nav2_msgs/include/nav2_msgs/nav2_msgs/action/detail/dock_robot__struct.h
[5.162s] -- Up-to-date symlink: /home/brilliant/ros2_ws/install/nav2_msgs/include/nav2_msgs/nav2_msgs/action/detail/dock_robot__type_support.h
[5.162s] -- Up-to-date symlink: /home/brilliant/ros2_ws/install/nav2_msgs/include/nav2_msgs/nav2_msgs/action/detail/drive_on_heading__functions.h
[5.167s] -- Up-to-date symlink: /home/brilliant/ros2_ws/install/nav2_msgs/include/nav2_msgs/nav2_msgs/action/detail/drive_on_heading__struct.h
[5.167s] -- Up-to-date symlink: /home/brilliant/ros2_ws/install/nav2_msgs/include/nav2_msgs/nav2_msgs/action/detail/drive_on_heading__type_support.h
[5.169s] -- Up-to-date symlink: /home/brilliant/ros2_ws/install/nav2_msgs/include/nav2_msgs/nav2_msgs/action/detail/dummy_behavior__functions.h
[5.170s] -- Up-to-date symlink: /home/brilliant/ros2_ws/install/nav2_msgs/include/nav2_msgs/nav2_msgs/action/detail/dummy_behavior__struct.h
[5.170s] -- Up-to-date symlink: /home/brilliant/ros2_ws/install/nav2_msgs/include/nav2_msgs/nav2_msgs/action/detail/dummy_behavior__type_support.h
[5.170s] -- Up-to-date symlink: /home/brilliant/ros2_ws/install/nav2_msgs/include/nav2_msgs/nav2_msgs/action/detail/follow_gps_waypoints__functions.h
[5.171s] -- Up-to-date symlink: /home/brilliant/ros2_ws/install/nav2_msgs/include/nav2_msgs/nav2_msgs/action/detail/follow_gps_waypoints__struct.h
[5.171s] -- Up-to-date symlink: /home/brilliant/ros2_ws/install/nav2_msgs/include/nav2_msgs/nav2_msgs/action/detail/follow_gps_waypoints__type_support.h
[5.171s] -- Up-to-date symlink: /home/brilliant/ros2_ws/install/nav2_msgs/include/nav2_msgs/nav2_msgs/action/detail/follow_path__functions.h
[5.175s] -- Up-to-date symlink: /home/brilliant/ros2_ws/install/nav2_msgs/include/nav2_msgs/nav2_msgs/action/detail/follow_path__struct.h
[5.175s] -- Up-to-date symlink: /home/brilliant/ros2_ws/install/nav2_msgs/include/nav2_msgs/nav2_msgs/action/detail/follow_path__type_support.h
[5.176s] -- Up-to-date symlink: /home/brilliant/ros2_ws/install/nav2_msgs/include/nav2_msgs/nav2_msgs/action/detail/follow_waypoints__functions.h
[5.177s] -- Up-to-date symlink: /home/brilliant/ros2_ws/install/nav2_msgs/include/nav2_msgs/nav2_msgs/action/detail/follow_waypoints__struct.h
[5.177s] -- Up-to-date symlink: /home/brilliant/ros2_ws/install/nav2_msgs/include/nav2_msgs/nav2_msgs/action/detail/follow_waypoints__type_support.h
[5.177s] -- Up-to-date symlink: /home/brilliant/ros2_ws/install/nav2_msgs/include/nav2_msgs/nav2_msgs/action/detail/navigate_through_poses__functions.h
[5.184s] -- Up-to-date symlink: /home/brilliant/ros2_ws/install/nav2_msgs/include/nav2_msgs/nav2_msgs/action/detail/navigate_through_poses__struct.h
[5.184s] -- Up-to-date symlink: /home/brilliant/ros2_ws/install/nav2_msgs/include/nav2_msgs/nav2_msgs/action/detail/navigate_through_poses__type_support.h
[5.184s] -- Up-to-date symlink: /home/brilliant/ros2_ws/install/nav2_msgs/include/nav2_msgs/nav2_msgs/action/detail/navigate_to_pose__functions.h
[5.187s] -- Up-to-date symlink: /home/brilliant/ros2_ws/install/nav2_msgs/include/nav2_msgs/nav2_msgs/action/detail/navigate_to_pose__struct.h
[5.187s] -- Up-to-date symlink: /home/brilliant/ros2_ws/install/nav2_msgs/include/nav2_msgs/nav2_msgs/action/detail/navigate_to_pose__type_support.h
[5.187s] -- Up-to-date symlink: /home/brilliant/ros2_ws/install/nav2_msgs/include/nav2_msgs/nav2_msgs/action/detail/smooth_path__functions.h
[5.188s] -- Up-to-date symlink: /home/brilliant/ros2_ws/install/nav2_msgs/include/nav2_msgs/nav2_msgs/action/detail/smooth_path__struct.h
[5.188s] -- Up-to-date symlink: /home/brilliant/ros2_ws/install/nav2_msgs/include/nav2_msgs/nav2_msgs/action/detail/smooth_path__type_support.h
[5.191s] -- Up-to-date symlink: /home/brilliant/ros2_ws/install/nav2_msgs/include/nav2_msgs/nav2_msgs/action/detail/spin__functions.h
[5.193s] -- Up-to-date symlink: /home/brilliant/ros2_ws/install/nav2_msgs/include/nav2_msgs/nav2_msgs/action/detail/spin__struct.h
[5.193s] -- Up-to-date symlink: /home/brilliant/ros2_ws/install/nav2_msgs/include/nav2_msgs/nav2_msgs/action/detail/spin__type_support.h
[5.193s] -- Up-to-date symlink: /home/brilliant/ros2_ws/install/nav2_msgs/include/nav2_msgs/nav2_msgs/action/detail/undock_robot__functions.h
[5.195s] -- Up-to-date symlink: /home/brilliant/ros2_ws/install/nav2_msgs/include/nav2_msgs/nav2_msgs/action/detail/undock_robot__struct.h
[5.195s] -- Up-to-date symlink: /home/brilliant/ros2_ws/install/nav2_msgs/include/nav2_msgs/nav2_msgs/action/detail/undock_robot__type_support.h
[5.195s] -- Up-to-date symlink: /home/brilliant/ros2_ws/install/nav2_msgs/include/nav2_msgs/nav2_msgs/action/detail/wait__functions.h
[5.196s] -- Up-to-date symlink: /home/brilliant/ros2_ws/install/nav2_msgs/include/nav2_msgs/nav2_msgs/action/detail/wait__struct.h
[5.202s] -- Up-to-date symlink: /home/brilliant/ros2_ws/install/nav2_msgs/include/nav2_msgs/nav2_msgs/action/detail/wait__type_support.h
[5.205s] -- Up-to-date symlink: /home/brilliant/ros2_ws/install/nav2_msgs/include/nav2_msgs/nav2_msgs/action/dock_robot.h
[5.205s] -- Up-to-date symlink: /home/brilliant/ros2_ws/install/nav2_msgs/include/nav2_msgs/nav2_msgs/action/drive_on_heading.h
[5.205s] -- Up-to-date symlink: /home/brilliant/ros2_ws/install/nav2_msgs/include/nav2_msgs/nav2_msgs/action/dummy_behavior.h
[5.206s] -- Up-to-date symlink: /home/brilliant/ros2_ws/install/nav2_msgs/include/nav2_msgs/nav2_msgs/action/follow_gps_waypoints.h
[5.206s] -- Up-to-date symlink: /home/brilliant/ros2_ws/install/nav2_msgs/include/nav2_msgs/nav2_msgs/action/follow_path.h
[5.206s] -- Up-to-date symlink: /home/brilliant/ros2_ws/install/nav2_msgs/include/nav2_msgs/nav2_msgs/action/follow_waypoints.h
[5.207s] -- Up-to-date symlink: /home/brilliant/ros2_ws/install/nav2_msgs/include/nav2_msgs/nav2_msgs/action/navigate_through_poses.h
[5.207s] -- Up-to-date symlink: /home/brilliant/ros2_ws/install/nav2_msgs/include/nav2_msgs/nav2_msgs/action/navigate_to_pose.h
[5.214s] -- Up-to-date symlink: /home/brilliant/ros2_ws/install/nav2_msgs/include/nav2_msgs/nav2_msgs/action/smooth_path.h
[5.215s] -- Up-to-date symlink: /home/brilliant/ros2_ws/install/nav2_msgs/include/nav2_msgs/nav2_msgs/action/spin.h
[5.215s] -- Up-to-date symlink: /home/brilliant/ros2_ws/install/nav2_msgs/include/nav2_msgs/nav2_msgs/action/undock_robot.h
[5.215s] -- Up-to-date symlink: /home/brilliant/ros2_ws/install/nav2_msgs/include/nav2_msgs/nav2_msgs/action/wait.h
[5.215s] -- Up-to-date symlink: /home/brilliant/ros2_ws/install/nav2_msgs/include/nav2_msgs/nav2_msgs/msg/behavior_tree_log.h
[5.216s] -- Up-to-date symlink: /home/brilliant/ros2_ws/install/nav2_msgs/include/nav2_msgs/nav2_msgs/msg/behavior_tree_status_change.h
[5.216s] -- Up-to-date symlink: /home/brilliant/ros2_ws/install/nav2_msgs/include/nav2_msgs/nav2_msgs/msg/collision_detector_state.h
[5.219s] -- Up-to-date symlink: /home/brilliant/ros2_ws/install/nav2_msgs/include/nav2_msgs/nav2_msgs/msg/collision_monitor_state.h
[5.222s] -- Up-to-date symlink: /home/brilliant/ros2_ws/install/nav2_msgs/include/nav2_msgs/nav2_msgs/msg/costmap.h
[5.223s] -- Up-to-date symlink: /home/brilliant/ros2_ws/install/nav2_msgs/include/nav2_msgs/nav2_msgs/msg/costmap_filter_info.h
[5.223s] -- Up-to-date symlink: /home/brilliant/ros2_ws/install/nav2_msgs/include/nav2_msgs/nav2_msgs/msg/costmap_meta_data.h
[5.223s] -- Up-to-date symlink: /home/brilliant/ros2_ws/install/nav2_msgs/include/nav2_msgs/nav2_msgs/msg/costmap_update.h
[5.223s] -- Up-to-date symlink: /home/brilliant/ros2_ws/install/nav2_msgs/include/nav2_msgs/nav2_msgs/msg/detail/behavior_tree_log__functions.h
[5.231s] -- Up-to-date symlink: /home/brilliant/ros2_ws/install/nav2_msgs/include/nav2_msgs/nav2_msgs/msg/detail/behavior_tree_log__struct.h
[5.232s] -- Up-to-date symlink: /home/brilliant/ros2_ws/install/nav2_msgs/include/nav2_msgs/nav2_msgs/msg/detail/behavior_tree_log__type_support.h
[5.232s] -- Up-to-date symlink: /home/brilliant/ros2_ws/install/nav2_msgs/include/nav2_msgs/nav2_msgs/msg/detail/behavior_tree_status_change__functions.h
[5.234s] -- Up-to-date symlink: /home/brilliant/ros2_ws/install/nav2_msgs/include/nav2_msgs/nav2_msgs/msg/detail/behavior_tree_status_change__struct.h
[5.234s] -- Up-to-date symlink: /home/brilliant/ros2_ws/install/nav2_msgs/include/nav2_msgs/nav2_msgs/msg/detail/behavior_tree_status_change__type_support.h
[5.235s] -- Up-to-date symlink: /home/brilliant/ros2_ws/install/nav2_msgs/include/nav2_msgs/nav2_msgs/msg/detail/collision_detector_state__functions.h
[5.235s] -- Up-to-date symlink: /home/brilliant/ros2_ws/install/nav2_msgs/include/nav2_msgs/nav2_msgs/msg/detail/collision_detector_state__struct.h
[5.235s] -- Up-to-date symlink: /home/brilliant/ros2_ws/install/nav2_msgs/include/nav2_msgs/nav2_msgs/msg/detail/collision_detector_state__type_support.h
[5.235s] -- Up-to-date symlink: /home/brilliant/ros2_ws/install/nav2_msgs/include/nav2_msgs/nav2_msgs/msg/detail/collision_monitor_state__functions.h
[5.236s] -- Up-to-date symlink: /home/brilliant/ros2_ws/install/nav2_msgs/include/nav2_msgs/nav2_msgs/msg/detail/collision_monitor_state__struct.h
[5.236s] -- Up-to-date symlink: /home/brilliant/ros2_ws/install/nav2_msgs/include/nav2_msgs/nav2_msgs/msg/detail/collision_monitor_state__type_support.h
[5.236s] -- Up-to-date symlink: /home/brilliant/ros2_ws/install/nav2_msgs/include/nav2_msgs/nav2_msgs/msg/detail/costmap__functions.h
[5.236s] -- Up-to-date symlink: /home/brilliant/ros2_ws/install/nav2_msgs/include/nav2_msgs/nav2_msgs/msg/detail/costmap__struct.h
[5.244s] -- Up-to-date symlink: /home/brilliant/ros2_ws/install/nav2_msgs/include/nav2_msgs/nav2_msgs/msg/detail/costmap__type_support.h
[5.244s] -- Up-to-date symlink: /home/brilliant/ros2_ws/install/nav2_msgs/include/nav2_msgs/nav2_msgs/msg/detail/costmap_filter_info__functions.h
[5.245s] -- Up-to-date symlink: /home/brilliant/ros2_ws/install/nav2_msgs/include/nav2_msgs/nav2_msgs/msg/detail/costmap_filter_info__struct.h
[5.245s] -- Up-to-date symlink: /home/brilliant/ros2_ws/install/nav2_msgs/include/nav2_msgs/nav2_msgs/msg/detail/costmap_filter_info__type_support.h
[5.246s] -- Up-to-date symlink: /home/brilliant/ros2_ws/install/nav2_msgs/include/nav2_msgs/nav2_msgs/msg/detail/costmap_meta_data__functions.h
[5.246s] -- Up-to-date symlink: /home/brilliant/ros2_ws/install/nav2_msgs/include/nav2_msgs/nav2_msgs/msg/detail/costmap_meta_data__struct.h
[5.247s] -- Up-to-date symlink: /home/brilliant/ros2_ws/install/nav2_msgs/include/nav2_msgs/nav2_msgs/msg/detail/costmap_meta_data__type_support.h
[5.247s] -- Up-to-date symlink: /home/brilliant/ros2_ws/install/nav2_msgs/include/nav2_msgs/nav2_msgs/msg/detail/costmap_update__functions.h
[5.248s] -- Up-to-date symlink: /home/brilliant/ros2_ws/install/nav2_msgs/include/nav2_msgs/nav2_msgs/msg/detail/costmap_update__struct.h
[5.248s] -- Up-to-date symlink: /home/brilliant/ros2_ws/install/nav2_msgs/include/nav2_msgs/nav2_msgs/msg/detail/costmap_update__type_support.h
[5.248s] -- Up-to-date symlink: /home/brilliant/ros2_ws/install/nav2_msgs/include/nav2_msgs/nav2_msgs/msg/detail/missed_waypoint__functions.h
[5.249s] -- Up-to-date symlink: /home/brilliant/ros2_ws/install/nav2_msgs/include/nav2_msgs/nav2_msgs/msg/detail/missed_waypoint__struct.h
[5.249s] -- Up-to-date symlink: /home/brilliant/ros2_ws/install/nav2_msgs/include/nav2_msgs/nav2_msgs/msg/detail/missed_waypoint__type_support.h
[5.249s] -- Up-to-date symlink: /home/brilliant/ros2_ws/install/nav2_msgs/include/nav2_msgs/nav2_msgs/msg/detail/particle__functions.h
[5.249s] -- Up-to-date symlink: /home/brilliant/ros2_ws/install/nav2_msgs/include/nav2_msgs/nav2_msgs/msg/detail/particle__struct.h
[5.250s] -- Up-to-date symlink: /home/brilliant/ros2_ws/install/nav2_msgs/include/nav2_msgs/nav2_msgs/msg/detail/particle__type_support.h
[5.250s] -- Up-to-date symlink: /home/brilliant/ros2_ws/install/nav2_msgs/include/nav2_msgs/nav2_msgs/msg/detail/particle_cloud__functions.h
[5.250s] -- Up-to-date symlink: /home/brilliant/ros2_ws/install/nav2_msgs/include/nav2_msgs/nav2_msgs/msg/detail/particle_cloud__struct.h
[5.251s] -- Up-to-date symlink: /home/brilliant/ros2_ws/install/nav2_msgs/include/nav2_msgs/nav2_msgs/msg/detail/particle_cloud__type_support.h
[5.251s] -- Up-to-date symlink: /home/brilliant/ros2_ws/install/nav2_msgs/include/nav2_msgs/nav2_msgs/msg/detail/speed_limit__functions.h
[5.251s] -- Up-to-date symlink: /home/brilliant/ros2_ws/install/nav2_msgs/include/nav2_msgs/nav2_msgs/msg/detail/speed_limit__struct.h
[5.251s] -- Up-to-date symlink: /home/brilliant/ros2_ws/install/nav2_msgs/include/nav2_msgs/nav2_msgs/msg/detail/speed_limit__type_support.h
[5.256s] -- Up-to-date symlink: /home/brilliant/ros2_ws/install/nav2_msgs/include/nav2_msgs/nav2_msgs/msg/detail/voxel_grid__functions.h
[5.256s] -- Up-to-date symlink: /home/brilliant/ros2_ws/install/nav2_msgs/include/nav2_msgs/nav2_msgs/msg/detail/voxel_grid__struct.h
[5.257s] -- Up-to-date symlink: /home/brilliant/ros2_ws/install/nav2_msgs/include/nav2_msgs/nav2_msgs/msg/detail/voxel_grid__type_support.h
[5.257s] -- Up-to-date symlink: /home/brilliant/ros2_ws/install/nav2_msgs/include/nav2_msgs/nav2_msgs/msg/missed_waypoint.h
[5.257s] -- Up-to-date symlink: /home/brilliant/ros2_ws/install/nav2_msgs/include/nav2_msgs/nav2_msgs/msg/particle.h
[5.257s] -- Up-to-date symlink: /home/brilliant/ros2_ws/install/nav2_msgs/include/nav2_msgs/nav2_msgs/msg/particle_cloud.h
[5.258s] -- Up-to-date symlink: /home/brilliant/ros2_ws/install/nav2_msgs/include/nav2_msgs/nav2_msgs/msg/rosidl_generator_c__visibility_control.h
[5.258s] -- Up-to-date symlink: /home/brilliant/ros2_ws/install/nav2_msgs/include/nav2_msgs/nav2_msgs/msg/speed_limit.h
[5.258s] -- Up-to-date symlink: /home/brilliant/ros2_ws/install/nav2_msgs/include/nav2_msgs/nav2_msgs/msg/voxel_grid.h
[5.261s] -- Up-to-date symlink: /home/brilliant/ros2_ws/install/nav2_msgs/include/nav2_msgs/nav2_msgs/srv/clear_costmap_around_pose.h
[5.261s] -- Up-to-date symlink: /home/brilliant/ros2_ws/install/nav2_msgs/include/nav2_msgs/nav2_msgs/srv/clear_costmap_around_robot.h
[5.262s] -- Up-to-date symlink: /home/brilliant/ros2_ws/install/nav2_msgs/include/nav2_msgs/nav2_msgs/srv/clear_costmap_except_region.h
[5.262s] -- Up-to-date symlink: /home/brilliant/ros2_ws/install/nav2_msgs/include/nav2_msgs/nav2_msgs/srv/clear_entire_costmap.h
[5.262s] -- Up-to-date symlink: /home/brilliant/ros2_ws/install/nav2_msgs/include/nav2_msgs/nav2_msgs/srv/detail/clear_costmap_around_pose__functions.h
[5.263s] -- Up-to-date symlink: /home/brilliant/ros2_ws/install/nav2_msgs/include/nav2_msgs/nav2_msgs/srv/detail/clear_costmap_around_pose__struct.h
[5.263s] -- Up-to-date symlink: /home/brilliant/ros2_ws/install/nav2_msgs/include/nav2_msgs/nav2_msgs/srv/detail/clear_costmap_around_pose__type_support.h
[5.265s] -- Up-to-date symlink: /home/brilliant/ros2_ws/install/nav2_msgs/include/nav2_msgs/nav2_msgs/srv/detail/clear_costmap_around_robot__functions.h
[5.266s] -- Up-to-date symlink: /home/brilliant/ros2_ws/install/nav2_msgs/include/nav2_msgs/nav2_msgs/srv/detail/clear_costmap_around_robot__struct.h
[5.269s] -- Up-to-date symlink: /home/brilliant/ros2_ws/install/nav2_msgs/include/nav2_msgs/nav2_msgs/srv/detail/clear_costmap_around_robot__type_support.h
[5.269s] -- Up-to-date symlink: /home/brilliant/ros2_ws/install/nav2_msgs/include/nav2_msgs/nav2_msgs/srv/detail/clear_costmap_except_region__functions.h
[5.269s] -- Up-to-date symlink: /home/brilliant/ros2_ws/install/nav2_msgs/include/nav2_msgs/nav2_msgs/srv/detail/clear_costmap_except_region__struct.h
[5.269s] -- Up-to-date symlink: /home/brilliant/ros2_ws/install/nav2_msgs/include/nav2_msgs/nav2_msgs/srv/detail/clear_costmap_except_region__type_support.h
[5.270s] -- Up-to-date symlink: /home/brilliant/ros2_ws/install/nav2_msgs/include/nav2_msgs/nav2_msgs/srv/detail/clear_entire_costmap__functions.h
[5.270s] -- Up-to-date symlink: /home/brilliant/ros2_ws/install/nav2_msgs/include/nav2_msgs/nav2_msgs/srv/detail/clear_entire_costmap__struct.h
[5.270s] -- Up-to-date symlink: /home/brilliant/ros2_ws/install/nav2_msgs/include/nav2_msgs/nav2_msgs/srv/detail/clear_entire_costmap__type_support.h
[5.270s] -- Up-to-date symlink: /home/brilliant/ros2_ws/install/nav2_msgs/include/nav2_msgs/nav2_msgs/srv/detail/get_cost__functions.h
[5.274s] -- Up-to-date symlink: /home/brilliant/ros2_ws/install/nav2_msgs/include/nav2_msgs/nav2_msgs/srv/detail/get_cost__struct.h
[5.274s] -- Up-to-date symlink: /home/brilliant/ros2_ws/install/nav2_msgs/include/nav2_msgs/nav2_msgs/srv/detail/get_cost__type_support.h
[5.274s] -- Up-to-date symlink: /home/brilliant/ros2_ws/install/nav2_msgs/include/nav2_msgs/nav2_msgs/srv/detail/get_costmap__functions.h
[5.278s] -- Up-to-date symlink: /home/brilliant/ros2_ws/install/nav2_msgs/include/nav2_msgs/nav2_msgs/srv/detail/get_costmap__struct.h
[5.279s] -- Up-to-date symlink: /home/brilliant/ros2_ws/install/nav2_msgs/include/nav2_msgs/nav2_msgs/srv/detail/get_costmap__type_support.h
[5.279s] -- Up-to-date symlink: /home/brilliant/ros2_ws/install/nav2_msgs/include/nav2_msgs/nav2_msgs/srv/detail/is_path_valid__functions.h
[5.283s] -- Up-to-date symlink: /home/brilliant/ros2_ws/install/nav2_msgs/include/nav2_msgs/nav2_msgs/srv/detail/is_path_valid__struct.h
[5.283s] -- Up-to-date symlink: /home/brilliant/ros2_ws/install/nav2_msgs/include/nav2_msgs/nav2_msgs/srv/detail/is_path_valid__type_support.h
[5.285s] -- Up-to-date symlink: /home/brilliant/ros2_ws/install/nav2_msgs/include/nav2_msgs/nav2_msgs/srv/detail/load_map__functions.h
[5.286s] -- Up-to-date symlink: /home/brilliant/ros2_ws/install/nav2_msgs/include/nav2_msgs/nav2_msgs/srv/detail/load_map__struct.h
[5.287s] -- Up-to-date symlink: /home/brilliant/ros2_ws/install/nav2_msgs/include/nav2_msgs/nav2_msgs/srv/detail/load_map__type_support.h
[5.288s] -- Up-to-date symlink: /home/brilliant/ros2_ws/install/nav2_msgs/include/nav2_msgs/nav2_msgs/srv/detail/manage_lifecycle_nodes__functions.h
[5.290s] -- Up-to-date symlink: /home/brilliant/ros2_ws/install/nav2_msgs/include/nav2_msgs/nav2_msgs/srv/detail/manage_lifecycle_nodes__struct.h
[5.291s] -- Up-to-date symlink: /home/brilliant/ros2_ws/install/nav2_msgs/include/nav2_msgs/nav2_msgs/srv/detail/manage_lifecycle_nodes__type_support.h
[5.291s] -- Up-to-date symlink: /home/brilliant/ros2_ws/install/nav2_msgs/include/nav2_msgs/nav2_msgs/srv/detail/reload_dock_database__functions.h
[5.292s] -- Up-to-date symlink: /home/brilliant/ros2_ws/install/nav2_msgs/include/nav2_msgs/nav2_msgs/srv/detail/reload_dock_database__struct.h
[5.292s] -- Up-to-date symlink: /home/brilliant/ros2_ws/install/nav2_msgs/include/nav2_msgs/nav2_msgs/srv/detail/reload_dock_database__type_support.h
[5.292s] -- Up-to-date symlink: /home/brilliant/ros2_ws/install/nav2_msgs/include/nav2_msgs/nav2_msgs/srv/detail/save_map__functions.h
[5.296s] -- Up-to-date symlink: /home/brilliant/ros2_ws/install/nav2_msgs/include/nav2_msgs/nav2_msgs/srv/detail/save_map__struct.h
[5.296s] -- Up-to-date symlink: /home/brilliant/ros2_ws/install/nav2_msgs/include/nav2_msgs/nav2_msgs/srv/detail/save_map__type_support.h
[5.299s] -- Up-to-date symlink: /home/brilliant/ros2_ws/install/nav2_msgs/include/nav2_msgs/nav2_msgs/srv/detail/set_initial_pose__functions.h
[5.299s] -- Up-to-date symlink: /home/brilliant/ros2_ws/install/nav2_msgs/include/nav2_msgs/nav2_msgs/srv/detail/set_initial_pose__struct.h
[5.299s] -- Up-to-date symlink: /home/brilliant/ros2_ws/install/nav2_msgs/include/nav2_msgs/nav2_msgs/srv/detail/set_initial_pose__type_support.h
[5.299s] -- Up-to-date symlink: /home/brilliant/ros2_ws/install/nav2_msgs/include/nav2_msgs/nav2_msgs/srv/get_cost.h
[5.306s] -- Up-to-date symlink: /home/brilliant/ros2_ws/install/nav2_msgs/include/nav2_msgs/nav2_msgs/srv/get_costmap.h
[5.306s] -- Up-to-date symlink: /home/brilliant/ros2_ws/install/nav2_msgs/include/nav2_msgs/nav2_msgs/srv/is_path_valid.h
[5.306s] -- Up-to-date symlink: /home/brilliant/ros2_ws/install/nav2_msgs/include/nav2_msgs/nav2_msgs/srv/load_map.h
[5.307s] -- Up-to-date symlink: /home/brilliant/ros2_ws/install/nav2_msgs/include/nav2_msgs/nav2_msgs/srv/manage_lifecycle_nodes.h
[5.307s] -- Up-to-date symlink: /home/brilliant/ros2_ws/install/nav2_msgs/include/nav2_msgs/nav2_msgs/srv/reload_dock_database.h
[5.310s] -- Up-to-date symlink: /home/brilliant/ros2_ws/install/nav2_msgs/include/nav2_msgs/nav2_msgs/srv/save_map.h
[5.310s] -- Up-to-date symlink: /home/brilliant/ros2_ws/install/nav2_msgs/include/nav2_msgs/nav2_msgs/srv/set_initial_pose.h
[5.310s] -- Up-to-date symlink: /home/brilliant/ros2_ws/install/nav2_msgs/share/nav2_msgs/environment/library_path.sh
[5.310s] -- Up-to-date symlink: /home/brilliant/ros2_ws/install/nav2_msgs/share/nav2_msgs/environment/library_path.dsv
[5.320s] -- Up-to-date symlink: /home/brilliant/ros2_ws/install/nav2_msgs/include/nav2_msgs/nav2_msgs/action/detail/assisted_teleop__rosidl_typesupport_fastrtps_c.h
[5.321s] -- Up-to-date symlink: /home/brilliant/ros2_ws/install/nav2_msgs/include/nav2_msgs/nav2_msgs/action/detail/back_up__rosidl_typesupport_fastrtps_c.h
[5.321s] -- Up-to-date symlink: /home/brilliant/ros2_ws/install/nav2_msgs/include/nav2_msgs/nav2_msgs/action/detail/compute_path_through_poses__rosidl_typesupport_fastrtps_c.h
[5.321s] -- Up-to-date symlink: /home/brilliant/ros2_ws/install/nav2_msgs/include/nav2_msgs/nav2_msgs/action/detail/compute_path_to_pose__rosidl_typesupport_fastrtps_c.h
[5.325s] -- Up-to-date symlink: /home/brilliant/ros2_ws/install/nav2_msgs/include/nav2_msgs/nav2_msgs/action/detail/dock_robot__rosidl_typesupport_fastrtps_c.h
[5.326s] -- Up-to-date symlink: /home/brilliant/ros2_ws/install/nav2_msgs/include/nav2_msgs/nav2_msgs/action/detail/drive_on_heading__rosidl_typesupport_fastrtps_c.h
[5.327s] -- Up-to-date symlink: /home/brilliant/ros2_ws/install/nav2_msgs/include/nav2_msgs/nav2_msgs/action/detail/dummy_behavior__rosidl_typesupport_fastrtps_c.h
[5.328s] -- Up-to-date symlink: /home/brilliant/ros2_ws/install/nav2_msgs/include/nav2_msgs/nav2_msgs/action/detail/follow_gps_waypoints__rosidl_typesupport_fastrtps_c.h
[5.328s] -- Up-to-date symlink: /home/brilliant/ros2_ws/install/nav2_msgs/include/nav2_msgs/nav2_msgs/action/detail/follow_path__rosidl_typesupport_fastrtps_c.h
[5.335s] -- Up-to-date symlink: /home/brilliant/ros2_ws/install/nav2_msgs/include/nav2_msgs/nav2_msgs/action/detail/follow_waypoints__rosidl_typesupport_fastrtps_c.h
[5.335s] -- Up-to-date symlink: /home/brilliant/ros2_ws/install/nav2_msgs/include/nav2_msgs/nav2_msgs/action/detail/navigate_through_poses__rosidl_typesupport_fastrtps_c.h
[5.335s] -- Up-to-date symlink: /home/brilliant/ros2_ws/install/nav2_msgs/include/nav2_msgs/nav2_msgs/action/detail/navigate_to_pose__rosidl_typesupport_fastrtps_c.h
[5.335s] -- Up-to-date symlink: /home/brilliant/ros2_ws/install/nav2_msgs/include/nav2_msgs/nav2_msgs/action/detail/smooth_path__rosidl_typesupport_fastrtps_c.h
[5.336s] -- Up-to-date symlink: /home/brilliant/ros2_ws/install/nav2_msgs/include/nav2_msgs/nav2_msgs/action/detail/spin__rosidl_typesupport_fastrtps_c.h
[5.336s] -- Up-to-date symlink: /home/brilliant/ros2_ws/install/nav2_msgs/include/nav2_msgs/nav2_msgs/action/detail/undock_robot__rosidl_typesupport_fastrtps_c.h
[5.336s] -- Up-to-date symlink: /home/brilliant/ros2_ws/install/nav2_msgs/include/nav2_msgs/nav2_msgs/action/detail/wait__rosidl_typesupport_fastrtps_c.h
[5.336s] -- Up-to-date symlink: /home/brilliant/ros2_ws/install/nav2_msgs/include/nav2_msgs/nav2_msgs/msg/detail/behavior_tree_log__rosidl_typesupport_fastrtps_c.h
[5.337s] -- Up-to-date symlink: /home/brilliant/ros2_ws/install/nav2_msgs/include/nav2_msgs/nav2_msgs/msg/detail/behavior_tree_status_change__rosidl_typesupport_fastrtps_c.h
[5.338s] -- Up-to-date symlink: /home/brilliant/ros2_ws/install/nav2_msgs/include/nav2_msgs/nav2_msgs/msg/detail/collision_detector_state__rosidl_typesupport_fastrtps_c.h
[5.339s] -- Up-to-date symlink: /home/brilliant/ros2_ws/install/nav2_msgs/include/nav2_msgs/nav2_msgs/msg/detail/collision_monitor_state__rosidl_typesupport_fastrtps_c.h
[5.340s] -- Up-to-date symlink: /home/brilliant/ros2_ws/install/nav2_msgs/include/nav2_msgs/nav2_msgs/msg/detail/costmap__rosidl_typesupport_fastrtps_c.h
[5.341s] -- Up-to-date symlink: /home/brilliant/ros2_ws/install/nav2_msgs/include/nav2_msgs/nav2_msgs/msg/detail/costmap_filter_info__rosidl_typesupport_fastrtps_c.h
[5.345s] -- Up-to-date symlink: /home/brilliant/ros2_ws/install/nav2_msgs/include/nav2_msgs/nav2_msgs/msg/detail/costmap_meta_data__rosidl_typesupport_fastrtps_c.h
[5.347s] -- Up-to-date symlink: /home/brilliant/ros2_ws/install/nav2_msgs/include/nav2_msgs/nav2_msgs/msg/detail/costmap_update__rosidl_typesupport_fastrtps_c.h
[5.347s] -- Up-to-date symlink: /home/brilliant/ros2_ws/install/nav2_msgs/include/nav2_msgs/nav2_msgs/msg/detail/missed_waypoint__rosidl_typesupport_fastrtps_c.h
[5.347s] -- Up-to-date symlink: /home/brilliant/ros2_ws/install/nav2_msgs/include/nav2_msgs/nav2_msgs/msg/detail/particle__rosidl_typesupport_fastrtps_c.h
[5.348s] -- Up-to-date symlink: /home/brilliant/ros2_ws/install/nav2_msgs/include/nav2_msgs/nav2_msgs/msg/detail/particle_cloud__rosidl_typesupport_fastrtps_c.h
[5.348s] -- Up-to-date symlink: /home/brilliant/ros2_ws/install/nav2_msgs/include/nav2_msgs/nav2_msgs/msg/detail/speed_limit__rosidl_typesupport_fastrtps_c.h
[5.348s] -- Up-to-date symlink: /home/brilliant/ros2_ws/install/nav2_msgs/include/nav2_msgs/nav2_msgs/msg/detail/voxel_grid__rosidl_typesupport_fastrtps_c.h
[5.349s] -- Up-to-date symlink: /home/brilliant/ros2_ws/install/nav2_msgs/include/nav2_msgs/nav2_msgs/msg/rosidl_typesupport_fastrtps_c__visibility_control.h
[5.350s] -- Up-to-date symlink: /home/brilliant/ros2_ws/install/nav2_msgs/include/nav2_msgs/nav2_msgs/srv/detail/clear_costmap_around_pose__rosidl_typesupport_fastrtps_c.h
[5.352s] -- Up-to-date symlink: /home/brilliant/ros2_ws/install/nav2_msgs/include/nav2_msgs/nav2_msgs/srv/detail/clear_costmap_around_robot__rosidl_typesupport_fastrtps_c.h
[5.357s] -- Up-to-date symlink: /home/brilliant/ros2_ws/install/nav2_msgs/include/nav2_msgs/nav2_msgs/srv/detail/clear_costmap_except_region__rosidl_typesupport_fastrtps_c.h
[5.357s] -- Up-to-date symlink: /home/brilliant/ros2_ws/install/nav2_msgs/include/nav2_msgs/nav2_msgs/srv/detail/clear_entire_costmap__rosidl_typesupport_fastrtps_c.h
[5.358s] -- Up-to-date symlink: /home/brilliant/ros2_ws/install/nav2_msgs/include/nav2_msgs/nav2_msgs/srv/detail/get_cost__rosidl_typesupport_fastrtps_c.h
[5.358s] -- Up-to-date symlink: /home/brilliant/ros2_ws/install/nav2_msgs/include/nav2_msgs/nav2_msgs/srv/detail/get_costmap__rosidl_typesupport_fastrtps_c.h
[5.358s] -- Up-to-date symlink: /home/brilliant/ros2_ws/install/nav2_msgs/include/nav2_msgs/nav2_msgs/srv/detail/is_path_valid__rosidl_typesupport_fastrtps_c.h
[5.359s] -- Up-to-date symlink: /home/brilliant/ros2_ws/install/nav2_msgs/include/nav2_msgs/nav2_msgs/srv/detail/load_map__rosidl_typesupport_fastrtps_c.h
[5.362s] -- Up-to-date symlink: /home/brilliant/ros2_ws/install/nav2_msgs/include/nav2_msgs/nav2_msgs/srv/detail/manage_lifecycle_nodes__rosidl_typesupport_fastrtps_c.h
[5.362s] -- Up-to-date symlink: /home/brilliant/ros2_ws/install/nav2_msgs/include/nav2_msgs/nav2_msgs/srv/detail/reload_dock_database__rosidl_typesupport_fastrtps_c.h
[5.362s] -- Up-to-date symlink: /home/brilliant/ros2_ws/install/nav2_msgs/include/nav2_msgs/nav2_msgs/srv/detail/save_map__rosidl_typesupport_fastrtps_c.h
[5.369s] -- Up-to-date symlink: /home/brilliant/ros2_ws/install/nav2_msgs/include/nav2_msgs/nav2_msgs/srv/detail/set_initial_pose__rosidl_typesupport_fastrtps_c.h
[5.379s] -- Up-to-date symlink: /home/brilliant/ros2_ws/install/nav2_msgs/include/nav2_msgs/nav2_msgs/action/assisted_teleop.hpp
[5.380s] -- Up-to-date symlink: /home/brilliant/ros2_ws/install/nav2_msgs/include/nav2_msgs/nav2_msgs/action/back_up.hpp
[5.380s] -- Up-to-date symlink: /home/brilliant/ros2_ws/install/nav2_msgs/include/nav2_msgs/nav2_msgs/action/compute_path_through_poses.hpp
[5.381s] -- Up-to-date symlink: /home/brilliant/ros2_ws/install/nav2_msgs/include/nav2_msgs/nav2_msgs/action/compute_path_to_pose.hpp
[5.385s] -- Up-to-date symlink: /home/brilliant/ros2_ws/install/nav2_msgs/include/nav2_msgs/nav2_msgs/action/detail/assisted_teleop__builder.hpp
[5.385s] -- Up-to-date symlink: /home/brilliant/ros2_ws/install/nav2_msgs/include/nav2_msgs/nav2_msgs/action/detail/assisted_teleop__struct.hpp
[5.385s] -- Up-to-date symlink: /home/brilliant/ros2_ws/install/nav2_msgs/include/nav2_msgs/nav2_msgs/action/detail/assisted_teleop__traits.hpp
[5.386s] -- Up-to-date symlink: /home/brilliant/ros2_ws/install/nav2_msgs/include/nav2_msgs/nav2_msgs/action/detail/assisted_teleop__type_support.hpp
[5.386s] -- Up-to-date symlink: /home/brilliant/ros2_ws/install/nav2_msgs/include/nav2_msgs/nav2_msgs/action/detail/back_up__builder.hpp
[5.387s] -- Up-to-date symlink: /home/brilliant/ros2_ws/install/nav2_msgs/include/nav2_msgs/nav2_msgs/action/detail/back_up__struct.hpp
[5.389s] -- Up-to-date symlink: /home/brilliant/ros2_ws/install/nav2_msgs/include/nav2_msgs/nav2_msgs/action/detail/back_up__traits.hpp
[5.389s] -- Up-to-date symlink: /home/brilliant/ros2_ws/install/nav2_msgs/include/nav2_msgs/nav2_msgs/action/detail/back_up__type_support.hpp
[5.390s] -- Up-to-date symlink: /home/brilliant/ros2_ws/install/nav2_msgs/include/nav2_msgs/nav2_msgs/action/detail/compute_path_through_poses__builder.hpp
[5.393s] -- Up-to-date symlink: /home/brilliant/ros2_ws/install/nav2_msgs/include/nav2_msgs/nav2_msgs/action/detail/compute_path_through_poses__struct.hpp
[5.394s] -- Up-to-date symlink: /home/brilliant/ros2_ws/install/nav2_msgs/include/nav2_msgs/nav2_msgs/action/detail/compute_path_through_poses__traits.hpp
[5.395s] -- Up-to-date symlink: /home/brilliant/ros2_ws/install/nav2_msgs/include/nav2_msgs/nav2_msgs/action/detail/compute_path_through_poses__type_support.hpp
[5.395s] -- Up-to-date symlink: /home/brilliant/ros2_ws/install/nav2_msgs/include/nav2_msgs/nav2_msgs/action/detail/compute_path_to_pose__builder.hpp
[5.395s] -- Up-to-date symlink: /home/brilliant/ros2_ws/install/nav2_msgs/include/nav2_msgs/nav2_msgs/action/detail/compute_path_to_pose__struct.hpp
[5.396s] -- Up-to-date symlink: /home/brilliant/ros2_ws/install/nav2_msgs/include/nav2_msgs/nav2_msgs/action/detail/compute_path_to_pose__traits.hpp
[5.396s] -- Up-to-date symlink: /home/brilliant/ros2_ws/install/nav2_msgs/include/nav2_msgs/nav2_msgs/action/detail/compute_path_to_pose__type_support.hpp
[5.401s] -- Up-to-date symlink: /home/brilliant/ros2_ws/install/nav2_msgs/include/nav2_msgs/nav2_msgs/action/detail/dock_robot__builder.hpp
[5.401s] -- Up-to-date symlink: /home/brilliant/ros2_ws/install/nav2_msgs/include/nav2_msgs/nav2_msgs/action/detail/dock_robot__struct.hpp
[5.402s] -- Up-to-date symlink: /home/brilliant/ros2_ws/install/nav2_msgs/include/nav2_msgs/nav2_msgs/action/detail/dock_robot__traits.hpp
[5.402s] -- Up-to-date symlink: /home/brilliant/ros2_ws/install/nav2_msgs/include/nav2_msgs/nav2_msgs/action/detail/dock_robot__type_support.hpp
[5.403s] -- Up-to-date symlink: /home/brilliant/ros2_ws/install/nav2_msgs/include/nav2_msgs/nav2_msgs/action/detail/drive_on_heading__builder.hpp
[5.406s] -- Up-to-date symlink: /home/brilliant/ros2_ws/install/nav2_msgs/include/nav2_msgs/nav2_msgs/action/detail/drive_on_heading__struct.hpp
[5.407s] -- Up-to-date symlink: /home/brilliant/ros2_ws/install/nav2_msgs/include/nav2_msgs/nav2_msgs/action/detail/drive_on_heading__traits.hpp
[5.408s] -- Up-to-date symlink: /home/brilliant/ros2_ws/install/nav2_msgs/include/nav2_msgs/nav2_msgs/action/detail/drive_on_heading__type_support.hpp
[5.408s] -- Up-to-date symlink: /home/brilliant/ros2_ws/install/nav2_msgs/include/nav2_msgs/nav2_msgs/action/detail/dummy_behavior__builder.hpp
[5.409s] -- Up-to-date symlink: /home/brilliant/ros2_ws/install/nav2_msgs/include/nav2_msgs/nav2_msgs/action/detail/dummy_behavior__struct.hpp
[5.410s] -- Up-to-date symlink: /home/brilliant/ros2_ws/install/nav2_msgs/include/nav2_msgs/nav2_msgs/action/detail/dummy_behavior__traits.hpp
[5.411s] -- Up-to-date symlink: /home/brilliant/ros2_ws/install/nav2_msgs/include/nav2_msgs/nav2_msgs/action/detail/dummy_behavior__type_support.hpp
[5.411s] -- Up-to-date symlink: /home/brilliant/ros2_ws/install/nav2_msgs/include/nav2_msgs/nav2_msgs/action/detail/follow_gps_waypoints__builder.hpp
[5.411s] -- Up-to-date symlink: /home/brilliant/ros2_ws/install/nav2_msgs/include/nav2_msgs/nav2_msgs/action/detail/follow_gps_waypoints__struct.hpp
[5.417s] -- Up-to-date symlink: /home/brilliant/ros2_ws/install/nav2_msgs/include/nav2_msgs/nav2_msgs/action/detail/follow_gps_waypoints__traits.hpp
[5.417s] -- Up-to-date symlink: /home/brilliant/ros2_ws/install/nav2_msgs/include/nav2_msgs/nav2_msgs/action/detail/follow_gps_waypoints__type_support.hpp
[5.418s] -- Up-to-date symlink: /home/brilliant/ros2_ws/install/nav2_msgs/include/nav2_msgs/nav2_msgs/action/detail/follow_path__builder.hpp
[5.419s] -- Up-to-date symlink: /home/brilliant/ros2_ws/install/nav2_msgs/include/nav2_msgs/nav2_msgs/action/detail/follow_path__struct.hpp
[5.419s] -- Up-to-date symlink: /home/brilliant/ros2_ws/install/nav2_msgs/include/nav2_msgs/nav2_msgs/action/detail/follow_path__traits.hpp
[5.425s] -- Up-to-date symlink: /home/brilliant/ros2_ws/install/nav2_msgs/include/nav2_msgs/nav2_msgs/action/detail/follow_path__type_support.hpp
[5.425s] -- Up-to-date symlink: /home/brilliant/ros2_ws/install/nav2_msgs/include/nav2_msgs/nav2_msgs/action/detail/follow_waypoints__builder.hpp
[5.426s] -- Up-to-date symlink: /home/brilliant/ros2_ws/install/nav2_msgs/include/nav2_msgs/nav2_msgs/action/detail/follow_waypoints__struct.hpp
[5.427s] -- Up-to-date symlink: /home/brilliant/ros2_ws/install/nav2_msgs/include/nav2_msgs/nav2_msgs/action/detail/follow_waypoints__traits.hpp
[5.427s] -- Up-to-date symlink: /home/brilliant/ros2_ws/install/nav2_msgs/include/nav2_msgs/nav2_msgs/action/detail/follow_waypoints__type_support.hpp
[5.427s] -- Up-to-date symlink: /home/brilliant/ros2_ws/install/nav2_msgs/include/nav2_msgs/nav2_msgs/action/detail/navigate_through_poses__builder.hpp
[5.427s] -- Up-to-date symlink: /home/brilliant/ros2_ws/install/nav2_msgs/include/nav2_msgs/nav2_msgs/action/detail/navigate_through_poses__struct.hpp
[5.428s] -- Up-to-date symlink: /home/brilliant/ros2_ws/install/nav2_msgs/include/nav2_msgs/nav2_msgs/action/detail/navigate_through_poses__traits.hpp
[5.428s] -- Up-to-date symlink: /home/brilliant/ros2_ws/install/nav2_msgs/include/nav2_msgs/nav2_msgs/action/detail/navigate_through_poses__type_support.hpp
[5.428s] -- Up-to-date symlink: /home/brilliant/ros2_ws/install/nav2_msgs/include/nav2_msgs/nav2_msgs/action/detail/navigate_to_pose__builder.hpp
[5.429s] -- Up-to-date symlink: /home/brilliant/ros2_ws/install/nav2_msgs/include/nav2_msgs/nav2_msgs/action/detail/navigate_to_pose__struct.hpp
[5.429s] -- Up-to-date symlink: /home/brilliant/ros2_ws/install/nav2_msgs/include/nav2_msgs/nav2_msgs/action/detail/navigate_to_pose__traits.hpp
[5.429s] -- Up-to-date symlink: /home/brilliant/ros2_ws/install/nav2_msgs/include/nav2_msgs/nav2_msgs/action/detail/navigate_to_pose__type_support.hpp
[5.436s] -- Up-to-date symlink: /home/brilliant/ros2_ws/install/nav2_msgs/include/nav2_msgs/nav2_msgs/action/detail/smooth_path__builder.hpp
[5.436s] -- Up-to-date symlink: /home/brilliant/ros2_ws/install/nav2_msgs/include/nav2_msgs/nav2_msgs/action/detail/smooth_path__struct.hpp
[5.437s] -- Up-to-date symlink: /home/brilliant/ros2_ws/install/nav2_msgs/include/nav2_msgs/nav2_msgs/action/detail/smooth_path__traits.hpp
[5.437s] -- Up-to-date symlink: /home/brilliant/ros2_ws/install/nav2_msgs/include/nav2_msgs/nav2_msgs/action/detail/smooth_path__type_support.hpp
[5.437s] -- Up-to-date symlink: /home/brilliant/ros2_ws/install/nav2_msgs/include/nav2_msgs/nav2_msgs/action/detail/spin__builder.hpp
[5.440s] -- Up-to-date symlink: /home/brilliant/ros2_ws/install/nav2_msgs/include/nav2_msgs/nav2_msgs/action/detail/spin__struct.hpp
[5.443s] -- Up-to-date symlink: /home/brilliant/ros2_ws/install/nav2_msgs/include/nav2_msgs/nav2_msgs/action/detail/spin__traits.hpp
[5.443s] -- Up-to-date symlink: /home/brilliant/ros2_ws/install/nav2_msgs/include/nav2_msgs/nav2_msgs/action/detail/spin__type_support.hpp
[5.443s] -- Up-to-date symlink: /home/brilliant/ros2_ws/install/nav2_msgs/include/nav2_msgs/nav2_msgs/action/detail/undock_robot__builder.hpp
[5.444s] -- Up-to-date symlink: /home/brilliant/ros2_ws/install/nav2_msgs/include/nav2_msgs/nav2_msgs/action/detail/undock_robot__struct.hpp
[5.445s] -- Up-to-date symlink: /home/brilliant/ros2_ws/install/nav2_msgs/include/nav2_msgs/nav2_msgs/action/detail/undock_robot__traits.hpp
[5.446s] -- Up-to-date symlink: /home/brilliant/ros2_ws/install/nav2_msgs/include/nav2_msgs/nav2_msgs/action/detail/undock_robot__type_support.hpp
[5.446s] -- Up-to-date symlink: /home/brilliant/ros2_ws/install/nav2_msgs/include/nav2_msgs/nav2_msgs/action/detail/wait__builder.hpp
[5.447s] -- Up-to-date symlink: /home/brilliant/ros2_ws/install/nav2_msgs/include/nav2_msgs/nav2_msgs/action/detail/wait__struct.hpp
[5.448s] -- Up-to-date symlink: /home/brilliant/ros2_ws/install/nav2_msgs/include/nav2_msgs/nav2_msgs/action/detail/wait__traits.hpp
[5.449s] -- Up-to-date symlink: /home/brilliant/ros2_ws/install/nav2_msgs/include/nav2_msgs/nav2_msgs/action/detail/wait__type_support.hpp
[5.449s] -- Up-to-date symlink: /home/brilliant/ros2_ws/install/nav2_msgs/include/nav2_msgs/nav2_msgs/action/dock_robot.hpp
[5.449s] -- Up-to-date symlink: /home/brilliant/ros2_ws/install/nav2_msgs/include/nav2_msgs/nav2_msgs/action/drive_on_heading.hpp
[5.449s] -- Up-to-date symlink: /home/brilliant/ros2_ws/install/nav2_msgs/include/nav2_msgs/nav2_msgs/action/dummy_behavior.hpp
[5.450s] -- Up-to-date symlink: /home/brilliant/ros2_ws/install/nav2_msgs/include/nav2_msgs/nav2_msgs/action/follow_gps_waypoints.hpp
[5.450s] -- Up-to-date symlink: /home/brilliant/ros2_ws/install/nav2_msgs/include/nav2_msgs/nav2_msgs/action/follow_path.hpp
[5.450s] -- Up-to-date symlink: /home/brilliant/ros2_ws/install/nav2_msgs/include/nav2_msgs/nav2_msgs/action/follow_waypoints.hpp
[5.456s] -- Up-to-date symlink: /home/brilliant/ros2_ws/install/nav2_msgs/include/nav2_msgs/nav2_msgs/action/navigate_through_poses.hpp
[5.457s] -- Up-to-date symlink: /home/brilliant/ros2_ws/install/nav2_msgs/include/nav2_msgs/nav2_msgs/action/navigate_to_pose.hpp
[5.457s] -- Up-to-date symlink: /home/brilliant/ros2_ws/install/nav2_msgs/include/nav2_msgs/nav2_msgs/action/smooth_path.hpp
[5.458s] -- Up-to-date symlink: /home/brilliant/ros2_ws/install/nav2_msgs/include/nav2_msgs/nav2_msgs/action/spin.hpp
[5.458s] -- Up-to-date symlink: /home/brilliant/ros2_ws/install/nav2_msgs/include/nav2_msgs/nav2_msgs/action/undock_robot.hpp
[5.458s] -- Up-to-date symlink: /home/brilliant/ros2_ws/install/nav2_msgs/include/nav2_msgs/nav2_msgs/action/wait.hpp
[5.458s] -- Up-to-date symlink: /home/brilliant/ros2_ws/install/nav2_msgs/include/nav2_msgs/nav2_msgs/msg/behavior_tree_log.hpp
[5.458s] -- Up-to-date symlink: /home/brilliant/ros2_ws/install/nav2_msgs/include/nav2_msgs/nav2_msgs/msg/behavior_tree_status_change.hpp
[5.459s] -- Up-to-date symlink: /home/brilliant/ros2_ws/install/nav2_msgs/include/nav2_msgs/nav2_msgs/msg/collision_detector_state.hpp
[5.459s] -- Up-to-date symlink: /home/brilliant/ros2_ws/install/nav2_msgs/include/nav2_msgs/nav2_msgs/msg/collision_monitor_state.hpp
[5.461s] -- Up-to-date symlink: /home/brilliant/ros2_ws/install/nav2_msgs/include/nav2_msgs/nav2_msgs/msg/costmap.hpp
[5.461s] -- Up-to-date symlink: /home/brilliant/ros2_ws/install/nav2_msgs/include/nav2_msgs/nav2_msgs/msg/costmap_filter_info.hpp
[5.461s] -- Up-to-date symlink: /home/brilliant/ros2_ws/install/nav2_msgs/include/nav2_msgs/nav2_msgs/msg/costmap_meta_data.hpp
[5.461s] -- Up-to-date symlink: /home/brilliant/ros2_ws/install/nav2_msgs/include/nav2_msgs/nav2_msgs/msg/costmap_update.hpp
[5.465s] -- Up-to-date symlink: /home/brilliant/ros2_ws/install/nav2_msgs/include/nav2_msgs/nav2_msgs/msg/detail/behavior_tree_log__builder.hpp
[5.465s] -- Up-to-date symlink: /home/brilliant/ros2_ws/install/nav2_msgs/include/nav2_msgs/nav2_msgs/msg/detail/behavior_tree_log__struct.hpp
[5.466s] -- Up-to-date symlink: /home/brilliant/ros2_ws/install/nav2_msgs/include/nav2_msgs/nav2_msgs/msg/detail/behavior_tree_log__traits.hpp
[5.466s] -- Up-to-date symlink: /home/brilliant/ros2_ws/install/nav2_msgs/include/nav2_msgs/nav2_msgs/msg/detail/behavior_tree_log__type_support.hpp
[5.468s] -- Up-to-date symlink: /home/brilliant/ros2_ws/install/nav2_msgs/include/nav2_msgs/nav2_msgs/msg/detail/behavior_tree_status_change__builder.hpp
[5.470s] -- Up-to-date symlink: /home/brilliant/ros2_ws/install/nav2_msgs/include/nav2_msgs/nav2_msgs/msg/detail/behavior_tree_status_change__struct.hpp
[5.474s] -- Up-to-date symlink: /home/brilliant/ros2_ws/install/nav2_msgs/include/nav2_msgs/nav2_msgs/msg/detail/behavior_tree_status_change__traits.hpp
[5.475s] -- Up-to-date symlink: /home/brilliant/ros2_ws/install/nav2_msgs/include/nav2_msgs/nav2_msgs/msg/detail/behavior_tree_status_change__type_support.hpp
[5.476s] -- Up-to-date symlink: /home/brilliant/ros2_ws/install/nav2_msgs/include/nav2_msgs/nav2_msgs/msg/detail/collision_detector_state__builder.hpp
[5.478s] -- Up-to-date symlink: /home/brilliant/ros2_ws/install/nav2_msgs/include/nav2_msgs/nav2_msgs/msg/detail/collision_detector_state__struct.hpp
[5.478s] -- Up-to-date symlink: /home/brilliant/ros2_ws/install/nav2_msgs/include/nav2_msgs/nav2_msgs/msg/detail/collision_detector_state__traits.hpp
[5.478s] -- Up-to-date symlink: /home/brilliant/ros2_ws/install/nav2_msgs/include/nav2_msgs/nav2_msgs/msg/detail/collision_detector_state__type_support.hpp
[5.481s] -- Up-to-date symlink: /home/brilliant/ros2_ws/install/nav2_msgs/include/nav2_msgs/nav2_msgs/msg/detail/collision_monitor_state__builder.hpp
[5.484s] -- Up-to-date symlink: /home/brilliant/ros2_ws/install/nav2_msgs/include/nav2_msgs/nav2_msgs/msg/detail/collision_monitor_state__struct.hpp
[5.485s] -- Up-to-date symlink: /home/brilliant/ros2_ws/install/nav2_msgs/include/nav2_msgs/nav2_msgs/msg/detail/collision_monitor_state__traits.hpp
[5.488s] -- Up-to-date symlink: /home/brilliant/ros2_ws/install/nav2_msgs/include/nav2_msgs/nav2_msgs/msg/detail/collision_monitor_state__type_support.hpp
[5.488s] -- Up-to-date symlink: /home/brilliant/ros2_ws/install/nav2_msgs/include/nav2_msgs/nav2_msgs/msg/detail/costmap__builder.hpp
[5.488s] -- Up-to-date symlink: /home/brilliant/ros2_ws/install/nav2_msgs/include/nav2_msgs/nav2_msgs/msg/detail/costmap__struct.hpp
[5.489s] -- Up-to-date symlink: /home/brilliant/ros2_ws/install/nav2_msgs/include/nav2_msgs/nav2_msgs/msg/detail/costmap__traits.hpp
[5.489s] -- Up-to-date symlink: /home/brilliant/ros2_ws/install/nav2_msgs/include/nav2_msgs/nav2_msgs/msg/detail/costmap__type_support.hpp
[5.490s] -- Up-to-date symlink: /home/brilliant/ros2_ws/install/nav2_msgs/include/nav2_msgs/nav2_msgs/msg/detail/costmap_filter_info__builder.hpp
[5.490s] -- Up-to-date symlink: /home/brilliant/ros2_ws/install/nav2_msgs/include/nav2_msgs/nav2_msgs/msg/detail/costmap_filter_info__struct.hpp
[5.492s] -- Up-to-date symlink: /home/brilliant/ros2_ws/install/nav2_msgs/include/nav2_msgs/nav2_msgs/msg/detail/costmap_filter_info__traits.hpp
[5.493s] -- Up-to-date symlink: /home/brilliant/ros2_ws/install/nav2_msgs/include/nav2_msgs/nav2_msgs/msg/detail/costmap_filter_info__type_support.hpp
[5.493s] -- Up-to-date symlink: /home/brilliant/ros2_ws/install/nav2_msgs/include/nav2_msgs/nav2_msgs/msg/detail/costmap_meta_data__builder.hpp
[5.493s] -- Up-to-date symlink: /home/brilliant/ros2_ws/install/nav2_msgs/include/nav2_msgs/nav2_msgs/msg/detail/costmap_meta_data__struct.hpp
[5.498s] -- Up-to-date symlink: /home/brilliant/ros2_ws/install/nav2_msgs/include/nav2_msgs/nav2_msgs/msg/detail/costmap_meta_data__traits.hpp
[5.498s] -- Up-to-date symlink: /home/brilliant/ros2_ws/install/nav2_msgs/include/nav2_msgs/nav2_msgs/msg/detail/costmap_meta_data__type_support.hpp
[5.498s] -- Up-to-date symlink: /home/brilliant/ros2_ws/install/nav2_msgs/include/nav2_msgs/nav2_msgs/msg/detail/costmap_update__builder.hpp
[5.498s] -- Up-to-date symlink: /home/brilliant/ros2_ws/install/nav2_msgs/include/nav2_msgs/nav2_msgs/msg/detail/costmap_update__struct.hpp
[5.499s] -- Up-to-date symlink: /home/brilliant/ros2_ws/install/nav2_msgs/include/nav2_msgs/nav2_msgs/msg/detail/costmap_update__traits.hpp
[5.499s] -- Up-to-date symlink: /home/brilliant/ros2_ws/install/nav2_msgs/include/nav2_msgs/nav2_msgs/msg/detail/costmap_update__type_support.hpp
[5.501s] -- Up-to-date symlink: /home/brilliant/ros2_ws/install/nav2_msgs/include/nav2_msgs/nav2_msgs/msg/detail/missed_waypoint__builder.hpp
[5.501s] -- Up-to-date symlink: /home/brilliant/ros2_ws/install/nav2_msgs/include/nav2_msgs/nav2_msgs/msg/detail/missed_waypoint__struct.hpp
[5.502s] -- Up-to-date symlink: /home/brilliant/ros2_ws/install/nav2_msgs/include/nav2_msgs/nav2_msgs/msg/detail/missed_waypoint__traits.hpp
[5.504s] -- Up-to-date symlink: /home/brilliant/ros2_ws/install/nav2_msgs/include/nav2_msgs/nav2_msgs/msg/detail/missed_waypoint__type_support.hpp
[5.504s] -- Up-to-date symlink: /home/brilliant/ros2_ws/install/nav2_msgs/include/nav2_msgs/nav2_msgs/msg/detail/particle__builder.hpp
[5.504s] -- Up-to-date symlink: /home/brilliant/ros2_ws/install/nav2_msgs/include/nav2_msgs/nav2_msgs/msg/detail/particle__struct.hpp
[5.505s] -- Up-to-date symlink: /home/brilliant/ros2_ws/install/nav2_msgs/include/nav2_msgs/nav2_msgs/msg/detail/particle__traits.hpp
[5.505s] -- Up-to-date symlink: /home/brilliant/ros2_ws/install/nav2_msgs/include/nav2_msgs/nav2_msgs/msg/detail/particle__type_support.hpp
[5.505s] -- Up-to-date symlink: /home/brilliant/ros2_ws/install/nav2_msgs/include/nav2_msgs/nav2_msgs/msg/detail/particle_cloud__builder.hpp
[5.505s] -- Up-to-date symlink: /home/brilliant/ros2_ws/install/nav2_msgs/include/nav2_msgs/nav2_msgs/msg/detail/particle_cloud__struct.hpp
[5.505s] -- Up-to-date symlink: /home/brilliant/ros2_ws/install/nav2_msgs/include/nav2_msgs/nav2_msgs/msg/detail/particle_cloud__traits.hpp
[5.507s] -- Up-to-date symlink: /home/brilliant/ros2_ws/install/nav2_msgs/include/nav2_msgs/nav2_msgs/msg/detail/particle_cloud__type_support.hpp
[5.507s] -- Up-to-date symlink: /home/brilliant/ros2_ws/install/nav2_msgs/include/nav2_msgs/nav2_msgs/msg/detail/speed_limit__builder.hpp
[5.509s] -- Up-to-date symlink: /home/brilliant/ros2_ws/install/nav2_msgs/include/nav2_msgs/nav2_msgs/msg/detail/speed_limit__struct.hpp
[5.509s] -- Up-to-date symlink: /home/brilliant/ros2_ws/install/nav2_msgs/include/nav2_msgs/nav2_msgs/msg/detail/speed_limit__traits.hpp
[5.509s] -- Up-to-date symlink: /home/brilliant/ros2_ws/install/nav2_msgs/include/nav2_msgs/nav2_msgs/msg/detail/speed_limit__type_support.hpp
[5.509s] -- Up-to-date symlink: /home/brilliant/ros2_ws/install/nav2_msgs/include/nav2_msgs/nav2_msgs/msg/detail/voxel_grid__builder.hpp
[5.510s] -- Up-to-date symlink: /home/brilliant/ros2_ws/install/nav2_msgs/include/nav2_msgs/nav2_msgs/msg/detail/voxel_grid__struct.hpp
[5.512s] -- Up-to-date symlink: /home/brilliant/ros2_ws/install/nav2_msgs/include/nav2_msgs/nav2_msgs/msg/detail/voxel_grid__traits.hpp
[5.514s] -- Up-to-date symlink: /home/brilliant/ros2_ws/install/nav2_msgs/include/nav2_msgs/nav2_msgs/msg/detail/voxel_grid__type_support.hpp
[5.514s] -- Up-to-date symlink: /home/brilliant/ros2_ws/install/nav2_msgs/include/nav2_msgs/nav2_msgs/msg/missed_waypoint.hpp
[5.514s] -- Up-to-date symlink: /home/brilliant/ros2_ws/install/nav2_msgs/include/nav2_msgs/nav2_msgs/msg/particle.hpp
[5.515s] -- Up-to-date symlink: /home/brilliant/ros2_ws/install/nav2_msgs/include/nav2_msgs/nav2_msgs/msg/particle_cloud.hpp
[5.515s] -- Up-to-date symlink: /home/brilliant/ros2_ws/install/nav2_msgs/include/nav2_msgs/nav2_msgs/msg/rosidl_generator_cpp__visibility_control.hpp
[5.515s] -- Up-to-date symlink: /home/brilliant/ros2_ws/install/nav2_msgs/include/nav2_msgs/nav2_msgs/msg/speed_limit.hpp
[5.515s] -- Up-to-date symlink: /home/brilliant/ros2_ws/install/nav2_msgs/include/nav2_msgs/nav2_msgs/msg/voxel_grid.hpp
[5.520s] -- Up-to-date symlink: /home/brilliant/ros2_ws/install/nav2_msgs/include/nav2_msgs/nav2_msgs/srv/clear_costmap_around_pose.hpp
[5.520s] -- Up-to-date symlink: /home/brilliant/ros2_ws/install/nav2_msgs/include/nav2_msgs/nav2_msgs/srv/clear_costmap_around_robot.hpp
[5.522s] -- Up-to-date symlink: /home/brilliant/ros2_ws/install/nav2_msgs/include/nav2_msgs/nav2_msgs/srv/clear_costmap_except_region.hpp
[5.522s] -- Up-to-date symlink: /home/brilliant/ros2_ws/install/nav2_msgs/include/nav2_msgs/nav2_msgs/srv/clear_entire_costmap.hpp
[5.522s] -- Up-to-date symlink: /home/brilliant/ros2_ws/install/nav2_msgs/include/nav2_msgs/nav2_msgs/srv/detail/clear_costmap_around_pose__builder.hpp
[5.522s] -- Up-to-date symlink: /home/brilliant/ros2_ws/install/nav2_msgs/include/nav2_msgs/nav2_msgs/srv/detail/clear_costmap_around_pose__struct.hpp
[5.524s] -- Up-to-date symlink: /home/brilliant/ros2_ws/install/nav2_msgs/include/nav2_msgs/nav2_msgs/srv/detail/clear_costmap_around_pose__traits.hpp
[5.526s] -- Up-to-date symlink: /home/brilliant/ros2_ws/install/nav2_msgs/include/nav2_msgs/nav2_msgs/srv/detail/clear_costmap_around_pose__type_support.hpp
[5.526s] -- Up-to-date symlink: /home/brilliant/ros2_ws/install/nav2_msgs/include/nav2_msgs/nav2_msgs/srv/detail/clear_costmap_around_robot__builder.hpp
[5.527s] -- Up-to-date symlink: /home/brilliant/ros2_ws/install/nav2_msgs/include/nav2_msgs/nav2_msgs/srv/detail/clear_costmap_around_robot__struct.hpp
[5.527s] -- Up-to-date symlink: /home/brilliant/ros2_ws/install/nav2_msgs/include/nav2_msgs/nav2_msgs/srv/detail/clear_costmap_around_robot__traits.hpp
[5.527s] -- Up-to-date symlink: /home/brilliant/ros2_ws/install/nav2_msgs/include/nav2_msgs/nav2_msgs/srv/detail/clear_costmap_around_robot__type_support.hpp
[5.527s] -- Up-to-date symlink: /home/brilliant/ros2_ws/install/nav2_msgs/include/nav2_msgs/nav2_msgs/srv/detail/clear_costmap_except_region__builder.hpp
[5.528s] -- Up-to-date symlink: /home/brilliant/ros2_ws/install/nav2_msgs/include/nav2_msgs/nav2_msgs/srv/detail/clear_costmap_except_region__struct.hpp
[5.531s] -- Up-to-date symlink: /home/brilliant/ros2_ws/install/nav2_msgs/include/nav2_msgs/nav2_msgs/srv/detail/clear_costmap_except_region__traits.hpp
[5.531s] -- Up-to-date symlink: /home/brilliant/ros2_ws/install/nav2_msgs/include/nav2_msgs/nav2_msgs/srv/detail/clear_costmap_except_region__type_support.hpp
[5.532s] -- Up-to-date symlink: /home/brilliant/ros2_ws/install/nav2_msgs/include/nav2_msgs/nav2_msgs/srv/detail/clear_entire_costmap__builder.hpp
[5.535s] -- Up-to-date symlink: /home/brilliant/ros2_ws/install/nav2_msgs/include/nav2_msgs/nav2_msgs/srv/detail/clear_entire_costmap__struct.hpp
[5.535s] -- Up-to-date symlink: /home/brilliant/ros2_ws/install/nav2_msgs/include/nav2_msgs/nav2_msgs/srv/detail/clear_entire_costmap__traits.hpp
[5.535s] -- Up-to-date symlink: /home/brilliant/ros2_ws/install/nav2_msgs/include/nav2_msgs/nav2_msgs/srv/detail/clear_entire_costmap__type_support.hpp
[5.536s] -- Up-to-date symlink: /home/brilliant/ros2_ws/install/nav2_msgs/include/nav2_msgs/nav2_msgs/srv/detail/get_cost__builder.hpp
[5.537s] -- Up-to-date symlink: /home/brilliant/ros2_ws/install/nav2_msgs/include/nav2_msgs/nav2_msgs/srv/detail/get_cost__struct.hpp
[5.537s] -- Up-to-date symlink: /home/brilliant/ros2_ws/install/nav2_msgs/include/nav2_msgs/nav2_msgs/srv/detail/get_cost__traits.hpp
[5.541s] -- Up-to-date symlink: /home/brilliant/ros2_ws/install/nav2_msgs/include/nav2_msgs/nav2_msgs/srv/detail/get_cost__type_support.hpp
[5.541s] -- Up-to-date symlink: /home/brilliant/ros2_ws/install/nav2_msgs/include/nav2_msgs/nav2_msgs/srv/detail/get_costmap__builder.hpp
[5.541s] -- Up-to-date symlink: /home/brilliant/ros2_ws/install/nav2_msgs/include/nav2_msgs/nav2_msgs/srv/detail/get_costmap__struct.hpp
[5.541s] -- Up-to-date symlink: /home/brilliant/ros2_ws/install/nav2_msgs/include/nav2_msgs/nav2_msgs/srv/detail/get_costmap__traits.hpp
[5.543s] -- Up-to-date symlink: /home/brilliant/ros2_ws/install/nav2_msgs/include/nav2_msgs/nav2_msgs/srv/detail/get_costmap__type_support.hpp
[5.544s] -- Up-to-date symlink: /home/brilliant/ros2_ws/install/nav2_msgs/include/nav2_msgs/nav2_msgs/srv/detail/is_path_valid__builder.hpp
[5.545s] -- Up-to-date symlink: /home/brilliant/ros2_ws/install/nav2_msgs/include/nav2_msgs/nav2_msgs/srv/detail/is_path_valid__struct.hpp
[5.545s] -- Up-to-date symlink: /home/brilliant/ros2_ws/install/nav2_msgs/include/nav2_msgs/nav2_msgs/srv/detail/is_path_valid__traits.hpp
[5.545s] -- Up-to-date symlink: /home/brilliant/ros2_ws/install/nav2_msgs/include/nav2_msgs/nav2_msgs/srv/detail/is_path_valid__type_support.hpp
[5.549s] -- Up-to-date symlink: /home/brilliant/ros2_ws/install/nav2_msgs/include/nav2_msgs/nav2_msgs/srv/detail/load_map__builder.hpp
[5.549s] -- Up-to-date symlink: /home/brilliant/ros2_ws/install/nav2_msgs/include/nav2_msgs/nav2_msgs/srv/detail/load_map__struct.hpp
[5.549s] -- Up-to-date symlink: /home/brilliant/ros2_ws/install/nav2_msgs/include/nav2_msgs/nav2_msgs/srv/detail/load_map__traits.hpp
[5.549s] -- Up-to-date symlink: /home/brilliant/ros2_ws/install/nav2_msgs/include/nav2_msgs/nav2_msgs/srv/detail/load_map__type_support.hpp
[5.550s] -- Up-to-date symlink: /home/brilliant/ros2_ws/install/nav2_msgs/include/nav2_msgs/nav2_msgs/srv/detail/manage_lifecycle_nodes__builder.hpp
[5.550s] -- Up-to-date symlink: /home/brilliant/ros2_ws/install/nav2_msgs/include/nav2_msgs/nav2_msgs/srv/detail/manage_lifecycle_nodes__struct.hpp
[5.551s] -- Up-to-date symlink: /home/brilliant/ros2_ws/install/nav2_msgs/include/nav2_msgs/nav2_msgs/srv/detail/manage_lifecycle_nodes__traits.hpp
[5.551s] -- Up-to-date symlink: /home/brilliant/ros2_ws/install/nav2_msgs/include/nav2_msgs/nav2_msgs/srv/detail/manage_lifecycle_nodes__type_support.hpp
[5.555s] -- Up-to-date symlink: /home/brilliant/ros2_ws/install/nav2_msgs/include/nav2_msgs/nav2_msgs/srv/detail/reload_dock_database__builder.hpp
[5.555s] -- Up-to-date symlink: /home/brilliant/ros2_ws/install/nav2_msgs/include/nav2_msgs/nav2_msgs/srv/detail/reload_dock_database__struct.hpp
[5.555s] -- Up-to-date symlink: /home/brilliant/ros2_ws/install/nav2_msgs/include/nav2_msgs/nav2_msgs/srv/detail/reload_dock_database__traits.hpp
[5.555s] -- Up-to-date symlink: /home/brilliant/ros2_ws/install/nav2_msgs/include/nav2_msgs/nav2_msgs/srv/detail/reload_dock_database__type_support.hpp
[5.556s] -- Up-to-date symlink: /home/brilliant/ros2_ws/install/nav2_msgs/include/nav2_msgs/nav2_msgs/srv/detail/save_map__builder.hpp
[5.556s] -- Up-to-date symlink: /home/brilliant/ros2_ws/install/nav2_msgs/include/nav2_msgs/nav2_msgs/srv/detail/save_map__struct.hpp
[5.556s] -- Up-to-date symlink: /home/brilliant/ros2_ws/install/nav2_msgs/include/nav2_msgs/nav2_msgs/srv/detail/save_map__traits.hpp
[5.557s] -- Up-to-date symlink: /home/brilliant/ros2_ws/install/nav2_msgs/include/nav2_msgs/nav2_msgs/srv/detail/save_map__type_support.hpp
[5.557s] -- Up-to-date symlink: /home/brilliant/ros2_ws/install/nav2_msgs/include/nav2_msgs/nav2_msgs/srv/detail/set_initial_pose__builder.hpp
[5.558s] -- Up-to-date symlink: /home/brilliant/ros2_ws/install/nav2_msgs/include/nav2_msgs/nav2_msgs/srv/detail/set_initial_pose__struct.hpp
[5.558s] -- Up-to-date symlink: /home/brilliant/ros2_ws/install/nav2_msgs/include/nav2_msgs/nav2_msgs/srv/detail/set_initial_pose__traits.hpp
[5.558s] -- Up-to-date symlink: /home/brilliant/ros2_ws/install/nav2_msgs/include/nav2_msgs/nav2_msgs/srv/detail/set_initial_pose__type_support.hpp
[5.561s] -- Up-to-date symlink: /home/brilliant/ros2_ws/install/nav2_msgs/include/nav2_msgs/nav2_msgs/srv/get_cost.hpp
[5.562s] -- Up-to-date symlink: /home/brilliant/ros2_ws/install/nav2_msgs/include/nav2_msgs/nav2_msgs/srv/get_costmap.hpp
[5.562s] -- Up-to-date symlink: /home/brilliant/ros2_ws/install/nav2_msgs/include/nav2_msgs/nav2_msgs/srv/is_path_valid.hpp
[5.563s] -- Up-to-date symlink: /home/brilliant/ros2_ws/install/nav2_msgs/include/nav2_msgs/nav2_msgs/srv/load_map.hpp
[5.566s] -- Up-to-date symlink: /home/brilliant/ros2_ws/install/nav2_msgs/include/nav2_msgs/nav2_msgs/srv/manage_lifecycle_nodes.hpp
[5.566s] -- Up-to-date symlink: /home/brilliant/ros2_ws/install/nav2_msgs/include/nav2_msgs/nav2_msgs/srv/reload_dock_database.hpp
[5.566s] -- Up-to-date symlink: /home/brilliant/ros2_ws/install/nav2_msgs/include/nav2_msgs/nav2_msgs/srv/save_map.hpp
[5.567s] -- Up-to-date symlink: /home/brilliant/ros2_ws/install/nav2_msgs/include/nav2_msgs/nav2_msgs/srv/set_initial_pose.hpp
[5.574s] -- Up-to-date symlink: /home/brilliant/ros2_ws/install/nav2_msgs/include/nav2_msgs/nav2_msgs/action/detail/assisted_teleop__rosidl_typesupport_fastrtps_cpp.hpp
[5.575s] -- Up-to-date symlink: /home/brilliant/ros2_ws/install/nav2_msgs/include/nav2_msgs/nav2_msgs/action/detail/back_up__rosidl_typesupport_fastrtps_cpp.hpp
[5.578s] -- Up-to-date symlink: /home/brilliant/ros2_ws/install/nav2_msgs/include/nav2_msgs/nav2_msgs/action/detail/compute_path_through_poses__rosidl_typesupport_fastrtps_cpp.hpp
[5.579s] -- Up-to-date symlink: /home/brilliant/ros2_ws/install/nav2_msgs/include/nav2_msgs/nav2_msgs/action/detail/compute_path_to_pose__rosidl_typesupport_fastrtps_cpp.hpp
[5.579s] -- Up-to-date symlink: /home/brilliant/ros2_ws/install/nav2_msgs/include/nav2_msgs/nav2_msgs/action/detail/dock_robot__rosidl_typesupport_fastrtps_cpp.hpp
[5.580s] -- Up-to-date symlink: /home/brilliant/ros2_ws/install/nav2_msgs/include/nav2_msgs/nav2_msgs/action/detail/drive_on_heading__rosidl_typesupport_fastrtps_cpp.hpp
[5.583s] -- Up-to-date symlink: /home/brilliant/ros2_ws/install/nav2_msgs/include/nav2_msgs/nav2_msgs/action/detail/dummy_behavior__rosidl_typesupport_fastrtps_cpp.hpp
[5.584s] -- Up-to-date symlink: /home/brilliant/ros2_ws/install/nav2_msgs/include/nav2_msgs/nav2_msgs/action/detail/follow_gps_waypoints__rosidl_typesupport_fastrtps_cpp.hpp
[5.585s] -- Up-to-date symlink: /home/brilliant/ros2_ws/install/nav2_msgs/include/nav2_msgs/nav2_msgs/action/detail/follow_path__rosidl_typesupport_fastrtps_cpp.hpp
[5.588s] -- Up-to-date symlink: /home/brilliant/ros2_ws/install/nav2_msgs/include/nav2_msgs/nav2_msgs/action/detail/follow_waypoints__rosidl_typesupport_fastrtps_cpp.hpp
[5.588s] -- Up-to-date symlink: /home/brilliant/ros2_ws/install/nav2_msgs/include/nav2_msgs/nav2_msgs/action/detail/navigate_through_poses__rosidl_typesupport_fastrtps_cpp.hpp
[5.589s] -- Up-to-date symlink: /home/brilliant/ros2_ws/install/nav2_msgs/include/nav2_msgs/nav2_msgs/action/detail/navigate_to_pose__rosidl_typesupport_fastrtps_cpp.hpp
[5.589s] -- Up-to-date symlink: /home/brilliant/ros2_ws/install/nav2_msgs/include/nav2_msgs/nav2_msgs/action/detail/smooth_path__rosidl_typesupport_fastrtps_cpp.hpp
[5.589s] -- Up-to-date symlink: /home/brilliant/ros2_ws/install/nav2_msgs/include/nav2_msgs/nav2_msgs/action/detail/spin__rosidl_typesupport_fastrtps_cpp.hpp
[5.590s] -- Up-to-date symlink: /home/brilliant/ros2_ws/install/nav2_msgs/include/nav2_msgs/nav2_msgs/action/detail/undock_robot__rosidl_typesupport_fastrtps_cpp.hpp
[5.590s] -- Up-to-date symlink: /home/brilliant/ros2_ws/install/nav2_msgs/include/nav2_msgs/nav2_msgs/action/detail/wait__rosidl_typesupport_fastrtps_cpp.hpp
[5.591s] -- Up-to-date symlink: /home/brilliant/ros2_ws/install/nav2_msgs/include/nav2_msgs/nav2_msgs/msg/detail/behavior_tree_log__rosidl_typesupport_fastrtps_cpp.hpp
[5.593s] -- Up-to-date symlink: /home/brilliant/ros2_ws/install/nav2_msgs/include/nav2_msgs/nav2_msgs/msg/detail/behavior_tree_status_change__rosidl_typesupport_fastrtps_cpp.hpp
[5.593s] -- Up-to-date symlink: /home/brilliant/ros2_ws/install/nav2_msgs/include/nav2_msgs/nav2_msgs/msg/detail/collision_detector_state__rosidl_typesupport_fastrtps_cpp.hpp
[5.594s] -- Up-to-date symlink: /home/brilliant/ros2_ws/install/nav2_msgs/include/nav2_msgs/nav2_msgs/msg/detail/collision_monitor_state__rosidl_typesupport_fastrtps_cpp.hpp
[5.594s] -- Up-to-date symlink: /home/brilliant/ros2_ws/install/nav2_msgs/include/nav2_msgs/nav2_msgs/msg/detail/costmap__rosidl_typesupport_fastrtps_cpp.hpp
[5.594s] -- Up-to-date symlink: /home/brilliant/ros2_ws/install/nav2_msgs/include/nav2_msgs/nav2_msgs/msg/detail/costmap_filter_info__rosidl_typesupport_fastrtps_cpp.hpp
[5.594s] -- Up-to-date symlink: /home/brilliant/ros2_ws/install/nav2_msgs/include/nav2_msgs/nav2_msgs/msg/detail/costmap_meta_data__rosidl_typesupport_fastrtps_cpp.hpp
[5.596s] -- Up-to-date symlink: /home/brilliant/ros2_ws/install/nav2_msgs/include/nav2_msgs/nav2_msgs/msg/detail/costmap_update__rosidl_typesupport_fastrtps_cpp.hpp
[5.597s] -- Up-to-date symlink: /home/brilliant/ros2_ws/install/nav2_msgs/include/nav2_msgs/nav2_msgs/msg/detail/missed_waypoint__rosidl_typesupport_fastrtps_cpp.hpp
[5.598s] -- Up-to-date symlink: /home/brilliant/ros2_ws/install/nav2_msgs/include/nav2_msgs/nav2_msgs/msg/detail/particle__rosidl_typesupport_fastrtps_cpp.hpp
[5.600s] -- Up-to-date symlink: /home/brilliant/ros2_ws/install/nav2_msgs/include/nav2_msgs/nav2_msgs/msg/detail/particle_cloud__rosidl_typesupport_fastrtps_cpp.hpp
[5.601s] -- Up-to-date symlink: /home/brilliant/ros2_ws/install/nav2_msgs/include/nav2_msgs/nav2_msgs/msg/detail/speed_limit__rosidl_typesupport_fastrtps_cpp.hpp
[5.601s] -- Up-to-date symlink: /home/brilliant/ros2_ws/install/nav2_msgs/include/nav2_msgs/nav2_msgs/msg/detail/voxel_grid__rosidl_typesupport_fastrtps_cpp.hpp
[5.602s] -- Up-to-date symlink: /home/brilliant/ros2_ws/install/nav2_msgs/include/nav2_msgs/nav2_msgs/msg/rosidl_typesupport_fastrtps_cpp__visibility_control.h
[5.603s] -- Up-to-date symlink: /home/brilliant/ros2_ws/install/nav2_msgs/include/nav2_msgs/nav2_msgs/srv/detail/clear_costmap_around_pose__rosidl_typesupport_fastrtps_cpp.hpp
[5.603s] -- Up-to-date symlink: /home/brilliant/ros2_ws/install/nav2_msgs/include/nav2_msgs/nav2_msgs/srv/detail/clear_costmap_around_robot__rosidl_typesupport_fastrtps_cpp.hpp
[5.603s] -- Up-to-date symlink: /home/brilliant/ros2_ws/install/nav2_msgs/include/nav2_msgs/nav2_msgs/srv/detail/clear_costmap_except_region__rosidl_typesupport_fastrtps_cpp.hpp
[5.603s] -- Up-to-date symlink: /home/brilliant/ros2_ws/install/nav2_msgs/include/nav2_msgs/nav2_msgs/srv/detail/clear_entire_costmap__rosidl_typesupport_fastrtps_cpp.hpp
[5.606s] -- Up-to-date symlink: /home/brilliant/ros2_ws/install/nav2_msgs/include/nav2_msgs/nav2_msgs/srv/detail/get_cost__rosidl_typesupport_fastrtps_cpp.hpp
[5.607s] -- Up-to-date symlink: /home/brilliant/ros2_ws/install/nav2_msgs/include/nav2_msgs/nav2_msgs/srv/detail/get_costmap__rosidl_typesupport_fastrtps_cpp.hpp
[5.608s] -- Up-to-date symlink: /home/brilliant/ros2_ws/install/nav2_msgs/include/nav2_msgs/nav2_msgs/srv/detail/is_path_valid__rosidl_typesupport_fastrtps_cpp.hpp
[5.611s] -- Up-to-date symlink: /home/brilliant/ros2_ws/install/nav2_msgs/include/nav2_msgs/nav2_msgs/srv/detail/load_map__rosidl_typesupport_fastrtps_cpp.hpp
[5.611s] -- Up-to-date symlink: /home/brilliant/ros2_ws/install/nav2_msgs/include/nav2_msgs/nav2_msgs/srv/detail/manage_lifecycle_nodes__rosidl_typesupport_fastrtps_cpp.hpp
[5.611s] -- Up-to-date symlink: /home/brilliant/ros2_ws/install/nav2_msgs/include/nav2_msgs/nav2_msgs/srv/detail/reload_dock_database__rosidl_typesupport_fastrtps_cpp.hpp
[5.612s] -- Up-to-date symlink: /home/brilliant/ros2_ws/install/nav2_msgs/include/nav2_msgs/nav2_msgs/srv/detail/save_map__rosidl_typesupport_fastrtps_cpp.hpp
[5.612s] -- Up-to-date symlink: /home/brilliant/ros2_ws/install/nav2_msgs/include/nav2_msgs/nav2_msgs/srv/detail/set_initial_pose__rosidl_typesupport_fastrtps_cpp.hpp
[5.615s] -- Up-to-date symlink: /home/brilliant/ros2_ws/install/nav2_msgs/include/nav2_msgs/nav2_msgs/action/detail/assisted_teleop__rosidl_typesupport_introspection_c.h
[5.618s] -- Up-to-date symlink: /home/brilliant/ros2_ws/install/nav2_msgs/include/nav2_msgs/nav2_msgs/action/detail/back_up__rosidl_typesupport_introspection_c.h
[5.619s] -- Up-to-date symlink: /home/brilliant/ros2_ws/install/nav2_msgs/include/nav2_msgs/nav2_msgs/action/detail/compute_path_through_poses__rosidl_typesupport_introspection_c.h
[5.620s] -- Up-to-date symlink: /home/brilliant/ros2_ws/install/nav2_msgs/include/nav2_msgs/nav2_msgs/action/detail/compute_path_to_pose__rosidl_typesupport_introspection_c.h
[5.622s] -- Up-to-date symlink: /home/brilliant/ros2_ws/install/nav2_msgs/include/nav2_msgs/nav2_msgs/action/detail/dock_robot__rosidl_typesupport_introspection_c.h
[5.622s] -- Up-to-date symlink: /home/brilliant/ros2_ws/install/nav2_msgs/include/nav2_msgs/nav2_msgs/action/detail/drive_on_heading__rosidl_typesupport_introspection_c.h
[5.622s] -- Up-to-date symlink: /home/brilliant/ros2_ws/install/nav2_msgs/include/nav2_msgs/nav2_msgs/action/detail/dummy_behavior__rosidl_typesupport_introspection_c.h
[5.623s] -- Up-to-date symlink: /home/brilliant/ros2_ws/install/nav2_msgs/include/nav2_msgs/nav2_msgs/action/detail/follow_gps_waypoints__rosidl_typesupport_introspection_c.h
[5.623s] -- Up-to-date symlink: /home/brilliant/ros2_ws/install/nav2_msgs/include/nav2_msgs/nav2_msgs/action/detail/follow_path__rosidl_typesupport_introspection_c.h
[5.625s] -- Up-to-date symlink: /home/brilliant/ros2_ws/install/nav2_msgs/include/nav2_msgs/nav2_msgs/action/detail/follow_waypoints__rosidl_typesupport_introspection_c.h
[5.625s] -- Up-to-date symlink: /home/brilliant/ros2_ws/install/nav2_msgs/include/nav2_msgs/nav2_msgs/action/detail/navigate_through_poses__rosidl_typesupport_introspection_c.h
[5.626s] -- Up-to-date symlink: /home/brilliant/ros2_ws/install/nav2_msgs/include/nav2_msgs/nav2_msgs/action/detail/navigate_to_pose__rosidl_typesupport_introspection_c.h
[5.626s] -- Up-to-date symlink: /home/brilliant/ros2_ws/install/nav2_msgs/include/nav2_msgs/nav2_msgs/action/detail/smooth_path__rosidl_typesupport_introspection_c.h
[5.628s] -- Up-to-date symlink: /home/brilliant/ros2_ws/install/nav2_msgs/include/nav2_msgs/nav2_msgs/action/detail/spin__rosidl_typesupport_introspection_c.h
[5.629s] -- Up-to-date symlink: /home/brilliant/ros2_ws/install/nav2_msgs/include/nav2_msgs/nav2_msgs/action/detail/undock_robot__rosidl_typesupport_introspection_c.h
[5.631s] -- Up-to-date symlink: /home/brilliant/ros2_ws/install/nav2_msgs/include/nav2_msgs/nav2_msgs/action/detail/wait__rosidl_typesupport_introspection_c.h
[5.632s] -- Up-to-date symlink: /home/brilliant/ros2_ws/install/nav2_msgs/include/nav2_msgs/nav2_msgs/msg/detail/behavior_tree_log__rosidl_typesupport_introspection_c.h
[5.632s] -- Up-to-date symlink: /home/brilliant/ros2_ws/install/nav2_msgs/include/nav2_msgs/nav2_msgs/msg/detail/behavior_tree_status_change__rosidl_typesupport_introspection_c.h
[5.632s] -- Up-to-date symlink: /home/brilliant/ros2_ws/install/nav2_msgs/include/nav2_msgs/nav2_msgs/msg/detail/collision_detector_state__rosidl_typesupport_introspection_c.h
[5.632s] -- Up-to-date symlink: /home/brilliant/ros2_ws/install/nav2_msgs/include/nav2_msgs/nav2_msgs/msg/detail/collision_monitor_state__rosidl_typesupport_introspection_c.h
[5.634s] -- Up-to-date symlink: /home/brilliant/ros2_ws/install/nav2_msgs/include/nav2_msgs/nav2_msgs/msg/detail/costmap__rosidl_typesupport_introspection_c.h
[5.635s] -- Up-to-date symlink: /home/brilliant/ros2_ws/install/nav2_msgs/include/nav2_msgs/nav2_msgs/msg/detail/costmap_filter_info__rosidl_typesupport_introspection_c.h
[5.636s] -- Up-to-date symlink: /home/brilliant/ros2_ws/install/nav2_msgs/include/nav2_msgs/nav2_msgs/msg/detail/costmap_meta_data__rosidl_typesupport_introspection_c.h
[5.637s] -- Up-to-date symlink: /home/brilliant/ros2_ws/install/nav2_msgs/include/nav2_msgs/nav2_msgs/msg/detail/costmap_update__rosidl_typesupport_introspection_c.h
[5.637s] -- Up-to-date symlink: /home/brilliant/ros2_ws/install/nav2_msgs/include/nav2_msgs/nav2_msgs/msg/detail/missed_waypoint__rosidl_typesupport_introspection_c.h
[5.638s] -- Up-to-date symlink: /home/brilliant/ros2_ws/install/nav2_msgs/include/nav2_msgs/nav2_msgs/msg/detail/particle__rosidl_typesupport_introspection_c.h
[5.638s] -- Up-to-date symlink: /home/brilliant/ros2_ws/install/nav2_msgs/include/nav2_msgs/nav2_msgs/msg/detail/particle_cloud__rosidl_typesupport_introspection_c.h
[5.638s] -- Up-to-date symlink: /home/brilliant/ros2_ws/install/nav2_msgs/include/nav2_msgs/nav2_msgs/msg/detail/speed_limit__rosidl_typesupport_introspection_c.h
[5.641s] -- Up-to-date symlink: /home/brilliant/ros2_ws/install/nav2_msgs/include/nav2_msgs/nav2_msgs/msg/detail/voxel_grid__rosidl_typesupport_introspection_c.h
[5.642s] -- Up-to-date symlink: /home/brilliant/ros2_ws/install/nav2_msgs/include/nav2_msgs/nav2_msgs/msg/rosidl_typesupport_introspection_c__visibility_control.h
[5.643s] -- Up-to-date symlink: /home/brilliant/ros2_ws/install/nav2_msgs/include/nav2_msgs/nav2_msgs/srv/detail/clear_costmap_around_pose__rosidl_typesupport_introspection_c.h
[5.646s] -- Up-to-date symlink: /home/brilliant/ros2_ws/install/nav2_msgs/include/nav2_msgs/nav2_msgs/srv/detail/clear_costmap_around_robot__rosidl_typesupport_introspection_c.h
[5.646s] -- Up-to-date symlink: /home/brilliant/ros2_ws/install/nav2_msgs/include/nav2_msgs/nav2_msgs/srv/detail/clear_costmap_except_region__rosidl_typesupport_introspection_c.h
[5.647s] -- Up-to-date symlink: /home/brilliant/ros2_ws/install/nav2_msgs/include/nav2_msgs/nav2_msgs/srv/detail/clear_entire_costmap__rosidl_typesupport_introspection_c.h
[5.647s] -- Up-to-date symlink: /home/brilliant/ros2_ws/install/nav2_msgs/include/nav2_msgs/nav2_msgs/srv/detail/get_cost__rosidl_typesupport_introspection_c.h
[5.647s] -- Up-to-date symlink: /home/brilliant/ros2_ws/install/nav2_msgs/include/nav2_msgs/nav2_msgs/srv/detail/get_costmap__rosidl_typesupport_introspection_c.h
[5.648s] -- Up-to-date symlink: /home/brilliant/ros2_ws/install/nav2_msgs/include/nav2_msgs/nav2_msgs/srv/detail/is_path_valid__rosidl_typesupport_introspection_c.h
[5.648s] -- Up-to-date symlink: /home/brilliant/ros2_ws/install/nav2_msgs/include/nav2_msgs/nav2_msgs/srv/detail/load_map__rosidl_typesupport_introspection_c.h
[5.648s] -- Up-to-date symlink: /home/brilliant/ros2_ws/install/nav2_msgs/include/nav2_msgs/nav2_msgs/srv/detail/manage_lifecycle_nodes__rosidl_typesupport_introspection_c.h
[5.648s] -- Up-to-date symlink: /home/brilliant/ros2_ws/install/nav2_msgs/include/nav2_msgs/nav2_msgs/srv/detail/reload_dock_database__rosidl_typesupport_introspection_c.h
[5.650s] -- Up-to-date symlink: /home/brilliant/ros2_ws/install/nav2_msgs/include/nav2_msgs/nav2_msgs/srv/detail/save_map__rosidl_typesupport_introspection_c.h
[5.652s] -- Up-to-date symlink: /home/brilliant/ros2_ws/install/nav2_msgs/include/nav2_msgs/nav2_msgs/srv/detail/set_initial_pose__rosidl_typesupport_introspection_c.h
[5.658s] -- Up-to-date symlink: /home/brilliant/ros2_ws/install/nav2_msgs/include/nav2_msgs/nav2_msgs/action/detail/assisted_teleop__rosidl_typesupport_introspection_cpp.hpp
[5.660s] -- Up-to-date symlink: /home/brilliant/ros2_ws/install/nav2_msgs/include/nav2_msgs/nav2_msgs/action/detail/back_up__rosidl_typesupport_introspection_cpp.hpp
[5.660s] -- Up-to-date symlink: /home/brilliant/ros2_ws/install/nav2_msgs/include/nav2_msgs/nav2_msgs/action/detail/compute_path_through_poses__rosidl_typesupport_introspection_cpp.hpp
[5.660s] -- Up-to-date symlink: /home/brilliant/ros2_ws/install/nav2_msgs/include/nav2_msgs/nav2_msgs/action/detail/compute_path_to_pose__rosidl_typesupport_introspection_cpp.hpp
[5.661s] -- Up-to-date symlink: /home/brilliant/ros2_ws/install/nav2_msgs/include/nav2_msgs/nav2_msgs/action/detail/dock_robot__rosidl_typesupport_introspection_cpp.hpp
[5.661s] -- Up-to-date symlink: /home/brilliant/ros2_ws/install/nav2_msgs/include/nav2_msgs/nav2_msgs/action/detail/drive_on_heading__rosidl_typesupport_introspection_cpp.hpp
[5.661s] -- Up-to-date symlink: /home/brilliant/ros2_ws/install/nav2_msgs/include/nav2_msgs/nav2_msgs/action/detail/dummy_behavior__rosidl_typesupport_introspection_cpp.hpp
[5.664s] -- Up-to-date symlink: /home/brilliant/ros2_ws/install/nav2_msgs/include/nav2_msgs/nav2_msgs/action/detail/follow_gps_waypoints__rosidl_typesupport_introspection_cpp.hpp
[5.665s] -- Up-to-date symlink: /home/brilliant/ros2_ws/install/nav2_msgs/include/nav2_msgs/nav2_msgs/action/detail/follow_path__rosidl_typesupport_introspection_cpp.hpp
[5.666s] -- Up-to-date symlink: /home/brilliant/ros2_ws/install/nav2_msgs/include/nav2_msgs/nav2_msgs/action/detail/follow_waypoints__rosidl_typesupport_introspection_cpp.hpp
[5.668s] -- Up-to-date symlink: /home/brilliant/ros2_ws/install/nav2_msgs/include/nav2_msgs/nav2_msgs/action/detail/navigate_through_poses__rosidl_typesupport_introspection_cpp.hpp
[5.668s] -- Up-to-date symlink: /home/brilliant/ros2_ws/install/nav2_msgs/include/nav2_msgs/nav2_msgs/action/detail/navigate_to_pose__rosidl_typesupport_introspection_cpp.hpp
[5.668s] -- Up-to-date symlink: /home/brilliant/ros2_ws/install/nav2_msgs/include/nav2_msgs/nav2_msgs/action/detail/smooth_path__rosidl_typesupport_introspection_cpp.hpp
[5.668s] -- Up-to-date symlink: /home/brilliant/ros2_ws/install/nav2_msgs/include/nav2_msgs/nav2_msgs/action/detail/spin__rosidl_typesupport_introspection_cpp.hpp
[5.669s] -- Up-to-date symlink: /home/brilliant/ros2_ws/install/nav2_msgs/include/nav2_msgs/nav2_msgs/action/detail/undock_robot__rosidl_typesupport_introspection_cpp.hpp
[5.670s] -- Up-to-date symlink: /home/brilliant/ros2_ws/install/nav2_msgs/include/nav2_msgs/nav2_msgs/action/detail/wait__rosidl_typesupport_introspection_cpp.hpp
[5.671s] -- Up-to-date symlink: /home/brilliant/ros2_ws/install/nav2_msgs/include/nav2_msgs/nav2_msgs/msg/detail/behavior_tree_log__rosidl_typesupport_introspection_cpp.hpp
[5.671s] -- Up-to-date symlink: /home/brilliant/ros2_ws/install/nav2_msgs/include/nav2_msgs/nav2_msgs/msg/detail/behavior_tree_status_change__rosidl_typesupport_introspection_cpp.hpp
[5.672s] -- Up-to-date symlink: /home/brilliant/ros2_ws/install/nav2_msgs/include/nav2_msgs/nav2_msgs/msg/detail/collision_detector_state__rosidl_typesupport_introspection_cpp.hpp
[5.672s] -- Up-to-date symlink: /home/brilliant/ros2_ws/install/nav2_msgs/include/nav2_msgs/nav2_msgs/msg/detail/collision_monitor_state__rosidl_typesupport_introspection_cpp.hpp
[5.676s] -- Up-to-date symlink: /home/brilliant/ros2_ws/install/nav2_msgs/include/nav2_msgs/nav2_msgs/msg/detail/costmap__rosidl_typesupport_introspection_cpp.hpp
[5.677s] -- Up-to-date symlink: /home/brilliant/ros2_ws/install/nav2_msgs/include/nav2_msgs/nav2_msgs/msg/detail/costmap_filter_info__rosidl_typesupport_introspection_cpp.hpp
[5.677s] -- Up-to-date symlink: /home/brilliant/ros2_ws/install/nav2_msgs/include/nav2_msgs/nav2_msgs/msg/detail/costmap_meta_data__rosidl_typesupport_introspection_cpp.hpp
[5.680s] -- Up-to-date symlink: /home/brilliant/ros2_ws/install/nav2_msgs/include/nav2_msgs/nav2_msgs/msg/detail/costmap_update__rosidl_typesupport_introspection_cpp.hpp
[5.681s] -- Up-to-date symlink: /home/brilliant/ros2_ws/install/nav2_msgs/include/nav2_msgs/nav2_msgs/msg/detail/missed_waypoint__rosidl_typesupport_introspection_cpp.hpp
[5.681s] -- Up-to-date symlink: /home/brilliant/ros2_ws/install/nav2_msgs/include/nav2_msgs/nav2_msgs/msg/detail/particle__rosidl_typesupport_introspection_cpp.hpp
[5.681s] -- Up-to-date symlink: /home/brilliant/ros2_ws/install/nav2_msgs/include/nav2_msgs/nav2_msgs/msg/detail/particle_cloud__rosidl_typesupport_introspection_cpp.hpp
[5.682s] -- Up-to-date symlink: /home/brilliant/ros2_ws/install/nav2_msgs/include/nav2_msgs/nav2_msgs/msg/detail/speed_limit__rosidl_typesupport_introspection_cpp.hpp
[5.682s] -- Up-to-date symlink: /home/brilliant/ros2_ws/install/nav2_msgs/include/nav2_msgs/nav2_msgs/msg/detail/voxel_grid__rosidl_typesupport_introspection_cpp.hpp
[5.682s] -- Up-to-date symlink: /home/brilliant/ros2_ws/install/nav2_msgs/include/nav2_msgs/nav2_msgs/srv/detail/clear_costmap_around_pose__rosidl_typesupport_introspection_cpp.hpp
[5.682s] -- Up-to-date symlink: /home/brilliant/ros2_ws/install/nav2_msgs/include/nav2_msgs/nav2_msgs/srv/detail/clear_costmap_around_robot__rosidl_typesupport_introspection_cpp.hpp
[5.683s] -- Up-to-date symlink: /home/brilliant/ros2_ws/install/nav2_msgs/include/nav2_msgs/nav2_msgs/srv/detail/clear_costmap_except_region__rosidl_typesupport_introspection_cpp.hpp
[5.683s] -- Up-to-date symlink: /home/brilliant/ros2_ws/install/nav2_msgs/include/nav2_msgs/nav2_msgs/srv/detail/clear_entire_costmap__rosidl_typesupport_introspection_cpp.hpp
[5.683s] -- Up-to-date symlink: /home/brilliant/ros2_ws/install/nav2_msgs/include/nav2_msgs/nav2_msgs/srv/detail/get_cost__rosidl_typesupport_introspection_cpp.hpp
[5.686s] -- Up-to-date symlink: /home/brilliant/ros2_ws/install/nav2_msgs/include/nav2_msgs/nav2_msgs/srv/detail/get_costmap__rosidl_typesupport_introspection_cpp.hpp
[5.687s] -- Up-to-date symlink: /home/brilliant/ros2_ws/install/nav2_msgs/include/nav2_msgs/nav2_msgs/srv/detail/is_path_valid__rosidl_typesupport_introspection_cpp.hpp
[5.687s] -- Up-to-date symlink: /home/brilliant/ros2_ws/install/nav2_msgs/include/nav2_msgs/nav2_msgs/srv/detail/load_map__rosidl_typesupport_introspection_cpp.hpp
[5.688s] -- Up-to-date symlink: /home/brilliant/ros2_ws/install/nav2_msgs/include/nav2_msgs/nav2_msgs/srv/detail/manage_lifecycle_nodes__rosidl_typesupport_introspection_cpp.hpp
[5.688s] -- Up-to-date symlink: /home/brilliant/ros2_ws/install/nav2_msgs/include/nav2_msgs/nav2_msgs/srv/detail/reload_dock_database__rosidl_typesupport_introspection_cpp.hpp
[5.691s] -- Up-to-date symlink: /home/brilliant/ros2_ws/install/nav2_msgs/include/nav2_msgs/nav2_msgs/srv/detail/save_map__rosidl_typesupport_introspection_cpp.hpp
[5.692s] -- Up-to-date symlink: /home/brilliant/ros2_ws/install/nav2_msgs/include/nav2_msgs/nav2_msgs/srv/detail/set_initial_pose__rosidl_typesupport_introspection_cpp.hpp
[5.693s] -- Up-to-date symlink: /home/brilliant/ros2_ws/install/nav2_msgs/share/nav2_msgs/environment/pythonpath.sh
[5.693s] -- Up-to-date symlink: /home/brilliant/ros2_ws/install/nav2_msgs/share/nav2_msgs/environment/pythonpath.dsv
[5.694s] -- Up-to-date symlink: /home/brilliant/ros2_ws/install/nav2_msgs/lib/python3.12/site-packages/nav2_msgs-1.3.7-py3.12.egg-info/PKG-INFO
[5.694s] -- Up-to-date symlink: /home/brilliant/ros2_ws/install/nav2_msgs/lib/python3.12/site-packages/nav2_msgs-1.3.7-py3.12.egg-info/SOURCES.txt
[5.697s] -- Up-to-date symlink: /home/brilliant/ros2_ws/install/nav2_msgs/lib/python3.12/site-packages/nav2_msgs-1.3.7-py3.12.egg-info/dependency_links.txt
[5.697s] -- Up-to-date symlink: /home/brilliant/ros2_ws/install/nav2_msgs/lib/python3.12/site-packages/nav2_msgs-1.3.7-py3.12.egg-info/top_level.txt
[5.709s] -- Up-to-date symlink: /home/brilliant/ros2_ws/install/nav2_msgs/lib/python3.12/site-packages/nav2_msgs/__init__.py
[5.710s] -- Up-to-date symlink: /home/brilliant/ros2_ws/install/nav2_msgs/lib/python3.12/site-packages/nav2_msgs/_nav2_msgs_s.ep.rosidl_typesupport_c.c
[5.711s] -- Up-to-date symlink: /home/brilliant/ros2_ws/install/nav2_msgs/lib/python3.12/site-packages/nav2_msgs/_nav2_msgs_s.ep.rosidl_typesupport_fastrtps_c.c
[5.714s] -- Up-to-date symlink: /home/brilliant/ros2_ws/install/nav2_msgs/lib/python3.12/site-packages/nav2_msgs/_nav2_msgs_s.ep.rosidl_typesupport_introspection_c.c
[5.714s] -- Up-to-date symlink: /home/brilliant/ros2_ws/install/nav2_msgs/lib/python3.12/site-packages/nav2_msgs/action/__init__.py
[5.714s] -- Up-to-date symlink: /home/brilliant/ros2_ws/install/nav2_msgs/lib/python3.12/site-packages/nav2_msgs/action/_assisted_teleop.py
[5.715s] -- Up-to-date symlink: /home/brilliant/ros2_ws/install/nav2_msgs/lib/python3.12/site-packages/nav2_msgs/action/_assisted_teleop_s.c
[5.715s] -- Up-to-date symlink: /home/brilliant/ros2_ws/install/nav2_msgs/lib/python3.12/site-packages/nav2_msgs/action/_back_up.py
[5.715s] -- Up-to-date symlink: /home/brilliant/ros2_ws/install/nav2_msgs/lib/python3.12/site-packages/nav2_msgs/action/_back_up_s.c
[5.716s] -- Up-to-date symlink: /home/brilliant/ros2_ws/install/nav2_msgs/lib/python3.12/site-packages/nav2_msgs/action/_compute_path_through_poses.py
[5.716s] -- Up-to-date symlink: /home/brilliant/ros2_ws/install/nav2_msgs/lib/python3.12/site-packages/nav2_msgs/action/_compute_path_through_poses_s.c
[5.716s] -- Up-to-date symlink: /home/brilliant/ros2_ws/install/nav2_msgs/lib/python3.12/site-packages/nav2_msgs/action/_compute_path_to_pose.py
[5.716s] -- Up-to-date symlink: /home/brilliant/ros2_ws/install/nav2_msgs/lib/python3.12/site-packages/nav2_msgs/action/_compute_path_to_pose_s.c
[5.719s] -- Up-to-date symlink: /home/brilliant/ros2_ws/install/nav2_msgs/lib/python3.12/site-packages/nav2_msgs/action/_dock_robot.py
[5.720s] -- Up-to-date symlink: /home/brilliant/ros2_ws/install/nav2_msgs/lib/python3.12/site-packages/nav2_msgs/action/_dock_robot_s.c
[5.720s] -- Up-to-date symlink: /home/brilliant/ros2_ws/install/nav2_msgs/lib/python3.12/site-packages/nav2_msgs/action/_drive_on_heading.py
[5.724s] -- Up-to-date symlink: /home/brilliant/ros2_ws/install/nav2_msgs/lib/python3.12/site-packages/nav2_msgs/action/_drive_on_heading_s.c
[5.724s] -- Up-to-date symlink: /home/brilliant/ros2_ws/install/nav2_msgs/lib/python3.12/site-packages/nav2_msgs/action/_dummy_behavior.py
[5.725s] -- Up-to-date symlink: /home/brilliant/ros2_ws/install/nav2_msgs/lib/python3.12/site-packages/nav2_msgs/action/_dummy_behavior_s.c
[5.725s] -- Up-to-date symlink: /home/brilliant/ros2_ws/install/nav2_msgs/lib/python3.12/site-packages/nav2_msgs/action/_follow_gps_waypoints.py
[5.726s] -- Up-to-date symlink: /home/brilliant/ros2_ws/install/nav2_msgs/lib/python3.12/site-packages/nav2_msgs/action/_follow_gps_waypoints_s.c
[5.726s] -- Up-to-date symlink: /home/brilliant/ros2_ws/install/nav2_msgs/lib/python3.12/site-packages/nav2_msgs/action/_follow_path.py
[5.727s] -- Up-to-date symlink: /home/brilliant/ros2_ws/install/nav2_msgs/lib/python3.12/site-packages/nav2_msgs/action/_follow_path_s.c
[5.727s] -- Up-to-date symlink: /home/brilliant/ros2_ws/install/nav2_msgs/lib/python3.12/site-packages/nav2_msgs/action/_follow_waypoints.py
[5.728s] -- Up-to-date symlink: /home/brilliant/ros2_ws/install/nav2_msgs/lib/python3.12/site-packages/nav2_msgs/action/_follow_waypoints_s.c
[5.728s] -- Up-to-date symlink: /home/brilliant/ros2_ws/install/nav2_msgs/lib/python3.12/site-packages/nav2_msgs/action/_navigate_through_poses.py
[5.730s] -- Up-to-date symlink: /home/brilliant/ros2_ws/install/nav2_msgs/lib/python3.12/site-packages/nav2_msgs/action/_navigate_through_poses_s.c
[5.731s] -- Up-to-date symlink: /home/brilliant/ros2_ws/install/nav2_msgs/lib/python3.12/site-packages/nav2_msgs/action/_navigate_to_pose.py
[5.733s] -- Up-to-date symlink: /home/brilliant/ros2_ws/install/nav2_msgs/lib/python3.12/site-packages/nav2_msgs/action/_navigate_to_pose_s.c
[5.733s] -- Up-to-date symlink: /home/brilliant/ros2_ws/install/nav2_msgs/lib/python3.12/site-packages/nav2_msgs/action/_smooth_path.py
[5.734s] -- Up-to-date symlink: /home/brilliant/ros2_ws/install/nav2_msgs/lib/python3.12/site-packages/nav2_msgs/action/_smooth_path_s.c
[5.736s] -- Up-to-date symlink: /home/brilliant/ros2_ws/install/nav2_msgs/lib/python3.12/site-packages/nav2_msgs/action/_spin.py
[5.736s] -- Up-to-date symlink: /home/brilliant/ros2_ws/install/nav2_msgs/lib/python3.12/site-packages/nav2_msgs/action/_spin_s.c
[5.736s] -- Up-to-date symlink: /home/brilliant/ros2_ws/install/nav2_msgs/lib/python3.12/site-packages/nav2_msgs/action/_undock_robot.py
[5.736s] -- Up-to-date symlink: /home/brilliant/ros2_ws/install/nav2_msgs/lib/python3.12/site-packages/nav2_msgs/action/_undock_robot_s.c
[5.737s] -- Up-to-date symlink: /home/brilliant/ros2_ws/install/nav2_msgs/lib/python3.12/site-packages/nav2_msgs/action/_wait.py
[5.737s] -- Up-to-date symlink: /home/brilliant/ros2_ws/install/nav2_msgs/lib/python3.12/site-packages/nav2_msgs/action/_wait_s.c
[5.738s] -- Up-to-date symlink: /home/brilliant/ros2_ws/install/nav2_msgs/lib/python3.12/site-packages/nav2_msgs/msg/__init__.py
[5.739s] -- Up-to-date symlink: /home/brilliant/ros2_ws/install/nav2_msgs/lib/python3.12/site-packages/nav2_msgs/msg/_behavior_tree_log.py
[5.740s] -- Up-to-date symlink: /home/brilliant/ros2_ws/install/nav2_msgs/lib/python3.12/site-packages/nav2_msgs/msg/_behavior_tree_log_s.c
[5.740s] -- Up-to-date symlink: /home/brilliant/ros2_ws/install/nav2_msgs/lib/python3.12/site-packages/nav2_msgs/msg/_behavior_tree_status_change.py
[5.742s] -- Up-to-date symlink: /home/brilliant/ros2_ws/install/nav2_msgs/lib/python3.12/site-packages/nav2_msgs/msg/_behavior_tree_status_change_s.c
[5.742s] -- Up-to-date symlink: /home/brilliant/ros2_ws/install/nav2_msgs/lib/python3.12/site-packages/nav2_msgs/msg/_collision_detector_state.py
[5.742s] -- Up-to-date symlink: /home/brilliant/ros2_ws/install/nav2_msgs/lib/python3.12/site-packages/nav2_msgs/msg/_collision_detector_state_s.c
[5.744s] -- Up-to-date symlink: /home/brilliant/ros2_ws/install/nav2_msgs/lib/python3.12/site-packages/nav2_msgs/msg/_collision_monitor_state.py
[5.745s] -- Up-to-date symlink: /home/brilliant/ros2_ws/install/nav2_msgs/lib/python3.12/site-packages/nav2_msgs/msg/_collision_monitor_state_s.c
[5.745s] -- Up-to-date symlink: /home/brilliant/ros2_ws/install/nav2_msgs/lib/python3.12/site-packages/nav2_msgs/msg/_costmap.py
[5.746s] -- Up-to-date symlink: /home/brilliant/ros2_ws/install/nav2_msgs/lib/python3.12/site-packages/nav2_msgs/msg/_costmap_filter_info.py
[5.746s] -- Up-to-date symlink: /home/brilliant/ros2_ws/install/nav2_msgs/lib/python3.12/site-packages/nav2_msgs/msg/_costmap_filter_info_s.c
[5.746s] -- Up-to-date symlink: /home/brilliant/ros2_ws/install/nav2_msgs/lib/python3.12/site-packages/nav2_msgs/msg/_costmap_meta_data.py
[5.746s] -- Up-to-date symlink: /home/brilliant/ros2_ws/install/nav2_msgs/lib/python3.12/site-packages/nav2_msgs/msg/_costmap_meta_data_s.c
[5.750s] -- Up-to-date symlink: /home/brilliant/ros2_ws/install/nav2_msgs/lib/python3.12/site-packages/nav2_msgs/msg/_costmap_s.c
[5.752s] -- Up-to-date symlink: /home/brilliant/ros2_ws/install/nav2_msgs/lib/python3.12/site-packages/nav2_msgs/msg/_costmap_update.py
[5.753s] -- Up-to-date symlink: /home/brilliant/ros2_ws/install/nav2_msgs/lib/python3.12/site-packages/nav2_msgs/msg/_costmap_update_s.c
[5.753s] -- Up-to-date symlink: /home/brilliant/ros2_ws/install/nav2_msgs/lib/python3.12/site-packages/nav2_msgs/msg/_missed_waypoint.py
[5.753s] -- Up-to-date symlink: /home/brilliant/ros2_ws/install/nav2_msgs/lib/python3.12/site-packages/nav2_msgs/msg/_missed_waypoint_s.c
[5.753s] -- Up-to-date symlink: /home/brilliant/ros2_ws/install/nav2_msgs/lib/python3.12/site-packages/nav2_msgs/msg/_particle.py
[5.754s] -- Up-to-date symlink: /home/brilliant/ros2_ws/install/nav2_msgs/lib/python3.12/site-packages/nav2_msgs/msg/_particle_cloud.py
[5.754s] -- Up-to-date symlink: /home/brilliant/ros2_ws/install/nav2_msgs/lib/python3.12/site-packages/nav2_msgs/msg/_particle_cloud_s.c
[5.758s] -- Up-to-date symlink: /home/brilliant/ros2_ws/install/nav2_msgs/lib/python3.12/site-packages/nav2_msgs/msg/_particle_s.c
[5.758s] -- Up-to-date symlink: /home/brilliant/ros2_ws/install/nav2_msgs/lib/python3.12/site-packages/nav2_msgs/msg/_speed_limit.py
[5.758s] -- Up-to-date symlink: /home/brilliant/ros2_ws/install/nav2_msgs/lib/python3.12/site-packages/nav2_msgs/msg/_speed_limit_s.c
[5.759s] -- Up-to-date symlink: /home/brilliant/ros2_ws/install/nav2_msgs/lib/python3.12/site-packages/nav2_msgs/msg/_voxel_grid.py
[5.759s] -- Up-to-date symlink: /home/brilliant/ros2_ws/install/nav2_msgs/lib/python3.12/site-packages/nav2_msgs/msg/_voxel_grid_s.c
[5.764s] -- Up-to-date symlink: /home/brilliant/ros2_ws/install/nav2_msgs/lib/python3.12/site-packages/nav2_msgs/nav2_msgs_s__rosidl_typesupport_c.so
[5.764s] -- Up-to-date symlink: /home/brilliant/ros2_ws/install/nav2_msgs/lib/python3.12/site-packages/nav2_msgs/nav2_msgs_s__rosidl_typesupport_fastrtps_c.so
[5.765s] -- Up-to-date symlink: /home/brilliant/ros2_ws/install/nav2_msgs/lib/python3.12/site-packages/nav2_msgs/nav2_msgs_s__rosidl_typesupport_introspection_c.so
[5.765s] -- Up-to-date symlink: /home/brilliant/ros2_ws/install/nav2_msgs/lib/python3.12/site-packages/nav2_msgs/srv/__init__.py
[5.765s] -- Up-to-date symlink: /home/brilliant/ros2_ws/install/nav2_msgs/lib/python3.12/site-packages/nav2_msgs/srv/_clear_costmap_around_pose.py
[5.765s] -- Up-to-date symlink: /home/brilliant/ros2_ws/install/nav2_msgs/lib/python3.12/site-packages/nav2_msgs/srv/_clear_costmap_around_pose_s.c
[5.765s] -- Up-to-date symlink: /home/brilliant/ros2_ws/install/nav2_msgs/lib/python3.12/site-packages/nav2_msgs/srv/_clear_costmap_around_robot.py
[5.766s] -- Up-to-date symlink: /home/brilliant/ros2_ws/install/nav2_msgs/lib/python3.12/site-packages/nav2_msgs/srv/_clear_costmap_around_robot_s.c
[5.769s] -- Up-to-date symlink: /home/brilliant/ros2_ws/install/nav2_msgs/lib/python3.12/site-packages/nav2_msgs/srv/_clear_costmap_except_region.py
[5.769s] -- Up-to-date symlink: /home/brilliant/ros2_ws/install/nav2_msgs/lib/python3.12/site-packages/nav2_msgs/srv/_clear_costmap_except_region_s.c
[5.769s] -- Up-to-date symlink: /home/brilliant/ros2_ws/install/nav2_msgs/lib/python3.12/site-packages/nav2_msgs/srv/_clear_entire_costmap.py
[5.773s] -- Up-to-date symlink: /home/brilliant/ros2_ws/install/nav2_msgs/lib/python3.12/site-packages/nav2_msgs/srv/_clear_entire_costmap_s.c
[5.773s] -- Up-to-date symlink: /home/brilliant/ros2_ws/install/nav2_msgs/lib/python3.12/site-packages/nav2_msgs/srv/_get_cost.py
[5.773s] -- Up-to-date symlink: /home/brilliant/ros2_ws/install/nav2_msgs/lib/python3.12/site-packages/nav2_msgs/srv/_get_cost_s.c
[5.773s] -- Up-to-date symlink: /home/brilliant/ros2_ws/install/nav2_msgs/lib/python3.12/site-packages/nav2_msgs/srv/_get_costmap.py
[5.774s] -- Up-to-date symlink: /home/brilliant/ros2_ws/install/nav2_msgs/lib/python3.12/site-packages/nav2_msgs/srv/_get_costmap_s.c
[5.775s] -- Up-to-date symlink: /home/brilliant/ros2_ws/install/nav2_msgs/lib/python3.12/site-packages/nav2_msgs/srv/_is_path_valid.py
[5.775s] -- Up-to-date symlink: /home/brilliant/ros2_ws/install/nav2_msgs/lib/python3.12/site-packages/nav2_msgs/srv/_is_path_valid_s.c
[5.775s] -- Up-to-date symlink: /home/brilliant/ros2_ws/install/nav2_msgs/lib/python3.12/site-packages/nav2_msgs/srv/_load_map.py
[5.776s] -- Up-to-date symlink: /home/brilliant/ros2_ws/install/nav2_msgs/lib/python3.12/site-packages/nav2_msgs/srv/_load_map_s.c
[5.776s] -- Up-to-date symlink: /home/brilliant/ros2_ws/install/nav2_msgs/lib/python3.12/site-packages/nav2_msgs/srv/_manage_lifecycle_nodes.py
[5.776s] -- Up-to-date symlink: /home/brilliant/ros2_ws/install/nav2_msgs/lib/python3.12/site-packages/nav2_msgs/srv/_manage_lifecycle_nodes_s.c
[5.781s] -- Up-to-date symlink: /home/brilliant/ros2_ws/install/nav2_msgs/lib/python3.12/site-packages/nav2_msgs/srv/_reload_dock_database.py
[5.781s] -- Up-to-date symlink: /home/brilliant/ros2_ws/install/nav2_msgs/lib/python3.12/site-packages/nav2_msgs/srv/_reload_dock_database_s.c
[5.782s] -- Up-to-date symlink: /home/brilliant/ros2_ws/install/nav2_msgs/lib/python3.12/site-packages/nav2_msgs/srv/_save_map.py
[5.782s] -- Up-to-date symlink: /home/brilliant/ros2_ws/install/nav2_msgs/lib/python3.12/site-packages/nav2_msgs/srv/_save_map_s.c
[5.782s] -- Up-to-date symlink: /home/brilliant/ros2_ws/install/nav2_msgs/lib/python3.12/site-packages/nav2_msgs/srv/_set_initial_pose.py
[5.784s] -- Up-to-date symlink: /home/brilliant/ros2_ws/install/nav2_msgs/lib/python3.12/site-packages/nav2_msgs/srv/_set_initial_pose_s.c
[5.784s] -- Up-to-date symlink: /home/brilliant/ros2_ws/install/nav2_msgs/lib/python3.12/site-packages/nav2_msgs/nav2_msgs_s__rosidl_typesupport_fastrtps_c.so
[5.786s] -- Up-to-date symlink: /home/brilliant/ros2_ws/install/nav2_msgs/lib/python3.12/site-packages/nav2_msgs/nav2_msgs_s__rosidl_typesupport_introspection_c.so
[5.789s] -- Up-to-date symlink: /home/brilliant/ros2_ws/install/nav2_msgs/lib/python3.12/site-packages/nav2_msgs/nav2_msgs_s__rosidl_typesupport_c.so
[5.789s] -- Up-to-date symlink: /home/brilliant/ros2_ws/install/nav2_msgs/share/nav2_msgs/msg/CollisionMonitorState.idl
[5.789s] -- Up-to-date symlink: /home/brilliant/ros2_ws/install/nav2_msgs/share/nav2_msgs/msg/CollisionDetectorState.idl
[5.792s] -- Up-to-date symlink: /home/brilliant/ros2_ws/install/nav2_msgs/share/nav2_msgs/msg/Costmap.idl
[5.793s] -- Up-to-date symlink: /home/brilliant/ros2_ws/install/nav2_msgs/share/nav2_msgs/msg/CostmapMetaData.idl
[5.793s] -- Up-to-date symlink: /home/brilliant/ros2_ws/install/nav2_msgs/share/nav2_msgs/msg/CostmapUpdate.idl
[5.794s] -- Up-to-date symlink: /home/brilliant/ros2_ws/install/nav2_msgs/share/nav2_msgs/msg/CostmapFilterInfo.idl
[5.797s] -- Up-to-date symlink: /home/brilliant/ros2_ws/install/nav2_msgs/share/nav2_msgs/msg/SpeedLimit.idl
[5.797s] -- Up-to-date symlink: /home/brilliant/ros2_ws/install/nav2_msgs/share/nav2_msgs/msg/VoxelGrid.idl
[5.798s] -- Up-to-date symlink: /home/brilliant/ros2_ws/install/nav2_msgs/share/nav2_msgs/msg/BehaviorTreeStatusChange.idl
[5.798s] -- Up-to-date symlink: /home/brilliant/ros2_ws/install/nav2_msgs/share/nav2_msgs/msg/BehaviorTreeLog.idl
[5.798s] -- Up-to-date symlink: /home/brilliant/ros2_ws/install/nav2_msgs/share/nav2_msgs/msg/Particle.idl
[5.798s] -- Up-to-date symlink: /home/brilliant/ros2_ws/install/nav2_msgs/share/nav2_msgs/msg/ParticleCloud.idl
[5.801s] -- Up-to-date symlink: /home/brilliant/ros2_ws/install/nav2_msgs/share/nav2_msgs/msg/MissedWaypoint.idl
[5.802s] -- Up-to-date symlink: /home/brilliant/ros2_ws/install/nav2_msgs/share/nav2_msgs/srv/GetCost.idl
[5.802s] -- Up-to-date symlink: /home/brilliant/ros2_ws/install/nav2_msgs/share/nav2_msgs/srv/GetCostmap.idl
[5.806s] -- Up-to-date symlink: /home/brilliant/ros2_ws/install/nav2_msgs/share/nav2_msgs/srv/IsPathValid.idl
[5.808s] -- Up-to-date symlink: /home/brilliant/ros2_ws/install/nav2_msgs/share/nav2_msgs/srv/ClearCostmapExceptRegion.idl
[5.808s] -- Up-to-date symlink: /home/brilliant/ros2_ws/install/nav2_msgs/share/nav2_msgs/srv/ClearCostmapAroundRobot.idl
[5.808s] -- Up-to-date symlink: /home/brilliant/ros2_ws/install/nav2_msgs/share/nav2_msgs/srv/ClearCostmapAroundPose.idl
[5.809s] -- Up-to-date symlink: /home/brilliant/ros2_ws/install/nav2_msgs/share/nav2_msgs/srv/ClearEntireCostmap.idl
[5.809s] -- Up-to-date symlink: /home/brilliant/ros2_ws/install/nav2_msgs/share/nav2_msgs/srv/ManageLifecycleNodes.idl
[5.811s] -- Up-to-date symlink: /home/brilliant/ros2_ws/install/nav2_msgs/share/nav2_msgs/srv/LoadMap.idl
[5.813s] -- Up-to-date symlink: /home/brilliant/ros2_ws/install/nav2_msgs/share/nav2_msgs/srv/SaveMap.idl
[5.813s] -- Up-to-date symlink: /home/brilliant/ros2_ws/install/nav2_msgs/share/nav2_msgs/srv/SetInitialPose.idl
[5.813s] -- Up-to-date symlink: /home/brilliant/ros2_ws/install/nav2_msgs/share/nav2_msgs/srv/ReloadDockDatabase.idl
[5.816s] -- Up-to-date symlink: /home/brilliant/ros2_ws/install/nav2_msgs/share/nav2_msgs/action/AssistedTeleop.idl
[5.820s] -- Up-to-date symlink: /home/brilliant/ros2_ws/install/nav2_msgs/share/nav2_msgs/action/BackUp.idl
[5.820s] -- Up-to-date symlink: /home/brilliant/ros2_ws/install/nav2_msgs/share/nav2_msgs/action/ComputePathToPose.idl
[5.820s] -- Up-to-date symlink: /home/brilliant/ros2_ws/install/nav2_msgs/share/nav2_msgs/action/ComputePathThroughPoses.idl
[5.820s] -- Up-to-date symlink: /home/brilliant/ros2_ws/install/nav2_msgs/share/nav2_msgs/action/DriveOnHeading.idl
[5.821s] -- Up-to-date symlink: /home/brilliant/ros2_ws/install/nav2_msgs/share/nav2_msgs/action/SmoothPath.idl
[5.822s] -- Up-to-date symlink: /home/brilliant/ros2_ws/install/nav2_msgs/share/nav2_msgs/action/FollowPath.idl
[5.822s] -- Up-to-date symlink: /home/brilliant/ros2_ws/install/nav2_msgs/share/nav2_msgs/action/NavigateToPose.idl
[5.823s] -- Up-to-date symlink: /home/brilliant/ros2_ws/install/nav2_msgs/share/nav2_msgs/action/NavigateThroughPoses.idl
[5.824s] -- Up-to-date symlink: /home/brilliant/ros2_ws/install/nav2_msgs/share/nav2_msgs/action/Wait.idl
[5.824s] -- Up-to-date symlink: /home/brilliant/ros2_ws/install/nav2_msgs/share/nav2_msgs/action/Spin.idl
[5.826s] -- Up-to-date symlink: /home/brilliant/ros2_ws/install/nav2_msgs/share/nav2_msgs/action/DummyBehavior.idl
[5.826s] -- Up-to-date symlink: /home/brilliant/ros2_ws/install/nav2_msgs/share/nav2_msgs/action/FollowWaypoints.idl
[5.826s] -- Up-to-date symlink: /home/brilliant/ros2_ws/install/nav2_msgs/share/nav2_msgs/action/FollowGPSWaypoints.idl
[5.827s] -- Up-to-date symlink: /home/brilliant/ros2_ws/install/nav2_msgs/share/nav2_msgs/action/DockRobot.idl
[5.832s] -- Up-to-date symlink: /home/brilliant/ros2_ws/install/nav2_msgs/share/nav2_msgs/action/UndockRobot.idl
[5.832s] -- Up-to-date symlink: /home/brilliant/ros2_ws/install/nav2_msgs/share/nav2_msgs/msg/CollisionMonitorState.msg
[5.832s] -- Up-to-date symlink: /home/brilliant/ros2_ws/install/nav2_msgs/share/nav2_msgs/msg/CollisionDetectorState.msg
[5.834s] -- Up-to-date symlink: /home/brilliant/ros2_ws/install/nav2_msgs/share/nav2_msgs/msg/Costmap.msg
[5.834s] -- Up-to-date symlink: /home/brilliant/ros2_ws/install/nav2_msgs/share/nav2_msgs/msg/CostmapMetaData.msg
[5.835s] -- Up-to-date symlink: /home/brilliant/ros2_ws/install/nav2_msgs/share/nav2_msgs/msg/CostmapUpdate.msg
[5.836s] -- Up-to-date symlink: /home/brilliant/ros2_ws/install/nav2_msgs/share/nav2_msgs/msg/CostmapFilterInfo.msg
[5.838s] -- Up-to-date symlink: /home/brilliant/ros2_ws/install/nav2_msgs/share/nav2_msgs/msg/SpeedLimit.msg
[5.838s] -- Up-to-date symlink: /home/brilliant/ros2_ws/install/nav2_msgs/share/nav2_msgs/msg/VoxelGrid.msg
[5.839s] -- Up-to-date symlink: /home/brilliant/ros2_ws/install/nav2_msgs/share/nav2_msgs/msg/BehaviorTreeStatusChange.msg
[5.840s] -- Up-to-date symlink: /home/brilliant/ros2_ws/install/nav2_msgs/share/nav2_msgs/msg/BehaviorTreeLog.msg
[5.840s] -- Up-to-date symlink: /home/brilliant/ros2_ws/install/nav2_msgs/share/nav2_msgs/msg/Particle.msg
[5.843s] -- Up-to-date symlink: /home/brilliant/ros2_ws/install/nav2_msgs/share/nav2_msgs/msg/ParticleCloud.msg
[5.844s] -- Up-to-date symlink: /home/brilliant/ros2_ws/install/nav2_msgs/share/nav2_msgs/msg/MissedWaypoint.msg
[5.845s] -- Up-to-date symlink: /home/brilliant/ros2_ws/install/nav2_msgs/share/nav2_msgs/srv/GetCost.srv
[5.847s] -- Up-to-date symlink: /home/brilliant/ros2_ws/install/nav2_msgs/share/nav2_msgs/srv/GetCostmap.srv
[5.847s] -- Up-to-date symlink: /home/brilliant/ros2_ws/install/nav2_msgs/share/nav2_msgs/srv/IsPathValid.srv
[5.851s] -- Up-to-date symlink: /home/brilliant/ros2_ws/install/nav2_msgs/share/nav2_msgs/srv/ClearCostmapExceptRegion.srv
[5.852s] -- Up-to-date symlink: /home/brilliant/ros2_ws/install/nav2_msgs/share/nav2_msgs/srv/ClearCostmapAroundRobot.srv
[5.854s] -- Up-to-date symlink: /home/brilliant/ros2_ws/install/nav2_msgs/share/nav2_msgs/srv/ClearCostmapAroundPose.srv
[5.854s] -- Up-to-date symlink: /home/brilliant/ros2_ws/install/nav2_msgs/share/nav2_msgs/srv/ClearEntireCostmap.srv
[5.855s] -- Up-to-date symlink: /home/brilliant/ros2_ws/install/nav2_msgs/share/nav2_msgs/srv/ManageLifecycleNodes.srv
[5.855s] -- Up-to-date symlink: /home/brilliant/ros2_ws/install/nav2_msgs/share/nav2_msgs/srv/LoadMap.srv
[5.855s] -- Up-to-date symlink: /home/brilliant/ros2_ws/install/nav2_msgs/share/nav2_msgs/srv/SaveMap.srv
[5.856s] -- Up-to-date symlink: /home/brilliant/ros2_ws/install/nav2_msgs/share/nav2_msgs/srv/SetInitialPose.srv
[5.859s] -- Up-to-date symlink: /home/brilliant/ros2_ws/install/nav2_msgs/share/nav2_msgs/srv/ReloadDockDatabase.srv
[5.860s] -- Up-to-date symlink: /home/brilliant/ros2_ws/install/nav2_msgs/share/nav2_msgs/action/AssistedTeleop.action
[5.861s] -- Up-to-date symlink: /home/brilliant/ros2_ws/install/nav2_msgs/share/nav2_msgs/action/BackUp.action
[5.861s] -- Up-to-date symlink: /home/brilliant/ros2_ws/install/nav2_msgs/share/nav2_msgs/action/ComputePathToPose.action
[5.861s] -- Up-to-date symlink: /home/brilliant/ros2_ws/install/nav2_msgs/share/nav2_msgs/action/ComputePathThroughPoses.action
[5.861s] -- Up-to-date symlink: /home/brilliant/ros2_ws/install/nav2_msgs/share/nav2_msgs/action/DriveOnHeading.action
[5.865s] -- Up-to-date symlink: /home/brilliant/ros2_ws/install/nav2_msgs/share/nav2_msgs/action/SmoothPath.action
[5.865s] -- Up-to-date symlink: /home/brilliant/ros2_ws/install/nav2_msgs/share/nav2_msgs/action/FollowPath.action
[5.866s] -- Up-to-date symlink: /home/brilliant/ros2_ws/install/nav2_msgs/share/nav2_msgs/action/NavigateToPose.action
[5.869s] -- Up-to-date symlink: /home/brilliant/ros2_ws/install/nav2_msgs/share/nav2_msgs/action/NavigateThroughPoses.action
[5.869s] -- Up-to-date symlink: /home/brilliant/ros2_ws/install/nav2_msgs/share/nav2_msgs/action/Wait.action
[5.869s] -- Up-to-date symlink: /home/brilliant/ros2_ws/install/nav2_msgs/share/nav2_msgs/action/Spin.action
[5.870s] -- Up-to-date symlink: /home/brilliant/ros2_ws/install/nav2_msgs/share/nav2_msgs/action/DummyBehavior.action
[5.873s] -- Up-to-date symlink: /home/brilliant/ros2_ws/install/nav2_msgs/share/nav2_msgs/action/FollowWaypoints.action
[5.875s] -- Up-to-date symlink: /home/brilliant/ros2_ws/install/nav2_msgs/share/nav2_msgs/action/FollowGPSWaypoints.action
[5.876s] -- Up-to-date symlink: /home/brilliant/ros2_ws/install/nav2_msgs/share/nav2_msgs/action/DockRobot.action
[5.879s] -- Up-to-date symlink: /home/brilliant/ros2_ws/install/nav2_msgs/share/nav2_msgs/action/UndockRobot.action
[5.879s] -- Up-to-date symlink: /home/brilliant/ros2_ws/install/nav2_msgs/share/ament_index/resource_index/package_run_dependencies/nav2_msgs
[5.879s] -- Up-to-date symlink: /home/brilliant/ros2_ws/install/nav2_msgs/share/ament_index/resource_index/parent_prefix_path/nav2_msgs
[5.880s] -- Up-to-date symlink: /home/brilliant/ros2_ws/install/nav2_msgs/share/nav2_msgs/environment/ament_prefix_path.sh
[5.880s] -- Up-to-date symlink: /home/brilliant/ros2_ws/install/nav2_msgs/share/nav2_msgs/environment/ament_prefix_path.dsv
[5.881s] -- Up-to-date symlink: /home/brilliant/ros2_ws/install/nav2_msgs/share/nav2_msgs/environment/path.sh
[5.881s] -- Up-to-date symlink: /home/brilliant/ros2_ws/install/nav2_msgs/share/nav2_msgs/environment/path.dsv
[5.882s] -- Up-to-date symlink: /home/brilliant/ros2_ws/install/nav2_msgs/share/nav2_msgs/local_setup.bash
[5.883s] -- Up-to-date symlink: /home/brilliant/ros2_ws/install/nav2_msgs/share/nav2_msgs/local_setup.sh
[5.884s] -- Up-to-date symlink: /home/brilliant/ros2_ws/install/nav2_msgs/share/nav2_msgs/local_setup.zsh
[5.884s] -- Up-to-date symlink: /home/brilliant/ros2_ws/install/nav2_msgs/share/nav2_msgs/local_setup.dsv
[5.884s] -- Symlinking: /home/brilliant/ros2_ws/install/nav2_msgs/share/nav2_msgs/package.dsv
[5.942s] -- Up-to-date symlink: /home/brilliant/ros2_ws/install/nav2_msgs/share/ament_index/resource_index/packages/nav2_msgs
[5.943s] -- Up-to-date symlink: /home/brilliant/ros2_ws/install/nav2_msgs/share/nav2_msgs/cmake/rosidl_cmake-extras.cmake
[5.943s] -- Up-to-date symlink: /home/brilliant/ros2_ws/install/nav2_msgs/share/nav2_msgs/cmake/ament_cmake_export_dependencies-extras.cmake
[5.946s] -- Up-to-date symlink: /home/brilliant/ros2_ws/install/nav2_msgs/share/nav2_msgs/cmake/ament_cmake_export_include_directories-extras.cmake
[5.947s] -- Up-to-date symlink: /home/brilliant/ros2_ws/install/nav2_msgs/share/nav2_msgs/cmake/ament_cmake_export_libraries-extras.cmake
[5.947s] -- Up-to-date symlink: /home/brilliant/ros2_ws/install/nav2_msgs/share/nav2_msgs/cmake/ament_cmake_export_targets-extras.cmake
[5.950s] -- Up-to-date symlink: /home/brilliant/ros2_ws/install/nav2_msgs/share/nav2_msgs/cmake/rosidl_cmake_export_typesupport_targets-extras.cmake
[5.953s] -- Up-to-date symlink: /home/brilliant/ros2_ws/install/nav2_msgs/share/nav2_msgs/cmake/rosidl_cmake_export_typesupport_libraries-extras.cmake
[5.953s] -- Up-to-date symlink: /home/brilliant/ros2_ws/install/nav2_msgs/share/nav2_msgs/cmake/nav2_msgsConfig.cmake
[5.954s] -- Up-to-date symlink: /home/brilliant/ros2_ws/install/nav2_msgs/share/nav2_msgs/cmake/nav2_msgsConfig-version.cmake
[5.954s] -- Up-to-date symlink: /home/brilliant/ros2_ws/install/nav2_msgs/share/nav2_msgs/package.xml
[5.955s] -- Up-to-date: /home/brilliant/ros2_ws/install/nav2_msgs/lib/libnav2_msgs__rosidl_generator_c.so
[5.958s] -- Up-to-date: /home/brilliant/ros2_ws/install/nav2_msgs/lib/libnav2_msgs__rosidl_typesupport_fastrtps_c.so
[5.963s] -- Up-to-date: /home/brilliant/ros2_ws/install/nav2_msgs/lib/libnav2_msgs__rosidl_typesupport_fastrtps_cpp.so
[5.965s] -- Up-to-date: /home/brilliant/ros2_ws/install/nav2_msgs/lib/libnav2_msgs__rosidl_typesupport_introspection_c.so
[5.966s] -- Up-to-date: /home/brilliant/ros2_ws/install/nav2_msgs/lib/libnav2_msgs__rosidl_typesupport_c.so
[5.970s] -- Up-to-date: /home/brilliant/ros2_ws/install/nav2_msgs/lib/libnav2_msgs__rosidl_typesupport_introspection_cpp.so
[5.971s] -- Up-to-date: /home/brilliant/ros2_ws/install/nav2_msgs/lib/libnav2_msgs__rosidl_typesupport_cpp.so
[6.230s] Listing '/home/brilliant/ros2_ws/install/nav2_msgs/lib/python3.12/site-packages/nav2_msgs'...
[6.230s] Listing '/home/brilliant/ros2_ws/install/nav2_msgs/lib/python3.12/site-packages/nav2_msgs/action'...
[6.231s] Listing '/home/brilliant/ros2_ws/install/nav2_msgs/lib/python3.12/site-packages/nav2_msgs/msg'...
[6.231s] Listing '/home/brilliant/ros2_ws/install/nav2_msgs/lib/python3.12/site-packages/nav2_msgs/srv'...
[6.263s] -- Up-to-date: /home/brilliant/ros2_ws/install/nav2_msgs/lib/libnav2_msgs__rosidl_generator_py.so
[6.268s] -- Up-to-date: /home/brilliant/ros2_ws/install/nav2_msgs/share/nav2_msgs/cmake/export_nav2_msgs__rosidl_generator_cExport.cmake
[6.269s] -- Up-to-date: /home/brilliant/ros2_ws/install/nav2_msgs/share/nav2_msgs/cmake/export_nav2_msgs__rosidl_generator_cExport-release.cmake
[6.271s] -- Up-to-date: /home/brilliant/ros2_ws/install/nav2_msgs/share/nav2_msgs/cmake/export_nav2_msgs__rosidl_typesupport_fastrtps_cExport.cmake
[6.272s] -- Up-to-date: /home/brilliant/ros2_ws/install/nav2_msgs/share/nav2_msgs/cmake/export_nav2_msgs__rosidl_typesupport_fastrtps_cExport-release.cmake
[6.272s] -- Up-to-date: /home/brilliant/ros2_ws/install/nav2_msgs/share/nav2_msgs/cmake/export_nav2_msgs__rosidl_generator_cppExport.cmake
[6.275s] -- Up-to-date: /home/brilliant/ros2_ws/install/nav2_msgs/share/nav2_msgs/cmake/export_nav2_msgs__rosidl_typesupport_fastrtps_cppExport.cmake
[6.275s] -- Up-to-date: /home/brilliant/ros2_ws/install/nav2_msgs/share/nav2_msgs/cmake/export_nav2_msgs__rosidl_typesupport_fastrtps_cppExport-release.cmake
[6.275s] -- Up-to-date: /home/brilliant/ros2_ws/install/nav2_msgs/share/nav2_msgs/cmake/nav2_msgs__rosidl_typesupport_introspection_cExport.cmake
[6.276s] -- Up-to-date: /home/brilliant/ros2_ws/install/nav2_msgs/share/nav2_msgs/cmake/nav2_msgs__rosidl_typesupport_introspection_cExport-release.cmake
[6.279s] -- Up-to-date: /home/brilliant/ros2_ws/install/nav2_msgs/share/nav2_msgs/cmake/nav2_msgs__rosidl_typesupport_cExport.cmake
[6.280s] -- Up-to-date: /home/brilliant/ros2_ws/install/nav2_msgs/share/nav2_msgs/cmake/nav2_msgs__rosidl_typesupport_cExport-release.cmake
[6.280s] -- Up-to-date: /home/brilliant/ros2_ws/install/nav2_msgs/share/nav2_msgs/cmake/nav2_msgs__rosidl_typesupport_introspection_cppExport.cmake
[6.280s] -- Up-to-date: /home/brilliant/ros2_ws/install/nav2_msgs/share/nav2_msgs/cmake/nav2_msgs__rosidl_typesupport_introspection_cppExport-release.cmake
[6.287s] -- Up-to-date: /home/brilliant/ros2_ws/install/nav2_msgs/share/nav2_msgs/cmake/nav2_msgs__rosidl_typesupport_cppExport.cmake
[6.287s] -- Up-to-date: /home/brilliant/ros2_ws/install/nav2_msgs/share/nav2_msgs/cmake/nav2_msgs__rosidl_typesupport_cppExport-release.cmake
[6.287s] -- Up-to-date: /home/brilliant/ros2_ws/install/nav2_msgs/share/nav2_msgs/cmake/export_nav2_msgs__rosidl_generator_pyExport.cmake
[6.288s] -- Up-to-date: /home/brilliant/ros2_ws/install/nav2_msgs/share/nav2_msgs/cmake/export_nav2_msgs__rosidl_generator_pyExport-release.cmake
[6.297s] Invoked command in '/home/brilliant/ros2_ws/build/nav2_msgs' returned '0': AMENT_PREFIX_PATH=/home/brilliant/ros2_ws/install/nav2_common:${AMENT_PREFIX_PATH} CMAKE_PREFIX_PATH=/home/brilliant/ros2_ws/install/nav2_common:/home/brilliant/ros2_ws/install/sllidar_ros2:/home/brilliant/ros2_ws/install/serial:/home/brilliant/ros2_ws/install/minibot:/home/brilliant/ros2_ws/install/diffdrive_arduino:/opt/ros/jazzy/opt/gz_sim_vendor:/opt/ros/jazzy/opt/gz_sensors_vendor:/opt/ros/jazzy/opt/gz_physics_vendor:/opt/ros/jazzy/opt/sdformat_vendor:/opt/ros/jazzy/opt/gz_gui_vendor:/opt/ros/jazzy/opt/gz_transport_vendor:/opt/ros/jazzy/opt/gz_rendering_vendor:/opt/ros/jazzy/opt/gz_plugin_vendor:/opt/ros/jazzy/opt/gz_fuel_tools_vendor:/opt/ros/jazzy/opt/gz_msgs_vendor:/opt/ros/jazzy/opt/gz_common_vendor:/opt/ros/jazzy/opt/gz_math_vendor:/opt/ros/jazzy/opt/gz_utils_vendor:/opt/ros/jazzy/opt/gz_tools_vendor:/opt/ros/jazzy/opt/gz_ogre_next_vendor:/opt/ros/jazzy/opt/gz_dartsim_vendor:/opt/ros/jazzy/opt/gz_cmake_vendor:/home/brilliant/ros2_ws/install/twist_stamper:/opt/ros/jazzy DEBUGINFOD_URLS=https://debuginfod.ubuntu.com PYTHONPATH=/home/brilliant/ros2_ws/install/nav2_common/lib/python3.12/site-packages:${PYTHONPATH} /usr/bin/cmake --install /home/brilliant/ros2_ws/build/nav2_msgs
