[0.065s] Invoking command in '/home/brilliant/ros2_ws/build/nav2_msgs': CMAKE_PREFIX_PATH=/home/brilliant/ros2_ws/install/nav2_common:/home/brilliant/ros2_ws/install/sllidar_ros2:/home/brilliant/ros2_ws/install/serial:/home/brilliant/ros2_ws/install/nav2_system_tests:/home/brilliant/ros2_ws/install/nav2_bringup:/home/brilliant/ros2_ws/install/navigation2:/home/brilliant/ros2_ws/install/opennav_docking:/home/brilliant/ros2_ws/install/opennav_docking_core:/home/brilliant/ros2_ws/install/opennav_docking_bt:/home/brilliant/ros2_ws/install/nav2_smoother:/home/brilliant/ros2_ws/install/nav2_rotation_shim_controller:/home/brilliant/ros2_ws/install/nav2_graceful_controller:/home/brilliant/ros2_ws/install/nav2_dwb_controller:/home/brilliant/ros2_ws/install/nav2_controller:/home/brilliant/ros2_ws/install/dwb_plugins:/home/brilliant/ros2_ws/install/dwb_critics:/home/brilliant/ros2_ws/install/dwb_core:/home/brilliant/ros2_ws/install/nav_2d_utils:/home/brilliant/ros2_ws/install/dwb_msgs:/home/brilliant/ros2_ws/install/nav_2d_msgs:/home/brilliant/ros2_ws/install/nav2_waypoint_follower:/home/brilliant/ros2_ws/install/nav2_theta_star_planner:/home/brilliant/ros2_ws/install/nav2_smac_planner:/home/brilliant/ros2_ws/install/nav2_regulated_pure_pursuit_controller:/home/brilliant/ros2_ws/install/nav2_planner:/home/brilliant/ros2_ws/install/nav2_navfn_planner:/home/brilliant/ros2_ws/install/nav2_mppi_controller:/home/brilliant/ros2_ws/install/nav2_constrained_smoother:/home/brilliant/ros2_ws/install/nav2_bt_navigator:/home/brilliant/ros2_ws/install/nav2_behaviors:/home/brilliant/ros2_ws/install/nav2_core:/home/brilliant/ros2_ws/install/nav2_collision_monitor:/home/brilliant/ros2_ws/install/costmap_queue:/home/brilliant/ros2_ws/install/nav2_costmap_2d:/home/brilliant/ros2_ws/install/nav2_voxel_grid:/home/brilliant/ros2_ws/install/nav2_velocity_smoother:/home/brilliant/ros2_ws/install/nav2_rviz_plugins:/home/brilliant/ros2_ws/install/nav2_map_server:/home/brilliant/ros2_ws/install/nav2_lifecycle_manager:/home/brilliant/ros2_ws/install/nav2_behavior_tree:/home/brilliant/ros2_ws/install/nav2_amcl:/home/brilliant/ros2_ws/install/nav2_util:/home/brilliant/ros2_ws/install/nav2_msgs:/home/brilliant/ros2_ws/install/minibot:/home/brilliant/ros2_ws/install/diffdrive_arduino:/opt/ros/jazzy/opt/gz_sim_vendor:/opt/ros/jazzy/opt/gz_sensors_vendor:/opt/ros/jazzy/opt/gz_physics_vendor:/opt/ros/jazzy/opt/sdformat_vendor:/opt/ros/jazzy/opt/gz_gui_vendor:/opt/ros/jazzy/opt/gz_transport_vendor:/opt/ros/jazzy/opt/gz_rendering_vendor:/opt/ros/jazzy/opt/gz_plugin_vendor:/opt/ros/jazzy/opt/gz_fuel_tools_vendor:/opt/ros/jazzy/opt/gz_msgs_vendor:/opt/ros/jazzy/opt/gz_common_vendor:/opt/ros/jazzy/opt/gz_math_vendor:/opt/ros/jazzy/opt/gz_utils_vendor:/opt/ros/jazzy/opt/gz_tools_vendor:/opt/ros/jazzy/opt/gz_ogre_next_vendor:/opt/ros/jazzy/opt/gz_dartsim_vendor:/opt/ros/jazzy/opt/gz_cmake_vendor:/home/brilliant/ros2_ws/install/twist_stamper:/home/brilliant/ros2_ws/install/nav2_simple_commander:/home/brilliant/ros2_ws/install/nav2_loopback_sim:/opt/ros/jazzy DEBUGINFOD_URLS=https://debuginfod.ubuntu.com PYTHONPATH=/home/brilliant/ros2_ws/install/nav2_common/lib/python3.12/site-packages:/home/brilliant/ros2_ws/build/twist_stamper:/home/brilliant/ros2_ws/install/twist_stamper/lib/python3.12/site-packages:/home/brilliant/ros2_ws/install/dwb_msgs/lib/python3.12/site-packages:/home/brilliant/ros2_ws/install/nav_2d_msgs/lib/python3.12/site-packages:/home/brilliant/ros2_ws/build/nav2_simple_commander:/home/brilliant/ros2_ws/install/nav2_simple_commander/lib/python3.12/site-packages:/home/brilliant/ros2_ws/install/nav2_msgs/lib/python3.12/site-packages:/home/brilliant/ros2_ws/build/nav2_loopback_sim:/home/brilliant/ros2_ws/install/nav2_loopback_sim/lib/python3.12/site-packages:/opt/ros/jazzy/lib/python3.12/site-packages /usr/bin/cmake --build /home/brilliant/ros2_ws/build/nav2_msgs -- -j4 -l4
[0.475s] [  1%] Built target nav2_msgs__rosidl_generator_type_description
[0.646s] [  1%] Built target ament_cmake_python_symlink_nav2_msgs
[0.884s] [ 30%] Built target nav2_msgs__rosidl_generator_c
[1.903s] running egg_info
[1.994s] writing nav2_msgs.egg-info/PKG-INFO
[1.994s] writing dependency_links to nav2_msgs.egg-info/dependency_links.txt
[1.995s] writing top-level names to nav2_msgs.egg-info/top_level.txt
[2.319s] reading manifest file 'nav2_msgs.egg-info/SOURCES.txt'
[2.328s] writing manifest file 'nav2_msgs.egg-info/SOURCES.txt'
[2.520s] [ 30%] Built target ament_cmake_python_build_nav2_msgs_egg
[2.721s] [ 40%] Built target nav2_msgs__rosidl_typesupport_introspection_c
[2.887s] [ 50%] Built target nav2_msgs__rosidl_typesupport_c
[3.147s] [ 60%] Built target nav2_msgs__rosidl_typesupport_fastrtps_c
[3.332s] [ 60%] Built target nav2_msgs__cpp
[3.697s] [ 69%] Built target nav2_msgs__rosidl_typesupport_cpp
[4.131s] [ 79%] Built target nav2_msgs__rosidl_typesupport_introspection_cpp
[4.422s] [ 89%] Built target nav2_msgs__rosidl_typesupport_fastrtps_cpp
[4.604s] [ 89%] Built target nav2_msgs
[4.843s] [ 89%] Built target nav2_msgs__py
[5.302s] [ 98%] Built target nav2_msgs__rosidl_generator_py
[5.550s] [ 98%] Built target nav2_msgs_s__rosidl_typesupport_fastrtps_c
[5.732s] [ 99%] Built target nav2_msgs_s__rosidl_typesupport_c
[5.874s] [100%] Built target nav2_msgs_s__rosidl_typesupport_introspection_c
[5.957s] Invoked command in '/home/brilliant/ros2_ws/build/nav2_msgs' returned '0': CMAKE_PREFIX_PATH=/home/brilliant/ros2_ws/install/nav2_common:/home/brilliant/ros2_ws/install/sllidar_ros2:/home/brilliant/ros2_ws/install/serial:/home/brilliant/ros2_ws/install/nav2_system_tests:/home/brilliant/ros2_ws/install/nav2_bringup:/home/brilliant/ros2_ws/install/navigation2:/home/brilliant/ros2_ws/install/opennav_docking:/home/brilliant/ros2_ws/install/opennav_docking_core:/home/brilliant/ros2_ws/install/opennav_docking_bt:/home/brilliant/ros2_ws/install/nav2_smoother:/home/brilliant/ros2_ws/install/nav2_rotation_shim_controller:/home/brilliant/ros2_ws/install/nav2_graceful_controller:/home/brilliant/ros2_ws/install/nav2_dwb_controller:/home/brilliant/ros2_ws/install/nav2_controller:/home/brilliant/ros2_ws/install/dwb_plugins:/home/brilliant/ros2_ws/install/dwb_critics:/home/brilliant/ros2_ws/install/dwb_core:/home/brilliant/ros2_ws/install/nav_2d_utils:/home/brilliant/ros2_ws/install/dwb_msgs:/home/brilliant/ros2_ws/install/nav_2d_msgs:/home/brilliant/ros2_ws/install/nav2_waypoint_follower:/home/brilliant/ros2_ws/install/nav2_theta_star_planner:/home/brilliant/ros2_ws/install/nav2_smac_planner:/home/brilliant/ros2_ws/install/nav2_regulated_pure_pursuit_controller:/home/brilliant/ros2_ws/install/nav2_planner:/home/brilliant/ros2_ws/install/nav2_navfn_planner:/home/brilliant/ros2_ws/install/nav2_mppi_controller:/home/brilliant/ros2_ws/install/nav2_constrained_smoother:/home/brilliant/ros2_ws/install/nav2_bt_navigator:/home/brilliant/ros2_ws/install/nav2_behaviors:/home/brilliant/ros2_ws/install/nav2_core:/home/brilliant/ros2_ws/install/nav2_collision_monitor:/home/brilliant/ros2_ws/install/costmap_queue:/home/brilliant/ros2_ws/install/nav2_costmap_2d:/home/brilliant/ros2_ws/install/nav2_voxel_grid:/home/brilliant/ros2_ws/install/nav2_velocity_smoother:/home/brilliant/ros2_ws/install/nav2_rviz_plugins:/home/brilliant/ros2_ws/install/nav2_map_server:/home/brilliant/ros2_ws/install/nav2_lifecycle_manager:/home/brilliant/ros2_ws/install/nav2_behavior_tree:/home/brilliant/ros2_ws/install/nav2_amcl:/home/brilliant/ros2_ws/install/nav2_util:/home/brilliant/ros2_ws/install/nav2_msgs:/home/brilliant/ros2_ws/install/minibot:/home/brilliant/ros2_ws/install/diffdrive_arduino:/opt/ros/jazzy/opt/gz_sim_vendor:/opt/ros/jazzy/opt/gz_sensors_vendor:/opt/ros/jazzy/opt/gz_physics_vendor:/opt/ros/jazzy/opt/sdformat_vendor:/opt/ros/jazzy/opt/gz_gui_vendor:/opt/ros/jazzy/opt/gz_transport_vendor:/opt/ros/jazzy/opt/gz_rendering_vendor:/opt/ros/jazzy/opt/gz_plugin_vendor:/opt/ros/jazzy/opt/gz_fuel_tools_vendor:/opt/ros/jazzy/opt/gz_msgs_vendor:/opt/ros/jazzy/opt/gz_common_vendor:/opt/ros/jazzy/opt/gz_math_vendor:/opt/ros/jazzy/opt/gz_utils_vendor:/opt/ros/jazzy/opt/gz_tools_vendor:/opt/ros/jazzy/opt/gz_ogre_next_vendor:/opt/ros/jazzy/opt/gz_dartsim_vendor:/opt/ros/jazzy/opt/gz_cmake_vendor:/home/brilliant/ros2_ws/install/twist_stamper:/home/brilliant/ros2_ws/install/nav2_simple_commander:/home/brilliant/ros2_ws/install/nav2_loopback_sim:/opt/ros/jazzy DEBUGINFOD_URLS=https://debuginfod.ubuntu.com PYTHONPATH=/home/brilliant/ros2_ws/install/nav2_common/lib/python3.12/site-packages:/home/brilliant/ros2_ws/build/twist_stamper:/home/brilliant/ros2_ws/install/twist_stamper/lib/python3.12/site-packages:/home/brilliant/ros2_ws/install/dwb_msgs/lib/python3.12/site-packages:/home/brilliant/ros2_ws/install/nav_2d_msgs/lib/python3.12/site-packages:/home/brilliant/ros2_ws/build/nav2_simple_commander:/home/brilliant/ros2_ws/install/nav2_simple_commander/lib/python3.12/site-packages:/home/brilliant/ros2_ws/install/nav2_msgs/lib/python3.12/site-packages:/home/brilliant/ros2_ws/build/nav2_loopback_sim:/home/brilliant/ros2_ws/install/nav2_loopback_sim/lib/python3.12/site-packages:/opt/ros/jazzy/lib/python3.12/site-packages /usr/bin/cmake --build /home/brilliant/ros2_ws/build/nav2_msgs -- -j4 -l4
[5.961s] Invoking command in '/home/brilliant/ros2_ws/build/nav2_msgs': CMAKE_PREFIX_PATH=/home/brilliant/ros2_ws/install/nav2_common:/home/brilliant/ros2_ws/install/sllidar_ros2:/home/brilliant/ros2_ws/install/serial:/home/brilliant/ros2_ws/install/nav2_system_tests:/home/brilliant/ros2_ws/install/nav2_bringup:/home/brilliant/ros2_ws/install/navigation2:/home/brilliant/ros2_ws/install/opennav_docking:/home/brilliant/ros2_ws/install/opennav_docking_core:/home/brilliant/ros2_ws/install/opennav_docking_bt:/home/brilliant/ros2_ws/install/nav2_smoother:/home/brilliant/ros2_ws/install/nav2_rotation_shim_controller:/home/brilliant/ros2_ws/install/nav2_graceful_controller:/home/brilliant/ros2_ws/install/nav2_dwb_controller:/home/brilliant/ros2_ws/install/nav2_controller:/home/brilliant/ros2_ws/install/dwb_plugins:/home/brilliant/ros2_ws/install/dwb_critics:/home/brilliant/ros2_ws/install/dwb_core:/home/brilliant/ros2_ws/install/nav_2d_utils:/home/brilliant/ros2_ws/install/dwb_msgs:/home/brilliant/ros2_ws/install/nav_2d_msgs:/home/brilliant/ros2_ws/install/nav2_waypoint_follower:/home/brilliant/ros2_ws/install/nav2_theta_star_planner:/home/brilliant/ros2_ws/install/nav2_smac_planner:/home/brilliant/ros2_ws/install/nav2_regulated_pure_pursuit_controller:/home/brilliant/ros2_ws/install/nav2_planner:/home/brilliant/ros2_ws/install/nav2_navfn_planner:/home/brilliant/ros2_ws/install/nav2_mppi_controller:/home/brilliant/ros2_ws/install/nav2_constrained_smoother:/home/brilliant/ros2_ws/install/nav2_bt_navigator:/home/brilliant/ros2_ws/install/nav2_behaviors:/home/brilliant/ros2_ws/install/nav2_core:/home/brilliant/ros2_ws/install/nav2_collision_monitor:/home/brilliant/ros2_ws/install/costmap_queue:/home/brilliant/ros2_ws/install/nav2_costmap_2d:/home/brilliant/ros2_ws/install/nav2_voxel_grid:/home/brilliant/ros2_ws/install/nav2_velocity_smoother:/home/brilliant/ros2_ws/install/nav2_rviz_plugins:/home/brilliant/ros2_ws/install/nav2_map_server:/home/brilliant/ros2_ws/install/nav2_lifecycle_manager:/home/brilliant/ros2_ws/install/nav2_behavior_tree:/home/brilliant/ros2_ws/install/nav2_amcl:/home/brilliant/ros2_ws/install/nav2_util:/home/brilliant/ros2_ws/install/nav2_msgs:/home/brilliant/ros2_ws/install/minibot:/home/brilliant/ros2_ws/install/diffdrive_arduino:/opt/ros/jazzy/opt/gz_sim_vendor:/opt/ros/jazzy/opt/gz_sensors_vendor:/opt/ros/jazzy/opt/gz_physics_vendor:/opt/ros/jazzy/opt/sdformat_vendor:/opt/ros/jazzy/opt/gz_gui_vendor:/opt/ros/jazzy/opt/gz_transport_vendor:/opt/ros/jazzy/opt/gz_rendering_vendor:/opt/ros/jazzy/opt/gz_plugin_vendor:/opt/ros/jazzy/opt/gz_fuel_tools_vendor:/opt/ros/jazzy/opt/gz_msgs_vendor:/opt/ros/jazzy/opt/gz_common_vendor:/opt/ros/jazzy/opt/gz_math_vendor:/opt/ros/jazzy/opt/gz_utils_vendor:/opt/ros/jazzy/opt/gz_tools_vendor:/opt/ros/jazzy/opt/gz_ogre_next_vendor:/opt/ros/jazzy/opt/gz_dartsim_vendor:/opt/ros/jazzy/opt/gz_cmake_vendor:/home/brilliant/ros2_ws/install/twist_stamper:/home/brilliant/ros2_ws/install/nav2_simple_commander:/home/brilliant/ros2_ws/install/nav2_loopback_sim:/opt/ros/jazzy DEBUGINFOD_URLS=https://debuginfod.ubuntu.com PYTHONPATH=/home/brilliant/ros2_ws/install/nav2_common/lib/python3.12/site-packages:/home/brilliant/ros2_ws/build/twist_stamper:/home/brilliant/ros2_ws/install/twist_stamper/lib/python3.12/site-packages:/home/brilliant/ros2_ws/install/dwb_msgs/lib/python3.12/site-packages:/home/brilliant/ros2_ws/install/nav_2d_msgs/lib/python3.12/site-packages:/home/brilliant/ros2_ws/build/nav2_simple_commander:/home/brilliant/ros2_ws/install/nav2_simple_commander/lib/python3.12/site-packages:/home/brilliant/ros2_ws/install/nav2_msgs/lib/python3.12/site-packages:/home/brilliant/ros2_ws/build/nav2_loopback_sim:/home/brilliant/ros2_ws/install/nav2_loopback_sim/lib/python3.12/site-packages:/opt/ros/jazzy/lib/python3.12/site-packages /usr/bin/cmake --install /home/brilliant/ros2_ws/build/nav2_msgs
[5.997s] -- Install configuration: "Release"
[6.002s] -- Execute custom install script
[6.003s] -- Up-to-date symlink: /home/brilliant/ros2_ws/install/nav2_msgs/share/ament_index/resource_index/rosidl_interfaces/nav2_msgs
[6.005s] -- Up-to-date symlink: /home/brilliant/ros2_ws/install/nav2_msgs/share/nav2_msgs/msg/CollisionMonitorState.json
[6.006s] -- Up-to-date symlink: /home/brilliant/ros2_ws/install/nav2_msgs/share/nav2_msgs/msg/CollisionDetectorState.json
[6.011s] -- Up-to-date symlink: /home/brilliant/ros2_ws/install/nav2_msgs/share/nav2_msgs/msg/Costmap.json
[6.011s] -- Up-to-date symlink: /home/brilliant/ros2_ws/install/nav2_msgs/share/nav2_msgs/msg/CostmapMetaData.json
[6.011s] -- Up-to-date symlink: /home/brilliant/ros2_ws/install/nav2_msgs/share/nav2_msgs/msg/CostmapUpdate.json
[6.013s] -- Up-to-date symlink: /home/brilliant/ros2_ws/install/nav2_msgs/share/nav2_msgs/msg/CostmapFilterInfo.json
[6.013s] -- Up-to-date symlink: /home/brilliant/ros2_ws/install/nav2_msgs/share/nav2_msgs/msg/SpeedLimit.json
[6.015s] -- Up-to-date symlink: /home/brilliant/ros2_ws/install/nav2_msgs/share/nav2_msgs/msg/VoxelGrid.json
[6.015s] -- Up-to-date symlink: /home/brilliant/ros2_ws/install/nav2_msgs/share/nav2_msgs/msg/BehaviorTreeStatusChange.json
[6.015s] -- Up-to-date symlink: /home/brilliant/ros2_ws/install/nav2_msgs/share/nav2_msgs/msg/BehaviorTreeLog.json
[6.016s] -- Up-to-date symlink: /home/brilliant/ros2_ws/install/nav2_msgs/share/nav2_msgs/msg/Particle.json
[6.016s] -- Up-to-date symlink: /home/brilliant/ros2_ws/install/nav2_msgs/share/nav2_msgs/msg/ParticleCloud.json
[6.016s] -- Up-to-date symlink: /home/brilliant/ros2_ws/install/nav2_msgs/share/nav2_msgs/msg/MissedWaypoint.json
[6.016s] -- Up-to-date symlink: /home/brilliant/ros2_ws/install/nav2_msgs/share/nav2_msgs/srv/GetCost.json
[6.021s] -- Up-to-date symlink: /home/brilliant/ros2_ws/install/nav2_msgs/share/nav2_msgs/srv/GetCostmap.json
[6.021s] -- Up-to-date symlink: /home/brilliant/ros2_ws/install/nav2_msgs/share/nav2_msgs/srv/IsPathValid.json
[6.022s] -- Up-to-date symlink: /home/brilliant/ros2_ws/install/nav2_msgs/share/nav2_msgs/srv/ClearCostmapExceptRegion.json
[6.022s] -- Up-to-date symlink: /home/brilliant/ros2_ws/install/nav2_msgs/share/nav2_msgs/srv/ClearCostmapAroundRobot.json
[6.022s] -- Up-to-date symlink: /home/brilliant/ros2_ws/install/nav2_msgs/share/nav2_msgs/srv/ClearCostmapAroundPose.json
[6.022s] -- Up-to-date symlink: /home/brilliant/ros2_ws/install/nav2_msgs/share/nav2_msgs/srv/ClearEntireCostmap.json
[6.022s] -- Up-to-date symlink: /home/brilliant/ros2_ws/install/nav2_msgs/share/nav2_msgs/srv/ManageLifecycleNodes.json
[6.023s] -- Up-to-date symlink: /home/brilliant/ros2_ws/install/nav2_msgs/share/nav2_msgs/srv/LoadMap.json
[6.023s] -- Up-to-date symlink: /home/brilliant/ros2_ws/install/nav2_msgs/share/nav2_msgs/srv/SaveMap.json
[6.023s] -- Up-to-date symlink: /home/brilliant/ros2_ws/install/nav2_msgs/share/nav2_msgs/srv/SetInitialPose.json
[6.030s] -- Up-to-date symlink: /home/brilliant/ros2_ws/install/nav2_msgs/share/nav2_msgs/srv/ReloadDockDatabase.json
[6.030s] -- Up-to-date symlink: /home/brilliant/ros2_ws/install/nav2_msgs/share/nav2_msgs/action/AssistedTeleop.json
[6.031s] -- Up-to-date symlink: /home/brilliant/ros2_ws/install/nav2_msgs/share/nav2_msgs/action/BackUp.json
[6.032s] -- Up-to-date symlink: /home/brilliant/ros2_ws/install/nav2_msgs/share/nav2_msgs/action/ComputePathToPose.json
[6.032s] -- Up-to-date symlink: /home/brilliant/ros2_ws/install/nav2_msgs/share/nav2_msgs/action/ComputePathThroughPoses.json
[6.037s] -- Up-to-date symlink: /home/brilliant/ros2_ws/install/nav2_msgs/share/nav2_msgs/action/DriveOnHeading.json
[6.039s] -- Up-to-date symlink: /home/brilliant/ros2_ws/install/nav2_msgs/share/nav2_msgs/action/SmoothPath.json
[6.039s] -- Up-to-date symlink: /home/brilliant/ros2_ws/install/nav2_msgs/share/nav2_msgs/action/FollowPath.json
[6.039s] -- Up-to-date symlink: /home/brilliant/ros2_ws/install/nav2_msgs/share/nav2_msgs/action/NavigateToPose.json
[6.040s] -- Up-to-date symlink: /home/brilliant/ros2_ws/install/nav2_msgs/share/nav2_msgs/action/NavigateThroughPoses.json
[6.040s] -- Up-to-date symlink: /home/brilliant/ros2_ws/install/nav2_msgs/share/nav2_msgs/action/Wait.json
[6.041s] -- Up-to-date symlink: /home/brilliant/ros2_ws/install/nav2_msgs/share/nav2_msgs/action/Spin.json
[6.044s] -- Up-to-date symlink: /home/brilliant/ros2_ws/install/nav2_msgs/share/nav2_msgs/action/DummyBehavior.json
[6.046s] -- Up-to-date symlink: /home/brilliant/ros2_ws/install/nav2_msgs/share/nav2_msgs/action/FollowWaypoints.json
[6.046s] -- Up-to-date symlink: /home/brilliant/ros2_ws/install/nav2_msgs/share/nav2_msgs/action/FollowGPSWaypoints.json
[6.046s] -- Up-to-date symlink: /home/brilliant/ros2_ws/install/nav2_msgs/share/nav2_msgs/action/DockRobot.json
[6.049s] -- Up-to-date symlink: /home/brilliant/ros2_ws/install/nav2_msgs/share/nav2_msgs/action/UndockRobot.json
[6.052s] -- Up-to-date symlink: /home/brilliant/ros2_ws/install/nav2_msgs/include/nav2_msgs/nav2_msgs/action/assisted_teleop.h
[6.052s] -- Up-to-date symlink: /home/brilliant/ros2_ws/install/nav2_msgs/include/nav2_msgs/nav2_msgs/action/back_up.h
[6.054s] -- Up-to-date symlink: /home/brilliant/ros2_ws/install/nav2_msgs/include/nav2_msgs/nav2_msgs/action/compute_path_through_poses.h
[6.056s] -- Up-to-date symlink: /home/brilliant/ros2_ws/install/nav2_msgs/include/nav2_msgs/nav2_msgs/action/compute_path_to_pose.h
[6.058s] -- Up-to-date symlink: /home/brilliant/ros2_ws/install/nav2_msgs/include/nav2_msgs/nav2_msgs/action/detail/assisted_teleop__functions.h
[6.058s] -- Up-to-date symlink: /home/brilliant/ros2_ws/install/nav2_msgs/include/nav2_msgs/nav2_msgs/action/detail/assisted_teleop__struct.h
[6.058s] -- Up-to-date symlink: /home/brilliant/ros2_ws/install/nav2_msgs/include/nav2_msgs/nav2_msgs/action/detail/assisted_teleop__type_support.h
[6.059s] -- Up-to-date symlink: /home/brilliant/ros2_ws/install/nav2_msgs/include/nav2_msgs/nav2_msgs/action/detail/back_up__functions.h
[6.059s] -- Up-to-date symlink: /home/brilliant/ros2_ws/install/nav2_msgs/include/nav2_msgs/nav2_msgs/action/detail/back_up__struct.h
[6.059s] -- Up-to-date symlink: /home/brilliant/ros2_ws/install/nav2_msgs/include/nav2_msgs/nav2_msgs/action/detail/back_up__type_support.h
[6.059s] -- Up-to-date symlink: /home/brilliant/ros2_ws/install/nav2_msgs/include/nav2_msgs/nav2_msgs/action/detail/compute_path_through_poses__functions.h
[6.065s] -- Up-to-date symlink: /home/brilliant/ros2_ws/install/nav2_msgs/include/nav2_msgs/nav2_msgs/action/detail/compute_path_through_poses__struct.h
[6.065s] -- Up-to-date symlink: /home/brilliant/ros2_ws/install/nav2_msgs/include/nav2_msgs/nav2_msgs/action/detail/compute_path_through_poses__type_support.h
[6.065s] -- Up-to-date symlink: /home/brilliant/ros2_ws/install/nav2_msgs/include/nav2_msgs/nav2_msgs/action/detail/compute_path_to_pose__functions.h
[6.066s] -- Up-to-date symlink: /home/brilliant/ros2_ws/install/nav2_msgs/include/nav2_msgs/nav2_msgs/action/detail/compute_path_to_pose__struct.h
[6.066s] -- Up-to-date symlink: /home/brilliant/ros2_ws/install/nav2_msgs/include/nav2_msgs/nav2_msgs/action/detail/compute_path_to_pose__type_support.h
[6.066s] -- Up-to-date symlink: /home/brilliant/ros2_ws/install/nav2_msgs/include/nav2_msgs/nav2_msgs/action/detail/dock_robot__functions.h
[6.066s] -- Up-to-date symlink: /home/brilliant/ros2_ws/install/nav2_msgs/include/nav2_msgs/nav2_msgs/action/detail/dock_robot__struct.h
[6.070s] -- Up-to-date symlink: /home/brilliant/ros2_ws/install/nav2_msgs/include/nav2_msgs/nav2_msgs/action/detail/dock_robot__type_support.h
[6.072s] -- Up-to-date symlink: /home/brilliant/ros2_ws/install/nav2_msgs/include/nav2_msgs/nav2_msgs/action/detail/drive_on_heading__functions.h
[6.074s] -- Up-to-date symlink: /home/brilliant/ros2_ws/install/nav2_msgs/include/nav2_msgs/nav2_msgs/action/detail/drive_on_heading__struct.h
[6.077s] -- Up-to-date symlink: /home/brilliant/ros2_ws/install/nav2_msgs/include/nav2_msgs/nav2_msgs/action/detail/drive_on_heading__type_support.h
[6.077s] -- Up-to-date symlink: /home/brilliant/ros2_ws/install/nav2_msgs/include/nav2_msgs/nav2_msgs/action/detail/dummy_behavior__functions.h
[6.078s] -- Up-to-date symlink: /home/brilliant/ros2_ws/install/nav2_msgs/include/nav2_msgs/nav2_msgs/action/detail/dummy_behavior__struct.h
[6.078s] -- Up-to-date symlink: /home/brilliant/ros2_ws/install/nav2_msgs/include/nav2_msgs/nav2_msgs/action/detail/dummy_behavior__type_support.h
[6.078s] -- Up-to-date symlink: /home/brilliant/ros2_ws/install/nav2_msgs/include/nav2_msgs/nav2_msgs/action/detail/follow_gps_waypoints__functions.h
[6.079s] -- Up-to-date symlink: /home/brilliant/ros2_ws/install/nav2_msgs/include/nav2_msgs/nav2_msgs/action/detail/follow_gps_waypoints__struct.h
[6.079s] -- Up-to-date symlink: /home/brilliant/ros2_ws/install/nav2_msgs/include/nav2_msgs/nav2_msgs/action/detail/follow_gps_waypoints__type_support.h
[6.079s] -- Up-to-date symlink: /home/brilliant/ros2_ws/install/nav2_msgs/include/nav2_msgs/nav2_msgs/action/detail/follow_path__functions.h
[6.080s] -- Up-to-date symlink: /home/brilliant/ros2_ws/install/nav2_msgs/include/nav2_msgs/nav2_msgs/action/detail/follow_path__struct.h
[6.080s] -- Up-to-date symlink: /home/brilliant/ros2_ws/install/nav2_msgs/include/nav2_msgs/nav2_msgs/action/detail/follow_path__type_support.h
[6.080s] -- Up-to-date symlink: /home/brilliant/ros2_ws/install/nav2_msgs/include/nav2_msgs/nav2_msgs/action/detail/follow_waypoints__functions.h
[6.081s] -- Up-to-date symlink: /home/brilliant/ros2_ws/install/nav2_msgs/include/nav2_msgs/nav2_msgs/action/detail/follow_waypoints__struct.h
[6.081s] -- Up-to-date symlink: /home/brilliant/ros2_ws/install/nav2_msgs/include/nav2_msgs/nav2_msgs/action/detail/follow_waypoints__type_support.h
[6.082s] -- Up-to-date symlink: /home/brilliant/ros2_ws/install/nav2_msgs/include/nav2_msgs/nav2_msgs/action/detail/navigate_through_poses__functions.h
[6.082s] -- Up-to-date symlink: /home/brilliant/ros2_ws/install/nav2_msgs/include/nav2_msgs/nav2_msgs/action/detail/navigate_through_poses__struct.h
[6.083s] -- Up-to-date symlink: /home/brilliant/ros2_ws/install/nav2_msgs/include/nav2_msgs/nav2_msgs/action/detail/navigate_through_poses__type_support.h
[6.083s] -- Up-to-date symlink: /home/brilliant/ros2_ws/install/nav2_msgs/include/nav2_msgs/nav2_msgs/action/detail/navigate_to_pose__functions.h
[6.083s] -- Up-to-date symlink: /home/brilliant/ros2_ws/install/nav2_msgs/include/nav2_msgs/nav2_msgs/action/detail/navigate_to_pose__struct.h
[6.084s] -- Up-to-date symlink: /home/brilliant/ros2_ws/install/nav2_msgs/include/nav2_msgs/nav2_msgs/action/detail/navigate_to_pose__type_support.h
[6.084s] -- Up-to-date symlink: /home/brilliant/ros2_ws/install/nav2_msgs/include/nav2_msgs/nav2_msgs/action/detail/smooth_path__functions.h
[6.084s] -- Up-to-date symlink: /home/brilliant/ros2_ws/install/nav2_msgs/include/nav2_msgs/nav2_msgs/action/detail/smooth_path__struct.h
[6.085s] -- Up-to-date symlink: /home/brilliant/ros2_ws/install/nav2_msgs/include/nav2_msgs/nav2_msgs/action/detail/smooth_path__type_support.h
[6.085s] -- Up-to-date symlink: /home/brilliant/ros2_ws/install/nav2_msgs/include/nav2_msgs/nav2_msgs/action/detail/spin__functions.h
[6.086s] -- Up-to-date symlink: /home/brilliant/ros2_ws/install/nav2_msgs/include/nav2_msgs/nav2_msgs/action/detail/spin__struct.h
[6.088s] -- Up-to-date symlink: /home/brilliant/ros2_ws/install/nav2_msgs/include/nav2_msgs/nav2_msgs/action/detail/spin__type_support.h
[6.088s] -- Up-to-date symlink: /home/brilliant/ros2_ws/install/nav2_msgs/include/nav2_msgs/nav2_msgs/action/detail/undock_robot__functions.h
[6.088s] -- Up-to-date symlink: /home/brilliant/ros2_ws/install/nav2_msgs/include/nav2_msgs/nav2_msgs/action/detail/undock_robot__struct.h
[6.088s] -- Up-to-date symlink: /home/brilliant/ros2_ws/install/nav2_msgs/include/nav2_msgs/nav2_msgs/action/detail/undock_robot__type_support.h
[6.089s] -- Up-to-date symlink: /home/brilliant/ros2_ws/install/nav2_msgs/include/nav2_msgs/nav2_msgs/action/detail/wait__functions.h
[6.089s] -- Up-to-date symlink: /home/brilliant/ros2_ws/install/nav2_msgs/include/nav2_msgs/nav2_msgs/action/detail/wait__struct.h
[6.089s] -- Up-to-date symlink: /home/brilliant/ros2_ws/install/nav2_msgs/include/nav2_msgs/nav2_msgs/action/detail/wait__type_support.h
[6.096s] -- Up-to-date symlink: /home/brilliant/ros2_ws/install/nav2_msgs/include/nav2_msgs/nav2_msgs/action/dock_robot.h
[6.097s] -- Up-to-date symlink: /home/brilliant/ros2_ws/install/nav2_msgs/include/nav2_msgs/nav2_msgs/action/drive_on_heading.h
[6.098s] -- Up-to-date symlink: /home/brilliant/ros2_ws/install/nav2_msgs/include/nav2_msgs/nav2_msgs/action/dummy_behavior.h
[6.098s] -- Up-to-date symlink: /home/brilliant/ros2_ws/install/nav2_msgs/include/nav2_msgs/nav2_msgs/action/follow_gps_waypoints.h
[6.101s] -- Up-to-date symlink: /home/brilliant/ros2_ws/install/nav2_msgs/include/nav2_msgs/nav2_msgs/action/follow_path.h
[6.101s] -- Up-to-date symlink: /home/brilliant/ros2_ws/install/nav2_msgs/include/nav2_msgs/nav2_msgs/action/follow_waypoints.h
[6.101s] -- Up-to-date symlink: /home/brilliant/ros2_ws/install/nav2_msgs/include/nav2_msgs/nav2_msgs/action/navigate_through_poses.h
[6.106s] -- Up-to-date symlink: /home/brilliant/ros2_ws/install/nav2_msgs/include/nav2_msgs/nav2_msgs/action/navigate_to_pose.h
[6.107s] -- Up-to-date symlink: /home/brilliant/ros2_ws/install/nav2_msgs/include/nav2_msgs/nav2_msgs/action/smooth_path.h
[6.107s] -- Up-to-date symlink: /home/brilliant/ros2_ws/install/nav2_msgs/include/nav2_msgs/nav2_msgs/action/spin.h
[6.107s] -- Up-to-date symlink: /home/brilliant/ros2_ws/install/nav2_msgs/include/nav2_msgs/nav2_msgs/action/undock_robot.h
[6.107s] -- Up-to-date symlink: /home/brilliant/ros2_ws/install/nav2_msgs/include/nav2_msgs/nav2_msgs/action/wait.h
[6.108s] -- Up-to-date symlink: /home/brilliant/ros2_ws/install/nav2_msgs/include/nav2_msgs/nav2_msgs/msg/behavior_tree_log.h
[6.109s] -- Up-to-date symlink: /home/brilliant/ros2_ws/install/nav2_msgs/include/nav2_msgs/nav2_msgs/msg/behavior_tree_status_change.h
[6.112s] -- Up-to-date symlink: /home/brilliant/ros2_ws/install/nav2_msgs/include/nav2_msgs/nav2_msgs/msg/collision_detector_state.h
[6.113s] -- Up-to-date symlink: /home/brilliant/ros2_ws/install/nav2_msgs/include/nav2_msgs/nav2_msgs/msg/collision_monitor_state.h
[6.114s] -- Up-to-date symlink: /home/brilliant/ros2_ws/install/nav2_msgs/include/nav2_msgs/nav2_msgs/msg/costmap.h
[6.115s] -- Up-to-date symlink: /home/brilliant/ros2_ws/install/nav2_msgs/include/nav2_msgs/nav2_msgs/msg/costmap_filter_info.h
[6.117s] -- Up-to-date symlink: /home/brilliant/ros2_ws/install/nav2_msgs/include/nav2_msgs/nav2_msgs/msg/costmap_meta_data.h
[6.118s] -- Up-to-date symlink: /home/brilliant/ros2_ws/install/nav2_msgs/include/nav2_msgs/nav2_msgs/msg/costmap_update.h
[6.120s] -- Up-to-date symlink: /home/brilliant/ros2_ws/install/nav2_msgs/include/nav2_msgs/nav2_msgs/msg/detail/behavior_tree_log__functions.h
[6.121s] -- Up-to-date symlink: /home/brilliant/ros2_ws/install/nav2_msgs/include/nav2_msgs/nav2_msgs/msg/detail/behavior_tree_log__struct.h
[6.121s] -- Up-to-date symlink: /home/brilliant/ros2_ws/install/nav2_msgs/include/nav2_msgs/nav2_msgs/msg/detail/behavior_tree_log__type_support.h
[6.122s] -- Up-to-date symlink: /home/brilliant/ros2_ws/install/nav2_msgs/include/nav2_msgs/nav2_msgs/msg/detail/behavior_tree_status_change__functions.h
[6.122s] -- Up-to-date symlink: /home/brilliant/ros2_ws/install/nav2_msgs/include/nav2_msgs/nav2_msgs/msg/detail/behavior_tree_status_change__struct.h
[6.122s] -- Up-to-date symlink: /home/brilliant/ros2_ws/install/nav2_msgs/include/nav2_msgs/nav2_msgs/msg/detail/behavior_tree_status_change__type_support.h
[6.122s] -- Up-to-date symlink: /home/brilliant/ros2_ws/install/nav2_msgs/include/nav2_msgs/nav2_msgs/msg/detail/collision_detector_state__functions.h
[6.123s] -- Up-to-date symlink: /home/brilliant/ros2_ws/install/nav2_msgs/include/nav2_msgs/nav2_msgs/msg/detail/collision_detector_state__struct.h
[6.123s] -- Up-to-date symlink: /home/brilliant/ros2_ws/install/nav2_msgs/include/nav2_msgs/nav2_msgs/msg/detail/collision_detector_state__type_support.h
[6.123s] -- Up-to-date symlink: /home/brilliant/ros2_ws/install/nav2_msgs/include/nav2_msgs/nav2_msgs/msg/detail/collision_monitor_state__functions.h
[6.133s] -- Up-to-date symlink: /home/brilliant/ros2_ws/install/nav2_msgs/include/nav2_msgs/nav2_msgs/msg/detail/collision_monitor_state__struct.h
[6.134s] -- Up-to-date symlink: /home/brilliant/ros2_ws/install/nav2_msgs/include/nav2_msgs/nav2_msgs/msg/detail/collision_monitor_state__type_support.h
[6.134s] -- Up-to-date symlink: /home/brilliant/ros2_ws/install/nav2_msgs/include/nav2_msgs/nav2_msgs/msg/detail/costmap__functions.h
[6.138s] -- Up-to-date symlink: /home/brilliant/ros2_ws/install/nav2_msgs/include/nav2_msgs/nav2_msgs/msg/detail/costmap__struct.h
[6.139s] -- Up-to-date symlink: /home/brilliant/ros2_ws/install/nav2_msgs/include/nav2_msgs/nav2_msgs/msg/detail/costmap__type_support.h
[6.139s] -- Up-to-date symlink: /home/brilliant/ros2_ws/install/nav2_msgs/include/nav2_msgs/nav2_msgs/msg/detail/costmap_filter_info__functions.h
[6.139s] -- Up-to-date symlink: /home/brilliant/ros2_ws/install/nav2_msgs/include/nav2_msgs/nav2_msgs/msg/detail/costmap_filter_info__struct.h
[6.139s] -- Up-to-date symlink: /home/brilliant/ros2_ws/install/nav2_msgs/include/nav2_msgs/nav2_msgs/msg/detail/costmap_filter_info__type_support.h
[6.146s] -- Up-to-date symlink: /home/brilliant/ros2_ws/install/nav2_msgs/include/nav2_msgs/nav2_msgs/msg/detail/costmap_meta_data__functions.h
[6.147s] -- Up-to-date symlink: /home/brilliant/ros2_ws/install/nav2_msgs/include/nav2_msgs/nav2_msgs/msg/detail/costmap_meta_data__struct.h
[6.147s] -- Up-to-date symlink: /home/brilliant/ros2_ws/install/nav2_msgs/include/nav2_msgs/nav2_msgs/msg/detail/costmap_meta_data__type_support.h
[6.147s] -- Up-to-date symlink: /home/brilliant/ros2_ws/install/nav2_msgs/include/nav2_msgs/nav2_msgs/msg/detail/costmap_update__functions.h
[6.147s] -- Up-to-date symlink: /home/brilliant/ros2_ws/install/nav2_msgs/include/nav2_msgs/nav2_msgs/msg/detail/costmap_update__struct.h
[6.148s] -- Up-to-date symlink: /home/brilliant/ros2_ws/install/nav2_msgs/include/nav2_msgs/nav2_msgs/msg/detail/costmap_update__type_support.h
[6.148s] -- Up-to-date symlink: /home/brilliant/ros2_ws/install/nav2_msgs/include/nav2_msgs/nav2_msgs/msg/detail/missed_waypoint__functions.h
[6.148s] -- Up-to-date symlink: /home/brilliant/ros2_ws/install/nav2_msgs/include/nav2_msgs/nav2_msgs/msg/detail/missed_waypoint__struct.h
[6.154s] -- Up-to-date symlink: /home/brilliant/ros2_ws/install/nav2_msgs/include/nav2_msgs/nav2_msgs/msg/detail/missed_waypoint__type_support.h
[6.155s] -- Up-to-date symlink: /home/brilliant/ros2_ws/install/nav2_msgs/include/nav2_msgs/nav2_msgs/msg/detail/particle__functions.h
[6.155s] -- Up-to-date symlink: /home/brilliant/ros2_ws/install/nav2_msgs/include/nav2_msgs/nav2_msgs/msg/detail/particle__struct.h
[6.155s] -- Up-to-date symlink: /home/brilliant/ros2_ws/install/nav2_msgs/include/nav2_msgs/nav2_msgs/msg/detail/particle__type_support.h
[6.155s] -- Up-to-date symlink: /home/brilliant/ros2_ws/install/nav2_msgs/include/nav2_msgs/nav2_msgs/msg/detail/particle_cloud__functions.h
[6.156s] -- Up-to-date symlink: /home/brilliant/ros2_ws/install/nav2_msgs/include/nav2_msgs/nav2_msgs/msg/detail/particle_cloud__struct.h
[6.156s] -- Up-to-date symlink: /home/brilliant/ros2_ws/install/nav2_msgs/include/nav2_msgs/nav2_msgs/msg/detail/particle_cloud__type_support.h
[6.156s] -- Up-to-date symlink: /home/brilliant/ros2_ws/install/nav2_msgs/include/nav2_msgs/nav2_msgs/msg/detail/speed_limit__functions.h
[6.156s] -- Up-to-date symlink: /home/brilliant/ros2_ws/install/nav2_msgs/include/nav2_msgs/nav2_msgs/msg/detail/speed_limit__struct.h
[6.157s] -- Up-to-date symlink: /home/brilliant/ros2_ws/install/nav2_msgs/include/nav2_msgs/nav2_msgs/msg/detail/speed_limit__type_support.h
[6.157s] -- Up-to-date symlink: /home/brilliant/ros2_ws/install/nav2_msgs/include/nav2_msgs/nav2_msgs/msg/detail/voxel_grid__functions.h
[6.157s] -- Up-to-date symlink: /home/brilliant/ros2_ws/install/nav2_msgs/include/nav2_msgs/nav2_msgs/msg/detail/voxel_grid__struct.h
[6.167s] -- Up-to-date symlink: /home/brilliant/ros2_ws/install/nav2_msgs/include/nav2_msgs/nav2_msgs/msg/detail/voxel_grid__type_support.h
[6.172s] -- Up-to-date symlink: /home/brilliant/ros2_ws/install/nav2_msgs/include/nav2_msgs/nav2_msgs/msg/missed_waypoint.h
[6.173s] -- Up-to-date symlink: /home/brilliant/ros2_ws/install/nav2_msgs/include/nav2_msgs/nav2_msgs/msg/particle.h
[6.173s] -- Up-to-date symlink: /home/brilliant/ros2_ws/install/nav2_msgs/include/nav2_msgs/nav2_msgs/msg/particle_cloud.h
[6.173s] -- Up-to-date symlink: /home/brilliant/ros2_ws/install/nav2_msgs/include/nav2_msgs/nav2_msgs/msg/rosidl_generator_c__visibility_control.h
[6.173s] -- Up-to-date symlink: /home/brilliant/ros2_ws/install/nav2_msgs/include/nav2_msgs/nav2_msgs/msg/speed_limit.h
[6.174s] -- Up-to-date symlink: /home/brilliant/ros2_ws/install/nav2_msgs/include/nav2_msgs/nav2_msgs/msg/voxel_grid.h
[6.174s] -- Up-to-date symlink: /home/brilliant/ros2_ws/install/nav2_msgs/include/nav2_msgs/nav2_msgs/srv/clear_costmap_around_pose.h
[6.174s] -- Up-to-date symlink: /home/brilliant/ros2_ws/install/nav2_msgs/include/nav2_msgs/nav2_msgs/srv/clear_costmap_around_robot.h
[6.179s] -- Up-to-date symlink: /home/brilliant/ros2_ws/install/nav2_msgs/include/nav2_msgs/nav2_msgs/srv/clear_costmap_except_region.h
[6.179s] -- Up-to-date symlink: /home/brilliant/ros2_ws/install/nav2_msgs/include/nav2_msgs/nav2_msgs/srv/clear_entire_costmap.h
[6.179s] -- Up-to-date symlink: /home/brilliant/ros2_ws/install/nav2_msgs/include/nav2_msgs/nav2_msgs/srv/detail/clear_costmap_around_pose__functions.h
[6.180s] -- Up-to-date symlink: /home/brilliant/ros2_ws/install/nav2_msgs/include/nav2_msgs/nav2_msgs/srv/detail/clear_costmap_around_pose__struct.h
[6.180s] -- Up-to-date symlink: /home/brilliant/ros2_ws/install/nav2_msgs/include/nav2_msgs/nav2_msgs/srv/detail/clear_costmap_around_pose__type_support.h
[6.180s] -- Up-to-date symlink: /home/brilliant/ros2_ws/install/nav2_msgs/include/nav2_msgs/nav2_msgs/srv/detail/clear_costmap_around_robot__functions.h
[6.180s] -- Up-to-date symlink: /home/brilliant/ros2_ws/install/nav2_msgs/include/nav2_msgs/nav2_msgs/srv/detail/clear_costmap_around_robot__struct.h
[6.181s] -- Up-to-date symlink: /home/brilliant/ros2_ws/install/nav2_msgs/include/nav2_msgs/nav2_msgs/srv/detail/clear_costmap_around_robot__type_support.h
[6.181s] -- Up-to-date symlink: /home/brilliant/ros2_ws/install/nav2_msgs/include/nav2_msgs/nav2_msgs/srv/detail/clear_costmap_except_region__functions.h
[6.181s] -- Up-to-date symlink: /home/brilliant/ros2_ws/install/nav2_msgs/include/nav2_msgs/nav2_msgs/srv/detail/clear_costmap_except_region__struct.h
[6.187s] -- Up-to-date symlink: /home/brilliant/ros2_ws/install/nav2_msgs/include/nav2_msgs/nav2_msgs/srv/detail/clear_costmap_except_region__type_support.h
[6.187s] -- Up-to-date symlink: /home/brilliant/ros2_ws/install/nav2_msgs/include/nav2_msgs/nav2_msgs/srv/detail/clear_entire_costmap__functions.h
[6.188s] -- Up-to-date symlink: /home/brilliant/ros2_ws/install/nav2_msgs/include/nav2_msgs/nav2_msgs/srv/detail/clear_entire_costmap__struct.h
[6.188s] -- Up-to-date symlink: /home/brilliant/ros2_ws/install/nav2_msgs/include/nav2_msgs/nav2_msgs/srv/detail/clear_entire_costmap__type_support.h
[6.188s] -- Up-to-date symlink: /home/brilliant/ros2_ws/install/nav2_msgs/include/nav2_msgs/nav2_msgs/srv/detail/get_cost__functions.h
[6.188s] -- Up-to-date symlink: /home/brilliant/ros2_ws/install/nav2_msgs/include/nav2_msgs/nav2_msgs/srv/detail/get_cost__struct.h
[6.189s] -- Up-to-date symlink: /home/brilliant/ros2_ws/install/nav2_msgs/include/nav2_msgs/nav2_msgs/srv/detail/get_cost__type_support.h
[6.189s] -- Up-to-date symlink: /home/brilliant/ros2_ws/install/nav2_msgs/include/nav2_msgs/nav2_msgs/srv/detail/get_costmap__functions.h
[6.189s] -- Up-to-date symlink: /home/brilliant/ros2_ws/install/nav2_msgs/include/nav2_msgs/nav2_msgs/srv/detail/get_costmap__struct.h
[6.189s] -- Up-to-date symlink: /home/brilliant/ros2_ws/install/nav2_msgs/include/nav2_msgs/nav2_msgs/srv/detail/get_costmap__type_support.h
[6.198s] -- Up-to-date symlink: /home/brilliant/ros2_ws/install/nav2_msgs/include/nav2_msgs/nav2_msgs/srv/detail/is_path_valid__functions.h
[6.198s] -- Up-to-date symlink: /home/brilliant/ros2_ws/install/nav2_msgs/include/nav2_msgs/nav2_msgs/srv/detail/is_path_valid__struct.h
[6.199s] -- Up-to-date symlink: /home/brilliant/ros2_ws/install/nav2_msgs/include/nav2_msgs/nav2_msgs/srv/detail/is_path_valid__type_support.h
[6.199s] -- Up-to-date symlink: /home/brilliant/ros2_ws/install/nav2_msgs/include/nav2_msgs/nav2_msgs/srv/detail/load_map__functions.h
[6.199s] -- Up-to-date symlink: /home/brilliant/ros2_ws/install/nav2_msgs/include/nav2_msgs/nav2_msgs/srv/detail/load_map__struct.h
[6.200s] -- Up-to-date symlink: /home/brilliant/ros2_ws/install/nav2_msgs/include/nav2_msgs/nav2_msgs/srv/detail/load_map__type_support.h
[6.200s] -- Up-to-date symlink: /home/brilliant/ros2_ws/install/nav2_msgs/include/nav2_msgs/nav2_msgs/srv/detail/manage_lifecycle_nodes__functions.h
[6.200s] -- Up-to-date symlink: /home/brilliant/ros2_ws/install/nav2_msgs/include/nav2_msgs/nav2_msgs/srv/detail/manage_lifecycle_nodes__struct.h
[6.200s] -- Up-to-date symlink: /home/brilliant/ros2_ws/install/nav2_msgs/include/nav2_msgs/nav2_msgs/srv/detail/manage_lifecycle_nodes__type_support.h
[6.205s] -- Up-to-date symlink: /home/brilliant/ros2_ws/install/nav2_msgs/include/nav2_msgs/nav2_msgs/srv/detail/reload_dock_database__functions.h
[6.205s] -- Up-to-date symlink: /home/brilliant/ros2_ws/install/nav2_msgs/include/nav2_msgs/nav2_msgs/srv/detail/reload_dock_database__struct.h
[6.205s] -- Up-to-date symlink: /home/brilliant/ros2_ws/install/nav2_msgs/include/nav2_msgs/nav2_msgs/srv/detail/reload_dock_database__type_support.h
[6.206s] -- Up-to-date symlink: /home/brilliant/ros2_ws/install/nav2_msgs/include/nav2_msgs/nav2_msgs/srv/detail/save_map__functions.h
[6.206s] -- Up-to-date symlink: /home/brilliant/ros2_ws/install/nav2_msgs/include/nav2_msgs/nav2_msgs/srv/detail/save_map__struct.h
[6.206s] -- Up-to-date symlink: /home/brilliant/ros2_ws/install/nav2_msgs/include/nav2_msgs/nav2_msgs/srv/detail/save_map__type_support.h
[6.206s] -- Up-to-date symlink: /home/brilliant/ros2_ws/install/nav2_msgs/include/nav2_msgs/nav2_msgs/srv/detail/set_initial_pose__functions.h
[6.207s] -- Up-to-date symlink: /home/brilliant/ros2_ws/install/nav2_msgs/include/nav2_msgs/nav2_msgs/srv/detail/set_initial_pose__struct.h
[6.207s] -- Up-to-date symlink: /home/brilliant/ros2_ws/install/nav2_msgs/include/nav2_msgs/nav2_msgs/srv/detail/set_initial_pose__type_support.h
[6.207s] -- Up-to-date symlink: /home/brilliant/ros2_ws/install/nav2_msgs/include/nav2_msgs/nav2_msgs/srv/get_cost.h
[6.207s] -- Up-to-date symlink: /home/brilliant/ros2_ws/install/nav2_msgs/include/nav2_msgs/nav2_msgs/srv/get_costmap.h
[6.212s] -- Up-to-date symlink: /home/brilliant/ros2_ws/install/nav2_msgs/include/nav2_msgs/nav2_msgs/srv/is_path_valid.h
[6.213s] -- Up-to-date symlink: /home/brilliant/ros2_ws/install/nav2_msgs/include/nav2_msgs/nav2_msgs/srv/load_map.h
[6.213s] -- Up-to-date symlink: /home/brilliant/ros2_ws/install/nav2_msgs/include/nav2_msgs/nav2_msgs/srv/manage_lifecycle_nodes.h
[6.213s] -- Up-to-date symlink: /home/brilliant/ros2_ws/install/nav2_msgs/include/nav2_msgs/nav2_msgs/srv/reload_dock_database.h
[6.213s] -- Up-to-date symlink: /home/brilliant/ros2_ws/install/nav2_msgs/include/nav2_msgs/nav2_msgs/srv/save_map.h
[6.213s] -- Up-to-date symlink: /home/brilliant/ros2_ws/install/nav2_msgs/include/nav2_msgs/nav2_msgs/srv/set_initial_pose.h
[6.214s] -- Up-to-date symlink: /home/brilliant/ros2_ws/install/nav2_msgs/share/nav2_msgs/environment/library_path.sh
[6.214s] -- Up-to-date symlink: /home/brilliant/ros2_ws/install/nav2_msgs/share/nav2_msgs/environment/library_path.dsv
[6.214s] -- Up-to-date symlink: /home/brilliant/ros2_ws/install/nav2_msgs/include/nav2_msgs/nav2_msgs/action/detail/assisted_teleop__rosidl_typesupport_fastrtps_c.h
[6.218s] -- Up-to-date symlink: /home/brilliant/ros2_ws/install/nav2_msgs/include/nav2_msgs/nav2_msgs/action/detail/back_up__rosidl_typesupport_fastrtps_c.h
[6.218s] -- Up-to-date symlink: /home/brilliant/ros2_ws/install/nav2_msgs/include/nav2_msgs/nav2_msgs/action/detail/compute_path_through_poses__rosidl_typesupport_fastrtps_c.h
[6.218s] -- Up-to-date symlink: /home/brilliant/ros2_ws/install/nav2_msgs/include/nav2_msgs/nav2_msgs/action/detail/compute_path_to_pose__rosidl_typesupport_fastrtps_c.h
[6.219s] -- Up-to-date symlink: /home/brilliant/ros2_ws/install/nav2_msgs/include/nav2_msgs/nav2_msgs/action/detail/dock_robot__rosidl_typesupport_fastrtps_c.h
[6.219s] -- Up-to-date symlink: /home/brilliant/ros2_ws/install/nav2_msgs/include/nav2_msgs/nav2_msgs/action/detail/drive_on_heading__rosidl_typesupport_fastrtps_c.h
[6.219s] -- Up-to-date symlink: /home/brilliant/ros2_ws/install/nav2_msgs/include/nav2_msgs/nav2_msgs/action/detail/dummy_behavior__rosidl_typesupport_fastrtps_c.h
[6.219s] -- Up-to-date symlink: /home/brilliant/ros2_ws/install/nav2_msgs/include/nav2_msgs/nav2_msgs/action/detail/follow_gps_waypoints__rosidl_typesupport_fastrtps_c.h
[6.220s] -- Up-to-date symlink: /home/brilliant/ros2_ws/install/nav2_msgs/include/nav2_msgs/nav2_msgs/action/detail/follow_path__rosidl_typesupport_fastrtps_c.h
[6.220s] -- Up-to-date symlink: /home/brilliant/ros2_ws/install/nav2_msgs/include/nav2_msgs/nav2_msgs/action/detail/follow_waypoints__rosidl_typesupport_fastrtps_c.h
[6.220s] -- Up-to-date symlink: /home/brilliant/ros2_ws/install/nav2_msgs/include/nav2_msgs/nav2_msgs/action/detail/navigate_through_poses__rosidl_typesupport_fastrtps_c.h
[6.220s] -- Up-to-date symlink: /home/brilliant/ros2_ws/install/nav2_msgs/include/nav2_msgs/nav2_msgs/action/detail/navigate_to_pose__rosidl_typesupport_fastrtps_c.h
[6.224s] -- Up-to-date symlink: /home/brilliant/ros2_ws/install/nav2_msgs/include/nav2_msgs/nav2_msgs/action/detail/smooth_path__rosidl_typesupport_fastrtps_c.h
[6.225s] -- Up-to-date symlink: /home/brilliant/ros2_ws/install/nav2_msgs/include/nav2_msgs/nav2_msgs/action/detail/spin__rosidl_typesupport_fastrtps_c.h
[6.226s] -- Up-to-date symlink: /home/brilliant/ros2_ws/install/nav2_msgs/include/nav2_msgs/nav2_msgs/action/detail/undock_robot__rosidl_typesupport_fastrtps_c.h
[6.226s] -- Up-to-date symlink: /home/brilliant/ros2_ws/install/nav2_msgs/include/nav2_msgs/nav2_msgs/action/detail/wait__rosidl_typesupport_fastrtps_c.h
[6.226s] -- Up-to-date symlink: /home/brilliant/ros2_ws/install/nav2_msgs/include/nav2_msgs/nav2_msgs/msg/detail/behavior_tree_log__rosidl_typesupport_fastrtps_c.h
[6.230s] -- Up-to-date symlink: /home/brilliant/ros2_ws/install/nav2_msgs/include/nav2_msgs/nav2_msgs/msg/detail/behavior_tree_status_change__rosidl_typesupport_fastrtps_c.h
[6.230s] -- Up-to-date symlink: /home/brilliant/ros2_ws/install/nav2_msgs/include/nav2_msgs/nav2_msgs/msg/detail/collision_detector_state__rosidl_typesupport_fastrtps_c.h
[6.230s] -- Up-to-date symlink: /home/brilliant/ros2_ws/install/nav2_msgs/include/nav2_msgs/nav2_msgs/msg/detail/collision_monitor_state__rosidl_typesupport_fastrtps_c.h
[6.233s] -- Up-to-date symlink: /home/brilliant/ros2_ws/install/nav2_msgs/include/nav2_msgs/nav2_msgs/msg/detail/costmap__rosidl_typesupport_fastrtps_c.h
[6.234s] -- Up-to-date symlink: /home/brilliant/ros2_ws/install/nav2_msgs/include/nav2_msgs/nav2_msgs/msg/detail/costmap_filter_info__rosidl_typesupport_fastrtps_c.h
[6.234s] -- Up-to-date symlink: /home/brilliant/ros2_ws/install/nav2_msgs/include/nav2_msgs/nav2_msgs/msg/detail/costmap_meta_data__rosidl_typesupport_fastrtps_c.h
[6.235s] -- Up-to-date symlink: /home/brilliant/ros2_ws/install/nav2_msgs/include/nav2_msgs/nav2_msgs/msg/detail/costmap_update__rosidl_typesupport_fastrtps_c.h
[6.235s] -- Up-to-date symlink: /home/brilliant/ros2_ws/install/nav2_msgs/include/nav2_msgs/nav2_msgs/msg/detail/missed_waypoint__rosidl_typesupport_fastrtps_c.h
[6.235s] -- Up-to-date symlink: /home/brilliant/ros2_ws/install/nav2_msgs/include/nav2_msgs/nav2_msgs/msg/detail/particle__rosidl_typesupport_fastrtps_c.h
[6.235s] -- Up-to-date symlink: /home/brilliant/ros2_ws/install/nav2_msgs/include/nav2_msgs/nav2_msgs/msg/detail/particle_cloud__rosidl_typesupport_fastrtps_c.h
[6.236s] -- Up-to-date symlink: /home/brilliant/ros2_ws/install/nav2_msgs/include/nav2_msgs/nav2_msgs/msg/detail/speed_limit__rosidl_typesupport_fastrtps_c.h
[6.236s] -- Up-to-date symlink: /home/brilliant/ros2_ws/install/nav2_msgs/include/nav2_msgs/nav2_msgs/msg/detail/voxel_grid__rosidl_typesupport_fastrtps_c.h
[6.236s] -- Up-to-date symlink: /home/brilliant/ros2_ws/install/nav2_msgs/include/nav2_msgs/nav2_msgs/msg/rosidl_typesupport_fastrtps_c__visibility_control.h
[6.236s] -- Up-to-date symlink: /home/brilliant/ros2_ws/install/nav2_msgs/include/nav2_msgs/nav2_msgs/srv/detail/clear_costmap_around_pose__rosidl_typesupport_fastrtps_c.h
[6.243s] -- Up-to-date symlink: /home/brilliant/ros2_ws/install/nav2_msgs/include/nav2_msgs/nav2_msgs/srv/detail/clear_costmap_around_robot__rosidl_typesupport_fastrtps_c.h
[6.244s] -- Up-to-date symlink: /home/brilliant/ros2_ws/install/nav2_msgs/include/nav2_msgs/nav2_msgs/srv/detail/clear_costmap_except_region__rosidl_typesupport_fastrtps_c.h
[6.244s] -- Up-to-date symlink: /home/brilliant/ros2_ws/install/nav2_msgs/include/nav2_msgs/nav2_msgs/srv/detail/clear_entire_costmap__rosidl_typesupport_fastrtps_c.h
[6.244s] -- Up-to-date symlink: /home/brilliant/ros2_ws/install/nav2_msgs/include/nav2_msgs/nav2_msgs/srv/detail/get_cost__rosidl_typesupport_fastrtps_c.h
[6.244s] -- Up-to-date symlink: /home/brilliant/ros2_ws/install/nav2_msgs/include/nav2_msgs/nav2_msgs/srv/detail/get_costmap__rosidl_typesupport_fastrtps_c.h
[6.245s] -- Up-to-date symlink: /home/brilliant/ros2_ws/install/nav2_msgs/include/nav2_msgs/nav2_msgs/srv/detail/is_path_valid__rosidl_typesupport_fastrtps_c.h
[6.245s] -- Up-to-date symlink: /home/brilliant/ros2_ws/install/nav2_msgs/include/nav2_msgs/nav2_msgs/srv/detail/load_map__rosidl_typesupport_fastrtps_c.h
[6.245s] -- Up-to-date symlink: /home/brilliant/ros2_ws/install/nav2_msgs/include/nav2_msgs/nav2_msgs/srv/detail/manage_lifecycle_nodes__rosidl_typesupport_fastrtps_c.h
[6.245s] -- Up-to-date symlink: /home/brilliant/ros2_ws/install/nav2_msgs/include/nav2_msgs/nav2_msgs/srv/detail/reload_dock_database__rosidl_typesupport_fastrtps_c.h
[6.251s] -- Up-to-date symlink: /home/brilliant/ros2_ws/install/nav2_msgs/include/nav2_msgs/nav2_msgs/srv/detail/save_map__rosidl_typesupport_fastrtps_c.h
[6.252s] -- Up-to-date symlink: /home/brilliant/ros2_ws/install/nav2_msgs/include/nav2_msgs/nav2_msgs/srv/detail/set_initial_pose__rosidl_typesupport_fastrtps_c.h
[6.252s] -- Up-to-date symlink: /home/brilliant/ros2_ws/install/nav2_msgs/include/nav2_msgs/nav2_msgs/action/assisted_teleop.hpp
[6.252s] -- Up-to-date symlink: /home/brilliant/ros2_ws/install/nav2_msgs/include/nav2_msgs/nav2_msgs/action/back_up.hpp
[6.253s] -- Up-to-date symlink: /home/brilliant/ros2_ws/install/nav2_msgs/include/nav2_msgs/nav2_msgs/action/compute_path_through_poses.hpp
[6.253s] -- Up-to-date symlink: /home/brilliant/ros2_ws/install/nav2_msgs/include/nav2_msgs/nav2_msgs/action/compute_path_to_pose.hpp
[6.253s] -- Up-to-date symlink: /home/brilliant/ros2_ws/install/nav2_msgs/include/nav2_msgs/nav2_msgs/action/detail/assisted_teleop__builder.hpp
[6.253s] -- Up-to-date symlink: /home/brilliant/ros2_ws/install/nav2_msgs/include/nav2_msgs/nav2_msgs/action/detail/assisted_teleop__struct.hpp
[6.254s] -- Up-to-date symlink: /home/brilliant/ros2_ws/install/nav2_msgs/include/nav2_msgs/nav2_msgs/action/detail/assisted_teleop__traits.hpp
[6.254s] -- Up-to-date symlink: /home/brilliant/ros2_ws/install/nav2_msgs/include/nav2_msgs/nav2_msgs/action/detail/assisted_teleop__type_support.hpp
[6.254s] -- Up-to-date symlink: /home/brilliant/ros2_ws/install/nav2_msgs/include/nav2_msgs/nav2_msgs/action/detail/back_up__builder.hpp
[6.254s] -- Up-to-date symlink: /home/brilliant/ros2_ws/install/nav2_msgs/include/nav2_msgs/nav2_msgs/action/detail/back_up__struct.hpp
[6.258s] -- Up-to-date symlink: /home/brilliant/ros2_ws/install/nav2_msgs/include/nav2_msgs/nav2_msgs/action/detail/back_up__traits.hpp
[6.258s] -- Up-to-date symlink: /home/brilliant/ros2_ws/install/nav2_msgs/include/nav2_msgs/nav2_msgs/action/detail/back_up__type_support.hpp
[6.258s] -- Up-to-date symlink: /home/brilliant/ros2_ws/install/nav2_msgs/include/nav2_msgs/nav2_msgs/action/detail/compute_path_through_poses__builder.hpp
[6.259s] -- Up-to-date symlink: /home/brilliant/ros2_ws/install/nav2_msgs/include/nav2_msgs/nav2_msgs/action/detail/compute_path_through_poses__struct.hpp
[6.259s] -- Up-to-date symlink: /home/brilliant/ros2_ws/install/nav2_msgs/include/nav2_msgs/nav2_msgs/action/detail/compute_path_through_poses__traits.hpp
[6.259s] -- Up-to-date symlink: /home/brilliant/ros2_ws/install/nav2_msgs/include/nav2_msgs/nav2_msgs/action/detail/compute_path_through_poses__type_support.hpp
[6.259s] -- Up-to-date symlink: /home/brilliant/ros2_ws/install/nav2_msgs/include/nav2_msgs/nav2_msgs/action/detail/compute_path_to_pose__builder.hpp
[6.260s] -- Up-to-date symlink: /home/brilliant/ros2_ws/install/nav2_msgs/include/nav2_msgs/nav2_msgs/action/detail/compute_path_to_pose__struct.hpp
[6.260s] -- Up-to-date symlink: /home/brilliant/ros2_ws/install/nav2_msgs/include/nav2_msgs/nav2_msgs/action/detail/compute_path_to_pose__traits.hpp
[6.260s] -- Up-to-date symlink: /home/brilliant/ros2_ws/install/nav2_msgs/include/nav2_msgs/nav2_msgs/action/detail/compute_path_to_pose__type_support.hpp
[6.265s] -- Up-to-date symlink: /home/brilliant/ros2_ws/install/nav2_msgs/include/nav2_msgs/nav2_msgs/action/detail/dock_robot__builder.hpp
[6.265s] -- Up-to-date symlink: /home/brilliant/ros2_ws/install/nav2_msgs/include/nav2_msgs/nav2_msgs/action/detail/dock_robot__struct.hpp
[6.265s] -- Up-to-date symlink: /home/brilliant/ros2_ws/install/nav2_msgs/include/nav2_msgs/nav2_msgs/action/detail/dock_robot__traits.hpp
[6.265s] -- Up-to-date symlink: /home/brilliant/ros2_ws/install/nav2_msgs/include/nav2_msgs/nav2_msgs/action/detail/dock_robot__type_support.hpp
[6.266s] -- Up-to-date symlink: /home/brilliant/ros2_ws/install/nav2_msgs/include/nav2_msgs/nav2_msgs/action/detail/drive_on_heading__builder.hpp
[6.266s] -- Up-to-date symlink: /home/brilliant/ros2_ws/install/nav2_msgs/include/nav2_msgs/nav2_msgs/action/detail/drive_on_heading__struct.hpp
[6.266s] -- Up-to-date symlink: /home/brilliant/ros2_ws/install/nav2_msgs/include/nav2_msgs/nav2_msgs/action/detail/drive_on_heading__traits.hpp
[6.266s] -- Up-to-date symlink: /home/brilliant/ros2_ws/install/nav2_msgs/include/nav2_msgs/nav2_msgs/action/detail/drive_on_heading__type_support.hpp
[6.267s] -- Up-to-date symlink: /home/brilliant/ros2_ws/install/nav2_msgs/include/nav2_msgs/nav2_msgs/action/detail/dummy_behavior__builder.hpp
[6.267s] -- Up-to-date symlink: /home/brilliant/ros2_ws/install/nav2_msgs/include/nav2_msgs/nav2_msgs/action/detail/dummy_behavior__struct.hpp
[6.267s] -- Up-to-date symlink: /home/brilliant/ros2_ws/install/nav2_msgs/include/nav2_msgs/nav2_msgs/action/detail/dummy_behavior__traits.hpp
[6.267s] -- Up-to-date symlink: /home/brilliant/ros2_ws/install/nav2_msgs/include/nav2_msgs/nav2_msgs/action/detail/dummy_behavior__type_support.hpp
[6.271s] -- Up-to-date symlink: /home/brilliant/ros2_ws/install/nav2_msgs/include/nav2_msgs/nav2_msgs/action/detail/follow_gps_waypoints__builder.hpp
[6.271s] -- Up-to-date symlink: /home/brilliant/ros2_ws/install/nav2_msgs/include/nav2_msgs/nav2_msgs/action/detail/follow_gps_waypoints__struct.hpp
[6.272s] -- Up-to-date symlink: /home/brilliant/ros2_ws/install/nav2_msgs/include/nav2_msgs/nav2_msgs/action/detail/follow_gps_waypoints__traits.hpp
[6.272s] -- Up-to-date symlink: /home/brilliant/ros2_ws/install/nav2_msgs/include/nav2_msgs/nav2_msgs/action/detail/follow_gps_waypoints__type_support.hpp
[6.272s] -- Up-to-date symlink: /home/brilliant/ros2_ws/install/nav2_msgs/include/nav2_msgs/nav2_msgs/action/detail/follow_path__builder.hpp
[6.272s] -- Up-to-date symlink: /home/brilliant/ros2_ws/install/nav2_msgs/include/nav2_msgs/nav2_msgs/action/detail/follow_path__struct.hpp
[6.273s] -- Up-to-date symlink: /home/brilliant/ros2_ws/install/nav2_msgs/include/nav2_msgs/nav2_msgs/action/detail/follow_path__traits.hpp
[6.273s] -- Up-to-date symlink: /home/brilliant/ros2_ws/install/nav2_msgs/include/nav2_msgs/nav2_msgs/action/detail/follow_path__type_support.hpp
[6.273s] -- Up-to-date symlink: /home/brilliant/ros2_ws/install/nav2_msgs/include/nav2_msgs/nav2_msgs/action/detail/follow_waypoints__builder.hpp
[6.273s] -- Up-to-date symlink: /home/brilliant/ros2_ws/install/nav2_msgs/include/nav2_msgs/nav2_msgs/action/detail/follow_waypoints__struct.hpp
[6.276s] -- Up-to-date symlink: /home/brilliant/ros2_ws/install/nav2_msgs/include/nav2_msgs/nav2_msgs/action/detail/follow_waypoints__traits.hpp
[6.277s] -- Up-to-date symlink: /home/brilliant/ros2_ws/install/nav2_msgs/include/nav2_msgs/nav2_msgs/action/detail/follow_waypoints__type_support.hpp
[6.277s] -- Up-to-date symlink: /home/brilliant/ros2_ws/install/nav2_msgs/include/nav2_msgs/nav2_msgs/action/detail/navigate_through_poses__builder.hpp
[6.277s] -- Up-to-date symlink: /home/brilliant/ros2_ws/install/nav2_msgs/include/nav2_msgs/nav2_msgs/action/detail/navigate_through_poses__struct.hpp
[6.277s] -- Up-to-date symlink: /home/brilliant/ros2_ws/install/nav2_msgs/include/nav2_msgs/nav2_msgs/action/detail/navigate_through_poses__traits.hpp
[6.278s] -- Up-to-date symlink: /home/brilliant/ros2_ws/install/nav2_msgs/include/nav2_msgs/nav2_msgs/action/detail/navigate_through_poses__type_support.hpp
[6.278s] -- Up-to-date symlink: /home/brilliant/ros2_ws/install/nav2_msgs/include/nav2_msgs/nav2_msgs/action/detail/navigate_to_pose__builder.hpp
[6.278s] -- Up-to-date symlink: /home/brilliant/ros2_ws/install/nav2_msgs/include/nav2_msgs/nav2_msgs/action/detail/navigate_to_pose__struct.hpp
[6.278s] -- Up-to-date symlink: /home/brilliant/ros2_ws/install/nav2_msgs/include/nav2_msgs/nav2_msgs/action/detail/navigate_to_pose__traits.hpp
[6.283s] -- Up-to-date symlink: /home/brilliant/ros2_ws/install/nav2_msgs/include/nav2_msgs/nav2_msgs/action/detail/navigate_to_pose__type_support.hpp
[6.283s] -- Up-to-date symlink: /home/brilliant/ros2_ws/install/nav2_msgs/include/nav2_msgs/nav2_msgs/action/detail/smooth_path__builder.hpp
[6.284s] -- Up-to-date symlink: /home/brilliant/ros2_ws/install/nav2_msgs/include/nav2_msgs/nav2_msgs/action/detail/smooth_path__struct.hpp
[6.284s] -- Up-to-date symlink: /home/brilliant/ros2_ws/install/nav2_msgs/include/nav2_msgs/nav2_msgs/action/detail/smooth_path__traits.hpp
[6.284s] -- Up-to-date symlink: /home/brilliant/ros2_ws/install/nav2_msgs/include/nav2_msgs/nav2_msgs/action/detail/smooth_path__type_support.hpp
[6.284s] -- Up-to-date symlink: /home/brilliant/ros2_ws/install/nav2_msgs/include/nav2_msgs/nav2_msgs/action/detail/spin__builder.hpp
[6.285s] -- Up-to-date symlink: /home/brilliant/ros2_ws/install/nav2_msgs/include/nav2_msgs/nav2_msgs/action/detail/spin__struct.hpp
[6.285s] -- Up-to-date symlink: /home/brilliant/ros2_ws/install/nav2_msgs/include/nav2_msgs/nav2_msgs/action/detail/spin__traits.hpp
[6.285s] -- Up-to-date symlink: /home/brilliant/ros2_ws/install/nav2_msgs/include/nav2_msgs/nav2_msgs/action/detail/spin__type_support.hpp
[6.285s] -- Up-to-date symlink: /home/brilliant/ros2_ws/install/nav2_msgs/include/nav2_msgs/nav2_msgs/action/detail/undock_robot__builder.hpp
[6.288s] -- Up-to-date symlink: /home/brilliant/ros2_ws/install/nav2_msgs/include/nav2_msgs/nav2_msgs/action/detail/undock_robot__struct.hpp
[6.288s] -- Up-to-date symlink: /home/brilliant/ros2_ws/install/nav2_msgs/include/nav2_msgs/nav2_msgs/action/detail/undock_robot__traits.hpp
[6.288s] -- Up-to-date symlink: /home/brilliant/ros2_ws/install/nav2_msgs/include/nav2_msgs/nav2_msgs/action/detail/undock_robot__type_support.hpp
[6.288s] -- Up-to-date symlink: /home/brilliant/ros2_ws/install/nav2_msgs/include/nav2_msgs/nav2_msgs/action/detail/wait__builder.hpp
[6.289s] -- Up-to-date symlink: /home/brilliant/ros2_ws/install/nav2_msgs/include/nav2_msgs/nav2_msgs/action/detail/wait__struct.hpp
[6.289s] -- Up-to-date symlink: /home/brilliant/ros2_ws/install/nav2_msgs/include/nav2_msgs/nav2_msgs/action/detail/wait__traits.hpp
[6.289s] -- Up-to-date symlink: /home/brilliant/ros2_ws/install/nav2_msgs/include/nav2_msgs/nav2_msgs/action/detail/wait__type_support.hpp
[6.289s] -- Up-to-date symlink: /home/brilliant/ros2_ws/install/nav2_msgs/include/nav2_msgs/nav2_msgs/action/dock_robot.hpp
[6.292s] -- Up-to-date symlink: /home/brilliant/ros2_ws/install/nav2_msgs/include/nav2_msgs/nav2_msgs/action/drive_on_heading.hpp
[6.294s] -- Up-to-date symlink: /home/brilliant/ros2_ws/install/nav2_msgs/include/nav2_msgs/nav2_msgs/action/dummy_behavior.hpp
[6.294s] -- Up-to-date symlink: /home/brilliant/ros2_ws/install/nav2_msgs/include/nav2_msgs/nav2_msgs/action/follow_gps_waypoints.hpp
[6.294s] -- Up-to-date symlink: /home/brilliant/ros2_ws/install/nav2_msgs/include/nav2_msgs/nav2_msgs/action/follow_path.hpp
[6.295s] -- Up-to-date symlink: /home/brilliant/ros2_ws/install/nav2_msgs/include/nav2_msgs/nav2_msgs/action/follow_waypoints.hpp
[6.295s] -- Up-to-date symlink: /home/brilliant/ros2_ws/install/nav2_msgs/include/nav2_msgs/nav2_msgs/action/navigate_through_poses.hpp
[6.295s] -- Up-to-date symlink: /home/brilliant/ros2_ws/install/nav2_msgs/include/nav2_msgs/nav2_msgs/action/navigate_to_pose.hpp
[6.295s] -- Up-to-date symlink: /home/brilliant/ros2_ws/install/nav2_msgs/include/nav2_msgs/nav2_msgs/action/smooth_path.hpp
[6.298s] -- Up-to-date symlink: /home/brilliant/ros2_ws/install/nav2_msgs/include/nav2_msgs/nav2_msgs/action/spin.hpp
[6.298s] -- Up-to-date symlink: /home/brilliant/ros2_ws/install/nav2_msgs/include/nav2_msgs/nav2_msgs/action/undock_robot.hpp
[6.298s] -- Up-to-date symlink: /home/brilliant/ros2_ws/install/nav2_msgs/include/nav2_msgs/nav2_msgs/action/wait.hpp
[6.299s] -- Up-to-date symlink: /home/brilliant/ros2_ws/install/nav2_msgs/include/nav2_msgs/nav2_msgs/msg/behavior_tree_log.hpp
[6.299s] -- Up-to-date symlink: /home/brilliant/ros2_ws/install/nav2_msgs/include/nav2_msgs/nav2_msgs/msg/behavior_tree_status_change.hpp
[6.299s] -- Up-to-date symlink: /home/brilliant/ros2_ws/install/nav2_msgs/include/nav2_msgs/nav2_msgs/msg/collision_detector_state.hpp
[6.299s] -- Up-to-date symlink: /home/brilliant/ros2_ws/install/nav2_msgs/include/nav2_msgs/nav2_msgs/msg/collision_monitor_state.hpp
[6.300s] -- Up-to-date symlink: /home/brilliant/ros2_ws/install/nav2_msgs/include/nav2_msgs/nav2_msgs/msg/costmap.hpp
[6.300s] -- Up-to-date symlink: /home/brilliant/ros2_ws/install/nav2_msgs/include/nav2_msgs/nav2_msgs/msg/costmap_filter_info.hpp
[6.304s] -- Up-to-date symlink: /home/brilliant/ros2_ws/install/nav2_msgs/include/nav2_msgs/nav2_msgs/msg/costmap_meta_data.hpp
[6.304s] -- Up-to-date symlink: /home/brilliant/ros2_ws/install/nav2_msgs/include/nav2_msgs/nav2_msgs/msg/costmap_update.hpp
[6.304s] -- Up-to-date symlink: /home/brilliant/ros2_ws/install/nav2_msgs/include/nav2_msgs/nav2_msgs/msg/detail/behavior_tree_log__builder.hpp
[6.305s] -- Up-to-date symlink: /home/brilliant/ros2_ws/install/nav2_msgs/include/nav2_msgs/nav2_msgs/msg/detail/behavior_tree_log__struct.hpp
[6.305s] -- Up-to-date symlink: /home/brilliant/ros2_ws/install/nav2_msgs/include/nav2_msgs/nav2_msgs/msg/detail/behavior_tree_log__traits.hpp
[6.305s] -- Up-to-date symlink: /home/brilliant/ros2_ws/install/nav2_msgs/include/nav2_msgs/nav2_msgs/msg/detail/behavior_tree_log__type_support.hpp
[6.305s] -- Up-to-date symlink: /home/brilliant/ros2_ws/install/nav2_msgs/include/nav2_msgs/nav2_msgs/msg/detail/behavior_tree_status_change__builder.hpp
[6.306s] -- Up-to-date symlink: /home/brilliant/ros2_ws/install/nav2_msgs/include/nav2_msgs/nav2_msgs/msg/detail/behavior_tree_status_change__struct.hpp
[6.306s] -- Up-to-date symlink: /home/brilliant/ros2_ws/install/nav2_msgs/include/nav2_msgs/nav2_msgs/msg/detail/behavior_tree_status_change__traits.hpp
[6.306s] -- Up-to-date symlink: /home/brilliant/ros2_ws/install/nav2_msgs/include/nav2_msgs/nav2_msgs/msg/detail/behavior_tree_status_change__type_support.hpp
[6.306s] -- Up-to-date symlink: /home/brilliant/ros2_ws/install/nav2_msgs/include/nav2_msgs/nav2_msgs/msg/detail/collision_detector_state__builder.hpp
[6.313s] -- Up-to-date symlink: /home/brilliant/ros2_ws/install/nav2_msgs/include/nav2_msgs/nav2_msgs/msg/detail/collision_detector_state__struct.hpp
[6.313s] -- Up-to-date symlink: /home/brilliant/ros2_ws/install/nav2_msgs/include/nav2_msgs/nav2_msgs/msg/detail/collision_detector_state__traits.hpp
[6.314s] -- Up-to-date symlink: /home/brilliant/ros2_ws/install/nav2_msgs/include/nav2_msgs/nav2_msgs/msg/detail/collision_detector_state__type_support.hpp
[6.314s] -- Up-to-date symlink: /home/brilliant/ros2_ws/install/nav2_msgs/include/nav2_msgs/nav2_msgs/msg/detail/collision_monitor_state__builder.hpp
[6.314s] -- Up-to-date symlink: /home/brilliant/ros2_ws/install/nav2_msgs/include/nav2_msgs/nav2_msgs/msg/detail/collision_monitor_state__struct.hpp
[6.314s] -- Up-to-date symlink: /home/brilliant/ros2_ws/install/nav2_msgs/include/nav2_msgs/nav2_msgs/msg/detail/collision_monitor_state__traits.hpp
[6.315s] -- Up-to-date symlink: /home/brilliant/ros2_ws/install/nav2_msgs/include/nav2_msgs/nav2_msgs/msg/detail/collision_monitor_state__type_support.hpp
[6.315s] -- Up-to-date symlink: /home/brilliant/ros2_ws/install/nav2_msgs/include/nav2_msgs/nav2_msgs/msg/detail/costmap__builder.hpp
[6.315s] -- Up-to-date symlink: /home/brilliant/ros2_ws/install/nav2_msgs/include/nav2_msgs/nav2_msgs/msg/detail/costmap__struct.hpp
[6.315s] -- Up-to-date symlink: /home/brilliant/ros2_ws/install/nav2_msgs/include/nav2_msgs/nav2_msgs/msg/detail/costmap__traits.hpp
[6.320s] -- Up-to-date symlink: /home/brilliant/ros2_ws/install/nav2_msgs/include/nav2_msgs/nav2_msgs/msg/detail/costmap__type_support.hpp
[6.320s] -- Up-to-date symlink: /home/brilliant/ros2_ws/install/nav2_msgs/include/nav2_msgs/nav2_msgs/msg/detail/costmap_filter_info__builder.hpp
[6.321s] -- Up-to-date symlink: /home/brilliant/ros2_ws/install/nav2_msgs/include/nav2_msgs/nav2_msgs/msg/detail/costmap_filter_info__struct.hpp
[6.321s] -- Up-to-date symlink: /home/brilliant/ros2_ws/install/nav2_msgs/include/nav2_msgs/nav2_msgs/msg/detail/costmap_filter_info__traits.hpp
[6.321s] -- Up-to-date symlink: /home/brilliant/ros2_ws/install/nav2_msgs/include/nav2_msgs/nav2_msgs/msg/detail/costmap_filter_info__type_support.hpp
[6.321s] -- Up-to-date symlink: /home/brilliant/ros2_ws/install/nav2_msgs/include/nav2_msgs/nav2_msgs/msg/detail/costmap_meta_data__builder.hpp
[6.322s] -- Up-to-date symlink: /home/brilliant/ros2_ws/install/nav2_msgs/include/nav2_msgs/nav2_msgs/msg/detail/costmap_meta_data__struct.hpp
[6.322s] -- Up-to-date symlink: /home/brilliant/ros2_ws/install/nav2_msgs/include/nav2_msgs/nav2_msgs/msg/detail/costmap_meta_data__traits.hpp
[6.322s] -- Up-to-date symlink: /home/brilliant/ros2_ws/install/nav2_msgs/include/nav2_msgs/nav2_msgs/msg/detail/costmap_meta_data__type_support.hpp
[6.332s] -- Up-to-date symlink: /home/brilliant/ros2_ws/install/nav2_msgs/include/nav2_msgs/nav2_msgs/msg/detail/costmap_update__builder.hpp
[6.332s] -- Up-to-date symlink: /home/brilliant/ros2_ws/install/nav2_msgs/include/nav2_msgs/nav2_msgs/msg/detail/costmap_update__struct.hpp
[6.332s] -- Up-to-date symlink: /home/brilliant/ros2_ws/install/nav2_msgs/include/nav2_msgs/nav2_msgs/msg/detail/costmap_update__traits.hpp
[6.332s] -- Up-to-date symlink: /home/brilliant/ros2_ws/install/nav2_msgs/include/nav2_msgs/nav2_msgs/msg/detail/costmap_update__type_support.hpp
[6.333s] -- Up-to-date symlink: /home/brilliant/ros2_ws/install/nav2_msgs/include/nav2_msgs/nav2_msgs/msg/detail/missed_waypoint__builder.hpp
[6.333s] -- Up-to-date symlink: /home/brilliant/ros2_ws/install/nav2_msgs/include/nav2_msgs/nav2_msgs/msg/detail/missed_waypoint__struct.hpp
[6.335s] -- Up-to-date symlink: /home/brilliant/ros2_ws/install/nav2_msgs/include/nav2_msgs/nav2_msgs/msg/detail/missed_waypoint__traits.hpp
[6.335s] -- Up-to-date symlink: /home/brilliant/ros2_ws/install/nav2_msgs/include/nav2_msgs/nav2_msgs/msg/detail/missed_waypoint__type_support.hpp
[6.335s] -- Up-to-date symlink: /home/brilliant/ros2_ws/install/nav2_msgs/include/nav2_msgs/nav2_msgs/msg/detail/particle__builder.hpp
[6.344s] -- Up-to-date symlink: /home/brilliant/ros2_ws/install/nav2_msgs/include/nav2_msgs/nav2_msgs/msg/detail/particle__struct.hpp
[6.345s] -- Up-to-date symlink: /home/brilliant/ros2_ws/install/nav2_msgs/include/nav2_msgs/nav2_msgs/msg/detail/particle__traits.hpp
[6.345s] -- Up-to-date symlink: /home/brilliant/ros2_ws/install/nav2_msgs/include/nav2_msgs/nav2_msgs/msg/detail/particle__type_support.hpp
[6.345s] -- Up-to-date symlink: /home/brilliant/ros2_ws/install/nav2_msgs/include/nav2_msgs/nav2_msgs/msg/detail/particle_cloud__builder.hpp
[6.345s] -- Up-to-date symlink: /home/brilliant/ros2_ws/install/nav2_msgs/include/nav2_msgs/nav2_msgs/msg/detail/particle_cloud__struct.hpp
[6.346s] -- Up-to-date symlink: /home/brilliant/ros2_ws/install/nav2_msgs/include/nav2_msgs/nav2_msgs/msg/detail/particle_cloud__traits.hpp
[6.346s] -- Up-to-date symlink: /home/brilliant/ros2_ws/install/nav2_msgs/include/nav2_msgs/nav2_msgs/msg/detail/particle_cloud__type_support.hpp
[6.346s] -- Up-to-date symlink: /home/brilliant/ros2_ws/install/nav2_msgs/include/nav2_msgs/nav2_msgs/msg/detail/speed_limit__builder.hpp
[6.346s] -- Up-to-date symlink: /home/brilliant/ros2_ws/install/nav2_msgs/include/nav2_msgs/nav2_msgs/msg/detail/speed_limit__struct.hpp
[6.346s] -- Up-to-date symlink: /home/brilliant/ros2_ws/install/nav2_msgs/include/nav2_msgs/nav2_msgs/msg/detail/speed_limit__traits.hpp
[6.353s] -- Up-to-date symlink: /home/brilliant/ros2_ws/install/nav2_msgs/include/nav2_msgs/nav2_msgs/msg/detail/speed_limit__type_support.hpp
[6.353s] -- Up-to-date symlink: /home/brilliant/ros2_ws/install/nav2_msgs/include/nav2_msgs/nav2_msgs/msg/detail/voxel_grid__builder.hpp
[6.353s] -- Up-to-date symlink: /home/brilliant/ros2_ws/install/nav2_msgs/include/nav2_msgs/nav2_msgs/msg/detail/voxel_grid__struct.hpp
[6.354s] -- Up-to-date symlink: /home/brilliant/ros2_ws/install/nav2_msgs/include/nav2_msgs/nav2_msgs/msg/detail/voxel_grid__traits.hpp
[6.354s] -- Up-to-date symlink: /home/brilliant/ros2_ws/install/nav2_msgs/include/nav2_msgs/nav2_msgs/msg/detail/voxel_grid__type_support.hpp
[6.354s] -- Up-to-date symlink: /home/brilliant/ros2_ws/install/nav2_msgs/include/nav2_msgs/nav2_msgs/msg/missed_waypoint.hpp
[6.354s] -- Up-to-date symlink: /home/brilliant/ros2_ws/install/nav2_msgs/include/nav2_msgs/nav2_msgs/msg/particle.hpp
[6.355s] -- Up-to-date symlink: /home/brilliant/ros2_ws/install/nav2_msgs/include/nav2_msgs/nav2_msgs/msg/particle_cloud.hpp
[6.355s] -- Up-to-date symlink: /home/brilliant/ros2_ws/install/nav2_msgs/include/nav2_msgs/nav2_msgs/msg/rosidl_generator_cpp__visibility_control.hpp
[6.355s] -- Up-to-date symlink: /home/brilliant/ros2_ws/install/nav2_msgs/include/nav2_msgs/nav2_msgs/msg/speed_limit.hpp
[6.359s] -- Up-to-date symlink: /home/brilliant/ros2_ws/install/nav2_msgs/include/nav2_msgs/nav2_msgs/msg/voxel_grid.hpp
[6.359s] -- Up-to-date symlink: /home/brilliant/ros2_ws/install/nav2_msgs/include/nav2_msgs/nav2_msgs/srv/clear_costmap_around_pose.hpp
[6.359s] -- Up-to-date symlink: /home/brilliant/ros2_ws/install/nav2_msgs/include/nav2_msgs/nav2_msgs/srv/clear_costmap_around_robot.hpp
[6.359s] -- Up-to-date symlink: /home/brilliant/ros2_ws/install/nav2_msgs/include/nav2_msgs/nav2_msgs/srv/clear_costmap_except_region.hpp
[6.360s] -- Up-to-date symlink: /home/brilliant/ros2_ws/install/nav2_msgs/include/nav2_msgs/nav2_msgs/srv/clear_entire_costmap.hpp
[6.360s] -- Up-to-date symlink: /home/brilliant/ros2_ws/install/nav2_msgs/include/nav2_msgs/nav2_msgs/srv/detail/clear_costmap_around_pose__builder.hpp
[6.360s] -- Up-to-date symlink: /home/brilliant/ros2_ws/install/nav2_msgs/include/nav2_msgs/nav2_msgs/srv/detail/clear_costmap_around_pose__struct.hpp
[6.361s] -- Up-to-date symlink: /home/brilliant/ros2_ws/install/nav2_msgs/include/nav2_msgs/nav2_msgs/srv/detail/clear_costmap_around_pose__traits.hpp
[6.361s] -- Up-to-date symlink: /home/brilliant/ros2_ws/install/nav2_msgs/include/nav2_msgs/nav2_msgs/srv/detail/clear_costmap_around_pose__type_support.hpp
[6.361s] -- Up-to-date symlink: /home/brilliant/ros2_ws/install/nav2_msgs/include/nav2_msgs/nav2_msgs/srv/detail/clear_costmap_around_robot__builder.hpp
[6.366s] -- Up-to-date symlink: /home/brilliant/ros2_ws/install/nav2_msgs/include/nav2_msgs/nav2_msgs/srv/detail/clear_costmap_around_robot__struct.hpp
[6.366s] -- Up-to-date symlink: /home/brilliant/ros2_ws/install/nav2_msgs/include/nav2_msgs/nav2_msgs/srv/detail/clear_costmap_around_robot__traits.hpp
[6.366s] -- Up-to-date symlink: /home/brilliant/ros2_ws/install/nav2_msgs/include/nav2_msgs/nav2_msgs/srv/detail/clear_costmap_around_robot__type_support.hpp
[6.366s] -- Up-to-date symlink: /home/brilliant/ros2_ws/install/nav2_msgs/include/nav2_msgs/nav2_msgs/srv/detail/clear_costmap_except_region__builder.hpp
[6.367s] -- Up-to-date symlink: /home/brilliant/ros2_ws/install/nav2_msgs/include/nav2_msgs/nav2_msgs/srv/detail/clear_costmap_except_region__struct.hpp
[6.367s] -- Up-to-date symlink: /home/brilliant/ros2_ws/install/nav2_msgs/include/nav2_msgs/nav2_msgs/srv/detail/clear_costmap_except_region__traits.hpp
[6.367s] -- Up-to-date symlink: /home/brilliant/ros2_ws/install/nav2_msgs/include/nav2_msgs/nav2_msgs/srv/detail/clear_costmap_except_region__type_support.hpp
[6.367s] -- Up-to-date symlink: /home/brilliant/ros2_ws/install/nav2_msgs/include/nav2_msgs/nav2_msgs/srv/detail/clear_entire_costmap__builder.hpp
[6.368s] -- Up-to-date symlink: /home/brilliant/ros2_ws/install/nav2_msgs/include/nav2_msgs/nav2_msgs/srv/detail/clear_entire_costmap__struct.hpp
[6.368s] -- Up-to-date symlink: /home/brilliant/ros2_ws/install/nav2_msgs/include/nav2_msgs/nav2_msgs/srv/detail/clear_entire_costmap__traits.hpp
[6.368s] -- Up-to-date symlink: /home/brilliant/ros2_ws/install/nav2_msgs/include/nav2_msgs/nav2_msgs/srv/detail/clear_entire_costmap__type_support.hpp
[6.372s] -- Up-to-date symlink: /home/brilliant/ros2_ws/install/nav2_msgs/include/nav2_msgs/nav2_msgs/srv/detail/get_cost__builder.hpp
[6.372s] -- Up-to-date symlink: /home/brilliant/ros2_ws/install/nav2_msgs/include/nav2_msgs/nav2_msgs/srv/detail/get_cost__struct.hpp
[6.372s] -- Up-to-date symlink: /home/brilliant/ros2_ws/install/nav2_msgs/include/nav2_msgs/nav2_msgs/srv/detail/get_cost__traits.hpp
[6.372s] -- Up-to-date symlink: /home/brilliant/ros2_ws/install/nav2_msgs/include/nav2_msgs/nav2_msgs/srv/detail/get_cost__type_support.hpp
[6.373s] -- Up-to-date symlink: /home/brilliant/ros2_ws/install/nav2_msgs/include/nav2_msgs/nav2_msgs/srv/detail/get_costmap__builder.hpp
[6.373s] -- Up-to-date symlink: /home/brilliant/ros2_ws/install/nav2_msgs/include/nav2_msgs/nav2_msgs/srv/detail/get_costmap__struct.hpp
[6.373s] -- Up-to-date symlink: /home/brilliant/ros2_ws/install/nav2_msgs/include/nav2_msgs/nav2_msgs/srv/detail/get_costmap__traits.hpp
[6.373s] -- Up-to-date symlink: /home/brilliant/ros2_ws/install/nav2_msgs/include/nav2_msgs/nav2_msgs/srv/detail/get_costmap__type_support.hpp
[6.374s] -- Up-to-date symlink: /home/brilliant/ros2_ws/install/nav2_msgs/include/nav2_msgs/nav2_msgs/srv/detail/is_path_valid__builder.hpp
[6.374s] -- Up-to-date symlink: /home/brilliant/ros2_ws/install/nav2_msgs/include/nav2_msgs/nav2_msgs/srv/detail/is_path_valid__struct.hpp
[6.374s] -- Up-to-date symlink: /home/brilliant/ros2_ws/install/nav2_msgs/include/nav2_msgs/nav2_msgs/srv/detail/is_path_valid__traits.hpp
[6.374s] -- Up-to-date symlink: /home/brilliant/ros2_ws/install/nav2_msgs/include/nav2_msgs/nav2_msgs/srv/detail/is_path_valid__type_support.hpp
[6.380s] -- Up-to-date symlink: /home/brilliant/ros2_ws/install/nav2_msgs/include/nav2_msgs/nav2_msgs/srv/detail/load_map__builder.hpp
[6.380s] -- Up-to-date symlink: /home/brilliant/ros2_ws/install/nav2_msgs/include/nav2_msgs/nav2_msgs/srv/detail/load_map__struct.hpp
[6.381s] -- Up-to-date symlink: /home/brilliant/ros2_ws/install/nav2_msgs/include/nav2_msgs/nav2_msgs/srv/detail/load_map__traits.hpp
[6.381s] -- Up-to-date symlink: /home/brilliant/ros2_ws/install/nav2_msgs/include/nav2_msgs/nav2_msgs/srv/detail/load_map__type_support.hpp
[6.381s] -- Up-to-date symlink: /home/brilliant/ros2_ws/install/nav2_msgs/include/nav2_msgs/nav2_msgs/srv/detail/manage_lifecycle_nodes__builder.hpp
[6.382s] -- Up-to-date symlink: /home/brilliant/ros2_ws/install/nav2_msgs/include/nav2_msgs/nav2_msgs/srv/detail/manage_lifecycle_nodes__struct.hpp
[6.382s] -- Up-to-date symlink: /home/brilliant/ros2_ws/install/nav2_msgs/include/nav2_msgs/nav2_msgs/srv/detail/manage_lifecycle_nodes__traits.hpp
[6.382s] -- Up-to-date symlink: /home/brilliant/ros2_ws/install/nav2_msgs/include/nav2_msgs/nav2_msgs/srv/detail/manage_lifecycle_nodes__type_support.hpp
[6.386s] -- Up-to-date symlink: /home/brilliant/ros2_ws/install/nav2_msgs/include/nav2_msgs/nav2_msgs/srv/detail/reload_dock_database__builder.hpp
[6.387s] -- Up-to-date symlink: /home/brilliant/ros2_ws/install/nav2_msgs/include/nav2_msgs/nav2_msgs/srv/detail/reload_dock_database__struct.hpp
[6.391s] -- Up-to-date symlink: /home/brilliant/ros2_ws/install/nav2_msgs/include/nav2_msgs/nav2_msgs/srv/detail/reload_dock_database__traits.hpp
[6.391s] -- Up-to-date symlink: /home/brilliant/ros2_ws/install/nav2_msgs/include/nav2_msgs/nav2_msgs/srv/detail/reload_dock_database__type_support.hpp
[6.391s] -- Up-to-date symlink: /home/brilliant/ros2_ws/install/nav2_msgs/include/nav2_msgs/nav2_msgs/srv/detail/save_map__builder.hpp
[6.391s] -- Up-to-date symlink: /home/brilliant/ros2_ws/install/nav2_msgs/include/nav2_msgs/nav2_msgs/srv/detail/save_map__struct.hpp
[6.392s] -- Up-to-date symlink: /home/brilliant/ros2_ws/install/nav2_msgs/include/nav2_msgs/nav2_msgs/srv/detail/save_map__traits.hpp
[6.392s] -- Up-to-date symlink: /home/brilliant/ros2_ws/install/nav2_msgs/include/nav2_msgs/nav2_msgs/srv/detail/save_map__type_support.hpp
[6.392s] -- Up-to-date symlink: /home/brilliant/ros2_ws/install/nav2_msgs/include/nav2_msgs/nav2_msgs/srv/detail/set_initial_pose__builder.hpp
[6.397s] -- Up-to-date symlink: /home/brilliant/ros2_ws/install/nav2_msgs/include/nav2_msgs/nav2_msgs/srv/detail/set_initial_pose__struct.hpp
[6.397s] -- Up-to-date symlink: /home/brilliant/ros2_ws/install/nav2_msgs/include/nav2_msgs/nav2_msgs/srv/detail/set_initial_pose__traits.hpp
[6.398s] -- Up-to-date symlink: /home/brilliant/ros2_ws/install/nav2_msgs/include/nav2_msgs/nav2_msgs/srv/detail/set_initial_pose__type_support.hpp
[6.398s] -- Up-to-date symlink: /home/brilliant/ros2_ws/install/nav2_msgs/include/nav2_msgs/nav2_msgs/srv/get_cost.hpp
[6.398s] -- Up-to-date symlink: /home/brilliant/ros2_ws/install/nav2_msgs/include/nav2_msgs/nav2_msgs/srv/get_costmap.hpp
[6.398s] -- Up-to-date symlink: /home/brilliant/ros2_ws/install/nav2_msgs/include/nav2_msgs/nav2_msgs/srv/is_path_valid.hpp
[6.399s] -- Up-to-date symlink: /home/brilliant/ros2_ws/install/nav2_msgs/include/nav2_msgs/nav2_msgs/srv/load_map.hpp
[6.399s] -- Up-to-date symlink: /home/brilliant/ros2_ws/install/nav2_msgs/include/nav2_msgs/nav2_msgs/srv/manage_lifecycle_nodes.hpp
[6.399s] -- Up-to-date symlink: /home/brilliant/ros2_ws/install/nav2_msgs/include/nav2_msgs/nav2_msgs/srv/reload_dock_database.hpp
[6.404s] -- Up-to-date symlink: /home/brilliant/ros2_ws/install/nav2_msgs/include/nav2_msgs/nav2_msgs/srv/save_map.hpp
[6.404s] -- Up-to-date symlink: /home/brilliant/ros2_ws/install/nav2_msgs/include/nav2_msgs/nav2_msgs/srv/set_initial_pose.hpp
[6.404s] -- Up-to-date symlink: /home/brilliant/ros2_ws/install/nav2_msgs/include/nav2_msgs/nav2_msgs/action/detail/assisted_teleop__rosidl_typesupport_fastrtps_cpp.hpp
[6.404s] -- Up-to-date symlink: /home/brilliant/ros2_ws/install/nav2_msgs/include/nav2_msgs/nav2_msgs/action/detail/back_up__rosidl_typesupport_fastrtps_cpp.hpp
[6.405s] -- Up-to-date symlink: /home/brilliant/ros2_ws/install/nav2_msgs/include/nav2_msgs/nav2_msgs/action/detail/compute_path_through_poses__rosidl_typesupport_fastrtps_cpp.hpp
[6.405s] -- Up-to-date symlink: /home/brilliant/ros2_ws/install/nav2_msgs/include/nav2_msgs/nav2_msgs/action/detail/compute_path_to_pose__rosidl_typesupport_fastrtps_cpp.hpp
[6.405s] -- Up-to-date symlink: /home/brilliant/ros2_ws/install/nav2_msgs/include/nav2_msgs/nav2_msgs/action/detail/dock_robot__rosidl_typesupport_fastrtps_cpp.hpp
[6.405s] -- Up-to-date symlink: /home/brilliant/ros2_ws/install/nav2_msgs/include/nav2_msgs/nav2_msgs/action/detail/drive_on_heading__rosidl_typesupport_fastrtps_cpp.hpp
[6.406s] -- Up-to-date symlink: /home/brilliant/ros2_ws/install/nav2_msgs/include/nav2_msgs/nav2_msgs/action/detail/dummy_behavior__rosidl_typesupport_fastrtps_cpp.hpp
[6.406s] -- Up-to-date symlink: /home/brilliant/ros2_ws/install/nav2_msgs/include/nav2_msgs/nav2_msgs/action/detail/follow_gps_waypoints__rosidl_typesupport_fastrtps_cpp.hpp
[6.406s] -- Up-to-date symlink: /home/brilliant/ros2_ws/install/nav2_msgs/include/nav2_msgs/nav2_msgs/action/detail/follow_path__rosidl_typesupport_fastrtps_cpp.hpp
[6.406s] -- Up-to-date symlink: /home/brilliant/ros2_ws/install/nav2_msgs/include/nav2_msgs/nav2_msgs/action/detail/follow_waypoints__rosidl_typesupport_fastrtps_cpp.hpp
[6.412s] -- Up-to-date symlink: /home/brilliant/ros2_ws/install/nav2_msgs/include/nav2_msgs/nav2_msgs/action/detail/navigate_through_poses__rosidl_typesupport_fastrtps_cpp.hpp
[6.412s] -- Up-to-date symlink: /home/brilliant/ros2_ws/install/nav2_msgs/include/nav2_msgs/nav2_msgs/action/detail/navigate_to_pose__rosidl_typesupport_fastrtps_cpp.hpp
[6.412s] -- Up-to-date symlink: /home/brilliant/ros2_ws/install/nav2_msgs/include/nav2_msgs/nav2_msgs/action/detail/smooth_path__rosidl_typesupport_fastrtps_cpp.hpp
[6.412s] -- Up-to-date symlink: /home/brilliant/ros2_ws/install/nav2_msgs/include/nav2_msgs/nav2_msgs/action/detail/spin__rosidl_typesupport_fastrtps_cpp.hpp
[6.413s] -- Up-to-date symlink: /home/brilliant/ros2_ws/install/nav2_msgs/include/nav2_msgs/nav2_msgs/action/detail/undock_robot__rosidl_typesupport_fastrtps_cpp.hpp
[6.413s] -- Up-to-date symlink: /home/brilliant/ros2_ws/install/nav2_msgs/include/nav2_msgs/nav2_msgs/action/detail/wait__rosidl_typesupport_fastrtps_cpp.hpp
[6.413s] -- Up-to-date symlink: /home/brilliant/ros2_ws/install/nav2_msgs/include/nav2_msgs/nav2_msgs/msg/detail/behavior_tree_log__rosidl_typesupport_fastrtps_cpp.hpp
[6.413s] -- Up-to-date symlink: /home/brilliant/ros2_ws/install/nav2_msgs/include/nav2_msgs/nav2_msgs/msg/detail/behavior_tree_status_change__rosidl_typesupport_fastrtps_cpp.hpp
[6.414s] -- Up-to-date symlink: /home/brilliant/ros2_ws/install/nav2_msgs/include/nav2_msgs/nav2_msgs/msg/detail/collision_detector_state__rosidl_typesupport_fastrtps_cpp.hpp
[6.414s] -- Up-to-date symlink: /home/brilliant/ros2_ws/install/nav2_msgs/include/nav2_msgs/nav2_msgs/msg/detail/collision_monitor_state__rosidl_typesupport_fastrtps_cpp.hpp
[6.414s] -- Up-to-date symlink: /home/brilliant/ros2_ws/install/nav2_msgs/include/nav2_msgs/nav2_msgs/msg/detail/costmap__rosidl_typesupport_fastrtps_cpp.hpp
[6.414s] -- Up-to-date symlink: /home/brilliant/ros2_ws/install/nav2_msgs/include/nav2_msgs/nav2_msgs/msg/detail/costmap_filter_info__rosidl_typesupport_fastrtps_cpp.hpp
[6.418s] -- Up-to-date symlink: /home/brilliant/ros2_ws/install/nav2_msgs/include/nav2_msgs/nav2_msgs/msg/detail/costmap_meta_data__rosidl_typesupport_fastrtps_cpp.hpp
[6.418s] -- Up-to-date symlink: /home/brilliant/ros2_ws/install/nav2_msgs/include/nav2_msgs/nav2_msgs/msg/detail/costmap_update__rosidl_typesupport_fastrtps_cpp.hpp
[6.419s] -- Up-to-date symlink: /home/brilliant/ros2_ws/install/nav2_msgs/include/nav2_msgs/nav2_msgs/msg/detail/missed_waypoint__rosidl_typesupport_fastrtps_cpp.hpp
[6.419s] -- Up-to-date symlink: /home/brilliant/ros2_ws/install/nav2_msgs/include/nav2_msgs/nav2_msgs/msg/detail/particle__rosidl_typesupport_fastrtps_cpp.hpp
[6.419s] -- Up-to-date symlink: /home/brilliant/ros2_ws/install/nav2_msgs/include/nav2_msgs/nav2_msgs/msg/detail/particle_cloud__rosidl_typesupport_fastrtps_cpp.hpp
[6.419s] -- Up-to-date symlink: /home/brilliant/ros2_ws/install/nav2_msgs/include/nav2_msgs/nav2_msgs/msg/detail/speed_limit__rosidl_typesupport_fastrtps_cpp.hpp
[6.420s] -- Up-to-date symlink: /home/brilliant/ros2_ws/install/nav2_msgs/include/nav2_msgs/nav2_msgs/msg/detail/voxel_grid__rosidl_typesupport_fastrtps_cpp.hpp
[6.420s] -- Up-to-date symlink: /home/brilliant/ros2_ws/install/nav2_msgs/include/nav2_msgs/nav2_msgs/msg/rosidl_typesupport_fastrtps_cpp__visibility_control.h
[6.420s] -- Up-to-date symlink: /home/brilliant/ros2_ws/install/nav2_msgs/include/nav2_msgs/nav2_msgs/srv/detail/clear_costmap_around_pose__rosidl_typesupport_fastrtps_cpp.hpp
[6.420s] -- Up-to-date symlink: /home/brilliant/ros2_ws/install/nav2_msgs/include/nav2_msgs/nav2_msgs/srv/detail/clear_costmap_around_robot__rosidl_typesupport_fastrtps_cpp.hpp
[6.424s] -- Up-to-date symlink: /home/brilliant/ros2_ws/install/nav2_msgs/include/nav2_msgs/nav2_msgs/srv/detail/clear_costmap_except_region__rosidl_typesupport_fastrtps_cpp.hpp
[6.424s] -- Up-to-date symlink: /home/brilliant/ros2_ws/install/nav2_msgs/include/nav2_msgs/nav2_msgs/srv/detail/clear_entire_costmap__rosidl_typesupport_fastrtps_cpp.hpp
[6.425s] -- Up-to-date symlink: /home/brilliant/ros2_ws/install/nav2_msgs/include/nav2_msgs/nav2_msgs/srv/detail/get_cost__rosidl_typesupport_fastrtps_cpp.hpp
[6.425s] -- Up-to-date symlink: /home/brilliant/ros2_ws/install/nav2_msgs/include/nav2_msgs/nav2_msgs/srv/detail/get_costmap__rosidl_typesupport_fastrtps_cpp.hpp
[6.425s] -- Up-to-date symlink: /home/brilliant/ros2_ws/install/nav2_msgs/include/nav2_msgs/nav2_msgs/srv/detail/is_path_valid__rosidl_typesupport_fastrtps_cpp.hpp
[6.425s] -- Up-to-date symlink: /home/brilliant/ros2_ws/install/nav2_msgs/include/nav2_msgs/nav2_msgs/srv/detail/load_map__rosidl_typesupport_fastrtps_cpp.hpp
[6.426s] -- Up-to-date symlink: /home/brilliant/ros2_ws/install/nav2_msgs/include/nav2_msgs/nav2_msgs/srv/detail/manage_lifecycle_nodes__rosidl_typesupport_fastrtps_cpp.hpp
[6.426s] -- Up-to-date symlink: /home/brilliant/ros2_ws/install/nav2_msgs/include/nav2_msgs/nav2_msgs/srv/detail/reload_dock_database__rosidl_typesupport_fastrtps_cpp.hpp
[6.426s] -- Up-to-date symlink: /home/brilliant/ros2_ws/install/nav2_msgs/include/nav2_msgs/nav2_msgs/srv/detail/save_map__rosidl_typesupport_fastrtps_cpp.hpp
[6.431s] -- Up-to-date symlink: /home/brilliant/ros2_ws/install/nav2_msgs/include/nav2_msgs/nav2_msgs/srv/detail/set_initial_pose__rosidl_typesupport_fastrtps_cpp.hpp
[6.431s] -- Up-to-date symlink: /home/brilliant/ros2_ws/install/nav2_msgs/include/nav2_msgs/nav2_msgs/action/detail/assisted_teleop__rosidl_typesupport_introspection_c.h
[6.431s] -- Up-to-date symlink: /home/brilliant/ros2_ws/install/nav2_msgs/include/nav2_msgs/nav2_msgs/action/detail/back_up__rosidl_typesupport_introspection_c.h
[6.432s] -- Up-to-date symlink: /home/brilliant/ros2_ws/install/nav2_msgs/include/nav2_msgs/nav2_msgs/action/detail/compute_path_through_poses__rosidl_typesupport_introspection_c.h
[6.432s] -- Up-to-date symlink: /home/brilliant/ros2_ws/install/nav2_msgs/include/nav2_msgs/nav2_msgs/action/detail/compute_path_to_pose__rosidl_typesupport_introspection_c.h
[6.432s] -- Up-to-date symlink: /home/brilliant/ros2_ws/install/nav2_msgs/include/nav2_msgs/nav2_msgs/action/detail/dock_robot__rosidl_typesupport_introspection_c.h
[6.432s] -- Up-to-date symlink: /home/brilliant/ros2_ws/install/nav2_msgs/include/nav2_msgs/nav2_msgs/action/detail/drive_on_heading__rosidl_typesupport_introspection_c.h
[6.433s] -- Up-to-date symlink: /home/brilliant/ros2_ws/install/nav2_msgs/include/nav2_msgs/nav2_msgs/action/detail/dummy_behavior__rosidl_typesupport_introspection_c.h
[6.433s] -- Up-to-date symlink: /home/brilliant/ros2_ws/install/nav2_msgs/include/nav2_msgs/nav2_msgs/action/detail/follow_gps_waypoints__rosidl_typesupport_introspection_c.h
[6.433s] -- Up-to-date symlink: /home/brilliant/ros2_ws/install/nav2_msgs/include/nav2_msgs/nav2_msgs/action/detail/follow_path__rosidl_typesupport_introspection_c.h
[6.433s] -- Up-to-date symlink: /home/brilliant/ros2_ws/install/nav2_msgs/include/nav2_msgs/nav2_msgs/action/detail/follow_waypoints__rosidl_typesupport_introspection_c.h
[6.437s] -- Up-to-date symlink: /home/brilliant/ros2_ws/install/nav2_msgs/include/nav2_msgs/nav2_msgs/action/detail/navigate_through_poses__rosidl_typesupport_introspection_c.h
[6.437s] -- Up-to-date symlink: /home/brilliant/ros2_ws/install/nav2_msgs/include/nav2_msgs/nav2_msgs/action/detail/navigate_to_pose__rosidl_typesupport_introspection_c.h
[6.438s] -- Up-to-date symlink: /home/brilliant/ros2_ws/install/nav2_msgs/include/nav2_msgs/nav2_msgs/action/detail/smooth_path__rosidl_typesupport_introspection_c.h
[6.438s] -- Up-to-date symlink: /home/brilliant/ros2_ws/install/nav2_msgs/include/nav2_msgs/nav2_msgs/action/detail/spin__rosidl_typesupport_introspection_c.h
[6.439s] -- Up-to-date symlink: /home/brilliant/ros2_ws/install/nav2_msgs/include/nav2_msgs/nav2_msgs/action/detail/undock_robot__rosidl_typesupport_introspection_c.h
[6.439s] -- Up-to-date symlink: /home/brilliant/ros2_ws/install/nav2_msgs/include/nav2_msgs/nav2_msgs/action/detail/wait__rosidl_typesupport_introspection_c.h
[6.440s] -- Up-to-date symlink: /home/brilliant/ros2_ws/install/nav2_msgs/include/nav2_msgs/nav2_msgs/msg/detail/behavior_tree_log__rosidl_typesupport_introspection_c.h
[6.440s] -- Up-to-date symlink: /home/brilliant/ros2_ws/install/nav2_msgs/include/nav2_msgs/nav2_msgs/msg/detail/behavior_tree_status_change__rosidl_typesupport_introspection_c.h
[6.440s] -- Up-to-date symlink: /home/brilliant/ros2_ws/install/nav2_msgs/include/nav2_msgs/nav2_msgs/msg/detail/collision_detector_state__rosidl_typesupport_introspection_c.h
[6.446s] -- Up-to-date symlink: /home/brilliant/ros2_ws/install/nav2_msgs/include/nav2_msgs/nav2_msgs/msg/detail/collision_monitor_state__rosidl_typesupport_introspection_c.h
[6.446s] -- Up-to-date symlink: /home/brilliant/ros2_ws/install/nav2_msgs/include/nav2_msgs/nav2_msgs/msg/detail/costmap__rosidl_typesupport_introspection_c.h
[6.446s] -- Up-to-date symlink: /home/brilliant/ros2_ws/install/nav2_msgs/include/nav2_msgs/nav2_msgs/msg/detail/costmap_filter_info__rosidl_typesupport_introspection_c.h
[6.447s] -- Up-to-date symlink: /home/brilliant/ros2_ws/install/nav2_msgs/include/nav2_msgs/nav2_msgs/msg/detail/costmap_meta_data__rosidl_typesupport_introspection_c.h
[6.447s] -- Up-to-date symlink: /home/brilliant/ros2_ws/install/nav2_msgs/include/nav2_msgs/nav2_msgs/msg/detail/costmap_update__rosidl_typesupport_introspection_c.h
[6.447s] -- Up-to-date symlink: /home/brilliant/ros2_ws/install/nav2_msgs/include/nav2_msgs/nav2_msgs/msg/detail/missed_waypoint__rosidl_typesupport_introspection_c.h
[6.447s] -- Up-to-date symlink: /home/brilliant/ros2_ws/install/nav2_msgs/include/nav2_msgs/nav2_msgs/msg/detail/particle__rosidl_typesupport_introspection_c.h
[6.448s] -- Up-to-date symlink: /home/brilliant/ros2_ws/install/nav2_msgs/include/nav2_msgs/nav2_msgs/msg/detail/particle_cloud__rosidl_typesupport_introspection_c.h
[6.448s] -- Up-to-date symlink: /home/brilliant/ros2_ws/install/nav2_msgs/include/nav2_msgs/nav2_msgs/msg/detail/speed_limit__rosidl_typesupport_introspection_c.h
[6.448s] -- Up-to-date symlink: /home/brilliant/ros2_ws/install/nav2_msgs/include/nav2_msgs/nav2_msgs/msg/detail/voxel_grid__rosidl_typesupport_introspection_c.h
[6.448s] -- Up-to-date symlink: /home/brilliant/ros2_ws/install/nav2_msgs/include/nav2_msgs/nav2_msgs/msg/rosidl_typesupport_introspection_c__visibility_control.h
[6.452s] -- Up-to-date symlink: /home/brilliant/ros2_ws/install/nav2_msgs/include/nav2_msgs/nav2_msgs/srv/detail/clear_costmap_around_pose__rosidl_typesupport_introspection_c.h
[6.452s] -- Up-to-date symlink: /home/brilliant/ros2_ws/install/nav2_msgs/include/nav2_msgs/nav2_msgs/srv/detail/clear_costmap_around_robot__rosidl_typesupport_introspection_c.h
[6.452s] -- Up-to-date symlink: /home/brilliant/ros2_ws/install/nav2_msgs/include/nav2_msgs/nav2_msgs/srv/detail/clear_costmap_except_region__rosidl_typesupport_introspection_c.h
[6.452s] -- Up-to-date symlink: /home/brilliant/ros2_ws/install/nav2_msgs/include/nav2_msgs/nav2_msgs/srv/detail/clear_entire_costmap__rosidl_typesupport_introspection_c.h
[6.453s] -- Up-to-date symlink: /home/brilliant/ros2_ws/install/nav2_msgs/include/nav2_msgs/nav2_msgs/srv/detail/get_cost__rosidl_typesupport_introspection_c.h
[6.453s] -- Up-to-date symlink: /home/brilliant/ros2_ws/install/nav2_msgs/include/nav2_msgs/nav2_msgs/srv/detail/get_costmap__rosidl_typesupport_introspection_c.h
[6.453s] -- Up-to-date symlink: /home/brilliant/ros2_ws/install/nav2_msgs/include/nav2_msgs/nav2_msgs/srv/detail/is_path_valid__rosidl_typesupport_introspection_c.h
[6.454s] -- Up-to-date symlink: /home/brilliant/ros2_ws/install/nav2_msgs/include/nav2_msgs/nav2_msgs/srv/detail/load_map__rosidl_typesupport_introspection_c.h
[6.454s] -- Up-to-date symlink: /home/brilliant/ros2_ws/install/nav2_msgs/include/nav2_msgs/nav2_msgs/srv/detail/manage_lifecycle_nodes__rosidl_typesupport_introspection_c.h
[6.454s] -- Up-to-date symlink: /home/brilliant/ros2_ws/install/nav2_msgs/include/nav2_msgs/nav2_msgs/srv/detail/reload_dock_database__rosidl_typesupport_introspection_c.h
[6.454s] -- Up-to-date symlink: /home/brilliant/ros2_ws/install/nav2_msgs/include/nav2_msgs/nav2_msgs/srv/detail/save_map__rosidl_typesupport_introspection_c.h
[6.467s] -- Up-to-date symlink: /home/brilliant/ros2_ws/install/nav2_msgs/include/nav2_msgs/nav2_msgs/srv/detail/set_initial_pose__rosidl_typesupport_introspection_c.h
[6.469s] -- Up-to-date symlink: /home/brilliant/ros2_ws/install/nav2_msgs/include/nav2_msgs/nav2_msgs/action/detail/assisted_teleop__rosidl_typesupport_introspection_cpp.hpp
[6.469s] -- Up-to-date symlink: /home/brilliant/ros2_ws/install/nav2_msgs/include/nav2_msgs/nav2_msgs/action/detail/back_up__rosidl_typesupport_introspection_cpp.hpp
[6.469s] -- Up-to-date symlink: /home/brilliant/ros2_ws/install/nav2_msgs/include/nav2_msgs/nav2_msgs/action/detail/compute_path_through_poses__rosidl_typesupport_introspection_cpp.hpp
[6.470s] -- Up-to-date symlink: /home/brilliant/ros2_ws/install/nav2_msgs/include/nav2_msgs/nav2_msgs/action/detail/compute_path_to_pose__rosidl_typesupport_introspection_cpp.hpp
[6.470s] -- Up-to-date symlink: /home/brilliant/ros2_ws/install/nav2_msgs/include/nav2_msgs/nav2_msgs/action/detail/dock_robot__rosidl_typesupport_introspection_cpp.hpp
[6.470s] -- Up-to-date symlink: /home/brilliant/ros2_ws/install/nav2_msgs/include/nav2_msgs/nav2_msgs/action/detail/drive_on_heading__rosidl_typesupport_introspection_cpp.hpp
[6.480s] -- Up-to-date symlink: /home/brilliant/ros2_ws/install/nav2_msgs/include/nav2_msgs/nav2_msgs/action/detail/dummy_behavior__rosidl_typesupport_introspection_cpp.hpp
[6.480s] -- Up-to-date symlink: /home/brilliant/ros2_ws/install/nav2_msgs/include/nav2_msgs/nav2_msgs/action/detail/follow_gps_waypoints__rosidl_typesupport_introspection_cpp.hpp
[6.481s] -- Up-to-date symlink: /home/brilliant/ros2_ws/install/nav2_msgs/include/nav2_msgs/nav2_msgs/action/detail/follow_path__rosidl_typesupport_introspection_cpp.hpp
[6.481s] -- Up-to-date symlink: /home/brilliant/ros2_ws/install/nav2_msgs/include/nav2_msgs/nav2_msgs/action/detail/follow_waypoints__rosidl_typesupport_introspection_cpp.hpp
[6.481s] -- Up-to-date symlink: /home/brilliant/ros2_ws/install/nav2_msgs/include/nav2_msgs/nav2_msgs/action/detail/navigate_through_poses__rosidl_typesupport_introspection_cpp.hpp
[6.481s] -- Up-to-date symlink: /home/brilliant/ros2_ws/install/nav2_msgs/include/nav2_msgs/nav2_msgs/action/detail/navigate_to_pose__rosidl_typesupport_introspection_cpp.hpp
[6.484s] -- Up-to-date symlink: /home/brilliant/ros2_ws/install/nav2_msgs/include/nav2_msgs/nav2_msgs/action/detail/smooth_path__rosidl_typesupport_introspection_cpp.hpp
[6.485s] -- Up-to-date symlink: /home/brilliant/ros2_ws/install/nav2_msgs/include/nav2_msgs/nav2_msgs/action/detail/spin__rosidl_typesupport_introspection_cpp.hpp
[6.485s] -- Up-to-date symlink: /home/brilliant/ros2_ws/install/nav2_msgs/include/nav2_msgs/nav2_msgs/action/detail/undock_robot__rosidl_typesupport_introspection_cpp.hpp
[6.485s] -- Up-to-date symlink: /home/brilliant/ros2_ws/install/nav2_msgs/include/nav2_msgs/nav2_msgs/action/detail/wait__rosidl_typesupport_introspection_cpp.hpp
[6.485s] -- Up-to-date symlink: /home/brilliant/ros2_ws/install/nav2_msgs/include/nav2_msgs/nav2_msgs/msg/detail/behavior_tree_log__rosidl_typesupport_introspection_cpp.hpp
[6.488s] -- Up-to-date symlink: /home/brilliant/ros2_ws/install/nav2_msgs/include/nav2_msgs/nav2_msgs/msg/detail/behavior_tree_status_change__rosidl_typesupport_introspection_cpp.hpp
[6.488s] -- Up-to-date symlink: /home/brilliant/ros2_ws/install/nav2_msgs/include/nav2_msgs/nav2_msgs/msg/detail/collision_detector_state__rosidl_typesupport_introspection_cpp.hpp
[6.488s] -- Up-to-date symlink: /home/brilliant/ros2_ws/install/nav2_msgs/include/nav2_msgs/nav2_msgs/msg/detail/collision_monitor_state__rosidl_typesupport_introspection_cpp.hpp
[6.490s] -- Up-to-date symlink: /home/brilliant/ros2_ws/install/nav2_msgs/include/nav2_msgs/nav2_msgs/msg/detail/costmap__rosidl_typesupport_introspection_cpp.hpp
[6.490s] -- Up-to-date symlink: /home/brilliant/ros2_ws/install/nav2_msgs/include/nav2_msgs/nav2_msgs/msg/detail/costmap_filter_info__rosidl_typesupport_introspection_cpp.hpp
[6.490s] -- Up-to-date symlink: /home/brilliant/ros2_ws/install/nav2_msgs/include/nav2_msgs/nav2_msgs/msg/detail/costmap_meta_data__rosidl_typesupport_introspection_cpp.hpp
[6.496s] -- Up-to-date symlink: /home/brilliant/ros2_ws/install/nav2_msgs/include/nav2_msgs/nav2_msgs/msg/detail/costmap_update__rosidl_typesupport_introspection_cpp.hpp
[6.499s] -- Up-to-date symlink: /home/brilliant/ros2_ws/install/nav2_msgs/include/nav2_msgs/nav2_msgs/msg/detail/missed_waypoint__rosidl_typesupport_introspection_cpp.hpp
[6.499s] -- Up-to-date symlink: /home/brilliant/ros2_ws/install/nav2_msgs/include/nav2_msgs/nav2_msgs/msg/detail/particle__rosidl_typesupport_introspection_cpp.hpp
[6.499s] -- Up-to-date symlink: /home/brilliant/ros2_ws/install/nav2_msgs/include/nav2_msgs/nav2_msgs/msg/detail/particle_cloud__rosidl_typesupport_introspection_cpp.hpp
[6.499s] -- Up-to-date symlink: /home/brilliant/ros2_ws/install/nav2_msgs/include/nav2_msgs/nav2_msgs/msg/detail/speed_limit__rosidl_typesupport_introspection_cpp.hpp
[6.502s] -- Up-to-date symlink: /home/brilliant/ros2_ws/install/nav2_msgs/include/nav2_msgs/nav2_msgs/msg/detail/voxel_grid__rosidl_typesupport_introspection_cpp.hpp
[6.502s] -- Up-to-date symlink: /home/brilliant/ros2_ws/install/nav2_msgs/include/nav2_msgs/nav2_msgs/srv/detail/clear_costmap_around_pose__rosidl_typesupport_introspection_cpp.hpp
[6.502s] -- Up-to-date symlink: /home/brilliant/ros2_ws/install/nav2_msgs/include/nav2_msgs/nav2_msgs/srv/detail/clear_costmap_around_robot__rosidl_typesupport_introspection_cpp.hpp
[6.506s] -- Up-to-date symlink: /home/brilliant/ros2_ws/install/nav2_msgs/include/nav2_msgs/nav2_msgs/srv/detail/clear_costmap_except_region__rosidl_typesupport_introspection_cpp.hpp
[6.506s] -- Up-to-date symlink: /home/brilliant/ros2_ws/install/nav2_msgs/include/nav2_msgs/nav2_msgs/srv/detail/clear_entire_costmap__rosidl_typesupport_introspection_cpp.hpp
[6.506s] -- Up-to-date symlink: /home/brilliant/ros2_ws/install/nav2_msgs/include/nav2_msgs/nav2_msgs/srv/detail/get_cost__rosidl_typesupport_introspection_cpp.hpp
[6.507s] -- Up-to-date symlink: /home/brilliant/ros2_ws/install/nav2_msgs/include/nav2_msgs/nav2_msgs/srv/detail/get_costmap__rosidl_typesupport_introspection_cpp.hpp
[6.507s] -- Up-to-date symlink: /home/brilliant/ros2_ws/install/nav2_msgs/include/nav2_msgs/nav2_msgs/srv/detail/is_path_valid__rosidl_typesupport_introspection_cpp.hpp
[6.507s] -- Up-to-date symlink: /home/brilliant/ros2_ws/install/nav2_msgs/include/nav2_msgs/nav2_msgs/srv/detail/load_map__rosidl_typesupport_introspection_cpp.hpp
[6.507s] -- Up-to-date symlink: /home/brilliant/ros2_ws/install/nav2_msgs/include/nav2_msgs/nav2_msgs/srv/detail/manage_lifecycle_nodes__rosidl_typesupport_introspection_cpp.hpp
[6.511s] -- Up-to-date symlink: /home/brilliant/ros2_ws/install/nav2_msgs/include/nav2_msgs/nav2_msgs/srv/detail/reload_dock_database__rosidl_typesupport_introspection_cpp.hpp
[6.514s] -- Up-to-date symlink: /home/brilliant/ros2_ws/install/nav2_msgs/include/nav2_msgs/nav2_msgs/srv/detail/save_map__rosidl_typesupport_introspection_cpp.hpp
[6.514s] -- Up-to-date symlink: /home/brilliant/ros2_ws/install/nav2_msgs/include/nav2_msgs/nav2_msgs/srv/detail/set_initial_pose__rosidl_typesupport_introspection_cpp.hpp
[6.515s] -- Up-to-date symlink: /home/brilliant/ros2_ws/install/nav2_msgs/share/nav2_msgs/environment/pythonpath.sh
[6.518s] -- Up-to-date symlink: /home/brilliant/ros2_ws/install/nav2_msgs/share/nav2_msgs/environment/pythonpath.dsv
[6.519s] -- Up-to-date symlink: /home/brilliant/ros2_ws/install/nav2_msgs/lib/python3.12/site-packages/nav2_msgs-1.3.7-py3.12.egg-info/PKG-INFO
[6.520s] -- Up-to-date symlink: /home/brilliant/ros2_ws/install/nav2_msgs/lib/python3.12/site-packages/nav2_msgs-1.3.7-py3.12.egg-info/SOURCES.txt
[6.521s] -- Up-to-date symlink: /home/brilliant/ros2_ws/install/nav2_msgs/lib/python3.12/site-packages/nav2_msgs-1.3.7-py3.12.egg-info/dependency_links.txt
[6.521s] -- Up-to-date symlink: /home/brilliant/ros2_ws/install/nav2_msgs/lib/python3.12/site-packages/nav2_msgs-1.3.7-py3.12.egg-info/top_level.txt
[6.534s] -- Up-to-date symlink: /home/brilliant/ros2_ws/install/nav2_msgs/lib/python3.12/site-packages/nav2_msgs/__init__.py
[6.534s] -- Up-to-date symlink: /home/brilliant/ros2_ws/install/nav2_msgs/lib/python3.12/site-packages/nav2_msgs/_nav2_msgs_s.ep.rosidl_typesupport_c.c
[6.534s] -- Up-to-date symlink: /home/brilliant/ros2_ws/install/nav2_msgs/lib/python3.12/site-packages/nav2_msgs/_nav2_msgs_s.ep.rosidl_typesupport_fastrtps_c.c
[6.535s] -- Up-to-date symlink: /home/brilliant/ros2_ws/install/nav2_msgs/lib/python3.12/site-packages/nav2_msgs/_nav2_msgs_s.ep.rosidl_typesupport_introspection_c.c
[6.536s] -- Up-to-date symlink: /home/brilliant/ros2_ws/install/nav2_msgs/lib/python3.12/site-packages/nav2_msgs/action/__init__.py
[6.538s] -- Up-to-date symlink: /home/brilliant/ros2_ws/install/nav2_msgs/lib/python3.12/site-packages/nav2_msgs/action/_assisted_teleop.py
[6.540s] -- Up-to-date symlink: /home/brilliant/ros2_ws/install/nav2_msgs/lib/python3.12/site-packages/nav2_msgs/action/_assisted_teleop_s.c
[6.540s] -- Up-to-date symlink: /home/brilliant/ros2_ws/install/nav2_msgs/lib/python3.12/site-packages/nav2_msgs/action/_back_up.py
[6.544s] -- Up-to-date symlink: /home/brilliant/ros2_ws/install/nav2_msgs/lib/python3.12/site-packages/nav2_msgs/action/_back_up_s.c
[6.545s] -- Up-to-date symlink: /home/brilliant/ros2_ws/install/nav2_msgs/lib/python3.12/site-packages/nav2_msgs/action/_compute_path_through_poses.py
[6.547s] -- Up-to-date symlink: /home/brilliant/ros2_ws/install/nav2_msgs/lib/python3.12/site-packages/nav2_msgs/action/_compute_path_through_poses_s.c
[6.549s] -- Up-to-date symlink: /home/brilliant/ros2_ws/install/nav2_msgs/lib/python3.12/site-packages/nav2_msgs/action/_compute_path_to_pose.py
[6.549s] -- Up-to-date symlink: /home/brilliant/ros2_ws/install/nav2_msgs/lib/python3.12/site-packages/nav2_msgs/action/_compute_path_to_pose_s.c
[6.550s] -- Up-to-date symlink: /home/brilliant/ros2_ws/install/nav2_msgs/lib/python3.12/site-packages/nav2_msgs/action/_dock_robot.py
[6.551s] -- Up-to-date symlink: /home/brilliant/ros2_ws/install/nav2_msgs/lib/python3.12/site-packages/nav2_msgs/action/_dock_robot_s.c
[6.552s] -- Up-to-date symlink: /home/brilliant/ros2_ws/install/nav2_msgs/lib/python3.12/site-packages/nav2_msgs/action/_drive_on_heading.py
[6.552s] -- Up-to-date symlink: /home/brilliant/ros2_ws/install/nav2_msgs/lib/python3.12/site-packages/nav2_msgs/action/_drive_on_heading_s.c
[6.553s] -- Up-to-date symlink: /home/brilliant/ros2_ws/install/nav2_msgs/lib/python3.12/site-packages/nav2_msgs/action/_dummy_behavior.py
[6.556s] -- Up-to-date symlink: /home/brilliant/ros2_ws/install/nav2_msgs/lib/python3.12/site-packages/nav2_msgs/action/_dummy_behavior_s.c
[6.556s] -- Up-to-date symlink: /home/brilliant/ros2_ws/install/nav2_msgs/lib/python3.12/site-packages/nav2_msgs/action/_follow_gps_waypoints.py
[6.557s] -- Up-to-date symlink: /home/brilliant/ros2_ws/install/nav2_msgs/lib/python3.12/site-packages/nav2_msgs/action/_follow_gps_waypoints_s.c
[6.557s] -- Up-to-date symlink: /home/brilliant/ros2_ws/install/nav2_msgs/lib/python3.12/site-packages/nav2_msgs/action/_follow_path.py
[6.557s] -- Up-to-date symlink: /home/brilliant/ros2_ws/install/nav2_msgs/lib/python3.12/site-packages/nav2_msgs/action/_follow_path_s.c
[6.560s] -- Up-to-date symlink: /home/brilliant/ros2_ws/install/nav2_msgs/lib/python3.12/site-packages/nav2_msgs/action/_follow_waypoints.py
[6.561s] -- Up-to-date symlink: /home/brilliant/ros2_ws/install/nav2_msgs/lib/python3.12/site-packages/nav2_msgs/action/_follow_waypoints_s.c
[6.564s] -- Up-to-date symlink: /home/brilliant/ros2_ws/install/nav2_msgs/lib/python3.12/site-packages/nav2_msgs/action/_navigate_through_poses.py
[6.564s] -- Up-to-date symlink: /home/brilliant/ros2_ws/install/nav2_msgs/lib/python3.12/site-packages/nav2_msgs/action/_navigate_through_poses_s.c
[6.565s] -- Up-to-date symlink: /home/brilliant/ros2_ws/install/nav2_msgs/lib/python3.12/site-packages/nav2_msgs/action/_navigate_to_pose.py
[6.566s] -- Up-to-date symlink: /home/brilliant/ros2_ws/install/nav2_msgs/lib/python3.12/site-packages/nav2_msgs/action/_navigate_to_pose_s.c
[6.567s] -- Up-to-date symlink: /home/brilliant/ros2_ws/install/nav2_msgs/lib/python3.12/site-packages/nav2_msgs/action/_smooth_path.py
[6.568s] -- Up-to-date symlink: /home/brilliant/ros2_ws/install/nav2_msgs/lib/python3.12/site-packages/nav2_msgs/action/_smooth_path_s.c
[6.568s] -- Up-to-date symlink: /home/brilliant/ros2_ws/install/nav2_msgs/lib/python3.12/site-packages/nav2_msgs/action/_spin.py
[6.570s] -- Up-to-date symlink: /home/brilliant/ros2_ws/install/nav2_msgs/lib/python3.12/site-packages/nav2_msgs/action/_spin_s.c
[6.570s] -- Up-to-date symlink: /home/brilliant/ros2_ws/install/nav2_msgs/lib/python3.12/site-packages/nav2_msgs/action/_undock_robot.py
[6.571s] -- Up-to-date symlink: /home/brilliant/ros2_ws/install/nav2_msgs/lib/python3.12/site-packages/nav2_msgs/action/_undock_robot_s.c
[6.572s] -- Up-to-date symlink: /home/brilliant/ros2_ws/install/nav2_msgs/lib/python3.12/site-packages/nav2_msgs/action/_wait.py
[6.573s] -- Up-to-date symlink: /home/brilliant/ros2_ws/install/nav2_msgs/lib/python3.12/site-packages/nav2_msgs/action/_wait_s.c
[6.574s] -- Up-to-date symlink: /home/brilliant/ros2_ws/install/nav2_msgs/lib/python3.12/site-packages/nav2_msgs/msg/__init__.py
[6.579s] -- Up-to-date symlink: /home/brilliant/ros2_ws/install/nav2_msgs/lib/python3.12/site-packages/nav2_msgs/msg/_behavior_tree_log.py
[6.579s] -- Up-to-date symlink: /home/brilliant/ros2_ws/install/nav2_msgs/lib/python3.12/site-packages/nav2_msgs/msg/_behavior_tree_log_s.c
[6.580s] -- Up-to-date symlink: /home/brilliant/ros2_ws/install/nav2_msgs/lib/python3.12/site-packages/nav2_msgs/msg/_behavior_tree_status_change.py
[6.581s] -- Up-to-date symlink: /home/brilliant/ros2_ws/install/nav2_msgs/lib/python3.12/site-packages/nav2_msgs/msg/_behavior_tree_status_change_s.c
[6.583s] -- Up-to-date symlink: /home/brilliant/ros2_ws/install/nav2_msgs/lib/python3.12/site-packages/nav2_msgs/msg/_collision_detector_state.py
[6.584s] -- Up-to-date symlink: /home/brilliant/ros2_ws/install/nav2_msgs/lib/python3.12/site-packages/nav2_msgs/msg/_collision_detector_state_s.c
[6.587s] -- Up-to-date symlink: /home/brilliant/ros2_ws/install/nav2_msgs/lib/python3.12/site-packages/nav2_msgs/msg/_collision_monitor_state.py
[6.587s] -- Up-to-date symlink: /home/brilliant/ros2_ws/install/nav2_msgs/lib/python3.12/site-packages/nav2_msgs/msg/_collision_monitor_state_s.c
[6.588s] -- Up-to-date symlink: /home/brilliant/ros2_ws/install/nav2_msgs/lib/python3.12/site-packages/nav2_msgs/msg/_costmap.py
[6.591s] -- Up-to-date symlink: /home/brilliant/ros2_ws/install/nav2_msgs/lib/python3.12/site-packages/nav2_msgs/msg/_costmap_filter_info.py
[6.591s] -- Up-to-date symlink: /home/brilliant/ros2_ws/install/nav2_msgs/lib/python3.12/site-packages/nav2_msgs/msg/_costmap_filter_info_s.c
[6.592s] -- Up-to-date symlink: /home/brilliant/ros2_ws/install/nav2_msgs/lib/python3.12/site-packages/nav2_msgs/msg/_costmap_meta_data.py
[6.592s] -- Up-to-date symlink: /home/brilliant/ros2_ws/install/nav2_msgs/lib/python3.12/site-packages/nav2_msgs/msg/_costmap_meta_data_s.c
[6.592s] -- Up-to-date symlink: /home/brilliant/ros2_ws/install/nav2_msgs/lib/python3.12/site-packages/nav2_msgs/msg/_costmap_s.c
[6.592s] -- Up-to-date symlink: /home/brilliant/ros2_ws/install/nav2_msgs/lib/python3.12/site-packages/nav2_msgs/msg/_costmap_update.py
[6.593s] -- Up-to-date symlink: /home/brilliant/ros2_ws/install/nav2_msgs/lib/python3.12/site-packages/nav2_msgs/msg/_costmap_update_s.c
[6.593s] -- Up-to-date symlink: /home/brilliant/ros2_ws/install/nav2_msgs/lib/python3.12/site-packages/nav2_msgs/msg/_missed_waypoint.py
[6.595s] -- Up-to-date symlink: /home/brilliant/ros2_ws/install/nav2_msgs/lib/python3.12/site-packages/nav2_msgs/msg/_missed_waypoint_s.c
[6.596s] -- Up-to-date symlink: /home/brilliant/ros2_ws/install/nav2_msgs/lib/python3.12/site-packages/nav2_msgs/msg/_particle.py
[6.597s] -- Up-to-date symlink: /home/brilliant/ros2_ws/install/nav2_msgs/lib/python3.12/site-packages/nav2_msgs/msg/_particle_cloud.py
[6.598s] -- Up-to-date symlink: /home/brilliant/ros2_ws/install/nav2_msgs/lib/python3.12/site-packages/nav2_msgs/msg/_particle_cloud_s.c
[6.599s] -- Up-to-date symlink: /home/brilliant/ros2_ws/install/nav2_msgs/lib/python3.12/site-packages/nav2_msgs/msg/_particle_s.c
[6.601s] -- Up-to-date symlink: /home/brilliant/ros2_ws/install/nav2_msgs/lib/python3.12/site-packages/nav2_msgs/msg/_speed_limit.py
[6.601s] -- Up-to-date symlink: /home/brilliant/ros2_ws/install/nav2_msgs/lib/python3.12/site-packages/nav2_msgs/msg/_speed_limit_s.c
[6.601s] -- Up-to-date symlink: /home/brilliant/ros2_ws/install/nav2_msgs/lib/python3.12/site-packages/nav2_msgs/msg/_voxel_grid.py
[6.604s] -- Up-to-date symlink: /home/brilliant/ros2_ws/install/nav2_msgs/lib/python3.12/site-packages/nav2_msgs/msg/_voxel_grid_s.c
[6.604s] -- Up-to-date symlink: /home/brilliant/ros2_ws/install/nav2_msgs/lib/python3.12/site-packages/nav2_msgs/nav2_msgs_s__rosidl_typesupport_c.so
[6.604s] -- Up-to-date symlink: /home/brilliant/ros2_ws/install/nav2_msgs/lib/python3.12/site-packages/nav2_msgs/nav2_msgs_s__rosidl_typesupport_fastrtps_c.so
[6.605s] -- Up-to-date symlink: /home/brilliant/ros2_ws/install/nav2_msgs/lib/python3.12/site-packages/nav2_msgs/nav2_msgs_s__rosidl_typesupport_introspection_c.so
[6.605s] -- Up-to-date symlink: /home/brilliant/ros2_ws/install/nav2_msgs/lib/python3.12/site-packages/nav2_msgs/srv/__init__.py
[6.606s] -- Up-to-date symlink: /home/brilliant/ros2_ws/install/nav2_msgs/lib/python3.12/site-packages/nav2_msgs/srv/_clear_costmap_around_pose.py
[6.607s] -- Up-to-date symlink: /home/brilliant/ros2_ws/install/nav2_msgs/lib/python3.12/site-packages/nav2_msgs/srv/_clear_costmap_around_pose_s.c
[6.611s] -- Up-to-date symlink: /home/brilliant/ros2_ws/install/nav2_msgs/lib/python3.12/site-packages/nav2_msgs/srv/_clear_costmap_around_robot.py
[6.612s] -- Up-to-date symlink: /home/brilliant/ros2_ws/install/nav2_msgs/lib/python3.12/site-packages/nav2_msgs/srv/_clear_costmap_around_robot_s.c
[6.617s] -- Up-to-date symlink: /home/brilliant/ros2_ws/install/nav2_msgs/lib/python3.12/site-packages/nav2_msgs/srv/_clear_costmap_except_region.py
[6.617s] -- Up-to-date symlink: /home/brilliant/ros2_ws/install/nav2_msgs/lib/python3.12/site-packages/nav2_msgs/srv/_clear_costmap_except_region_s.c
[6.618s] -- Up-to-date symlink: /home/brilliant/ros2_ws/install/nav2_msgs/lib/python3.12/site-packages/nav2_msgs/srv/_clear_entire_costmap.py
[6.618s] -- Up-to-date symlink: /home/brilliant/ros2_ws/install/nav2_msgs/lib/python3.12/site-packages/nav2_msgs/srv/_clear_entire_costmap_s.c
[6.618s] -- Up-to-date symlink: /home/brilliant/ros2_ws/install/nav2_msgs/lib/python3.12/site-packages/nav2_msgs/srv/_get_cost.py
[6.620s] -- Up-to-date symlink: /home/brilliant/ros2_ws/install/nav2_msgs/lib/python3.12/site-packages/nav2_msgs/srv/_get_cost_s.c
[6.620s] -- Up-to-date symlink: /home/brilliant/ros2_ws/install/nav2_msgs/lib/python3.12/site-packages/nav2_msgs/srv/_get_costmap.py
[6.623s] -- Up-to-date symlink: /home/brilliant/ros2_ws/install/nav2_msgs/lib/python3.12/site-packages/nav2_msgs/srv/_get_costmap_s.c
[6.623s] -- Up-to-date symlink: /home/brilliant/ros2_ws/install/nav2_msgs/lib/python3.12/site-packages/nav2_msgs/srv/_is_path_valid.py
[6.627s] -- Up-to-date symlink: /home/brilliant/ros2_ws/install/nav2_msgs/lib/python3.12/site-packages/nav2_msgs/srv/_is_path_valid_s.c
[6.628s] -- Up-to-date symlink: /home/brilliant/ros2_ws/install/nav2_msgs/lib/python3.12/site-packages/nav2_msgs/srv/_load_map.py
[6.628s] -- Up-to-date symlink: /home/brilliant/ros2_ws/install/nav2_msgs/lib/python3.12/site-packages/nav2_msgs/srv/_load_map_s.c
[6.628s] -- Up-to-date symlink: /home/brilliant/ros2_ws/install/nav2_msgs/lib/python3.12/site-packages/nav2_msgs/srv/_manage_lifecycle_nodes.py
[6.628s] -- Up-to-date symlink: /home/brilliant/ros2_ws/install/nav2_msgs/lib/python3.12/site-packages/nav2_msgs/srv/_manage_lifecycle_nodes_s.c
[6.629s] -- Up-to-date symlink: /home/brilliant/ros2_ws/install/nav2_msgs/lib/python3.12/site-packages/nav2_msgs/srv/_reload_dock_database.py
[6.629s] -- Up-to-date symlink: /home/brilliant/ros2_ws/install/nav2_msgs/lib/python3.12/site-packages/nav2_msgs/srv/_reload_dock_database_s.c
[6.634s] -- Up-to-date symlink: /home/brilliant/ros2_ws/install/nav2_msgs/lib/python3.12/site-packages/nav2_msgs/srv/_save_map.py
[6.634s] -- Up-to-date symlink: /home/brilliant/ros2_ws/install/nav2_msgs/lib/python3.12/site-packages/nav2_msgs/srv/_save_map_s.c
[6.635s] -- Up-to-date symlink: /home/brilliant/ros2_ws/install/nav2_msgs/lib/python3.12/site-packages/nav2_msgs/srv/_set_initial_pose.py
[6.636s] -- Up-to-date symlink: /home/brilliant/ros2_ws/install/nav2_msgs/lib/python3.12/site-packages/nav2_msgs/srv/_set_initial_pose_s.c
[6.639s] -- Up-to-date symlink: /home/brilliant/ros2_ws/install/nav2_msgs/lib/python3.12/site-packages/nav2_msgs/nav2_msgs_s__rosidl_typesupport_fastrtps_c.so
[6.644s] -- Up-to-date symlink: /home/brilliant/ros2_ws/install/nav2_msgs/lib/python3.12/site-packages/nav2_msgs/nav2_msgs_s__rosidl_typesupport_introspection_c.so
[6.646s] -- Up-to-date symlink: /home/brilliant/ros2_ws/install/nav2_msgs/lib/python3.12/site-packages/nav2_msgs/nav2_msgs_s__rosidl_typesupport_c.so
[6.652s] -- Up-to-date symlink: /home/brilliant/ros2_ws/install/nav2_msgs/share/nav2_msgs/msg/CollisionMonitorState.idl
[6.652s] -- Up-to-date symlink: /home/brilliant/ros2_ws/install/nav2_msgs/share/nav2_msgs/msg/CollisionDetectorState.idl
[6.652s] -- Up-to-date symlink: /home/brilliant/ros2_ws/install/nav2_msgs/share/nav2_msgs/msg/Costmap.idl
[6.653s] -- Up-to-date symlink: /home/brilliant/ros2_ws/install/nav2_msgs/share/nav2_msgs/msg/CostmapMetaData.idl
[6.654s] -- Up-to-date symlink: /home/brilliant/ros2_ws/install/nav2_msgs/share/nav2_msgs/msg/CostmapUpdate.idl
[6.660s] -- Up-to-date symlink: /home/brilliant/ros2_ws/install/nav2_msgs/share/nav2_msgs/msg/CostmapFilterInfo.idl
[6.660s] -- Up-to-date symlink: /home/brilliant/ros2_ws/install/nav2_msgs/share/nav2_msgs/msg/SpeedLimit.idl
[6.660s] -- Up-to-date symlink: /home/brilliant/ros2_ws/install/nav2_msgs/share/nav2_msgs/msg/VoxelGrid.idl
[6.661s] -- Up-to-date symlink: /home/brilliant/ros2_ws/install/nav2_msgs/share/nav2_msgs/msg/BehaviorTreeStatusChange.idl
[6.664s] -- Up-to-date symlink: /home/brilliant/ros2_ws/install/nav2_msgs/share/nav2_msgs/msg/BehaviorTreeLog.idl
[6.664s] -- Up-to-date symlink: /home/brilliant/ros2_ws/install/nav2_msgs/share/nav2_msgs/msg/Particle.idl
[6.667s] -- Up-to-date symlink: /home/brilliant/ros2_ws/install/nav2_msgs/share/nav2_msgs/msg/ParticleCloud.idl
[6.668s] -- Up-to-date symlink: /home/brilliant/ros2_ws/install/nav2_msgs/share/nav2_msgs/msg/MissedWaypoint.idl
[6.671s] -- Up-to-date symlink: /home/brilliant/ros2_ws/install/nav2_msgs/share/nav2_msgs/srv/GetCost.idl
[6.671s] -- Up-to-date symlink: /home/brilliant/ros2_ws/install/nav2_msgs/share/nav2_msgs/srv/GetCostmap.idl
[6.676s] -- Up-to-date symlink: /home/brilliant/ros2_ws/install/nav2_msgs/share/nav2_msgs/srv/IsPathValid.idl
[6.681s] -- Up-to-date symlink: /home/brilliant/ros2_ws/install/nav2_msgs/share/nav2_msgs/srv/ClearCostmapExceptRegion.idl
[6.681s] -- Up-to-date symlink: /home/brilliant/ros2_ws/install/nav2_msgs/share/nav2_msgs/srv/ClearCostmapAroundRobot.idl
[6.681s] -- Up-to-date symlink: /home/brilliant/ros2_ws/install/nav2_msgs/share/nav2_msgs/srv/ClearCostmapAroundPose.idl
[6.682s] -- Up-to-date symlink: /home/brilliant/ros2_ws/install/nav2_msgs/share/nav2_msgs/srv/ClearEntireCostmap.idl
[6.682s] -- Up-to-date symlink: /home/brilliant/ros2_ws/install/nav2_msgs/share/nav2_msgs/srv/ManageLifecycleNodes.idl
[6.682s] -- Up-to-date symlink: /home/brilliant/ros2_ws/install/nav2_msgs/share/nav2_msgs/srv/LoadMap.idl
[6.682s] -- Up-to-date symlink: /home/brilliant/ros2_ws/install/nav2_msgs/share/nav2_msgs/srv/SaveMap.idl
[6.683s] -- Up-to-date symlink: /home/brilliant/ros2_ws/install/nav2_msgs/share/nav2_msgs/srv/SetInitialPose.idl
[6.687s] -- Up-to-date symlink: /home/brilliant/ros2_ws/install/nav2_msgs/share/nav2_msgs/srv/ReloadDockDatabase.idl
[6.688s] -- Up-to-date symlink: /home/brilliant/ros2_ws/install/nav2_msgs/share/nav2_msgs/action/AssistedTeleop.idl
[6.688s] -- Up-to-date symlink: /home/brilliant/ros2_ws/install/nav2_msgs/share/nav2_msgs/action/BackUp.idl
[6.692s] -- Up-to-date symlink: /home/brilliant/ros2_ws/install/nav2_msgs/share/nav2_msgs/action/ComputePathToPose.idl
[6.697s] -- Up-to-date symlink: /home/brilliant/ros2_ws/install/nav2_msgs/share/nav2_msgs/action/ComputePathThroughPoses.idl
[6.697s] -- Up-to-date symlink: /home/brilliant/ros2_ws/install/nav2_msgs/share/nav2_msgs/action/DriveOnHeading.idl
[6.697s] -- Up-to-date symlink: /home/brilliant/ros2_ws/install/nav2_msgs/share/nav2_msgs/action/SmoothPath.idl
[6.698s] -- Up-to-date symlink: /home/brilliant/ros2_ws/install/nav2_msgs/share/nav2_msgs/action/FollowPath.idl
[6.698s] -- Up-to-date symlink: /home/brilliant/ros2_ws/install/nav2_msgs/share/nav2_msgs/action/NavigateToPose.idl
[6.698s] -- Up-to-date symlink: /home/brilliant/ros2_ws/install/nav2_msgs/share/nav2_msgs/action/NavigateThroughPoses.idl
[6.701s] -- Up-to-date symlink: /home/brilliant/ros2_ws/install/nav2_msgs/share/nav2_msgs/action/Wait.idl
[6.703s] -- Up-to-date symlink: /home/brilliant/ros2_ws/install/nav2_msgs/share/nav2_msgs/action/Spin.idl
[6.707s] -- Up-to-date symlink: /home/brilliant/ros2_ws/install/nav2_msgs/share/nav2_msgs/action/DummyBehavior.idl
[6.708s] -- Up-to-date symlink: /home/brilliant/ros2_ws/install/nav2_msgs/share/nav2_msgs/action/FollowWaypoints.idl
[6.711s] -- Up-to-date symlink: /home/brilliant/ros2_ws/install/nav2_msgs/share/nav2_msgs/action/FollowGPSWaypoints.idl
[6.716s] -- Up-to-date symlink: /home/brilliant/ros2_ws/install/nav2_msgs/share/nav2_msgs/action/DockRobot.idl
[6.716s] -- Up-to-date symlink: /home/brilliant/ros2_ws/install/nav2_msgs/share/nav2_msgs/action/UndockRobot.idl
[6.716s] -- Up-to-date symlink: /home/brilliant/ros2_ws/install/nav2_msgs/share/nav2_msgs/msg/CollisionMonitorState.msg
[6.716s] -- Up-to-date symlink: /home/brilliant/ros2_ws/install/nav2_msgs/share/nav2_msgs/msg/CollisionDetectorState.msg
[6.717s] -- Up-to-date symlink: /home/brilliant/ros2_ws/install/nav2_msgs/share/nav2_msgs/msg/Costmap.msg
[6.717s] -- Up-to-date symlink: /home/brilliant/ros2_ws/install/nav2_msgs/share/nav2_msgs/msg/CostmapMetaData.msg
[6.722s] -- Up-to-date symlink: /home/brilliant/ros2_ws/install/nav2_msgs/share/nav2_msgs/msg/CostmapUpdate.msg
[6.722s] -- Up-to-date symlink: /home/brilliant/ros2_ws/install/nav2_msgs/share/nav2_msgs/msg/CostmapFilterInfo.msg
[6.722s] -- Up-to-date symlink: /home/brilliant/ros2_ws/install/nav2_msgs/share/nav2_msgs/msg/SpeedLimit.msg
[6.722s] -- Up-to-date symlink: /home/brilliant/ros2_ws/install/nav2_msgs/share/nav2_msgs/msg/VoxelGrid.msg
[6.723s] -- Up-to-date symlink: /home/brilliant/ros2_ws/install/nav2_msgs/share/nav2_msgs/msg/BehaviorTreeStatusChange.msg
[6.723s] -- Up-to-date symlink: /home/brilliant/ros2_ws/install/nav2_msgs/share/nav2_msgs/msg/BehaviorTreeLog.msg
[6.723s] -- Up-to-date symlink: /home/brilliant/ros2_ws/install/nav2_msgs/share/nav2_msgs/msg/Particle.msg
[6.726s] -- Up-to-date symlink: /home/brilliant/ros2_ws/install/nav2_msgs/share/nav2_msgs/msg/ParticleCloud.msg
[6.727s] -- Up-to-date symlink: /home/brilliant/ros2_ws/install/nav2_msgs/share/nav2_msgs/msg/MissedWaypoint.msg
[6.729s] -- Up-to-date symlink: /home/brilliant/ros2_ws/install/nav2_msgs/share/nav2_msgs/srv/GetCost.srv
[6.730s] -- Up-to-date symlink: /home/brilliant/ros2_ws/install/nav2_msgs/share/nav2_msgs/srv/GetCostmap.srv
[6.734s] -- Up-to-date symlink: /home/brilliant/ros2_ws/install/nav2_msgs/share/nav2_msgs/srv/IsPathValid.srv
[6.734s] -- Up-to-date symlink: /home/brilliant/ros2_ws/install/nav2_msgs/share/nav2_msgs/srv/ClearCostmapExceptRegion.srv
[6.734s] -- Up-to-date symlink: /home/brilliant/ros2_ws/install/nav2_msgs/share/nav2_msgs/srv/ClearCostmapAroundRobot.srv
[6.735s] -- Up-to-date symlink: /home/brilliant/ros2_ws/install/nav2_msgs/share/nav2_msgs/srv/ClearCostmapAroundPose.srv
[6.735s] -- Up-to-date symlink: /home/brilliant/ros2_ws/install/nav2_msgs/share/nav2_msgs/srv/ClearEntireCostmap.srv
[6.735s] -- Up-to-date symlink: /home/brilliant/ros2_ws/install/nav2_msgs/share/nav2_msgs/srv/ManageLifecycleNodes.srv
[6.737s] -- Up-to-date symlink: /home/brilliant/ros2_ws/install/nav2_msgs/share/nav2_msgs/srv/LoadMap.srv
[6.738s] -- Up-to-date symlink: /home/brilliant/ros2_ws/install/nav2_msgs/share/nav2_msgs/srv/SaveMap.srv
[6.739s] -- Up-to-date symlink: /home/brilliant/ros2_ws/install/nav2_msgs/share/nav2_msgs/srv/SetInitialPose.srv
[6.740s] -- Up-to-date symlink: /home/brilliant/ros2_ws/install/nav2_msgs/share/nav2_msgs/srv/ReloadDockDatabase.srv
[6.743s] -- Up-to-date symlink: /home/brilliant/ros2_ws/install/nav2_msgs/share/nav2_msgs/action/AssistedTeleop.action
[6.749s] -- Up-to-date symlink: /home/brilliant/ros2_ws/install/nav2_msgs/share/nav2_msgs/action/BackUp.action
[6.749s] -- Up-to-date symlink: /home/brilliant/ros2_ws/install/nav2_msgs/share/nav2_msgs/action/ComputePathToPose.action
[6.750s] -- Up-to-date symlink: /home/brilliant/ros2_ws/install/nav2_msgs/share/nav2_msgs/action/ComputePathThroughPoses.action
[6.750s] -- Up-to-date symlink: /home/brilliant/ros2_ws/install/nav2_msgs/share/nav2_msgs/action/DriveOnHeading.action
[6.750s] -- Up-to-date symlink: /home/brilliant/ros2_ws/install/nav2_msgs/share/nav2_msgs/action/SmoothPath.action
[6.750s] -- Up-to-date symlink: /home/brilliant/ros2_ws/install/nav2_msgs/share/nav2_msgs/action/FollowPath.action
[6.751s] -- Up-to-date symlink: /home/brilliant/ros2_ws/install/nav2_msgs/share/nav2_msgs/action/NavigateToPose.action
[6.754s] -- Up-to-date symlink: /home/brilliant/ros2_ws/install/nav2_msgs/share/nav2_msgs/action/NavigateThroughPoses.action
[6.755s] -- Up-to-date symlink: /home/brilliant/ros2_ws/install/nav2_msgs/share/nav2_msgs/action/Wait.action
[6.756s] -- Up-to-date symlink: /home/brilliant/ros2_ws/install/nav2_msgs/share/nav2_msgs/action/Spin.action
[6.760s] -- Up-to-date symlink: /home/brilliant/ros2_ws/install/nav2_msgs/share/nav2_msgs/action/DummyBehavior.action
[6.762s] -- Up-to-date symlink: /home/brilliant/ros2_ws/install/nav2_msgs/share/nav2_msgs/action/FollowWaypoints.action
[6.764s] -- Up-to-date symlink: /home/brilliant/ros2_ws/install/nav2_msgs/share/nav2_msgs/action/FollowGPSWaypoints.action
[6.765s] -- Up-to-date symlink: /home/brilliant/ros2_ws/install/nav2_msgs/share/nav2_msgs/action/DockRobot.action
[6.765s] -- Up-to-date symlink: /home/brilliant/ros2_ws/install/nav2_msgs/share/nav2_msgs/action/UndockRobot.action
[6.766s] -- Up-to-date symlink: /home/brilliant/ros2_ws/install/nav2_msgs/share/ament_index/resource_index/package_run_dependencies/nav2_msgs
[6.767s] -- Up-to-date symlink: /home/brilliant/ros2_ws/install/nav2_msgs/share/ament_index/resource_index/parent_prefix_path/nav2_msgs
[6.768s] -- Up-to-date symlink: /home/brilliant/ros2_ws/install/nav2_msgs/share/nav2_msgs/environment/ament_prefix_path.sh
[6.771s] -- Up-to-date symlink: /home/brilliant/ros2_ws/install/nav2_msgs/share/nav2_msgs/environment/ament_prefix_path.dsv
[6.772s] -- Up-to-date symlink: /home/brilliant/ros2_ws/install/nav2_msgs/share/nav2_msgs/environment/path.sh
[6.778s] -- Up-to-date symlink: /home/brilliant/ros2_ws/install/nav2_msgs/share/nav2_msgs/environment/path.dsv
[6.778s] -- Up-to-date symlink: /home/brilliant/ros2_ws/install/nav2_msgs/share/nav2_msgs/local_setup.bash
[6.778s] -- Up-to-date symlink: /home/brilliant/ros2_ws/install/nav2_msgs/share/nav2_msgs/local_setup.sh
[6.779s] -- Up-to-date symlink: /home/brilliant/ros2_ws/install/nav2_msgs/share/nav2_msgs/local_setup.zsh
[6.780s] -- Up-to-date symlink: /home/brilliant/ros2_ws/install/nav2_msgs/share/nav2_msgs/local_setup.dsv
[6.780s] -- Symlinking: /home/brilliant/ros2_ws/install/nav2_msgs/share/nav2_msgs/package.dsv
[6.859s] -- Up-to-date symlink: /home/brilliant/ros2_ws/install/nav2_msgs/share/ament_index/resource_index/packages/nav2_msgs
[6.859s] -- Up-to-date symlink: /home/brilliant/ros2_ws/install/nav2_msgs/share/nav2_msgs/cmake/rosidl_cmake-extras.cmake
[6.861s] -- Up-to-date symlink: /home/brilliant/ros2_ws/install/nav2_msgs/share/nav2_msgs/cmake/ament_cmake_export_dependencies-extras.cmake
[6.873s] -- Up-to-date symlink: /home/brilliant/ros2_ws/install/nav2_msgs/share/nav2_msgs/cmake/ament_cmake_export_include_directories-extras.cmake
[6.873s] -- Up-to-date symlink: /home/brilliant/ros2_ws/install/nav2_msgs/share/nav2_msgs/cmake/ament_cmake_export_libraries-extras.cmake
[6.873s] -- Up-to-date symlink: /home/brilliant/ros2_ws/install/nav2_msgs/share/nav2_msgs/cmake/ament_cmake_export_targets-extras.cmake
[6.874s] -- Up-to-date symlink: /home/brilliant/ros2_ws/install/nav2_msgs/share/nav2_msgs/cmake/rosidl_cmake_export_typesupport_targets-extras.cmake
[6.878s] -- Up-to-date symlink: /home/brilliant/ros2_ws/install/nav2_msgs/share/nav2_msgs/cmake/rosidl_cmake_export_typesupport_libraries-extras.cmake
[6.879s] -- Up-to-date symlink: /home/brilliant/ros2_ws/install/nav2_msgs/share/nav2_msgs/cmake/nav2_msgsConfig.cmake
[6.879s] -- Up-to-date symlink: /home/brilliant/ros2_ws/install/nav2_msgs/share/nav2_msgs/cmake/nav2_msgsConfig-version.cmake
[6.879s] -- Up-to-date symlink: /home/brilliant/ros2_ws/install/nav2_msgs/share/nav2_msgs/package.xml
[6.880s] -- Up-to-date: /home/brilliant/ros2_ws/install/nav2_msgs/lib/libnav2_msgs__rosidl_generator_c.so
[6.880s] -- Up-to-date: /home/brilliant/ros2_ws/install/nav2_msgs/lib/libnav2_msgs__rosidl_typesupport_fastrtps_c.so
[6.881s] -- Up-to-date: /home/brilliant/ros2_ws/install/nav2_msgs/lib/libnav2_msgs__rosidl_typesupport_fastrtps_cpp.so
[6.884s] -- Up-to-date: /home/brilliant/ros2_ws/install/nav2_msgs/lib/libnav2_msgs__rosidl_typesupport_introspection_c.so
[6.886s] -- Up-to-date: /home/brilliant/ros2_ws/install/nav2_msgs/lib/libnav2_msgs__rosidl_typesupport_c.so
[6.888s] -- Up-to-date: /home/brilliant/ros2_ws/install/nav2_msgs/lib/libnav2_msgs__rosidl_typesupport_introspection_cpp.so
[6.889s] -- Up-to-date: /home/brilliant/ros2_ws/install/nav2_msgs/lib/libnav2_msgs__rosidl_typesupport_cpp.so
[7.054s] Listing '/home/brilliant/ros2_ws/install/nav2_msgs/lib/python3.12/site-packages/nav2_msgs'...
[7.054s] Listing '/home/brilliant/ros2_ws/install/nav2_msgs/lib/python3.12/site-packages/nav2_msgs/action'...
[7.054s] Listing '/home/brilliant/ros2_ws/install/nav2_msgs/lib/python3.12/site-packages/nav2_msgs/msg'...
[7.055s] Listing '/home/brilliant/ros2_ws/install/nav2_msgs/lib/python3.12/site-packages/nav2_msgs/srv'...
[7.078s] -- Up-to-date: /home/brilliant/ros2_ws/install/nav2_msgs/lib/libnav2_msgs__rosidl_generator_py.so
[7.080s] -- Up-to-date: /home/brilliant/ros2_ws/install/nav2_msgs/share/nav2_msgs/cmake/export_nav2_msgs__rosidl_generator_cExport.cmake
[7.081s] -- Up-to-date: /home/brilliant/ros2_ws/install/nav2_msgs/share/nav2_msgs/cmake/export_nav2_msgs__rosidl_generator_cExport-release.cmake
[7.083s] -- Up-to-date: /home/brilliant/ros2_ws/install/nav2_msgs/share/nav2_msgs/cmake/export_nav2_msgs__rosidl_typesupport_fastrtps_cExport.cmake
[7.085s] -- Up-to-date: /home/brilliant/ros2_ws/install/nav2_msgs/share/nav2_msgs/cmake/export_nav2_msgs__rosidl_typesupport_fastrtps_cExport-release.cmake
[7.087s] -- Up-to-date: /home/brilliant/ros2_ws/install/nav2_msgs/share/nav2_msgs/cmake/export_nav2_msgs__rosidl_generator_cppExport.cmake
[7.090s] -- Up-to-date: /home/brilliant/ros2_ws/install/nav2_msgs/share/nav2_msgs/cmake/export_nav2_msgs__rosidl_typesupport_fastrtps_cppExport.cmake
[7.090s] -- Up-to-date: /home/brilliant/ros2_ws/install/nav2_msgs/share/nav2_msgs/cmake/export_nav2_msgs__rosidl_typesupport_fastrtps_cppExport-release.cmake
[7.090s] -- Up-to-date: /home/brilliant/ros2_ws/install/nav2_msgs/share/nav2_msgs/cmake/nav2_msgs__rosidl_typesupport_introspection_cExport.cmake
[7.091s] -- Up-to-date: /home/brilliant/ros2_ws/install/nav2_msgs/share/nav2_msgs/cmake/nav2_msgs__rosidl_typesupport_introspection_cExport-release.cmake
[7.091s] -- Up-to-date: /home/brilliant/ros2_ws/install/nav2_msgs/share/nav2_msgs/cmake/nav2_msgs__rosidl_typesupport_cExport.cmake
[7.091s] -- Up-to-date: /home/brilliant/ros2_ws/install/nav2_msgs/share/nav2_msgs/cmake/nav2_msgs__rosidl_typesupport_cExport-release.cmake
[7.096s] -- Up-to-date: /home/brilliant/ros2_ws/install/nav2_msgs/share/nav2_msgs/cmake/nav2_msgs__rosidl_typesupport_introspection_cppExport.cmake
[7.096s] -- Up-to-date: /home/brilliant/ros2_ws/install/nav2_msgs/share/nav2_msgs/cmake/nav2_msgs__rosidl_typesupport_introspection_cppExport-release.cmake
[7.100s] -- Up-to-date: /home/brilliant/ros2_ws/install/nav2_msgs/share/nav2_msgs/cmake/nav2_msgs__rosidl_typesupport_cppExport.cmake
[7.103s] -- Up-to-date: /home/brilliant/ros2_ws/install/nav2_msgs/share/nav2_msgs/cmake/nav2_msgs__rosidl_typesupport_cppExport-release.cmake
[7.105s] -- Up-to-date: /home/brilliant/ros2_ws/install/nav2_msgs/share/nav2_msgs/cmake/export_nav2_msgs__rosidl_generator_pyExport.cmake
[7.105s] -- Up-to-date: /home/brilliant/ros2_ws/install/nav2_msgs/share/nav2_msgs/cmake/export_nav2_msgs__rosidl_generator_pyExport-release.cmake
[7.121s] Invoked command in '/home/brilliant/ros2_ws/build/nav2_msgs' returned '0': CMAKE_PREFIX_PATH=/home/brilliant/ros2_ws/install/nav2_common:/home/brilliant/ros2_ws/install/sllidar_ros2:/home/brilliant/ros2_ws/install/serial:/home/brilliant/ros2_ws/install/nav2_system_tests:/home/brilliant/ros2_ws/install/nav2_bringup:/home/brilliant/ros2_ws/install/navigation2:/home/brilliant/ros2_ws/install/opennav_docking:/home/brilliant/ros2_ws/install/opennav_docking_core:/home/brilliant/ros2_ws/install/opennav_docking_bt:/home/brilliant/ros2_ws/install/nav2_smoother:/home/brilliant/ros2_ws/install/nav2_rotation_shim_controller:/home/brilliant/ros2_ws/install/nav2_graceful_controller:/home/brilliant/ros2_ws/install/nav2_dwb_controller:/home/brilliant/ros2_ws/install/nav2_controller:/home/brilliant/ros2_ws/install/dwb_plugins:/home/brilliant/ros2_ws/install/dwb_critics:/home/brilliant/ros2_ws/install/dwb_core:/home/brilliant/ros2_ws/install/nav_2d_utils:/home/brilliant/ros2_ws/install/dwb_msgs:/home/brilliant/ros2_ws/install/nav_2d_msgs:/home/brilliant/ros2_ws/install/nav2_waypoint_follower:/home/brilliant/ros2_ws/install/nav2_theta_star_planner:/home/brilliant/ros2_ws/install/nav2_smac_planner:/home/brilliant/ros2_ws/install/nav2_regulated_pure_pursuit_controller:/home/brilliant/ros2_ws/install/nav2_planner:/home/brilliant/ros2_ws/install/nav2_navfn_planner:/home/brilliant/ros2_ws/install/nav2_mppi_controller:/home/brilliant/ros2_ws/install/nav2_constrained_smoother:/home/brilliant/ros2_ws/install/nav2_bt_navigator:/home/brilliant/ros2_ws/install/nav2_behaviors:/home/brilliant/ros2_ws/install/nav2_core:/home/brilliant/ros2_ws/install/nav2_collision_monitor:/home/brilliant/ros2_ws/install/costmap_queue:/home/brilliant/ros2_ws/install/nav2_costmap_2d:/home/brilliant/ros2_ws/install/nav2_voxel_grid:/home/brilliant/ros2_ws/install/nav2_velocity_smoother:/home/brilliant/ros2_ws/install/nav2_rviz_plugins:/home/brilliant/ros2_ws/install/nav2_map_server:/home/brilliant/ros2_ws/install/nav2_lifecycle_manager:/home/brilliant/ros2_ws/install/nav2_behavior_tree:/home/brilliant/ros2_ws/install/nav2_amcl:/home/brilliant/ros2_ws/install/nav2_util:/home/brilliant/ros2_ws/install/nav2_msgs:/home/brilliant/ros2_ws/install/minibot:/home/brilliant/ros2_ws/install/diffdrive_arduino:/opt/ros/jazzy/opt/gz_sim_vendor:/opt/ros/jazzy/opt/gz_sensors_vendor:/opt/ros/jazzy/opt/gz_physics_vendor:/opt/ros/jazzy/opt/sdformat_vendor:/opt/ros/jazzy/opt/gz_gui_vendor:/opt/ros/jazzy/opt/gz_transport_vendor:/opt/ros/jazzy/opt/gz_rendering_vendor:/opt/ros/jazzy/opt/gz_plugin_vendor:/opt/ros/jazzy/opt/gz_fuel_tools_vendor:/opt/ros/jazzy/opt/gz_msgs_vendor:/opt/ros/jazzy/opt/gz_common_vendor:/opt/ros/jazzy/opt/gz_math_vendor:/opt/ros/jazzy/opt/gz_utils_vendor:/opt/ros/jazzy/opt/gz_tools_vendor:/opt/ros/jazzy/opt/gz_ogre_next_vendor:/opt/ros/jazzy/opt/gz_dartsim_vendor:/opt/ros/jazzy/opt/gz_cmake_vendor:/home/brilliant/ros2_ws/install/twist_stamper:/home/brilliant/ros2_ws/install/nav2_simple_commander:/home/brilliant/ros2_ws/install/nav2_loopback_sim:/opt/ros/jazzy DEBUGINFOD_URLS=https://debuginfod.ubuntu.com PYTHONPATH=/home/brilliant/ros2_ws/install/nav2_common/lib/python3.12/site-packages:/home/brilliant/ros2_ws/build/twist_stamper:/home/brilliant/ros2_ws/install/twist_stamper/lib/python3.12/site-packages:/home/brilliant/ros2_ws/install/dwb_msgs/lib/python3.12/site-packages:/home/brilliant/ros2_ws/install/nav_2d_msgs/lib/python3.12/site-packages:/home/brilliant/ros2_ws/build/nav2_simple_commander:/home/brilliant/ros2_ws/install/nav2_simple_commander/lib/python3.12/site-packages:/home/brilliant/ros2_ws/install/nav2_msgs/lib/python3.12/site-packages:/home/brilliant/ros2_ws/build/nav2_loopback_sim:/home/brilliant/ros2_ws/install/nav2_loopback_sim/lib/python3.12/site-packages:/opt/ros/jazzy/lib/python3.12/site-packages /usr/bin/cmake --install /home/brilliant/ros2_ws/build/nav2_msgs
