[0.047s] Invoking command in '/home/brilliant/ros2_ws/build/nav2_msgs': AMENT_PREFIX_PATH=/home/brilliant/ros2_ws/install/nav2_common:${AMENT_PREFIX_PATH} CMAKE_PREFIX_PATH=/home/brilliant/ros2_ws/install/nav2_common:/home/brilliant/ros2_ws/install/sllidar_ros2:/home/brilliant/ros2_ws/install/serial:/home/brilliant/ros2_ws/install/minibot:/home/brilliant/ros2_ws/install/diffdrive_arduino:/opt/ros/jazzy/opt/gz_sim_vendor:/opt/ros/jazzy/opt/gz_sensors_vendor:/opt/ros/jazzy/opt/gz_physics_vendor:/opt/ros/jazzy/opt/sdformat_vendor:/opt/ros/jazzy/opt/gz_gui_vendor:/opt/ros/jazzy/opt/gz_transport_vendor:/opt/ros/jazzy/opt/gz_rendering_vendor:/opt/ros/jazzy/opt/gz_plugin_vendor:/opt/ros/jazzy/opt/gz_fuel_tools_vendor:/opt/ros/jazzy/opt/gz_msgs_vendor:/opt/ros/jazzy/opt/gz_common_vendor:/opt/ros/jazzy/opt/gz_math_vendor:/opt/ros/jazzy/opt/gz_utils_vendor:/opt/ros/jazzy/opt/gz_tools_vendor:/opt/ros/jazzy/opt/gz_ogre_next_vendor:/opt/ros/jazzy/opt/gz_dartsim_vendor:/opt/ros/jazzy/opt/gz_cmake_vendor:/home/brilliant/ros2_ws/install/twist_stamper:/opt/ros/jazzy DEBUGINFOD_URLS=https://debuginfod.ubuntu.com PYTHONPATH=/home/brilliant/ros2_ws/install/nav2_common/lib/python3.12/site-packages:${PYTHONPATH} /usr/bin/cmake /home/brilliant/ros2_ws/src/navigation2/nav2_msgs -DAMENT_CMAKE_SYMLINK_INSTALL=1 -DCMAKE_INSTALL_PREFIX=/home/brilliant/ros2_ws/install/nav2_msgs
[0.344s] -- The C compiler identification is GNU 13.3.0
[0.583s] -- The CXX compiler identification is GNU 13.3.0
[0.642s] -- Detecting C compiler ABI info
[1.341s] -- Detecting C compiler ABI info - done
[1.422s] -- Check for working C compiler: /usr/bin/cc - skipped
[1.428s] -- Detecting C compile features
[1.438s] -- Detecting C compile features - done
[1.496s] -- Detecting CXX compiler ABI info
[2.099s] -- Detecting CXX compiler ABI info - done
[2.183s] -- Check for working CXX compiler: /usr/bin/c++ - skipped
[2.183s] -- Detecting CXX compile features
[2.185s] -- Detecting CXX compile features - done
[2.204s] -- Found ament_cmake: 2.5.4 (/opt/ros/jazzy/share/ament_cmake/cmake)
[2.901s] -- Found Python3: /usr/bin/python3 (found version "3.12.3") found components: Interpreter 
[3.299s] -- Override CMake install command with custom implementation using symlinks instead of copying resources
[3.616s] -- Found nav2_common: 1.3.7 (/home/brilliant/ros2_ws/install/nav2_common/share/nav2_common/cmake)
[3.639s] -- Found builtin_interfaces: 2.0.2 (/opt/ros/jazzy/share/builtin_interfaces/cmake)
[3.863s] -- Found rosidl_generator_c: 4.6.5 (/opt/ros/jazzy/share/rosidl_generator_c/cmake)
[3.966s] -- Found rosidl_generator_cpp: 4.6.5 (/opt/ros/jazzy/share/rosidl_generator_cpp/cmake)
[4.083s] -- Using all available rosidl_typesupport_c: rosidl_typesupport_fastrtps_c;rosidl_typesupport_introspection_c
[4.356s] -- Using all available rosidl_typesupport_cpp: rosidl_typesupport_fastrtps_cpp;rosidl_typesupport_introspection_cpp
[4.460s] -- Found nav_msgs: 5.3.6 (/opt/ros/jazzy/share/nav_msgs/cmake)
[4.926s] -- Found rosidl_default_generators: 1.6.0 (/opt/ros/jazzy/share/rosidl_default_generators/cmake)
[5.029s] -- Found rosidl_adapter: 4.6.5 (/opt/ros/jazzy/share/rosidl_adapter/cmake)
[5.051s] -- Found geographic_msgs: 1.0.6 (/opt/ros/jazzy/share/geographic_msgs/cmake)
[5.274s] -- Found action_msgs: 2.0.2 (/opt/ros/jazzy/share/action_msgs/cmake)
[5.388s] -- Setting build type to Release as none was specified.
[8.801s] -- Found ament_cmake_ros: 0.12.0 (/opt/ros/jazzy/share/ament_cmake_ros/cmake)
[15.539s] -- Using all available rosidl_typesupport_c: rosidl_typesupport_fastrtps_c;rosidl_typesupport_introspection_c
[17.793s] -- Using all available rosidl_typesupport_cpp: rosidl_typesupport_fastrtps_cpp;rosidl_typesupport_introspection_cpp
[17.810s] -- Found python_cmake_module: 0.11.1 (/opt/ros/jazzy/share/python_cmake_module/cmake)
[18.527s] -- Found PythonExtra: /usr/bin/python3  
[20.504s] -- Found Python3: /usr/bin/python3 (found version "3.12.3") found components: Interpreter Development NumPy Development.Module Development.Embed 
[21.002s] -- Configuring done (20.9s)
[22.071s] -- Generating done (0.9s)
[22.189s] -- Build files have been written to: /home/brilliant/ros2_ws/build/nav2_msgs
[22.236s] Invoked command in '/home/brilliant/ros2_ws/build/nav2_msgs' returned '0': AMENT_PREFIX_PATH=/home/brilliant/ros2_ws/install/nav2_common:${AMENT_PREFIX_PATH} CMAKE_PREFIX_PATH=/home/brilliant/ros2_ws/install/nav2_common:/home/brilliant/ros2_ws/install/sllidar_ros2:/home/brilliant/ros2_ws/install/serial:/home/brilliant/ros2_ws/install/minibot:/home/brilliant/ros2_ws/install/diffdrive_arduino:/opt/ros/jazzy/opt/gz_sim_vendor:/opt/ros/jazzy/opt/gz_sensors_vendor:/opt/ros/jazzy/opt/gz_physics_vendor:/opt/ros/jazzy/opt/sdformat_vendor:/opt/ros/jazzy/opt/gz_gui_vendor:/opt/ros/jazzy/opt/gz_transport_vendor:/opt/ros/jazzy/opt/gz_rendering_vendor:/opt/ros/jazzy/opt/gz_plugin_vendor:/opt/ros/jazzy/opt/gz_fuel_tools_vendor:/opt/ros/jazzy/opt/gz_msgs_vendor:/opt/ros/jazzy/opt/gz_common_vendor:/opt/ros/jazzy/opt/gz_math_vendor:/opt/ros/jazzy/opt/gz_utils_vendor:/opt/ros/jazzy/opt/gz_tools_vendor:/opt/ros/jazzy/opt/gz_ogre_next_vendor:/opt/ros/jazzy/opt/gz_dartsim_vendor:/opt/ros/jazzy/opt/gz_cmake_vendor:/home/brilliant/ros2_ws/install/twist_stamper:/opt/ros/jazzy DEBUGINFOD_URLS=https://debuginfod.ubuntu.com PYTHONPATH=/home/brilliant/ros2_ws/install/nav2_common/lib/python3.12/site-packages:${PYTHONPATH} /usr/bin/cmake /home/brilliant/ros2_ws/src/navigation2/nav2_msgs -DAMENT_CMAKE_SYMLINK_INSTALL=1 -DCMAKE_INSTALL_PREFIX=/home/brilliant/ros2_ws/install/nav2_msgs
[22.237s] Invoking command in '/home/brilliant/ros2_ws/build/nav2_msgs': AMENT_PREFIX_PATH=/home/brilliant/ros2_ws/install/nav2_common:${AMENT_PREFIX_PATH} CMAKE_PREFIX_PATH=/home/brilliant/ros2_ws/install/nav2_common:/home/brilliant/ros2_ws/install/sllidar_ros2:/home/brilliant/ros2_ws/install/serial:/home/brilliant/ros2_ws/install/minibot:/home/brilliant/ros2_ws/install/diffdrive_arduino:/opt/ros/jazzy/opt/gz_sim_vendor:/opt/ros/jazzy/opt/gz_sensors_vendor:/opt/ros/jazzy/opt/gz_physics_vendor:/opt/ros/jazzy/opt/sdformat_vendor:/opt/ros/jazzy/opt/gz_gui_vendor:/opt/ros/jazzy/opt/gz_transport_vendor:/opt/ros/jazzy/opt/gz_rendering_vendor:/opt/ros/jazzy/opt/gz_plugin_vendor:/opt/ros/jazzy/opt/gz_fuel_tools_vendor:/opt/ros/jazzy/opt/gz_msgs_vendor:/opt/ros/jazzy/opt/gz_common_vendor:/opt/ros/jazzy/opt/gz_math_vendor:/opt/ros/jazzy/opt/gz_utils_vendor:/opt/ros/jazzy/opt/gz_tools_vendor:/opt/ros/jazzy/opt/gz_ogre_next_vendor:/opt/ros/jazzy/opt/gz_dartsim_vendor:/opt/ros/jazzy/opt/gz_cmake_vendor:/home/brilliant/ros2_ws/install/twist_stamper:/opt/ros/jazzy DEBUGINFOD_URLS=https://debuginfod.ubuntu.com PYTHONPATH=/home/brilliant/ros2_ws/install/nav2_common/lib/python3.12/site-packages:${PYTHONPATH} /usr/bin/cmake --build /home/brilliant/ros2_ws/build/nav2_msgs -- -j4 -l4
[22.612s] [  1%] [34m[1mGenerating type hashes for ROS interfaces[0m
[32.069s] [  1%] Built target nav2_msgs__rosidl_generator_type_description
[32.165s] [  1%] Built target ament_cmake_python_symlink_nav2_msgs
[32.204s] [  1%] [34m[1mGenerating C code for ROS interfaces[0m
[65.729s] [  1%] [32mBuilding C object CMakeFiles/nav2_msgs__rosidl_generator_c.dir/rosidl_generator_c/nav2_msgs/msg/detail/collision_monitor_state__description.c.o[0m
[65.948s] [  2%] [32mBuilding C object CMakeFiles/nav2_msgs__rosidl_generator_c.dir/rosidl_generator_c/nav2_msgs/msg/detail/collision_monitor_state__functions.c.o[0m
[66.307s] [  2%] [32mBuilding C object CMakeFiles/nav2_msgs__rosidl_generator_c.dir/rosidl_generator_c/nav2_msgs/msg/detail/collision_monitor_state__type_support.c.o[0m
[66.438s] [  2%] [32mBuilding C object CMakeFiles/nav2_msgs__rosidl_generator_c.dir/rosidl_generator_c/nav2_msgs/msg/detail/collision_detector_state__description.c.o[0m
[66.578s] [  2%] [32mBuilding C object CMakeFiles/nav2_msgs__rosidl_generator_c.dir/rosidl_generator_c/nav2_msgs/msg/detail/collision_detector_state__functions.c.o[0m
[66.935s] [  3%] [32mBuilding C object CMakeFiles/nav2_msgs__rosidl_generator_c.dir/rosidl_generator_c/nav2_msgs/msg/detail/collision_detector_state__type_support.c.o[0m
[67.043s] [  3%] [32mBuilding C object CMakeFiles/nav2_msgs__rosidl_generator_c.dir/rosidl_generator_c/nav2_msgs/msg/detail/costmap__description.c.o[0m
[67.224s] [  3%] [32mBuilding C object CMakeFiles/nav2_msgs__rosidl_generator_c.dir/rosidl_generator_c/nav2_msgs/msg/detail/costmap__functions.c.o[0m
[67.584s] [  3%] [32mBuilding C object CMakeFiles/nav2_msgs__rosidl_generator_c.dir/rosidl_generator_c/nav2_msgs/msg/detail/costmap__type_support.c.o[0m
[67.675s] [  3%] [32mBuilding C object CMakeFiles/nav2_msgs__rosidl_generator_c.dir/rosidl_generator_c/nav2_msgs/msg/detail/costmap_meta_data__description.c.o[0m
[67.788s] [  4%] [32mBuilding C object CMakeFiles/nav2_msgs__rosidl_generator_c.dir/rosidl_generator_c/nav2_msgs/msg/detail/costmap_meta_data__functions.c.o[0m
[68.005s] [  4%] [32mBuilding C object CMakeFiles/nav2_msgs__rosidl_generator_c.dir/rosidl_generator_c/nav2_msgs/msg/detail/costmap_meta_data__type_support.c.o[0m
[68.107s] [  4%] [32mBuilding C object CMakeFiles/nav2_msgs__rosidl_generator_c.dir/rosidl_generator_c/nav2_msgs/msg/detail/costmap_update__description.c.o[0m
[68.257s] [  4%] [32mBuilding C object CMakeFiles/nav2_msgs__rosidl_generator_c.dir/rosidl_generator_c/nav2_msgs/msg/detail/costmap_update__functions.c.o[0m
[68.468s] [  5%] [32mBuilding C object CMakeFiles/nav2_msgs__rosidl_generator_c.dir/rosidl_generator_c/nav2_msgs/msg/detail/costmap_update__type_support.c.o[0m
[68.561s] [  5%] [32mBuilding C object CMakeFiles/nav2_msgs__rosidl_generator_c.dir/rosidl_generator_c/nav2_msgs/msg/detail/costmap_filter_info__description.c.o[0m
[68.676s] [  5%] [32mBuilding C object CMakeFiles/nav2_msgs__rosidl_generator_c.dir/rosidl_generator_c/nav2_msgs/msg/detail/costmap_filter_info__functions.c.o[0m
[68.869s] [  5%] [32mBuilding C object CMakeFiles/nav2_msgs__rosidl_generator_c.dir/rosidl_generator_c/nav2_msgs/msg/detail/costmap_filter_info__type_support.c.o[0m
[68.947s] [  6%] [32mBuilding C object CMakeFiles/nav2_msgs__rosidl_generator_c.dir/rosidl_generator_c/nav2_msgs/msg/detail/speed_limit__description.c.o[0m
[69.066s] [  6%] [32mBuilding C object CMakeFiles/nav2_msgs__rosidl_generator_c.dir/rosidl_generator_c/nav2_msgs/msg/detail/speed_limit__functions.c.o[0m
[69.294s] [  6%] [32mBuilding C object CMakeFiles/nav2_msgs__rosidl_generator_c.dir/rosidl_generator_c/nav2_msgs/msg/detail/speed_limit__type_support.c.o[0m
[69.368s] [  6%] [32mBuilding C object CMakeFiles/nav2_msgs__rosidl_generator_c.dir/rosidl_generator_c/nav2_msgs/msg/detail/voxel_grid__description.c.o[0m
[69.515s] [  6%] [32mBuilding C object CMakeFiles/nav2_msgs__rosidl_generator_c.dir/rosidl_generator_c/nav2_msgs/msg/detail/voxel_grid__functions.c.o[0m
[69.743s] [  7%] [32mBuilding C object CMakeFiles/nav2_msgs__rosidl_generator_c.dir/rosidl_generator_c/nav2_msgs/msg/detail/voxel_grid__type_support.c.o[0m
[69.823s] [  7%] [32mBuilding C object CMakeFiles/nav2_msgs__rosidl_generator_c.dir/rosidl_generator_c/nav2_msgs/msg/detail/behavior_tree_status_change__description.c.o[0m
[69.940s] [  7%] [32mBuilding C object CMakeFiles/nav2_msgs__rosidl_generator_c.dir/rosidl_generator_c/nav2_msgs/msg/detail/behavior_tree_status_change__functions.c.o[0m
[70.147s] [  7%] [32mBuilding C object CMakeFiles/nav2_msgs__rosidl_generator_c.dir/rosidl_generator_c/nav2_msgs/msg/detail/behavior_tree_status_change__type_support.c.o[0m
[70.232s] [  8%] [32mBuilding C object CMakeFiles/nav2_msgs__rosidl_generator_c.dir/rosidl_generator_c/nav2_msgs/msg/detail/behavior_tree_log__description.c.o[0m
[70.351s] [  8%] [32mBuilding C object CMakeFiles/nav2_msgs__rosidl_generator_c.dir/rosidl_generator_c/nav2_msgs/msg/detail/behavior_tree_log__functions.c.o[0m
[70.548s] [  8%] [32mBuilding C object CMakeFiles/nav2_msgs__rosidl_generator_c.dir/rosidl_generator_c/nav2_msgs/msg/detail/behavior_tree_log__type_support.c.o[0m
[70.631s] [  8%] [32mBuilding C object CMakeFiles/nav2_msgs__rosidl_generator_c.dir/rosidl_generator_c/nav2_msgs/msg/detail/particle__description.c.o[0m
[70.764s] [  9%] [32mBuilding C object CMakeFiles/nav2_msgs__rosidl_generator_c.dir/rosidl_generator_c/nav2_msgs/msg/detail/particle__functions.c.o[0m
[70.999s] [  9%] [32mBuilding C object CMakeFiles/nav2_msgs__rosidl_generator_c.dir/rosidl_generator_c/nav2_msgs/msg/detail/particle__type_support.c.o[0m
[71.084s] [  9%] [32mBuilding C object CMakeFiles/nav2_msgs__rosidl_generator_c.dir/rosidl_generator_c/nav2_msgs/msg/detail/particle_cloud__description.c.o[0m
[71.222s] [  9%] [32mBuilding C object CMakeFiles/nav2_msgs__rosidl_generator_c.dir/rosidl_generator_c/nav2_msgs/msg/detail/particle_cloud__functions.c.o[0m
[71.450s] [  9%] [32mBuilding C object CMakeFiles/nav2_msgs__rosidl_generator_c.dir/rosidl_generator_c/nav2_msgs/msg/detail/particle_cloud__type_support.c.o[0m
[71.540s] [ 10%] [32mBuilding C object CMakeFiles/nav2_msgs__rosidl_generator_c.dir/rosidl_generator_c/nav2_msgs/msg/detail/missed_waypoint__description.c.o[0m
[71.689s] [ 10%] [32mBuilding C object CMakeFiles/nav2_msgs__rosidl_generator_c.dir/rosidl_generator_c/nav2_msgs/msg/detail/missed_waypoint__functions.c.o[0m
[71.927s] [ 10%] [32mBuilding C object CMakeFiles/nav2_msgs__rosidl_generator_c.dir/rosidl_generator_c/nav2_msgs/msg/detail/missed_waypoint__type_support.c.o[0m
[72.017s] [ 10%] [32mBuilding C object CMakeFiles/nav2_msgs__rosidl_generator_c.dir/rosidl_generator_c/nav2_msgs/srv/detail/get_cost__description.c.o[0m
[72.168s] [ 11%] [32mBuilding C object CMakeFiles/nav2_msgs__rosidl_generator_c.dir/rosidl_generator_c/nav2_msgs/srv/detail/get_cost__functions.c.o[0m
[72.530s] [ 11%] [32mBuilding C object CMakeFiles/nav2_msgs__rosidl_generator_c.dir/rosidl_generator_c/nav2_msgs/srv/detail/get_cost__type_support.c.o[0m
[72.644s] [ 11%] [32mBuilding C object CMakeFiles/nav2_msgs__rosidl_generator_c.dir/rosidl_generator_c/nav2_msgs/srv/detail/get_costmap__description.c.o[0m
[72.901s] [ 11%] [32mBuilding C object CMakeFiles/nav2_msgs__rosidl_generator_c.dir/rosidl_generator_c/nav2_msgs/srv/detail/get_costmap__functions.c.o[0m
[73.303s] [ 12%] [32mBuilding C object CMakeFiles/nav2_msgs__rosidl_generator_c.dir/rosidl_generator_c/nav2_msgs/srv/detail/get_costmap__type_support.c.o[0m
[73.422s] [ 12%] [32mBuilding C object CMakeFiles/nav2_msgs__rosidl_generator_c.dir/rosidl_generator_c/nav2_msgs/srv/detail/is_path_valid__description.c.o[0m
[73.649s] [ 12%] [32mBuilding C object CMakeFiles/nav2_msgs__rosidl_generator_c.dir/rosidl_generator_c/nav2_msgs/srv/detail/is_path_valid__functions.c.o[0m
[74.058s] [ 12%] [32mBuilding C object CMakeFiles/nav2_msgs__rosidl_generator_c.dir/rosidl_generator_c/nav2_msgs/srv/detail/is_path_valid__type_support.c.o[0m
[74.175s] [ 12%] [32mBuilding C object CMakeFiles/nav2_msgs__rosidl_generator_c.dir/rosidl_generator_c/nav2_msgs/srv/detail/clear_costmap_except_region__description.c.o[0m
[74.309s] [ 13%] [32mBuilding C object CMakeFiles/nav2_msgs__rosidl_generator_c.dir/rosidl_generator_c/nav2_msgs/srv/detail/clear_costmap_except_region__functions.c.o[0m
[74.695s] [ 13%] [32mBuilding C object CMakeFiles/nav2_msgs__rosidl_generator_c.dir/rosidl_generator_c/nav2_msgs/srv/detail/clear_costmap_except_region__type_support.c.o[0m
[74.797s] [ 13%] [32mBuilding C object CMakeFiles/nav2_msgs__rosidl_generator_c.dir/rosidl_generator_c/nav2_msgs/srv/detail/clear_costmap_around_robot__description.c.o[0m
[74.959s] [ 13%] [32mBuilding C object CMakeFiles/nav2_msgs__rosidl_generator_c.dir/rosidl_generator_c/nav2_msgs/srv/detail/clear_costmap_around_robot__functions.c.o[0m
[75.315s] [ 14%] [32mBuilding C object CMakeFiles/nav2_msgs__rosidl_generator_c.dir/rosidl_generator_c/nav2_msgs/srv/detail/clear_costmap_around_robot__type_support.c.o[0m
[75.429s] [ 14%] [32mBuilding C object CMakeFiles/nav2_msgs__rosidl_generator_c.dir/rosidl_generator_c/nav2_msgs/srv/detail/clear_costmap_around_pose__description.c.o[0m
[75.584s] [ 14%] [32mBuilding C object CMakeFiles/nav2_msgs__rosidl_generator_c.dir/rosidl_generator_c/nav2_msgs/srv/detail/clear_costmap_around_pose__functions.c.o[0m
[76.061s] [ 14%] [32mBuilding C object CMakeFiles/nav2_msgs__rosidl_generator_c.dir/rosidl_generator_c/nav2_msgs/srv/detail/clear_costmap_around_pose__type_support.c.o[0m
[76.159s] [ 15%] [32mBuilding C object CMakeFiles/nav2_msgs__rosidl_generator_c.dir/rosidl_generator_c/nav2_msgs/srv/detail/clear_entire_costmap__description.c.o[0m
[76.328s] [ 15%] [32mBuilding C object CMakeFiles/nav2_msgs__rosidl_generator_c.dir/rosidl_generator_c/nav2_msgs/srv/detail/clear_entire_costmap__functions.c.o[0m
[76.738s] [ 15%] [32mBuilding C object CMakeFiles/nav2_msgs__rosidl_generator_c.dir/rosidl_generator_c/nav2_msgs/srv/detail/clear_entire_costmap__type_support.c.o[0m
[76.883s] [ 15%] [32mBuilding C object CMakeFiles/nav2_msgs__rosidl_generator_c.dir/rosidl_generator_c/nav2_msgs/srv/detail/manage_lifecycle_nodes__description.c.o[0m
[77.156s] [ 15%] [32mBuilding C object CMakeFiles/nav2_msgs__rosidl_generator_c.dir/rosidl_generator_c/nav2_msgs/srv/detail/manage_lifecycle_nodes__functions.c.o[0m
[77.565s] [ 16%] [32mBuilding C object CMakeFiles/nav2_msgs__rosidl_generator_c.dir/rosidl_generator_c/nav2_msgs/srv/detail/manage_lifecycle_nodes__type_support.c.o[0m
[77.691s] [ 16%] [32mBuilding C object CMakeFiles/nav2_msgs__rosidl_generator_c.dir/rosidl_generator_c/nav2_msgs/srv/detail/load_map__description.c.o[0m
[77.879s] [ 16%] [32mBuilding C object CMakeFiles/nav2_msgs__rosidl_generator_c.dir/rosidl_generator_c/nav2_msgs/srv/detail/load_map__functions.c.o[0m
[78.327s] [ 16%] [32mBuilding C object CMakeFiles/nav2_msgs__rosidl_generator_c.dir/rosidl_generator_c/nav2_msgs/srv/detail/load_map__type_support.c.o[0m
[78.435s] [ 17%] [32mBuilding C object CMakeFiles/nav2_msgs__rosidl_generator_c.dir/rosidl_generator_c/nav2_msgs/srv/detail/save_map__description.c.o[0m
[78.583s] [ 17%] [32mBuilding C object CMakeFiles/nav2_msgs__rosidl_generator_c.dir/rosidl_generator_c/nav2_msgs/srv/detail/save_map__functions.c.o[0m
[79.022s] [ 17%] [32mBuilding C object CMakeFiles/nav2_msgs__rosidl_generator_c.dir/rosidl_generator_c/nav2_msgs/srv/detail/save_map__type_support.c.o[0m
[79.141s] [ 17%] [32mBuilding C object CMakeFiles/nav2_msgs__rosidl_generator_c.dir/rosidl_generator_c/nav2_msgs/srv/detail/set_initial_pose__description.c.o[0m
[79.324s] [ 18%] [32mBuilding C object CMakeFiles/nav2_msgs__rosidl_generator_c.dir/rosidl_generator_c/nav2_msgs/srv/detail/set_initial_pose__functions.c.o[0m
[79.749s] [ 18%] [32mBuilding C object CMakeFiles/nav2_msgs__rosidl_generator_c.dir/rosidl_generator_c/nav2_msgs/srv/detail/set_initial_pose__type_support.c.o[0m
[79.916s] [ 18%] [32mBuilding C object CMakeFiles/nav2_msgs__rosidl_generator_c.dir/rosidl_generator_c/nav2_msgs/srv/detail/reload_dock_database__description.c.o[0m
[80.074s] [ 18%] [32mBuilding C object CMakeFiles/nav2_msgs__rosidl_generator_c.dir/rosidl_generator_c/nav2_msgs/srv/detail/reload_dock_database__functions.c.o[0m
[80.466s] [ 18%] [32mBuilding C object CMakeFiles/nav2_msgs__rosidl_generator_c.dir/rosidl_generator_c/nav2_msgs/srv/detail/reload_dock_database__type_support.c.o[0m
[80.573s] [ 19%] [32mBuilding C object CMakeFiles/nav2_msgs__rosidl_generator_c.dir/rosidl_generator_c/nav2_msgs/action/detail/assisted_teleop__description.c.o[0m
[80.923s] [ 19%] [32mBuilding C object CMakeFiles/nav2_msgs__rosidl_generator_c.dir/rosidl_generator_c/nav2_msgs/action/detail/assisted_teleop__functions.c.o[0m
[81.940s] [ 19%] [32mBuilding C object CMakeFiles/nav2_msgs__rosidl_generator_c.dir/rosidl_generator_c/nav2_msgs/action/detail/assisted_teleop__type_support.c.o[0m
[82.090s] [ 19%] [32mBuilding C object CMakeFiles/nav2_msgs__rosidl_generator_c.dir/rosidl_generator_c/nav2_msgs/action/detail/back_up__description.c.o[0m
[82.505s] [ 20%] [32mBuilding C object CMakeFiles/nav2_msgs__rosidl_generator_c.dir/rosidl_generator_c/nav2_msgs/action/detail/back_up__functions.c.o[0m
[83.630s] [ 20%] [32mBuilding C object CMakeFiles/nav2_msgs__rosidl_generator_c.dir/rosidl_generator_c/nav2_msgs/action/detail/back_up__type_support.c.o[0m
[83.795s] [ 20%] [32mBuilding C object CMakeFiles/nav2_msgs__rosidl_generator_c.dir/rosidl_generator_c/nav2_msgs/action/detail/compute_path_to_pose__description.c.o[0m
[84.274s] [ 20%] [32mBuilding C object CMakeFiles/nav2_msgs__rosidl_generator_c.dir/rosidl_generator_c/nav2_msgs/action/detail/compute_path_to_pose__functions.c.o[0m
[85.327s] [ 21%] [32mBuilding C object CMakeFiles/nav2_msgs__rosidl_generator_c.dir/rosidl_generator_c/nav2_msgs/action/detail/compute_path_to_pose__type_support.c.o[0m
[85.492s] [ 21%] [32mBuilding C object CMakeFiles/nav2_msgs__rosidl_generator_c.dir/rosidl_generator_c/nav2_msgs/action/detail/compute_path_through_poses__description.c.o[0m
[85.963s] [ 21%] [32mBuilding C object CMakeFiles/nav2_msgs__rosidl_generator_c.dir/rosidl_generator_c/nav2_msgs/action/detail/compute_path_through_poses__functions.c.o[0m
[87.106s] [ 21%] [32mBuilding C object CMakeFiles/nav2_msgs__rosidl_generator_c.dir/rosidl_generator_c/nav2_msgs/action/detail/compute_path_through_poses__type_support.c.o[0m
[87.233s] [ 21%] [32mBuilding C object CMakeFiles/nav2_msgs__rosidl_generator_c.dir/rosidl_generator_c/nav2_msgs/action/detail/drive_on_heading__description.c.o[0m
[87.554s] [ 22%] [32mBuilding C object CMakeFiles/nav2_msgs__rosidl_generator_c.dir/rosidl_generator_c/nav2_msgs/action/detail/drive_on_heading__functions.c.o[0m
[88.572s] [ 22%] [32mBuilding C object CMakeFiles/nav2_msgs__rosidl_generator_c.dir/rosidl_generator_c/nav2_msgs/action/detail/drive_on_heading__type_support.c.o[0m
[88.703s] [ 22%] [32mBuilding C object CMakeFiles/nav2_msgs__rosidl_generator_c.dir/rosidl_generator_c/nav2_msgs/action/detail/smooth_path__description.c.o[0m
[89.090s] [ 22%] [32mBuilding C object CMakeFiles/nav2_msgs__rosidl_generator_c.dir/rosidl_generator_c/nav2_msgs/action/detail/smooth_path__functions.c.o[0m
[90.113s] [ 23%] [32mBuilding C object CMakeFiles/nav2_msgs__rosidl_generator_c.dir/rosidl_generator_c/nav2_msgs/action/detail/smooth_path__type_support.c.o[0m
[90.254s] [ 23%] [32mBuilding C object CMakeFiles/nav2_msgs__rosidl_generator_c.dir/rosidl_generator_c/nav2_msgs/action/detail/follow_path__description.c.o[0m
[90.594s] [ 23%] [32mBuilding C object CMakeFiles/nav2_msgs__rosidl_generator_c.dir/rosidl_generator_c/nav2_msgs/action/detail/follow_path__functions.c.o[0m
[91.657s] [ 23%] [32mBuilding C object CMakeFiles/nav2_msgs__rosidl_generator_c.dir/rosidl_generator_c/nav2_msgs/action/detail/follow_path__type_support.c.o[0m
[91.801s] [ 24%] [32mBuilding C object CMakeFiles/nav2_msgs__rosidl_generator_c.dir/rosidl_generator_c/nav2_msgs/action/detail/navigate_to_pose__description.c.o[0m
[92.393s] [ 24%] [32mBuilding C object CMakeFiles/nav2_msgs__rosidl_generator_c.dir/rosidl_generator_c/nav2_msgs/action/detail/navigate_to_pose__functions.c.o[0m
[93.617s] [ 24%] [32mBuilding C object CMakeFiles/nav2_msgs__rosidl_generator_c.dir/rosidl_generator_c/nav2_msgs/action/detail/navigate_to_pose__type_support.c.o[0m
[93.741s] [ 24%] [32mBuilding C object CMakeFiles/nav2_msgs__rosidl_generator_c.dir/rosidl_generator_c/nav2_msgs/action/detail/navigate_through_poses__description.c.o[0m
[94.121s] [ 24%] [32mBuilding C object CMakeFiles/nav2_msgs__rosidl_generator_c.dir/rosidl_generator_c/nav2_msgs/action/detail/navigate_through_poses__functions.c.o[0m
[95.195s] [ 25%] [32mBuilding C object CMakeFiles/nav2_msgs__rosidl_generator_c.dir/rosidl_generator_c/nav2_msgs/action/detail/navigate_through_poses__type_support.c.o[0m
[95.363s] [ 25%] [32mBuilding C object CMakeFiles/nav2_msgs__rosidl_generator_c.dir/rosidl_generator_c/nav2_msgs/action/detail/wait__description.c.o[0m
[95.648s] [ 25%] [32mBuilding C object CMakeFiles/nav2_msgs__rosidl_generator_c.dir/rosidl_generator_c/nav2_msgs/action/detail/wait__functions.c.o[0m
[96.776s] [ 25%] [32mBuilding C object CMakeFiles/nav2_msgs__rosidl_generator_c.dir/rosidl_generator_c/nav2_msgs/action/detail/wait__type_support.c.o[0m
[96.926s] [ 26%] [32mBuilding C object CMakeFiles/nav2_msgs__rosidl_generator_c.dir/rosidl_generator_c/nav2_msgs/action/detail/spin__description.c.o[0m
[97.293s] [ 26%] [32mBuilding C object CMakeFiles/nav2_msgs__rosidl_generator_c.dir/rosidl_generator_c/nav2_msgs/action/detail/spin__functions.c.o[0m
[98.301s] [ 26%] [32mBuilding C object CMakeFiles/nav2_msgs__rosidl_generator_c.dir/rosidl_generator_c/nav2_msgs/action/detail/spin__type_support.c.o[0m
[98.439s] [ 26%] [32mBuilding C object CMakeFiles/nav2_msgs__rosidl_generator_c.dir/rosidl_generator_c/nav2_msgs/action/detail/dummy_behavior__description.c.o[0m
[98.774s] [ 27%] [32mBuilding C object CMakeFiles/nav2_msgs__rosidl_generator_c.dir/rosidl_generator_c/nav2_msgs/action/detail/dummy_behavior__functions.c.o[0m
[100.029s] [ 27%] [32mBuilding C object CMakeFiles/nav2_msgs__rosidl_generator_c.dir/rosidl_generator_c/nav2_msgs/action/detail/dummy_behavior__type_support.c.o[0m
[100.143s] [ 27%] [32mBuilding C object CMakeFiles/nav2_msgs__rosidl_generator_c.dir/rosidl_generator_c/nav2_msgs/action/detail/follow_waypoints__description.c.o[0m
[100.610s] [ 27%] [32mBuilding C object CMakeFiles/nav2_msgs__rosidl_generator_c.dir/rosidl_generator_c/nav2_msgs/action/detail/follow_waypoints__functions.c.o[0m
[101.785s] [ 27%] [32mBuilding C object CMakeFiles/nav2_msgs__rosidl_generator_c.dir/rosidl_generator_c/nav2_msgs/action/detail/follow_waypoints__type_support.c.o[0m
[101.945s] [ 28%] [32mBuilding C object CMakeFiles/nav2_msgs__rosidl_generator_c.dir/rosidl_generator_c/nav2_msgs/action/detail/follow_gps_waypoints__description.c.o[0m
[102.324s] [ 28%] [32mBuilding C object CMakeFiles/nav2_msgs__rosidl_generator_c.dir/rosidl_generator_c/nav2_msgs/action/detail/follow_gps_waypoints__functions.c.o[0m
[103.420s] [ 28%] [32mBuilding C object CMakeFiles/nav2_msgs__rosidl_generator_c.dir/rosidl_generator_c/nav2_msgs/action/detail/follow_gps_waypoints__type_support.c.o[0m
[103.545s] [ 28%] [32mBuilding C object CMakeFiles/nav2_msgs__rosidl_generator_c.dir/rosidl_generator_c/nav2_msgs/action/detail/dock_robot__description.c.o[0m
[104.034s] [ 29%] [32mBuilding C object CMakeFiles/nav2_msgs__rosidl_generator_c.dir/rosidl_generator_c/nav2_msgs/action/detail/dock_robot__functions.c.o[0m
[105.373s] [ 29%] [32mBuilding C object CMakeFiles/nav2_msgs__rosidl_generator_c.dir/rosidl_generator_c/nav2_msgs/action/detail/dock_robot__type_support.c.o[0m
[105.546s] [ 29%] [32mBuilding C object CMakeFiles/nav2_msgs__rosidl_generator_c.dir/rosidl_generator_c/nav2_msgs/action/detail/undock_robot__description.c.o[0m
[105.908s] [ 29%] [32mBuilding C object CMakeFiles/nav2_msgs__rosidl_generator_c.dir/rosidl_generator_c/nav2_msgs/action/detail/undock_robot__functions.c.o[0m
[107.113s] [ 30%] [32mBuilding C object CMakeFiles/nav2_msgs__rosidl_generator_c.dir/rosidl_generator_c/nav2_msgs/action/detail/undock_robot__type_support.c.o[0m
[107.275s] [ 30%] [32m[1mLinking C shared library libnav2_msgs__rosidl_generator_c.so[0m
[107.479s] [ 30%] Built target nav2_msgs__rosidl_generator_c
[108.115s] running egg_info
[108.117s] creating nav2_msgs.egg-info
[108.182s] writing nav2_msgs.egg-info/PKG-INFO
[108.182s] writing dependency_links to nav2_msgs.egg-info/dependency_links.txt
[108.183s] writing top-level names to nav2_msgs.egg-info/top_level.txt
[108.183s] writing manifest file 'nav2_msgs.egg-info/SOURCES.txt'
[108.368s] reading manifest file 'nav2_msgs.egg-info/SOURCES.txt'
[108.371s] writing manifest file 'nav2_msgs.egg-info/SOURCES.txt'
[108.447s] [ 30%] Built target ament_cmake_python_build_nav2_msgs_egg
[108.478s] [ 31%] [34m[1mGenerating C introspection for ROS interfaces[0m
[122.182s] [ 31%] [32mBuilding C object CMakeFiles/nav2_msgs__rosidl_typesupport_introspection_c.dir/rosidl_typesupport_introspection_c/nav2_msgs/msg/detail/collision_monitor_state__type_support.c.o[0m
[122.304s] [ 31%] [32mBuilding C object CMakeFiles/nav2_msgs__rosidl_typesupport_introspection_c.dir/rosidl_typesupport_introspection_c/nav2_msgs/msg/detail/collision_detector_state__type_support.c.o[0m
[122.407s] [ 31%] [32mBuilding C object CMakeFiles/nav2_msgs__rosidl_typesupport_introspection_c.dir/rosidl_typesupport_introspection_c/nav2_msgs/msg/detail/costmap__type_support.c.o[0m
[122.535s] [ 31%] [32mBuilding C object CMakeFiles/nav2_msgs__rosidl_typesupport_introspection_c.dir/rosidl_typesupport_introspection_c/nav2_msgs/msg/detail/costmap_meta_data__type_support.c.o[0m
[122.656s] [ 32%] [32mBuilding C object CMakeFiles/nav2_msgs__rosidl_typesupport_introspection_c.dir/rosidl_typesupport_introspection_c/nav2_msgs/msg/detail/costmap_update__type_support.c.o[0m
[122.795s] [ 32%] [32mBuilding C object CMakeFiles/nav2_msgs__rosidl_typesupport_introspection_c.dir/rosidl_typesupport_introspection_c/nav2_msgs/msg/detail/costmap_filter_info__type_support.c.o[0m
[122.900s] [ 32%] [32mBuilding C object CMakeFiles/nav2_msgs__rosidl_typesupport_introspection_c.dir/rosidl_typesupport_introspection_c/nav2_msgs/msg/detail/speed_limit__type_support.c.o[0m
[123.019s] [ 32%] [32mBuilding C object CMakeFiles/nav2_msgs__rosidl_typesupport_introspection_c.dir/rosidl_typesupport_introspection_c/nav2_msgs/msg/detail/voxel_grid__type_support.c.o[0m
[123.152s] [ 33%] [32mBuilding C object CMakeFiles/nav2_msgs__rosidl_typesupport_introspection_c.dir/rosidl_typesupport_introspection_c/nav2_msgs/msg/detail/behavior_tree_status_change__type_support.c.o[0m
[123.240s] [ 33%] [32mBuilding C object CMakeFiles/nav2_msgs__rosidl_typesupport_introspection_c.dir/rosidl_typesupport_introspection_c/nav2_msgs/msg/detail/behavior_tree_log__type_support.c.o[0m
[123.384s] [ 33%] [32mBuilding C object CMakeFiles/nav2_msgs__rosidl_typesupport_introspection_c.dir/rosidl_typesupport_introspection_c/nav2_msgs/msg/detail/particle__type_support.c.o[0m
[123.498s] [ 33%] [32mBuilding C object CMakeFiles/nav2_msgs__rosidl_typesupport_introspection_c.dir/rosidl_typesupport_introspection_c/nav2_msgs/msg/detail/particle_cloud__type_support.c.o[0m
[123.643s] [ 34%] [32mBuilding C object CMakeFiles/nav2_msgs__rosidl_typesupport_introspection_c.dir/rosidl_typesupport_introspection_c/nav2_msgs/msg/detail/missed_waypoint__type_support.c.o[0m
[123.769s] [ 34%] [32mBuilding C object CMakeFiles/nav2_msgs__rosidl_typesupport_introspection_c.dir/rosidl_typesupport_introspection_c/nav2_msgs/srv/detail/get_cost__type_support.c.o[0m
[123.993s] [ 34%] [32mBuilding C object CMakeFiles/nav2_msgs__rosidl_typesupport_introspection_c.dir/rosidl_typesupport_introspection_c/nav2_msgs/srv/detail/get_costmap__type_support.c.o[0m
[124.250s] [ 34%] [32mBuilding C object CMakeFiles/nav2_msgs__rosidl_typesupport_introspection_c.dir/rosidl_typesupport_introspection_c/nav2_msgs/srv/detail/is_path_valid__type_support.c.o[0m
[124.451s] [ 34%] [32mBuilding C object CMakeFiles/nav2_msgs__rosidl_typesupport_introspection_c.dir/rosidl_typesupport_introspection_c/nav2_msgs/srv/detail/clear_costmap_except_region__type_support.c.o[0m
[124.593s] [ 35%] [32mBuilding C object CMakeFiles/nav2_msgs__rosidl_typesupport_introspection_c.dir/rosidl_typesupport_introspection_c/nav2_msgs/srv/detail/clear_costmap_around_robot__type_support.c.o[0m
[124.741s] [ 35%] [32mBuilding C object CMakeFiles/nav2_msgs__rosidl_typesupport_introspection_c.dir/rosidl_typesupport_introspection_c/nav2_msgs/srv/detail/clear_costmap_around_pose__type_support.c.o[0m
[124.899s] [ 35%] [32mBuilding C object CMakeFiles/nav2_msgs__rosidl_typesupport_introspection_c.dir/rosidl_typesupport_introspection_c/nav2_msgs/srv/detail/clear_entire_costmap__type_support.c.o[0m
[125.110s] [ 35%] [32mBuilding C object CMakeFiles/nav2_msgs__rosidl_typesupport_introspection_c.dir/rosidl_typesupport_introspection_c/nav2_msgs/srv/detail/manage_lifecycle_nodes__type_support.c.o[0m
[125.245s] [ 36%] [32mBuilding C object CMakeFiles/nav2_msgs__rosidl_typesupport_introspection_c.dir/rosidl_typesupport_introspection_c/nav2_msgs/srv/detail/load_map__type_support.c.o[0m
[125.400s] [ 36%] [32mBuilding C object CMakeFiles/nav2_msgs__rosidl_typesupport_introspection_c.dir/rosidl_typesupport_introspection_c/nav2_msgs/srv/detail/save_map__type_support.c.o[0m
[125.554s] [ 36%] [32mBuilding C object CMakeFiles/nav2_msgs__rosidl_typesupport_introspection_c.dir/rosidl_typesupport_introspection_c/nav2_msgs/srv/detail/set_initial_pose__type_support.c.o[0m
[125.732s] [ 36%] [32mBuilding C object CMakeFiles/nav2_msgs__rosidl_typesupport_introspection_c.dir/rosidl_typesupport_introspection_c/nav2_msgs/srv/detail/reload_dock_database__type_support.c.o[0m
[125.917s] [ 37%] [32mBuilding C object CMakeFiles/nav2_msgs__rosidl_typesupport_introspection_c.dir/rosidl_typesupport_introspection_c/nav2_msgs/action/detail/assisted_teleop__type_support.c.o[0m
[126.234s] [ 37%] [32mBuilding C object CMakeFiles/nav2_msgs__rosidl_typesupport_introspection_c.dir/rosidl_typesupport_introspection_c/nav2_msgs/action/detail/back_up__type_support.c.o[0m
[126.506s] [ 37%] [32mBuilding C object CMakeFiles/nav2_msgs__rosidl_typesupport_introspection_c.dir/rosidl_typesupport_introspection_c/nav2_msgs/action/detail/compute_path_to_pose__type_support.c.o[0m
[126.762s] [ 37%] [32mBuilding C object CMakeFiles/nav2_msgs__rosidl_typesupport_introspection_c.dir/rosidl_typesupport_introspection_c/nav2_msgs/action/detail/compute_path_through_poses__type_support.c.o[0m
[127.073s] [ 37%] [32mBuilding C object CMakeFiles/nav2_msgs__rosidl_typesupport_introspection_c.dir/rosidl_typesupport_introspection_c/nav2_msgs/action/detail/drive_on_heading__type_support.c.o[0m
[127.346s] [ 38%] [32mBuilding C object CMakeFiles/nav2_msgs__rosidl_typesupport_introspection_c.dir/rosidl_typesupport_introspection_c/nav2_msgs/action/detail/smooth_path__type_support.c.o[0m
[127.591s] [ 38%] [32mBuilding C object CMakeFiles/nav2_msgs__rosidl_typesupport_introspection_c.dir/rosidl_typesupport_introspection_c/nav2_msgs/action/detail/follow_path__type_support.c.o[0m
[127.860s] [ 38%] [32mBuilding C object CMakeFiles/nav2_msgs__rosidl_typesupport_introspection_c.dir/rosidl_typesupport_introspection_c/nav2_msgs/action/detail/navigate_to_pose__type_support.c.o[0m
[128.167s] [ 38%] [32mBuilding C object CMakeFiles/nav2_msgs__rosidl_typesupport_introspection_c.dir/rosidl_typesupport_introspection_c/nav2_msgs/action/detail/navigate_through_poses__type_support.c.o[0m
[128.477s] [ 39%] [32mBuilding C object CMakeFiles/nav2_msgs__rosidl_typesupport_introspection_c.dir/rosidl_typesupport_introspection_c/nav2_msgs/action/detail/wait__type_support.c.o[0m
[128.760s] [ 39%] [32mBuilding C object CMakeFiles/nav2_msgs__rosidl_typesupport_introspection_c.dir/rosidl_typesupport_introspection_c/nav2_msgs/action/detail/spin__type_support.c.o[0m
[129.205s] [ 39%] [32mBuilding C object CMakeFiles/nav2_msgs__rosidl_typesupport_introspection_c.dir/rosidl_typesupport_introspection_c/nav2_msgs/action/detail/dummy_behavior__type_support.c.o[0m
[129.483s] [ 39%] [32mBuilding C object CMakeFiles/nav2_msgs__rosidl_typesupport_introspection_c.dir/rosidl_typesupport_introspection_c/nav2_msgs/action/detail/follow_waypoints__type_support.c.o[0m
[129.822s] [ 40%] [32mBuilding C object CMakeFiles/nav2_msgs__rosidl_typesupport_introspection_c.dir/rosidl_typesupport_introspection_c/nav2_msgs/action/detail/follow_gps_waypoints__type_support.c.o[0m
[130.156s] [ 40%] [32mBuilding C object CMakeFiles/nav2_msgs__rosidl_typesupport_introspection_c.dir/rosidl_typesupport_introspection_c/nav2_msgs/action/detail/dock_robot__type_support.c.o[0m
[130.394s] [ 40%] [32mBuilding C object CMakeFiles/nav2_msgs__rosidl_typesupport_introspection_c.dir/rosidl_typesupport_introspection_c/nav2_msgs/action/detail/undock_robot__type_support.c.o[0m
[130.688s] [ 40%] [32m[1mLinking C shared library libnav2_msgs__rosidl_typesupport_introspection_c.so[0m
[130.892s] [ 40%] Built target nav2_msgs__rosidl_typesupport_introspection_c
[130.928s] [ 40%] [34m[1mGenerating C type support dispatch for ROS interfaces[0m
[140.394s] [ 40%] [32mBuilding CXX object CMakeFiles/nav2_msgs__rosidl_typesupport_c.dir/rosidl_typesupport_c/nav2_msgs/msg/collision_monitor_state__type_support.cpp.o[0m
[140.520s] [ 40%] [32mBuilding CXX object CMakeFiles/nav2_msgs__rosidl_typesupport_c.dir/rosidl_typesupport_c/nav2_msgs/msg/collision_detector_state__type_support.cpp.o[0m
[140.658s] [ 41%] [32mBuilding CXX object CMakeFiles/nav2_msgs__rosidl_typesupport_c.dir/rosidl_typesupport_c/nav2_msgs/msg/costmap__type_support.cpp.o[0m
[140.799s] [ 41%] [32mBuilding CXX object CMakeFiles/nav2_msgs__rosidl_typesupport_c.dir/rosidl_typesupport_c/nav2_msgs/msg/costmap_meta_data__type_support.cpp.o[0m
[140.941s] [ 41%] [32mBuilding CXX object CMakeFiles/nav2_msgs__rosidl_typesupport_c.dir/rosidl_typesupport_c/nav2_msgs/msg/costmap_update__type_support.cpp.o[0m
[141.053s] [ 41%] [32mBuilding CXX object CMakeFiles/nav2_msgs__rosidl_typesupport_c.dir/rosidl_typesupport_c/nav2_msgs/msg/costmap_filter_info__type_support.cpp.o[0m
[141.183s] [ 42%] [32mBuilding CXX object CMakeFiles/nav2_msgs__rosidl_typesupport_c.dir/rosidl_typesupport_c/nav2_msgs/msg/speed_limit__type_support.cpp.o[0m
[141.305s] [ 42%] [32mBuilding CXX object CMakeFiles/nav2_msgs__rosidl_typesupport_c.dir/rosidl_typesupport_c/nav2_msgs/msg/voxel_grid__type_support.cpp.o[0m
[141.439s] [ 42%] [32mBuilding CXX object CMakeFiles/nav2_msgs__rosidl_typesupport_c.dir/rosidl_typesupport_c/nav2_msgs/msg/behavior_tree_status_change__type_support.cpp.o[0m
[141.570s] [ 42%] [32mBuilding CXX object CMakeFiles/nav2_msgs__rosidl_typesupport_c.dir/rosidl_typesupport_c/nav2_msgs/msg/behavior_tree_log__type_support.cpp.o[0m
[141.671s] [ 42%] [32mBuilding CXX object CMakeFiles/nav2_msgs__rosidl_typesupport_c.dir/rosidl_typesupport_c/nav2_msgs/msg/particle__type_support.cpp.o[0m
[141.778s] [ 43%] [32mBuilding CXX object CMakeFiles/nav2_msgs__rosidl_typesupport_c.dir/rosidl_typesupport_c/nav2_msgs/msg/particle_cloud__type_support.cpp.o[0m
[141.903s] [ 43%] [32mBuilding CXX object CMakeFiles/nav2_msgs__rosidl_typesupport_c.dir/rosidl_typesupport_c/nav2_msgs/msg/missed_waypoint__type_support.cpp.o[0m
[142.032s] [ 43%] [32mBuilding CXX object CMakeFiles/nav2_msgs__rosidl_typesupport_c.dir/rosidl_typesupport_c/nav2_msgs/srv/get_cost__type_support.cpp.o[0m
[142.179s] [ 43%] [32mBuilding CXX object CMakeFiles/nav2_msgs__rosidl_typesupport_c.dir/rosidl_typesupport_c/nav2_msgs/srv/get_costmap__type_support.cpp.o[0m
[142.287s] [ 44%] [32mBuilding CXX object CMakeFiles/nav2_msgs__rosidl_typesupport_c.dir/rosidl_typesupport_c/nav2_msgs/srv/is_path_valid__type_support.cpp.o[0m
[142.397s] [ 44%] [32mBuilding CXX object CMakeFiles/nav2_msgs__rosidl_typesupport_c.dir/rosidl_typesupport_c/nav2_msgs/srv/clear_costmap_except_region__type_support.cpp.o[0m
[142.502s] [ 44%] [32mBuilding CXX object CMakeFiles/nav2_msgs__rosidl_typesupport_c.dir/rosidl_typesupport_c/nav2_msgs/srv/clear_costmap_around_robot__type_support.cpp.o[0m
[142.616s] [ 44%] [32mBuilding CXX object CMakeFiles/nav2_msgs__rosidl_typesupport_c.dir/rosidl_typesupport_c/nav2_msgs/srv/clear_costmap_around_pose__type_support.cpp.o[0m
[142.727s] [ 45%] [32mBuilding CXX object CMakeFiles/nav2_msgs__rosidl_typesupport_c.dir/rosidl_typesupport_c/nav2_msgs/srv/clear_entire_costmap__type_support.cpp.o[0m
[142.844s] [ 45%] [32mBuilding CXX object CMakeFiles/nav2_msgs__rosidl_typesupport_c.dir/rosidl_typesupport_c/nav2_msgs/srv/manage_lifecycle_nodes__type_support.cpp.o[0m
[142.998s] [ 45%] [32mBuilding CXX object CMakeFiles/nav2_msgs__rosidl_typesupport_c.dir/rosidl_typesupport_c/nav2_msgs/srv/load_map__type_support.cpp.o[0m
[143.150s] [ 45%] [32mBuilding CXX object CMakeFiles/nav2_msgs__rosidl_typesupport_c.dir/rosidl_typesupport_c/nav2_msgs/srv/save_map__type_support.cpp.o[0m
[143.283s] [ 45%] [32mBuilding CXX object CMakeFiles/nav2_msgs__rosidl_typesupport_c.dir/rosidl_typesupport_c/nav2_msgs/srv/set_initial_pose__type_support.cpp.o[0m
[143.412s] [ 46%] [32mBuilding CXX object CMakeFiles/nav2_msgs__rosidl_typesupport_c.dir/rosidl_typesupport_c/nav2_msgs/srv/reload_dock_database__type_support.cpp.o[0m
[143.536s] [ 46%] [32mBuilding CXX object CMakeFiles/nav2_msgs__rosidl_typesupport_c.dir/rosidl_typesupport_c/nav2_msgs/action/assisted_teleop__type_support.cpp.o[0m
[143.740s] [ 46%] [32mBuilding CXX object CMakeFiles/nav2_msgs__rosidl_typesupport_c.dir/rosidl_typesupport_c/nav2_msgs/action/back_up__type_support.cpp.o[0m
[143.908s] [ 46%] [32mBuilding CXX object CMakeFiles/nav2_msgs__rosidl_typesupport_c.dir/rosidl_typesupport_c/nav2_msgs/action/compute_path_to_pose__type_support.cpp.o[0m
[144.113s] [ 47%] [32mBuilding CXX object CMakeFiles/nav2_msgs__rosidl_typesupport_c.dir/rosidl_typesupport_c/nav2_msgs/action/compute_path_through_poses__type_support.cpp.o[0m
[144.405s] [ 47%] [32mBuilding CXX object CMakeFiles/nav2_msgs__rosidl_typesupport_c.dir/rosidl_typesupport_c/nav2_msgs/action/drive_on_heading__type_support.cpp.o[0m
[144.597s] [ 47%] [32mBuilding CXX object CMakeFiles/nav2_msgs__rosidl_typesupport_c.dir/rosidl_typesupport_c/nav2_msgs/action/smooth_path__type_support.cpp.o[0m
[144.789s] [ 47%] [32mBuilding CXX object CMakeFiles/nav2_msgs__rosidl_typesupport_c.dir/rosidl_typesupport_c/nav2_msgs/action/follow_path__type_support.cpp.o[0m
[144.946s] [ 48%] [32mBuilding CXX object CMakeFiles/nav2_msgs__rosidl_typesupport_c.dir/rosidl_typesupport_c/nav2_msgs/action/navigate_to_pose__type_support.cpp.o[0m
[145.104s] [ 48%] [32mBuilding CXX object CMakeFiles/nav2_msgs__rosidl_typesupport_c.dir/rosidl_typesupport_c/nav2_msgs/action/navigate_through_poses__type_support.cpp.o[0m
[145.267s] [ 48%] [32mBuilding CXX object CMakeFiles/nav2_msgs__rosidl_typesupport_c.dir/rosidl_typesupport_c/nav2_msgs/action/wait__type_support.cpp.o[0m
[145.449s] [ 48%] [32mBuilding CXX object CMakeFiles/nav2_msgs__rosidl_typesupport_c.dir/rosidl_typesupport_c/nav2_msgs/action/spin__type_support.cpp.o[0m
[145.595s] [ 48%] [32mBuilding CXX object CMakeFiles/nav2_msgs__rosidl_typesupport_c.dir/rosidl_typesupport_c/nav2_msgs/action/dummy_behavior__type_support.cpp.o[0m
[145.744s] [ 49%] [32mBuilding CXX object CMakeFiles/nav2_msgs__rosidl_typesupport_c.dir/rosidl_typesupport_c/nav2_msgs/action/follow_waypoints__type_support.cpp.o[0m
[145.889s] [ 49%] [32mBuilding CXX object CMakeFiles/nav2_msgs__rosidl_typesupport_c.dir/rosidl_typesupport_c/nav2_msgs/action/follow_gps_waypoints__type_support.cpp.o[0m
[146.026s] [ 49%] [32mBuilding CXX object CMakeFiles/nav2_msgs__rosidl_typesupport_c.dir/rosidl_typesupport_c/nav2_msgs/action/dock_robot__type_support.cpp.o[0m
[146.380s] [ 49%] [32mBuilding CXX object CMakeFiles/nav2_msgs__rosidl_typesupport_c.dir/rosidl_typesupport_c/nav2_msgs/action/undock_robot__type_support.cpp.o[0m
[146.623s] [ 50%] [32m[1mLinking CXX shared library libnav2_msgs__rosidl_typesupport_c.so[0m
[146.767s] [ 50%] Built target nav2_msgs__rosidl_typesupport_c
[146.796s] [ 51%] [34m[1mGenerating C type support for eProsima Fast-RTPS[0m
[168.094s] [ 51%] [32mBuilding CXX object CMakeFiles/nav2_msgs__rosidl_typesupport_fastrtps_c.dir/rosidl_typesupport_fastrtps_c/nav2_msgs/msg/detail/collision_monitor_state__type_support_c.cpp.o[0m
[169.231s] [ 51%] [32mBuilding CXX object CMakeFiles/nav2_msgs__rosidl_typesupport_fastrtps_c.dir/rosidl_typesupport_fastrtps_c/nav2_msgs/msg/detail/costmap__type_support_c.cpp.o[0m
[170.157s] [ 52%] [32mBuilding CXX object CMakeFiles/nav2_msgs__rosidl_typesupport_fastrtps_c.dir/rosidl_typesupport_fastrtps_c/nav2_msgs/msg/detail/costmap_meta_data__type_support_c.cpp.o[0m
[171.139s] [ 52%] [32mBuilding CXX object CMakeFiles/nav2_msgs__rosidl_typesupport_fastrtps_c.dir/rosidl_typesupport_fastrtps_c/nav2_msgs/msg/detail/costmap_update__type_support_c.cpp.o[0m
[171.999s] [ 52%] [32mBuilding CXX object CMakeFiles/nav2_msgs__rosidl_typesupport_fastrtps_c.dir/rosidl_typesupport_fastrtps_c/nav2_msgs/msg/detail/costmap_filter_info__type_support_c.cpp.o[0m
[172.886s] [ 52%] [32mBuilding CXX object CMakeFiles/nav2_msgs__rosidl_typesupport_fastrtps_c.dir/rosidl_typesupport_fastrtps_c/nav2_msgs/msg/detail/speed_limit__type_support_c.cpp.o[0m
[173.894s] [ 53%] [32mBuilding CXX object CMakeFiles/nav2_msgs__rosidl_typesupport_fastrtps_c.dir/rosidl_typesupport_fastrtps_c/nav2_msgs/msg/detail/voxel_grid__type_support_c.cpp.o[0m
[174.780s] [ 53%] [32mBuilding CXX object CMakeFiles/nav2_msgs__rosidl_typesupport_fastrtps_c.dir/rosidl_typesupport_fastrtps_c/nav2_msgs/msg/detail/behavior_tree_status_change__type_support_c.cpp.o[0m
[175.667s] [ 53%] [32mBuilding CXX object CMakeFiles/nav2_msgs__rosidl_typesupport_fastrtps_c.dir/rosidl_typesupport_fastrtps_c/nav2_msgs/msg/detail/behavior_tree_log__type_support_c.cpp.o[0m
[176.708s] [ 53%] [32mBuilding CXX object CMakeFiles/nav2_msgs__rosidl_typesupport_fastrtps_c.dir/rosidl_typesupport_fastrtps_c/nav2_msgs/msg/detail/particle__type_support_c.cpp.o[0m
[177.561s] [ 53%] [32mBuilding CXX object CMakeFiles/nav2_msgs__rosidl_typesupport_fastrtps_c.dir/rosidl_typesupport_fastrtps_c/nav2_msgs/msg/detail/particle_cloud__type_support_c.cpp.o[0m
[178.443s] [ 54%] [32mBuilding CXX object CMakeFiles/nav2_msgs__rosidl_typesupport_fastrtps_c.dir/rosidl_typesupport_fastrtps_c/nav2_msgs/msg/detail/missed_waypoint__type_support_c.cpp.o[0m
[179.289s] [ 54%] [32mBuilding CXX object CMakeFiles/nav2_msgs__rosidl_typesupport_fastrtps_c.dir/rosidl_typesupport_fastrtps_c/nav2_msgs/srv/detail/get_cost__type_support_c.cpp.o[0m
[180.379s] [ 54%] [32mBuilding CXX object CMakeFiles/nav2_msgs__rosidl_typesupport_fastrtps_c.dir/rosidl_typesupport_fastrtps_c/nav2_msgs/srv/detail/get_costmap__type_support_c.cpp.o[0m
[181.378s] [ 54%] [32mBuilding CXX object CMakeFiles/nav2_msgs__rosidl_typesupport_fastrtps_c.dir/rosidl_typesupport_fastrtps_c/nav2_msgs/srv/detail/is_path_valid__type_support_c.cpp.o[0m
[182.401s] [ 55%] [32mBuilding CXX object CMakeFiles/nav2_msgs__rosidl_typesupport_fastrtps_c.dir/rosidl_typesupport_fastrtps_c/nav2_msgs/srv/detail/clear_costmap_except_region__type_support_c.cpp.o[0m
[183.384s] [ 55%] [32mBuilding CXX object CMakeFiles/nav2_msgs__rosidl_typesupport_fastrtps_c.dir/rosidl_typesupport_fastrtps_c/nav2_msgs/srv/detail/clear_costmap_around_robot__type_support_c.cpp.o[0m
[184.466s] [ 55%] [32mBuilding CXX object CMakeFiles/nav2_msgs__rosidl_typesupport_fastrtps_c.dir/rosidl_typesupport_fastrtps_c/nav2_msgs/srv/detail/clear_costmap_around_pose__type_support_c.cpp.o[0m
[185.510s] [ 55%] [32mBuilding CXX object CMakeFiles/nav2_msgs__rosidl_typesupport_fastrtps_c.dir/rosidl_typesupport_fastrtps_c/nav2_msgs/srv/detail/clear_entire_costmap__type_support_c.cpp.o[0m
[186.509s] [ 56%] [32mBuilding CXX object CMakeFiles/nav2_msgs__rosidl_typesupport_fastrtps_c.dir/rosidl_typesupport_fastrtps_c/nav2_msgs/srv/detail/manage_lifecycle_nodes__type_support_c.cpp.o[0m
[187.580s] [ 56%] [32mBuilding CXX object CMakeFiles/nav2_msgs__rosidl_typesupport_fastrtps_c.dir/rosidl_typesupport_fastrtps_c/nav2_msgs/srv/detail/load_map__type_support_c.cpp.o[0m
[188.621s] [ 56%] [32mBuilding CXX object CMakeFiles/nav2_msgs__rosidl_typesupport_fastrtps_c.dir/rosidl_typesupport_fastrtps_c/nav2_msgs/srv/detail/save_map__type_support_c.cpp.o[0m
[189.683s] [ 56%] [32mBuilding CXX object CMakeFiles/nav2_msgs__rosidl_typesupport_fastrtps_c.dir/rosidl_typesupport_fastrtps_c/nav2_msgs/srv/detail/set_initial_pose__type_support_c.cpp.o[0m
[190.647s] [ 56%] [32mBuilding CXX object CMakeFiles/nav2_msgs__rosidl_typesupport_fastrtps_c.dir/rosidl_typesupport_fastrtps_c/nav2_msgs/srv/detail/reload_dock_database__type_support_c.cpp.o[0m
[191.668s] [ 57%] [32mBuilding CXX object CMakeFiles/nav2_msgs__rosidl_typesupport_fastrtps_c.dir/rosidl_typesupport_fastrtps_c/nav2_msgs/action/detail/assisted_teleop__type_support_c.cpp.o[0m
[193.088s] [ 57%] [32mBuilding CXX object CMakeFiles/nav2_msgs__rosidl_typesupport_fastrtps_c.dir/rosidl_typesupport_fastrtps_c/nav2_msgs/action/detail/back_up__type_support_c.cpp.o[0m
[194.549s] [ 57%] [32mBuilding CXX object CMakeFiles/nav2_msgs__rosidl_typesupport_fastrtps_c.dir/rosidl_typesupport_fastrtps_c/nav2_msgs/action/detail/compute_path_to_pose__type_support_c.cpp.o[0m
[195.575s] [ 57%] [32mBuilding CXX object CMakeFiles/nav2_msgs__rosidl_typesupport_fastrtps_c.dir/rosidl_typesupport_fastrtps_c/nav2_msgs/action/detail/compute_path_through_poses__type_support_c.cpp.o[0m
[196.240s] [ 57%] [32mBuilding CXX object CMakeFiles/nav2_msgs__rosidl_typesupport_fastrtps_c.dir/rosidl_typesupport_fastrtps_c/nav2_msgs/msg/detail/collision_detector_state__type_support_c.cpp.o[0m
[197.306s] [ 58%] [32mBuilding CXX object CMakeFiles/nav2_msgs__rosidl_typesupport_fastrtps_c.dir/rosidl_typesupport_fastrtps_c/nav2_msgs/action/detail/drive_on_heading__type_support_c.cpp.o[0m
[197.364s] [ 58%] [32mBuilding CXX object CMakeFiles/nav2_msgs__rosidl_typesupport_fastrtps_c.dir/rosidl_typesupport_fastrtps_c/nav2_msgs/action/detail/smooth_path__type_support_c.cpp.o[0m
[197.596s] [ 58%] [32mBuilding CXX object CMakeFiles/nav2_msgs__rosidl_typesupport_fastrtps_c.dir/rosidl_typesupport_fastrtps_c/nav2_msgs/action/detail/follow_path__type_support_c.cpp.o[0m
[199.920s] [ 58%] [32mBuilding CXX object CMakeFiles/nav2_msgs__rosidl_typesupport_fastrtps_c.dir/rosidl_typesupport_fastrtps_c/nav2_msgs/action/detail/navigate_to_pose__type_support_c.cpp.o[0m
[200.092s] [ 59%] [32mBuilding CXX object CMakeFiles/nav2_msgs__rosidl_typesupport_fastrtps_c.dir/rosidl_typesupport_fastrtps_c/nav2_msgs/action/detail/navigate_through_poses__type_support_c.cpp.o[0m
[200.157s] [ 59%] [32mBuilding CXX object CMakeFiles/nav2_msgs__rosidl_typesupport_fastrtps_c.dir/rosidl_typesupport_fastrtps_c/nav2_msgs/action/detail/wait__type_support_c.cpp.o[0m
[202.501s] [ 59%] [32mBuilding CXX object CMakeFiles/nav2_msgs__rosidl_typesupport_fastrtps_c.dir/rosidl_typesupport_fastrtps_c/nav2_msgs/action/detail/spin__type_support_c.cpp.o[0m
[202.634s] [ 59%] [32mBuilding CXX object CMakeFiles/nav2_msgs__rosidl_typesupport_fastrtps_c.dir/rosidl_typesupport_fastrtps_c/nav2_msgs/action/detail/dummy_behavior__type_support_c.cpp.o[0m
[203.011s] [ 59%] [32mBuilding CXX object CMakeFiles/nav2_msgs__rosidl_typesupport_fastrtps_c.dir/rosidl_typesupport_fastrtps_c/nav2_msgs/action/detail/follow_waypoints__type_support_c.cpp.o[0m
[204.957s] [ 60%] [32mBuilding CXX object CMakeFiles/nav2_msgs__rosidl_typesupport_fastrtps_c.dir/rosidl_typesupport_fastrtps_c/nav2_msgs/action/detail/follow_gps_waypoints__type_support_c.cpp.o[0m
[205.018s] [ 60%] [32mBuilding CXX object CMakeFiles/nav2_msgs__rosidl_typesupport_fastrtps_c.dir/rosidl_typesupport_fastrtps_c/nav2_msgs/action/detail/dock_robot__type_support_c.cpp.o[0m
[205.617s] [ 60%] [32mBuilding CXX object CMakeFiles/nav2_msgs__rosidl_typesupport_fastrtps_c.dir/rosidl_typesupport_fastrtps_c/nav2_msgs/action/detail/undock_robot__type_support_c.cpp.o[0m
[208.293s] [ 60%] [32m[1mLinking CXX shared library libnav2_msgs__rosidl_typesupport_fastrtps_c.so[0m
[208.561s] [ 60%] Built target nav2_msgs__rosidl_typesupport_fastrtps_c
[208.613s] [ 60%] [34m[1mGenerating C++ code for ROS interfaces[0m
[222.435s] [ 60%] Built target nav2_msgs__cpp
[222.471s] [ 60%] [34m[1mGenerating C++ introspection for ROS interfaces[0m
[222.472s] [ 61%] [34m[1mGenerating C++ type support for eProsima Fast-RTPS[0m
[222.479s] [ 61%] [34m[1mGenerating C++ type support dispatch for ROS interfaces[0m
[234.835s] [ 61%] [32mBuilding CXX object CMakeFiles/nav2_msgs__rosidl_typesupport_cpp.dir/rosidl_typesupport_cpp/nav2_msgs/msg/collision_monitor_state__type_support.cpp.o[0m
[234.860s] [ 61%] [32mBuilding CXX object CMakeFiles/nav2_msgs__rosidl_typesupport_cpp.dir/rosidl_typesupport_cpp/nav2_msgs/msg/collision_detector_state__type_support.cpp.o[0m
[235.977s] [ 62%] [32mBuilding CXX object CMakeFiles/nav2_msgs__rosidl_typesupport_cpp.dir/rosidl_typesupport_cpp/nav2_msgs/msg/costmap__type_support.cpp.o[0m
[236.078s] [ 62%] [32mBuilding CXX object CMakeFiles/nav2_msgs__rosidl_typesupport_cpp.dir/rosidl_typesupport_cpp/nav2_msgs/msg/costmap_meta_data__type_support.cpp.o[0m
[237.417s] [ 62%] [32mBuilding CXX object CMakeFiles/nav2_msgs__rosidl_typesupport_cpp.dir/rosidl_typesupport_cpp/nav2_msgs/msg/costmap_update__type_support.cpp.o[0m
[237.447s] [ 62%] [32mBuilding CXX object CMakeFiles/nav2_msgs__rosidl_typesupport_cpp.dir/rosidl_typesupport_cpp/nav2_msgs/msg/costmap_filter_info__type_support.cpp.o[0m
[238.564s] [ 62%] [32mBuilding CXX object CMakeFiles/nav2_msgs__rosidl_typesupport_cpp.dir/rosidl_typesupport_cpp/nav2_msgs/msg/speed_limit__type_support.cpp.o[0m
[238.725s] [ 63%] [32mBuilding CXX object CMakeFiles/nav2_msgs__rosidl_typesupport_cpp.dir/rosidl_typesupport_cpp/nav2_msgs/msg/voxel_grid__type_support.cpp.o[0m
[239.801s] [ 63%] [32mBuilding CXX object CMakeFiles/nav2_msgs__rosidl_typesupport_cpp.dir/rosidl_typesupport_cpp/nav2_msgs/msg/behavior_tree_status_change__type_support.cpp.o[0m
[239.818s] [ 64%] [32mBuilding CXX object CMakeFiles/nav2_msgs__rosidl_typesupport_introspection_cpp.dir/rosidl_typesupport_introspection_cpp/nav2_msgs/msg/detail/collision_monitor_state__type_support.cpp.o[0m
[240.062s] [ 64%] [32mBuilding CXX object CMakeFiles/nav2_msgs__rosidl_typesupport_introspection_cpp.dir/rosidl_typesupport_introspection_cpp/nav2_msgs/msg/detail/collision_detector_state__type_support.cpp.o[0m
[240.908s] [ 64%] [32mBuilding CXX object CMakeFiles/nav2_msgs__rosidl_typesupport_cpp.dir/rosidl_typesupport_cpp/nav2_msgs/msg/behavior_tree_log__type_support.cpp.o[0m
[241.766s] [ 64%] [32mBuilding CXX object CMakeFiles/nav2_msgs__rosidl_typesupport_introspection_cpp.dir/rosidl_typesupport_introspection_cpp/nav2_msgs/msg/detail/costmap__type_support.cpp.o[0m
[241.821s] [ 64%] [32mBuilding CXX object CMakeFiles/nav2_msgs__rosidl_typesupport_cpp.dir/rosidl_typesupport_cpp/nav2_msgs/msg/particle__type_support.cpp.o[0m
[242.763s] [ 65%] [32mBuilding CXX object CMakeFiles/nav2_msgs__rosidl_typesupport_cpp.dir/rosidl_typesupport_cpp/nav2_msgs/msg/particle_cloud__type_support.cpp.o[0m
[242.941s] [ 65%] [32mBuilding CXX object CMakeFiles/nav2_msgs__rosidl_typesupport_introspection_cpp.dir/rosidl_typesupport_introspection_cpp/nav2_msgs/msg/detail/costmap_meta_data__type_support.cpp.o[0m
[243.658s] [ 65%] [32mBuilding CXX object CMakeFiles/nav2_msgs__rosidl_typesupport_cpp.dir/rosidl_typesupport_cpp/nav2_msgs/msg/missed_waypoint__type_support.cpp.o[0m
[244.103s] [ 66%] [32mBuilding CXX object CMakeFiles/nav2_msgs__rosidl_typesupport_introspection_cpp.dir/rosidl_typesupport_introspection_cpp/nav2_msgs/msg/detail/costmap_update__type_support.cpp.o[0m
[244.611s] [ 66%] [32mBuilding CXX object CMakeFiles/nav2_msgs__rosidl_typesupport_cpp.dir/rosidl_typesupport_cpp/nav2_msgs/srv/get_cost__type_support.cpp.o[0m
[245.249s] [ 66%] [32mBuilding CXX object CMakeFiles/nav2_msgs__rosidl_typesupport_introspection_cpp.dir/rosidl_typesupport_introspection_cpp/nav2_msgs/msg/detail/costmap_filter_info__type_support.cpp.o[0m
[245.900s] [ 66%] [32mBuilding CXX object CMakeFiles/nav2_msgs__rosidl_typesupport_cpp.dir/rosidl_typesupport_cpp/nav2_msgs/srv/get_costmap__type_support.cpp.o[0m
[246.259s] [ 66%] [32mBuilding CXX object CMakeFiles/nav2_msgs__rosidl_typesupport_introspection_cpp.dir/rosidl_typesupport_introspection_cpp/nav2_msgs/msg/detail/speed_limit__type_support.cpp.o[0m
[247.236s] [ 66%] [32mBuilding CXX object CMakeFiles/nav2_msgs__rosidl_typesupport_introspection_cpp.dir/rosidl_typesupport_introspection_cpp/nav2_msgs/msg/detail/voxel_grid__type_support.cpp.o[0m
[247.591s] [ 66%] [32mBuilding CXX object CMakeFiles/nav2_msgs__rosidl_typesupport_cpp.dir/rosidl_typesupport_cpp/nav2_msgs/srv/is_path_valid__type_support.cpp.o[0m
[248.294s] [ 67%] [32mBuilding CXX object CMakeFiles/nav2_msgs__rosidl_typesupport_introspection_cpp.dir/rosidl_typesupport_introspection_cpp/nav2_msgs/msg/detail/behavior_tree_status_change__type_support.cpp.o[0m
[249.200s] [ 68%] [32mBuilding CXX object CMakeFiles/nav2_msgs__rosidl_typesupport_cpp.dir/rosidl_typesupport_cpp/nav2_msgs/srv/clear_costmap_except_region__type_support.cpp.o[0m
[249.223s] [ 68%] [32mBuilding CXX object CMakeFiles/nav2_msgs__rosidl_typesupport_introspection_cpp.dir/rosidl_typesupport_introspection_cpp/nav2_msgs/msg/detail/behavior_tree_log__type_support.cpp.o[0m
[249.611s] [ 68%] [32mBuilding CXX object CMakeFiles/nav2_msgs__rosidl_typesupport_fastrtps_cpp.dir/rosidl_typesupport_fastrtps_cpp/nav2_msgs/msg/detail/dds_fastrtps/collision_monitor_state__type_support.cpp.o[0m
[250.368s] [ 68%] [32mBuilding CXX object CMakeFiles/nav2_msgs__rosidl_typesupport_cpp.dir/rosidl_typesupport_cpp/nav2_msgs/srv/clear_costmap_around_robot__type_support.cpp.o[0m
[250.523s] [ 68%] [32mBuilding CXX object CMakeFiles/nav2_msgs__rosidl_typesupport_introspection_cpp.dir/rosidl_typesupport_introspection_cpp/nav2_msgs/msg/detail/particle__type_support.cpp.o[0m
[251.289s] [ 68%] [32mBuilding CXX object CMakeFiles/nav2_msgs__rosidl_typesupport_fastrtps_cpp.dir/rosidl_typesupport_fastrtps_cpp/nav2_msgs/msg/detail/dds_fastrtps/collision_detector_state__type_support.cpp.o[0m
[251.488s] [ 68%] [32mBuilding CXX object CMakeFiles/nav2_msgs__rosidl_typesupport_introspection_cpp.dir/rosidl_typesupport_introspection_cpp/nav2_msgs/msg/detail/particle_cloud__type_support.cpp.o[0m
[251.666s] [ 68%] [32mBuilding CXX object CMakeFiles/nav2_msgs__rosidl_typesupport_cpp.dir/rosidl_typesupport_cpp/nav2_msgs/srv/clear_costmap_around_pose__type_support.cpp.o[0m
[253.001s] [ 68%] [32mBuilding CXX object CMakeFiles/nav2_msgs__rosidl_typesupport_introspection_cpp.dir/rosidl_typesupport_introspection_cpp/nav2_msgs/msg/detail/missed_waypoint__type_support.cpp.o[0m
[253.232s] [ 68%] [32mBuilding CXX object CMakeFiles/nav2_msgs__rosidl_typesupport_fastrtps_cpp.dir/rosidl_typesupport_fastrtps_cpp/nav2_msgs/msg/detail/dds_fastrtps/costmap__type_support.cpp.o[0m
[253.307s] [ 68%] [32mBuilding CXX object CMakeFiles/nav2_msgs__rosidl_typesupport_cpp.dir/rosidl_typesupport_cpp/nav2_msgs/srv/clear_entire_costmap__type_support.cpp.o[0m
[254.375s] [ 69%] [32mBuilding CXX object CMakeFiles/nav2_msgs__rosidl_typesupport_introspection_cpp.dir/rosidl_typesupport_introspection_cpp/nav2_msgs/srv/detail/get_cost__type_support.cpp.o[0m
[254.752s] [ 70%] [32mBuilding CXX object CMakeFiles/nav2_msgs__rosidl_typesupport_cpp.dir/rosidl_typesupport_cpp/nav2_msgs/srv/manage_lifecycle_nodes__type_support.cpp.o[0m
[255.048s] [ 71%] [32mBuilding CXX object CMakeFiles/nav2_msgs__rosidl_typesupport_fastrtps_cpp.dir/rosidl_typesupport_fastrtps_cpp/nav2_msgs/msg/detail/dds_fastrtps/costmap_meta_data__type_support.cpp.o[0m
[255.712s] [ 71%] [32mBuilding CXX object CMakeFiles/nav2_msgs__rosidl_typesupport_introspection_cpp.dir/rosidl_typesupport_introspection_cpp/nav2_msgs/srv/detail/get_costmap__type_support.cpp.o[0m
[255.791s] [ 71%] [32mBuilding CXX object CMakeFiles/nav2_msgs__rosidl_typesupport_cpp.dir/rosidl_typesupport_cpp/nav2_msgs/srv/load_map__type_support.cpp.o[0m
[256.591s] [ 71%] [32mBuilding CXX object CMakeFiles/nav2_msgs__rosidl_typesupport_fastrtps_cpp.dir/rosidl_typesupport_fastrtps_cpp/nav2_msgs/msg/detail/dds_fastrtps/costmap_update__type_support.cpp.o[0m
[257.185s] [ 71%] [32mBuilding CXX object CMakeFiles/nav2_msgs__rosidl_typesupport_cpp.dir/rosidl_typesupport_cpp/nav2_msgs/srv/save_map__type_support.cpp.o[0m
[257.962s] [ 71%] [32mBuilding CXX object CMakeFiles/nav2_msgs__rosidl_typesupport_introspection_cpp.dir/rosidl_typesupport_introspection_cpp/nav2_msgs/srv/detail/is_path_valid__type_support.cpp.o[0m
[258.325s] [ 71%] [32mBuilding CXX object CMakeFiles/nav2_msgs__rosidl_typesupport_fastrtps_cpp.dir/rosidl_typesupport_fastrtps_cpp/nav2_msgs/msg/detail/dds_fastrtps/costmap_filter_info__type_support.cpp.o[0m
[258.567s] [ 71%] [32mBuilding CXX object CMakeFiles/nav2_msgs__rosidl_typesupport_cpp.dir/rosidl_typesupport_cpp/nav2_msgs/srv/set_initial_pose__type_support.cpp.o[0m
[259.786s] [ 72%] [32mBuilding CXX object CMakeFiles/nav2_msgs__rosidl_typesupport_cpp.dir/rosidl_typesupport_cpp/nav2_msgs/srv/reload_dock_database__type_support.cpp.o[0m
[259.819s] [ 72%] [32mBuilding CXX object CMakeFiles/nav2_msgs__rosidl_typesupport_fastrtps_cpp.dir/rosidl_typesupport_fastrtps_cpp/nav2_msgs/msg/detail/dds_fastrtps/speed_limit__type_support.cpp.o[0m
[260.023s] [ 72%] [32mBuilding CXX object CMakeFiles/nav2_msgs__rosidl_typesupport_introspection_cpp.dir/rosidl_typesupport_introspection_cpp/nav2_msgs/srv/detail/clear_costmap_except_region__type_support.cpp.o[0m
[260.958s] [ 72%] [32mBuilding CXX object CMakeFiles/nav2_msgs__rosidl_typesupport_cpp.dir/rosidl_typesupport_cpp/nav2_msgs/action/assisted_teleop__type_support.cpp.o[0m
[261.132s] [ 72%] [32mBuilding CXX object CMakeFiles/nav2_msgs__rosidl_typesupport_fastrtps_cpp.dir/rosidl_typesupport_fastrtps_cpp/nav2_msgs/msg/detail/dds_fastrtps/voxel_grid__type_support.cpp.o[0m
[261.305s] [ 73%] [32mBuilding CXX object CMakeFiles/nav2_msgs__rosidl_typesupport_introspection_cpp.dir/rosidl_typesupport_introspection_cpp/nav2_msgs/srv/detail/clear_costmap_around_robot__type_support.cpp.o[0m
[262.622s] [ 73%] [32mBuilding CXX object CMakeFiles/nav2_msgs__rosidl_typesupport_introspection_cpp.dir/rosidl_typesupport_introspection_cpp/nav2_msgs/srv/detail/clear_costmap_around_pose__type_support.cpp.o[0m
[262.837s] [ 74%] [32mBuilding CXX object CMakeFiles/nav2_msgs__rosidl_typesupport_fastrtps_cpp.dir/rosidl_typesupport_fastrtps_cpp/nav2_msgs/msg/detail/dds_fastrtps/behavior_tree_status_change__type_support.cpp.o[0m
[263.093s] [ 74%] [32mBuilding CXX object CMakeFiles/nav2_msgs__rosidl_typesupport_cpp.dir/rosidl_typesupport_cpp/nav2_msgs/action/back_up__type_support.cpp.o[0m
[264.059s] [ 74%] [32mBuilding CXX object CMakeFiles/nav2_msgs__rosidl_typesupport_introspection_cpp.dir/rosidl_typesupport_introspection_cpp/nav2_msgs/srv/detail/clear_entire_costmap__type_support.cpp.o[0m
[264.296s] [ 74%] [32mBuilding CXX object CMakeFiles/nav2_msgs__rosidl_typesupport_fastrtps_cpp.dir/rosidl_typesupport_fastrtps_cpp/nav2_msgs/msg/detail/dds_fastrtps/behavior_tree_log__type_support.cpp.o[0m
[265.189s] [ 74%] [32mBuilding CXX object CMakeFiles/nav2_msgs__rosidl_typesupport_cpp.dir/rosidl_typesupport_cpp/nav2_msgs/action/compute_path_to_pose__type_support.cpp.o[0m
[265.254s] [ 74%] [32mBuilding CXX object CMakeFiles/nav2_msgs__rosidl_typesupport_introspection_cpp.dir/rosidl_typesupport_introspection_cpp/nav2_msgs/srv/detail/manage_lifecycle_nodes__type_support.cpp.o[0m
[265.956s] [ 74%] [32mBuilding CXX object CMakeFiles/nav2_msgs__rosidl_typesupport_fastrtps_cpp.dir/rosidl_typesupport_fastrtps_cpp/nav2_msgs/msg/detail/dds_fastrtps/particle__type_support.cpp.o[0m
[266.553s] [ 75%] [32mBuilding CXX object CMakeFiles/nav2_msgs__rosidl_typesupport_introspection_cpp.dir/rosidl_typesupport_introspection_cpp/nav2_msgs/srv/detail/load_map__type_support.cpp.o[0m
[267.515s] [ 75%] [32mBuilding CXX object CMakeFiles/nav2_msgs__rosidl_typesupport_fastrtps_cpp.dir/rosidl_typesupport_fastrtps_cpp/nav2_msgs/msg/detail/dds_fastrtps/particle_cloud__type_support.cpp.o[0m
[267.946s] [ 75%] [32mBuilding CXX object CMakeFiles/nav2_msgs__rosidl_typesupport_cpp.dir/rosidl_typesupport_cpp/nav2_msgs/action/compute_path_through_poses__type_support.cpp.o[0m
[268.816s] [ 75%] [32mBuilding CXX object CMakeFiles/nav2_msgs__rosidl_typesupport_introspection_cpp.dir/rosidl_typesupport_introspection_cpp/nav2_msgs/srv/detail/save_map__type_support.cpp.o[0m
[269.256s] [ 76%] [32mBuilding CXX object CMakeFiles/nav2_msgs__rosidl_typesupport_fastrtps_cpp.dir/rosidl_typesupport_fastrtps_cpp/nav2_msgs/msg/detail/dds_fastrtps/missed_waypoint__type_support.cpp.o[0m
[270.826s] [ 76%] [32mBuilding CXX object CMakeFiles/nav2_msgs__rosidl_typesupport_introspection_cpp.dir/rosidl_typesupport_introspection_cpp/nav2_msgs/srv/detail/set_initial_pose__type_support.cpp.o[0m
[271.078s] [ 76%] [32mBuilding CXX object CMakeFiles/nav2_msgs__rosidl_typesupport_fastrtps_cpp.dir/rosidl_typesupport_fastrtps_cpp/nav2_msgs/srv/detail/dds_fastrtps/get_cost__type_support.cpp.o[0m
[271.079s] [ 77%] [32mBuilding CXX object CMakeFiles/nav2_msgs__rosidl_typesupport_cpp.dir/rosidl_typesupport_cpp/nav2_msgs/action/drive_on_heading__type_support.cpp.o[0m
[272.767s] [ 77%] [32mBuilding CXX object CMakeFiles/nav2_msgs__rosidl_typesupport_introspection_cpp.dir/rosidl_typesupport_introspection_cpp/nav2_msgs/srv/detail/reload_dock_database__type_support.cpp.o[0m
[273.249s] [ 77%] [32mBuilding CXX object CMakeFiles/nav2_msgs__rosidl_typesupport_fastrtps_cpp.dir/rosidl_typesupport_fastrtps_cpp/nav2_msgs/srv/detail/dds_fastrtps/get_costmap__type_support.cpp.o[0m
[273.660s] [ 77%] [32mBuilding CXX object CMakeFiles/nav2_msgs__rosidl_typesupport_cpp.dir/rosidl_typesupport_cpp/nav2_msgs/action/smooth_path__type_support.cpp.o[0m
[274.202s] [ 77%] [32mBuilding CXX object CMakeFiles/nav2_msgs__rosidl_typesupport_introspection_cpp.dir/rosidl_typesupport_introspection_cpp/nav2_msgs/action/detail/assisted_teleop__type_support.cpp.o[0m
[276.036s] [ 77%] [32mBuilding CXX object CMakeFiles/nav2_msgs__rosidl_typesupport_fastrtps_cpp.dir/rosidl_typesupport_fastrtps_cpp/nav2_msgs/srv/detail/dds_fastrtps/is_path_valid__type_support.cpp.o[0m
[276.390s] [ 77%] [32mBuilding CXX object CMakeFiles/nav2_msgs__rosidl_typesupport_cpp.dir/rosidl_typesupport_cpp/nav2_msgs/action/follow_path__type_support.cpp.o[0m
[277.095s] [ 78%] [32mBuilding CXX object CMakeFiles/nav2_msgs__rosidl_typesupport_introspection_cpp.dir/rosidl_typesupport_introspection_cpp/nav2_msgs/action/detail/back_up__type_support.cpp.o[0m
[278.931s] [ 79%] [32mBuilding CXX object CMakeFiles/nav2_msgs__rosidl_typesupport_fastrtps_cpp.dir/rosidl_typesupport_fastrtps_cpp/nav2_msgs/srv/detail/dds_fastrtps/clear_costmap_except_region__type_support.cpp.o[0m
[278.939s] [ 79%] [32mBuilding CXX object CMakeFiles/nav2_msgs__rosidl_typesupport_cpp.dir/rosidl_typesupport_cpp/nav2_msgs/action/navigate_to_pose__type_support.cpp.o[0m
[279.853s] [ 79%] [32mBuilding CXX object CMakeFiles/nav2_msgs__rosidl_typesupport_introspection_cpp.dir/rosidl_typesupport_introspection_cpp/nav2_msgs/action/detail/compute_path_to_pose__type_support.cpp.o[0m
[281.161s] [ 79%] [32mBuilding CXX object CMakeFiles/nav2_msgs__rosidl_typesupport_fastrtps_cpp.dir/rosidl_typesupport_fastrtps_cpp/nav2_msgs/srv/detail/dds_fastrtps/clear_costmap_around_robot__type_support.cpp.o[0m
[281.483s] [ 80%] [32mBuilding CXX object CMakeFiles/nav2_msgs__rosidl_typesupport_cpp.dir/rosidl_typesupport_cpp/nav2_msgs/action/navigate_through_poses__type_support.cpp.o[0m
[283.240s] [ 80%] [32mBuilding CXX object CMakeFiles/nav2_msgs__rosidl_typesupport_fastrtps_cpp.dir/rosidl_typesupport_fastrtps_cpp/nav2_msgs/srv/detail/dds_fastrtps/clear_costmap_around_pose__type_support.cpp.o[0m
[283.507s] [ 80%] [32mBuilding CXX object CMakeFiles/nav2_msgs__rosidl_typesupport_introspection_cpp.dir/rosidl_typesupport_introspection_cpp/nav2_msgs/action/detail/compute_path_through_poses__type_support.cpp.o[0m
[283.785s] [ 80%] [32mBuilding CXX object CMakeFiles/nav2_msgs__rosidl_typesupport_cpp.dir/rosidl_typesupport_cpp/nav2_msgs/action/wait__type_support.cpp.o[0m
[285.605s] [ 80%] [32mBuilding CXX object CMakeFiles/nav2_msgs__rosidl_typesupport_fastrtps_cpp.dir/rosidl_typesupport_fastrtps_cpp/nav2_msgs/srv/detail/dds_fastrtps/clear_entire_costmap__type_support.cpp.o[0m
[285.888s] [ 80%] [32mBuilding CXX object CMakeFiles/nav2_msgs__rosidl_typesupport_cpp.dir/rosidl_typesupport_cpp/nav2_msgs/action/spin__type_support.cpp.o[0m
[287.483s] [ 80%] [32mBuilding CXX object CMakeFiles/nav2_msgs__rosidl_typesupport_introspection_cpp.dir/rosidl_typesupport_introspection_cpp/nav2_msgs/action/detail/drive_on_heading__type_support.cpp.o[0m
[287.929s] [ 80%] [32mBuilding CXX object CMakeFiles/nav2_msgs__rosidl_typesupport_fastrtps_cpp.dir/rosidl_typesupport_fastrtps_cpp/nav2_msgs/srv/detail/dds_fastrtps/manage_lifecycle_nodes__type_support.cpp.o[0m
[288.213s] [ 80%] [32mBuilding CXX object CMakeFiles/nav2_msgs__rosidl_typesupport_cpp.dir/rosidl_typesupport_cpp/nav2_msgs/action/dummy_behavior__type_support.cpp.o[0m
[290.176s] [ 81%] [32mBuilding CXX object CMakeFiles/nav2_msgs__rosidl_typesupport_introspection_cpp.dir/rosidl_typesupport_introspection_cpp/nav2_msgs/action/detail/smooth_path__type_support.cpp.o[0m
[290.217s] [ 82%] [32mBuilding CXX object CMakeFiles/nav2_msgs__rosidl_typesupport_fastrtps_cpp.dir/rosidl_typesupport_fastrtps_cpp/nav2_msgs/srv/detail/dds_fastrtps/load_map__type_support.cpp.o[0m
[290.478s] [ 83%] [32mBuilding CXX object CMakeFiles/nav2_msgs__rosidl_typesupport_cpp.dir/rosidl_typesupport_cpp/nav2_msgs/action/follow_waypoints__type_support.cpp.o[0m
[292.861s] [ 83%] [32mBuilding CXX object CMakeFiles/nav2_msgs__rosidl_typesupport_fastrtps_cpp.dir/rosidl_typesupport_fastrtps_cpp/nav2_msgs/srv/detail/dds_fastrtps/save_map__type_support.cpp.o[0m
[292.984s] [ 83%] [32mBuilding CXX object CMakeFiles/nav2_msgs__rosidl_typesupport_cpp.dir/rosidl_typesupport_cpp/nav2_msgs/action/follow_gps_waypoints__type_support.cpp.o[0m
[293.582s] [ 83%] [32mBuilding CXX object CMakeFiles/nav2_msgs__rosidl_typesupport_introspection_cpp.dir/rosidl_typesupport_introspection_cpp/nav2_msgs/action/detail/follow_path__type_support.cpp.o[0m
[295.408s] [ 83%] [32mBuilding CXX object CMakeFiles/nav2_msgs__rosidl_typesupport_cpp.dir/rosidl_typesupport_cpp/nav2_msgs/action/dock_robot__type_support.cpp.o[0m
[295.581s] [ 83%] [32mBuilding CXX object CMakeFiles/nav2_msgs__rosidl_typesupport_fastrtps_cpp.dir/rosidl_typesupport_fastrtps_cpp/nav2_msgs/srv/detail/dds_fastrtps/set_initial_pose__type_support.cpp.o[0m
[297.122s] [ 83%] [32mBuilding CXX object CMakeFiles/nav2_msgs__rosidl_typesupport_introspection_cpp.dir/rosidl_typesupport_introspection_cpp/nav2_msgs/action/detail/navigate_to_pose__type_support.cpp.o[0m
[297.904s] [ 83%] [32mBuilding CXX object CMakeFiles/nav2_msgs__rosidl_typesupport_cpp.dir/rosidl_typesupport_cpp/nav2_msgs/action/undock_robot__type_support.cpp.o[0m
[297.959s] [ 83%] [32mBuilding CXX object CMakeFiles/nav2_msgs__rosidl_typesupport_fastrtps_cpp.dir/rosidl_typesupport_fastrtps_cpp/nav2_msgs/srv/detail/dds_fastrtps/reload_dock_database__type_support.cpp.o[0m
[300.115s] [ 83%] [32m[1mLinking CXX shared library libnav2_msgs__rosidl_typesupport_cpp.so[0m
[300.171s] [ 83%] [32mBuilding CXX object CMakeFiles/nav2_msgs__rosidl_typesupport_introspection_cpp.dir/rosidl_typesupport_introspection_cpp/nav2_msgs/action/detail/navigate_through_poses__type_support.cpp.o[0m
[300.294s] [ 84%] [32mBuilding CXX object CMakeFiles/nav2_msgs__rosidl_typesupport_fastrtps_cpp.dir/rosidl_typesupport_fastrtps_cpp/nav2_msgs/action/detail/dds_fastrtps/assisted_teleop__type_support.cpp.o[0m
[300.441s] [ 84%] Built target nav2_msgs__rosidl_typesupport_cpp
[302.820s] [ 85%] [32mBuilding CXX object CMakeFiles/nav2_msgs__rosidl_typesupport_introspection_cpp.dir/rosidl_typesupport_introspection_cpp/nav2_msgs/action/detail/wait__type_support.cpp.o[0m
[304.006s] [ 85%] [32mBuilding CXX object CMakeFiles/nav2_msgs__rosidl_typesupport_fastrtps_cpp.dir/rosidl_typesupport_fastrtps_cpp/nav2_msgs/action/detail/dds_fastrtps/compute_path_to_pose__type_support.cpp.o[0m
[304.985s] [ 85%] [32mBuilding CXX object CMakeFiles/nav2_msgs__rosidl_typesupport_introspection_cpp.dir/rosidl_typesupport_introspection_cpp/nav2_msgs/action/detail/spin__type_support.cpp.o[0m
[307.018s] [ 85%] [32mBuilding CXX object CMakeFiles/nav2_msgs__rosidl_typesupport_introspection_cpp.dir/rosidl_typesupport_introspection_cpp/nav2_msgs/action/detail/dummy_behavior__type_support.cpp.o[0m
[307.952s] [ 85%] [32mBuilding CXX object CMakeFiles/nav2_msgs__rosidl_typesupport_fastrtps_cpp.dir/rosidl_typesupport_fastrtps_cpp/nav2_msgs/action/detail/dds_fastrtps/compute_path_through_poses__type_support.cpp.o[0m
[309.351s] [ 85%] [32mBuilding CXX object CMakeFiles/nav2_msgs__rosidl_typesupport_introspection_cpp.dir/rosidl_typesupport_introspection_cpp/nav2_msgs/action/detail/follow_waypoints__type_support.cpp.o[0m
[311.751s] [ 85%] [32mBuilding CXX object CMakeFiles/nav2_msgs__rosidl_typesupport_fastrtps_cpp.dir/rosidl_typesupport_fastrtps_cpp/nav2_msgs/action/detail/dds_fastrtps/back_up__type_support.cpp.o[0m
[312.316s] [ 86%] [32mBuilding CXX object CMakeFiles/nav2_msgs__rosidl_typesupport_introspection_cpp.dir/rosidl_typesupport_introspection_cpp/nav2_msgs/action/detail/dock_robot__type_support.cpp.o[0m
[314.988s] [ 86%] [32mBuilding CXX object CMakeFiles/nav2_msgs__rosidl_typesupport_introspection_cpp.dir/rosidl_typesupport_introspection_cpp/nav2_msgs/action/detail/follow_gps_waypoints__type_support.cpp.o[0m
[315.150s] [ 86%] [32mBuilding CXX object CMakeFiles/nav2_msgs__rosidl_typesupport_fastrtps_cpp.dir/rosidl_typesupport_fastrtps_cpp/nav2_msgs/action/detail/dds_fastrtps/smooth_path__type_support.cpp.o[0m
[318.227s] [ 86%] [32mBuilding CXX object CMakeFiles/nav2_msgs__rosidl_typesupport_introspection_cpp.dir/rosidl_typesupport_introspection_cpp/nav2_msgs/action/detail/undock_robot__type_support.cpp.o[0m
[318.856s] [ 86%] [32mBuilding CXX object CMakeFiles/nav2_msgs__rosidl_typesupport_fastrtps_cpp.dir/rosidl_typesupport_fastrtps_cpp/nav2_msgs/action/detail/dds_fastrtps/follow_path__type_support.cpp.o[0m
[320.828s] [ 86%] [32m[1mLinking CXX shared library libnav2_msgs__rosidl_typesupport_introspection_cpp.so[0m
[321.201s] [ 86%] Built target nav2_msgs__rosidl_typesupport_introspection_cpp
[321.995s] [ 86%] [32mBuilding CXX object CMakeFiles/nav2_msgs__rosidl_typesupport_fastrtps_cpp.dir/rosidl_typesupport_fastrtps_cpp/nav2_msgs/action/detail/dds_fastrtps/navigate_through_poses__type_support.cpp.o[0m
[324.812s] [ 87%] [32mBuilding CXX object CMakeFiles/nav2_msgs__rosidl_typesupport_fastrtps_cpp.dir/rosidl_typesupport_fastrtps_cpp/nav2_msgs/action/detail/dds_fastrtps/wait__type_support.cpp.o[0m
[327.071s] [ 87%] [32mBuilding CXX object CMakeFiles/nav2_msgs__rosidl_typesupport_fastrtps_cpp.dir/rosidl_typesupport_fastrtps_cpp/nav2_msgs/action/detail/dds_fastrtps/spin__type_support.cpp.o[0m
[329.357s] [ 87%] [32mBuilding CXX object CMakeFiles/nav2_msgs__rosidl_typesupport_fastrtps_cpp.dir/rosidl_typesupport_fastrtps_cpp/nav2_msgs/action/detail/dds_fastrtps/dummy_behavior__type_support.cpp.o[0m
[331.708s] [ 87%] [32mBuilding CXX object CMakeFiles/nav2_msgs__rosidl_typesupport_fastrtps_cpp.dir/rosidl_typesupport_fastrtps_cpp/nav2_msgs/action/detail/dds_fastrtps/follow_waypoints__type_support.cpp.o[0m
[334.643s] [ 88%] [32mBuilding CXX object CMakeFiles/nav2_msgs__rosidl_typesupport_fastrtps_cpp.dir/rosidl_typesupport_fastrtps_cpp/nav2_msgs/action/detail/dds_fastrtps/follow_gps_waypoints__type_support.cpp.o[0m
[337.453s] [ 88%] [32mBuilding CXX object CMakeFiles/nav2_msgs__rosidl_typesupport_fastrtps_cpp.dir/rosidl_typesupport_fastrtps_cpp/nav2_msgs/action/detail/dds_fastrtps/dock_robot__type_support.cpp.o[0m
[340.306s] [ 88%] [32mBuilding CXX object CMakeFiles/nav2_msgs__rosidl_typesupport_fastrtps_cpp.dir/rosidl_typesupport_fastrtps_cpp/nav2_msgs/action/detail/dds_fastrtps/undock_robot__type_support.cpp.o[0m
[342.752s] [ 88%] [32mBuilding CXX object CMakeFiles/nav2_msgs__rosidl_typesupport_fastrtps_cpp.dir/rosidl_typesupport_fastrtps_cpp/nav2_msgs/action/detail/dds_fastrtps/navigate_to_pose__type_support.cpp.o[0m
[345.386s] [ 89%] [32mBuilding CXX object CMakeFiles/nav2_msgs__rosidl_typesupport_fastrtps_cpp.dir/rosidl_typesupport_fastrtps_cpp/nav2_msgs/action/detail/dds_fastrtps/drive_on_heading__type_support.cpp.o[0m
[347.824s] [ 89%] [32m[1mLinking CXX shared library libnav2_msgs__rosidl_typesupport_fastrtps_cpp.so[0m
[348.136s] [ 89%] Built target nav2_msgs__rosidl_typesupport_fastrtps_cpp
[348.189s] [ 89%] Built target nav2_msgs
[348.233s] [ 89%] [34m[1mGenerating Python code for ROS interfaces[0m
[378.625s] [ 89%] Built target nav2_msgs__py
[378.680s] [ 89%] [32mBuilding C object CMakeFiles/nav2_msgs__rosidl_generator_py.dir/rosidl_generator_py/nav2_msgs/msg/_collision_detector_state_s.c.o[0m
[378.682s] [ 89%] [32mBuilding C object CMakeFiles/nav2_msgs__rosidl_generator_py.dir/rosidl_generator_py/nav2_msgs/msg/_collision_monitor_state_s.c.o[0m
[379.157s] [ 90%] [32mBuilding C object CMakeFiles/nav2_msgs__rosidl_generator_py.dir/rosidl_generator_py/nav2_msgs/msg/_costmap_meta_data_s.c.o[0m
[379.183s] [ 90%] [32mBuilding C object CMakeFiles/nav2_msgs__rosidl_generator_py.dir/rosidl_generator_py/nav2_msgs/msg/_costmap_update_s.c.o[0m
[379.602s] [ 90%] [32mBuilding C object CMakeFiles/nav2_msgs__rosidl_generator_py.dir/rosidl_generator_py/nav2_msgs/msg/_costmap_filter_info_s.c.o[0m
[379.671s] [ 90%] [32mBuilding C object CMakeFiles/nav2_msgs__rosidl_generator_py.dir/rosidl_generator_py/nav2_msgs/msg/_speed_limit_s.c.o[0m
[380.040s] [ 91%] [32mBuilding C object CMakeFiles/nav2_msgs__rosidl_generator_py.dir/rosidl_generator_py/nav2_msgs/msg/_voxel_grid_s.c.o[0m
[380.358s] [ 91%] [32mBuilding C object CMakeFiles/nav2_msgs__rosidl_generator_py.dir/rosidl_generator_py/nav2_msgs/msg/_behavior_tree_status_change_s.c.o[0m
[380.768s] [ 91%] [32mBuilding C object CMakeFiles/nav2_msgs__rosidl_generator_py.dir/rosidl_generator_py/nav2_msgs/msg/_behavior_tree_log_s.c.o[0m
[380.825s] [ 91%] [32mBuilding C object CMakeFiles/nav2_msgs__rosidl_generator_py.dir/rosidl_generator_py/nav2_msgs/msg/_particle_s.c.o[0m
[381.202s] [ 92%] [32mBuilding C object CMakeFiles/nav2_msgs__rosidl_generator_py.dir/rosidl_generator_py/nav2_msgs/msg/_particle_cloud_s.c.o[0m
[381.284s] [ 92%] [32mBuilding C object CMakeFiles/nav2_msgs__rosidl_generator_py.dir/rosidl_generator_py/nav2_msgs/msg/_missed_waypoint_s.c.o[0m
[381.760s] [ 92%] [32mBuilding C object CMakeFiles/nav2_msgs__rosidl_generator_py.dir/rosidl_generator_py/nav2_msgs/srv/_get_cost_s.c.o[0m
[381.855s] [ 92%] [32mBuilding C object CMakeFiles/nav2_msgs__rosidl_generator_py.dir/rosidl_generator_py/nav2_msgs/srv/_get_costmap_s.c.o[0m
[382.351s] [ 92%] [32mBuilding C object CMakeFiles/nav2_msgs__rosidl_generator_py.dir/rosidl_generator_py/nav2_msgs/srv/_is_path_valid_s.c.o[0m
[382.501s] [ 93%] [32mBuilding C object CMakeFiles/nav2_msgs__rosidl_generator_py.dir/rosidl_generator_py/nav2_msgs/srv/_clear_costmap_except_region_s.c.o[0m
[382.994s] [ 93%] [32mBuilding C object CMakeFiles/nav2_msgs__rosidl_generator_py.dir/rosidl_generator_py/nav2_msgs/srv/_clear_costmap_around_robot_s.c.o[0m
[383.155s] [ 93%] [32mBuilding C object CMakeFiles/nav2_msgs__rosidl_generator_py.dir/rosidl_generator_py/nav2_msgs/srv/_clear_costmap_around_pose_s.c.o[0m
[383.525s] [ 93%] [32mBuilding C object CMakeFiles/nav2_msgs__rosidl_generator_py.dir/rosidl_generator_py/nav2_msgs/srv/_clear_entire_costmap_s.c.o[0m
[383.781s] [ 94%] [32mBuilding C object CMakeFiles/nav2_msgs__rosidl_generator_py.dir/rosidl_generator_py/nav2_msgs/srv/_manage_lifecycle_nodes_s.c.o[0m
[384.072s] [ 94%] [32mBuilding C object CMakeFiles/nav2_msgs__rosidl_generator_py.dir/rosidl_generator_py/nav2_msgs/srv/_load_map_s.c.o[0m
[384.386s] [ 94%] [32mBuilding C object CMakeFiles/nav2_msgs__rosidl_generator_py.dir/rosidl_generator_py/nav2_msgs/srv/_save_map_s.c.o[0m
[384.603s] [ 94%] [32mBuilding C object CMakeFiles/nav2_msgs__rosidl_generator_py.dir/rosidl_generator_py/nav2_msgs/srv/_set_initial_pose_s.c.o[0m
[385.067s] [ 95%] [32mBuilding C object CMakeFiles/nav2_msgs__rosidl_generator_py.dir/rosidl_generator_py/nav2_msgs/srv/_reload_dock_database_s.c.o[0m
[385.161s] [ 95%] [32mBuilding C object CMakeFiles/nav2_msgs__rosidl_generator_py.dir/rosidl_generator_py/nav2_msgs/action/_assisted_teleop_s.c.o[0m
[385.514s] [ 95%] [32mBuilding C object CMakeFiles/nav2_msgs__rosidl_generator_py.dir/rosidl_generator_py/nav2_msgs/action/_back_up_s.c.o[0m
[386.250s] [ 95%] [32mBuilding C object CMakeFiles/nav2_msgs__rosidl_generator_py.dir/rosidl_generator_py/nav2_msgs/action/_compute_path_to_pose_s.c.o[0m
[386.294s] [ 95%] [32mBuilding C object CMakeFiles/nav2_msgs__rosidl_generator_py.dir/rosidl_generator_py/nav2_msgs/action/_compute_path_through_poses_s.c.o[0m
[387.117s] [ 96%] [32mBuilding C object CMakeFiles/nav2_msgs__rosidl_generator_py.dir/rosidl_generator_py/nav2_msgs/action/_drive_on_heading_s.c.o[0m
[387.355s] [ 96%] [32mBuilding C object CMakeFiles/nav2_msgs__rosidl_generator_py.dir/rosidl_generator_py/nav2_msgs/action/_smooth_path_s.c.o[0m
[387.998s] [ 96%] [32mBuilding C object CMakeFiles/nav2_msgs__rosidl_generator_py.dir/rosidl_generator_py/nav2_msgs/action/_follow_path_s.c.o[0m
[388.440s] [ 96%] [32mBuilding C object CMakeFiles/nav2_msgs__rosidl_generator_py.dir/rosidl_generator_py/nav2_msgs/action/_navigate_to_pose_s.c.o[0m
[388.774s] [ 97%] [32mBuilding C object CMakeFiles/nav2_msgs__rosidl_generator_py.dir/rosidl_generator_py/nav2_msgs/action/_navigate_through_poses_s.c.o[0m
[389.574s] [ 97%] [32mBuilding C object CMakeFiles/nav2_msgs__rosidl_generator_py.dir/rosidl_generator_py/nav2_msgs/action/_wait_s.c.o[0m
[389.645s] [ 97%] [32mBuilding C object CMakeFiles/nav2_msgs__rosidl_generator_py.dir/rosidl_generator_py/nav2_msgs/action/_spin_s.c.o[0m
[390.434s] [ 97%] [32mBuilding C object CMakeFiles/nav2_msgs__rosidl_generator_py.dir/rosidl_generator_py/nav2_msgs/action/_dummy_behavior_s.c.o[0m
[390.656s] [ 98%] [32mBuilding C object CMakeFiles/nav2_msgs__rosidl_generator_py.dir/rosidl_generator_py/nav2_msgs/action/_follow_waypoints_s.c.o[0m
[391.349s] [ 98%] [32mBuilding C object CMakeFiles/nav2_msgs__rosidl_generator_py.dir/rosidl_generator_py/nav2_msgs/action/_follow_gps_waypoints_s.c.o[0m
[391.748s] [ 98%] [32mBuilding C object CMakeFiles/nav2_msgs__rosidl_generator_py.dir/rosidl_generator_py/nav2_msgs/action/_dock_robot_s.c.o[0m
[392.367s] [ 98%] [32mBuilding C object CMakeFiles/nav2_msgs__rosidl_generator_py.dir/rosidl_generator_py/nav2_msgs/action/_undock_robot_s.c.o[0m
[392.657s] [ 98%] [32mBuilding C object CMakeFiles/nav2_msgs__rosidl_generator_py.dir/rosidl_generator_py/nav2_msgs/msg/_costmap_s.c.o[0m
[393.344s] [ 98%] [32m[1mLinking C shared library libnav2_msgs__rosidl_generator_py.so[0m
[393.559s] [ 98%] Built target nav2_msgs__rosidl_generator_py
[393.611s] [ 98%] [32mBuilding C object CMakeFiles/nav2_msgs_s__rosidl_typesupport_introspection_c.dir/rosidl_generator_py/nav2_msgs/_nav2_msgs_s.ep.rosidl_typesupport_introspection_c.c.o[0m
[393.612s] [ 98%] [32mBuilding C object CMakeFiles/nav2_msgs_s__rosidl_typesupport_fastrtps_c.dir/rosidl_generator_py/nav2_msgs/_nav2_msgs_s.ep.rosidl_typesupport_fastrtps_c.c.o[0m
[399.712s] [ 98%] [32m[1mLinking C shared module rosidl_generator_py/nav2_msgs/nav2_msgs_s__rosidl_typesupport_fastrtps_c.so[0m
[399.822s] [ 98%] Built target nav2_msgs_s__rosidl_typesupport_fastrtps_c
[399.858s] [ 99%] [32m[1mLinking C shared module rosidl_generator_py/nav2_msgs/nav2_msgs_s__rosidl_typesupport_introspection_c.so[0m
[399.872s] [ 99%] [32mBuilding C object CMakeFiles/nav2_msgs_s__rosidl_typesupport_c.dir/rosidl_generator_py/nav2_msgs/_nav2_msgs_s.ep.rosidl_typesupport_c.c.o[0m
[400.021s] [ 99%] Built target nav2_msgs_s__rosidl_typesupport_introspection_c
[404.268s] [100%] [32m[1mLinking C shared module rosidl_generator_py/nav2_msgs/nav2_msgs_s__rosidl_typesupport_c.so[0m
[404.360s] [100%] Built target nav2_msgs_s__rosidl_typesupport_c
[404.390s] Invoked command in '/home/brilliant/ros2_ws/build/nav2_msgs' returned '0': AMENT_PREFIX_PATH=/home/brilliant/ros2_ws/install/nav2_common:${AMENT_PREFIX_PATH} CMAKE_PREFIX_PATH=/home/brilliant/ros2_ws/install/nav2_common:/home/brilliant/ros2_ws/install/sllidar_ros2:/home/brilliant/ros2_ws/install/serial:/home/brilliant/ros2_ws/install/minibot:/home/brilliant/ros2_ws/install/diffdrive_arduino:/opt/ros/jazzy/opt/gz_sim_vendor:/opt/ros/jazzy/opt/gz_sensors_vendor:/opt/ros/jazzy/opt/gz_physics_vendor:/opt/ros/jazzy/opt/sdformat_vendor:/opt/ros/jazzy/opt/gz_gui_vendor:/opt/ros/jazzy/opt/gz_transport_vendor:/opt/ros/jazzy/opt/gz_rendering_vendor:/opt/ros/jazzy/opt/gz_plugin_vendor:/opt/ros/jazzy/opt/gz_fuel_tools_vendor:/opt/ros/jazzy/opt/gz_msgs_vendor:/opt/ros/jazzy/opt/gz_common_vendor:/opt/ros/jazzy/opt/gz_math_vendor:/opt/ros/jazzy/opt/gz_utils_vendor:/opt/ros/jazzy/opt/gz_tools_vendor:/opt/ros/jazzy/opt/gz_ogre_next_vendor:/opt/ros/jazzy/opt/gz_dartsim_vendor:/opt/ros/jazzy/opt/gz_cmake_vendor:/home/brilliant/ros2_ws/install/twist_stamper:/opt/ros/jazzy DEBUGINFOD_URLS=https://debuginfod.ubuntu.com PYTHONPATH=/home/brilliant/ros2_ws/install/nav2_common/lib/python3.12/site-packages:${PYTHONPATH} /usr/bin/cmake --build /home/brilliant/ros2_ws/build/nav2_msgs -- -j4 -l4
[404.392s] Invoking command in '/home/brilliant/ros2_ws/build/nav2_msgs': AMENT_PREFIX_PATH=/home/brilliant/ros2_ws/install/nav2_common:${AMENT_PREFIX_PATH} CMAKE_PREFIX_PATH=/home/brilliant/ros2_ws/install/nav2_common:/home/brilliant/ros2_ws/install/sllidar_ros2:/home/brilliant/ros2_ws/install/serial:/home/brilliant/ros2_ws/install/minibot:/home/brilliant/ros2_ws/install/diffdrive_arduino:/opt/ros/jazzy/opt/gz_sim_vendor:/opt/ros/jazzy/opt/gz_sensors_vendor:/opt/ros/jazzy/opt/gz_physics_vendor:/opt/ros/jazzy/opt/sdformat_vendor:/opt/ros/jazzy/opt/gz_gui_vendor:/opt/ros/jazzy/opt/gz_transport_vendor:/opt/ros/jazzy/opt/gz_rendering_vendor:/opt/ros/jazzy/opt/gz_plugin_vendor:/opt/ros/jazzy/opt/gz_fuel_tools_vendor:/opt/ros/jazzy/opt/gz_msgs_vendor:/opt/ros/jazzy/opt/gz_common_vendor:/opt/ros/jazzy/opt/gz_math_vendor:/opt/ros/jazzy/opt/gz_utils_vendor:/opt/ros/jazzy/opt/gz_tools_vendor:/opt/ros/jazzy/opt/gz_ogre_next_vendor:/opt/ros/jazzy/opt/gz_dartsim_vendor:/opt/ros/jazzy/opt/gz_cmake_vendor:/home/brilliant/ros2_ws/install/twist_stamper:/opt/ros/jazzy DEBUGINFOD_URLS=https://debuginfod.ubuntu.com PYTHONPATH=/home/brilliant/ros2_ws/install/nav2_common/lib/python3.12/site-packages:${PYTHONPATH} /usr/bin/cmake --install /home/brilliant/ros2_ws/build/nav2_msgs
[404.414s] -- Install configuration: "Release"
[404.416s] -- Execute custom install script
[404.417s] -- Symlinking: /home/brilliant/ros2_ws/install/nav2_msgs/share/ament_index/resource_index/rosidl_interfaces/nav2_msgs
[404.440s] -- Symlinking: /home/brilliant/ros2_ws/install/nav2_msgs/share/nav2_msgs/msg/CollisionMonitorState.json
[404.461s] -- Symlinking: /home/brilliant/ros2_ws/install/nav2_msgs/share/nav2_msgs/msg/CollisionDetectorState.json
[404.482s] -- Symlinking: /home/brilliant/ros2_ws/install/nav2_msgs/share/nav2_msgs/msg/Costmap.json
[404.503s] -- Symlinking: /home/brilliant/ros2_ws/install/nav2_msgs/share/nav2_msgs/msg/CostmapMetaData.json
[404.526s] -- Symlinking: /home/brilliant/ros2_ws/install/nav2_msgs/share/nav2_msgs/msg/CostmapUpdate.json
[404.547s] -- Symlinking: /home/brilliant/ros2_ws/install/nav2_msgs/share/nav2_msgs/msg/CostmapFilterInfo.json
[404.568s] -- Symlinking: /home/brilliant/ros2_ws/install/nav2_msgs/share/nav2_msgs/msg/SpeedLimit.json
[404.589s] -- Symlinking: /home/brilliant/ros2_ws/install/nav2_msgs/share/nav2_msgs/msg/VoxelGrid.json
[404.611s] -- Symlinking: /home/brilliant/ros2_ws/install/nav2_msgs/share/nav2_msgs/msg/BehaviorTreeStatusChange.json
[404.636s] -- Symlinking: /home/brilliant/ros2_ws/install/nav2_msgs/share/nav2_msgs/msg/BehaviorTreeLog.json
[404.659s] -- Symlinking: /home/brilliant/ros2_ws/install/nav2_msgs/share/nav2_msgs/msg/Particle.json
[404.680s] -- Symlinking: /home/brilliant/ros2_ws/install/nav2_msgs/share/nav2_msgs/msg/ParticleCloud.json
[404.707s] -- Symlinking: /home/brilliant/ros2_ws/install/nav2_msgs/share/nav2_msgs/msg/MissedWaypoint.json
[404.732s] -- Symlinking: /home/brilliant/ros2_ws/install/nav2_msgs/share/nav2_msgs/srv/GetCost.json
[404.755s] -- Symlinking: /home/brilliant/ros2_ws/install/nav2_msgs/share/nav2_msgs/srv/GetCostmap.json
[404.777s] -- Symlinking: /home/brilliant/ros2_ws/install/nav2_msgs/share/nav2_msgs/srv/IsPathValid.json
[404.801s] -- Symlinking: /home/brilliant/ros2_ws/install/nav2_msgs/share/nav2_msgs/srv/ClearCostmapExceptRegion.json
[404.828s] -- Symlinking: /home/brilliant/ros2_ws/install/nav2_msgs/share/nav2_msgs/srv/ClearCostmapAroundRobot.json
[404.852s] -- Symlinking: /home/brilliant/ros2_ws/install/nav2_msgs/share/nav2_msgs/srv/ClearCostmapAroundPose.json
[404.874s] -- Symlinking: /home/brilliant/ros2_ws/install/nav2_msgs/share/nav2_msgs/srv/ClearEntireCostmap.json
[404.894s] -- Symlinking: /home/brilliant/ros2_ws/install/nav2_msgs/share/nav2_msgs/srv/ManageLifecycleNodes.json
[404.919s] -- Symlinking: /home/brilliant/ros2_ws/install/nav2_msgs/share/nav2_msgs/srv/LoadMap.json
[404.943s] -- Symlinking: /home/brilliant/ros2_ws/install/nav2_msgs/share/nav2_msgs/srv/SaveMap.json
[404.970s] -- Symlinking: /home/brilliant/ros2_ws/install/nav2_msgs/share/nav2_msgs/srv/SetInitialPose.json
[404.993s] -- Symlinking: /home/brilliant/ros2_ws/install/nav2_msgs/share/nav2_msgs/srv/ReloadDockDatabase.json
[405.013s] -- Symlinking: /home/brilliant/ros2_ws/install/nav2_msgs/share/nav2_msgs/action/AssistedTeleop.json
[405.035s] -- Symlinking: /home/brilliant/ros2_ws/install/nav2_msgs/share/nav2_msgs/action/BackUp.json
[405.056s] -- Symlinking: /home/brilliant/ros2_ws/install/nav2_msgs/share/nav2_msgs/action/ComputePathToPose.json
[405.077s] -- Symlinking: /home/brilliant/ros2_ws/install/nav2_msgs/share/nav2_msgs/action/ComputePathThroughPoses.json
[405.097s] -- Symlinking: /home/brilliant/ros2_ws/install/nav2_msgs/share/nav2_msgs/action/DriveOnHeading.json
[405.121s] -- Symlinking: /home/brilliant/ros2_ws/install/nav2_msgs/share/nav2_msgs/action/SmoothPath.json
[405.142s] -- Symlinking: /home/brilliant/ros2_ws/install/nav2_msgs/share/nav2_msgs/action/FollowPath.json
[405.164s] -- Symlinking: /home/brilliant/ros2_ws/install/nav2_msgs/share/nav2_msgs/action/NavigateToPose.json
[405.185s] -- Symlinking: /home/brilliant/ros2_ws/install/nav2_msgs/share/nav2_msgs/action/NavigateThroughPoses.json
[405.204s] -- Symlinking: /home/brilliant/ros2_ws/install/nav2_msgs/share/nav2_msgs/action/Wait.json
[405.229s] -- Symlinking: /home/brilliant/ros2_ws/install/nav2_msgs/share/nav2_msgs/action/Spin.json
[405.251s] -- Symlinking: /home/brilliant/ros2_ws/install/nav2_msgs/share/nav2_msgs/action/DummyBehavior.json
[405.270s] -- Symlinking: /home/brilliant/ros2_ws/install/nav2_msgs/share/nav2_msgs/action/FollowWaypoints.json
[405.290s] -- Symlinking: /home/brilliant/ros2_ws/install/nav2_msgs/share/nav2_msgs/action/FollowGPSWaypoints.json
[405.313s] -- Symlinking: /home/brilliant/ros2_ws/install/nav2_msgs/share/nav2_msgs/action/DockRobot.json
[405.332s] -- Symlinking: /home/brilliant/ros2_ws/install/nav2_msgs/share/nav2_msgs/action/UndockRobot.json
[405.359s] -- Symlinking: /home/brilliant/ros2_ws/install/nav2_msgs/include/nav2_msgs/nav2_msgs/action/assisted_teleop.h
[405.379s] -- Symlinking: /home/brilliant/ros2_ws/install/nav2_msgs/include/nav2_msgs/nav2_msgs/action/back_up.h
[405.400s] -- Symlinking: /home/brilliant/ros2_ws/install/nav2_msgs/include/nav2_msgs/nav2_msgs/action/compute_path_through_poses.h
[405.423s] -- Symlinking: /home/brilliant/ros2_ws/install/nav2_msgs/include/nav2_msgs/nav2_msgs/action/compute_path_to_pose.h
[405.442s] -- Symlinking: /home/brilliant/ros2_ws/install/nav2_msgs/include/nav2_msgs/nav2_msgs/action/detail/assisted_teleop__functions.h
[405.464s] -- Symlinking: /home/brilliant/ros2_ws/install/nav2_msgs/include/nav2_msgs/nav2_msgs/action/detail/assisted_teleop__struct.h
[405.492s] -- Symlinking: /home/brilliant/ros2_ws/install/nav2_msgs/include/nav2_msgs/nav2_msgs/action/detail/assisted_teleop__type_support.h
[405.521s] -- Symlinking: /home/brilliant/ros2_ws/install/nav2_msgs/include/nav2_msgs/nav2_msgs/action/detail/back_up__functions.h
[405.551s] -- Symlinking: /home/brilliant/ros2_ws/install/nav2_msgs/include/nav2_msgs/nav2_msgs/action/detail/back_up__struct.h
[405.575s] -- Symlinking: /home/brilliant/ros2_ws/install/nav2_msgs/include/nav2_msgs/nav2_msgs/action/detail/back_up__type_support.h
[405.600s] -- Symlinking: /home/brilliant/ros2_ws/install/nav2_msgs/include/nav2_msgs/nav2_msgs/action/detail/compute_path_through_poses__functions.h
[405.624s] -- Symlinking: /home/brilliant/ros2_ws/install/nav2_msgs/include/nav2_msgs/nav2_msgs/action/detail/compute_path_through_poses__struct.h
[405.649s] -- Symlinking: /home/brilliant/ros2_ws/install/nav2_msgs/include/nav2_msgs/nav2_msgs/action/detail/compute_path_through_poses__type_support.h
[405.671s] -- Symlinking: /home/brilliant/ros2_ws/install/nav2_msgs/include/nav2_msgs/nav2_msgs/action/detail/compute_path_to_pose__functions.h
[405.693s] -- Symlinking: /home/brilliant/ros2_ws/install/nav2_msgs/include/nav2_msgs/nav2_msgs/action/detail/compute_path_to_pose__struct.h
[405.718s] -- Symlinking: /home/brilliant/ros2_ws/install/nav2_msgs/include/nav2_msgs/nav2_msgs/action/detail/compute_path_to_pose__type_support.h
[405.739s] -- Symlinking: /home/brilliant/ros2_ws/install/nav2_msgs/include/nav2_msgs/nav2_msgs/action/detail/dock_robot__functions.h
[405.759s] -- Symlinking: /home/brilliant/ros2_ws/install/nav2_msgs/include/nav2_msgs/nav2_msgs/action/detail/dock_robot__struct.h
[405.789s] -- Symlinking: /home/brilliant/ros2_ws/install/nav2_msgs/include/nav2_msgs/nav2_msgs/action/detail/dock_robot__type_support.h
[405.814s] -- Symlinking: /home/brilliant/ros2_ws/install/nav2_msgs/include/nav2_msgs/nav2_msgs/action/detail/drive_on_heading__functions.h
[405.837s] -- Symlinking: /home/brilliant/ros2_ws/install/nav2_msgs/include/nav2_msgs/nav2_msgs/action/detail/drive_on_heading__struct.h
[405.857s] -- Symlinking: /home/brilliant/ros2_ws/install/nav2_msgs/include/nav2_msgs/nav2_msgs/action/detail/drive_on_heading__type_support.h
[405.877s] -- Symlinking: /home/brilliant/ros2_ws/install/nav2_msgs/include/nav2_msgs/nav2_msgs/action/detail/dummy_behavior__functions.h
[405.898s] -- Symlinking: /home/brilliant/ros2_ws/install/nav2_msgs/include/nav2_msgs/nav2_msgs/action/detail/dummy_behavior__struct.h
[405.923s] -- Symlinking: /home/brilliant/ros2_ws/install/nav2_msgs/include/nav2_msgs/nav2_msgs/action/detail/dummy_behavior__type_support.h
[405.944s] -- Symlinking: /home/brilliant/ros2_ws/install/nav2_msgs/include/nav2_msgs/nav2_msgs/action/detail/follow_gps_waypoints__functions.h
[405.967s] -- Symlinking: /home/brilliant/ros2_ws/install/nav2_msgs/include/nav2_msgs/nav2_msgs/action/detail/follow_gps_waypoints__struct.h
[405.995s] -- Symlinking: /home/brilliant/ros2_ws/install/nav2_msgs/include/nav2_msgs/nav2_msgs/action/detail/follow_gps_waypoints__type_support.h
[406.020s] -- Symlinking: /home/brilliant/ros2_ws/install/nav2_msgs/include/nav2_msgs/nav2_msgs/action/detail/follow_path__functions.h
[406.043s] -- Symlinking: /home/brilliant/ros2_ws/install/nav2_msgs/include/nav2_msgs/nav2_msgs/action/detail/follow_path__struct.h
[406.070s] -- Symlinking: /home/brilliant/ros2_ws/install/nav2_msgs/include/nav2_msgs/nav2_msgs/action/detail/follow_path__type_support.h
[406.091s] -- Symlinking: /home/brilliant/ros2_ws/install/nav2_msgs/include/nav2_msgs/nav2_msgs/action/detail/follow_waypoints__functions.h
[406.114s] -- Symlinking: /home/brilliant/ros2_ws/install/nav2_msgs/include/nav2_msgs/nav2_msgs/action/detail/follow_waypoints__struct.h
[406.134s] -- Symlinking: /home/brilliant/ros2_ws/install/nav2_msgs/include/nav2_msgs/nav2_msgs/action/detail/follow_waypoints__type_support.h
[406.154s] -- Symlinking: /home/brilliant/ros2_ws/install/nav2_msgs/include/nav2_msgs/nav2_msgs/action/detail/navigate_through_poses__functions.h
[406.177s] -- Symlinking: /home/brilliant/ros2_ws/install/nav2_msgs/include/nav2_msgs/nav2_msgs/action/detail/navigate_through_poses__struct.h
[406.199s] -- Symlinking: /home/brilliant/ros2_ws/install/nav2_msgs/include/nav2_msgs/nav2_msgs/action/detail/navigate_through_poses__type_support.h
[406.228s] -- Symlinking: /home/brilliant/ros2_ws/install/nav2_msgs/include/nav2_msgs/nav2_msgs/action/detail/navigate_to_pose__functions.h
[406.254s] -- Symlinking: /home/brilliant/ros2_ws/install/nav2_msgs/include/nav2_msgs/nav2_msgs/action/detail/navigate_to_pose__struct.h
[406.275s] -- Symlinking: /home/brilliant/ros2_ws/install/nav2_msgs/include/nav2_msgs/nav2_msgs/action/detail/navigate_to_pose__type_support.h
[406.294s] -- Symlinking: /home/brilliant/ros2_ws/install/nav2_msgs/include/nav2_msgs/nav2_msgs/action/detail/smooth_path__functions.h
[406.318s] -- Symlinking: /home/brilliant/ros2_ws/install/nav2_msgs/include/nav2_msgs/nav2_msgs/action/detail/smooth_path__struct.h
[406.338s] -- Symlinking: /home/brilliant/ros2_ws/install/nav2_msgs/include/nav2_msgs/nav2_msgs/action/detail/smooth_path__type_support.h
[406.359s] -- Symlinking: /home/brilliant/ros2_ws/install/nav2_msgs/include/nav2_msgs/nav2_msgs/action/detail/spin__functions.h
[406.380s] -- Symlinking: /home/brilliant/ros2_ws/install/nav2_msgs/include/nav2_msgs/nav2_msgs/action/detail/spin__struct.h
[406.401s] -- Symlinking: /home/brilliant/ros2_ws/install/nav2_msgs/include/nav2_msgs/nav2_msgs/action/detail/spin__type_support.h
[406.423s] -- Symlinking: /home/brilliant/ros2_ws/install/nav2_msgs/include/nav2_msgs/nav2_msgs/action/detail/undock_robot__functions.h
[406.444s] -- Symlinking: /home/brilliant/ros2_ws/install/nav2_msgs/include/nav2_msgs/nav2_msgs/action/detail/undock_robot__struct.h
[406.466s] -- Symlinking: /home/brilliant/ros2_ws/install/nav2_msgs/include/nav2_msgs/nav2_msgs/action/detail/undock_robot__type_support.h
[406.487s] -- Symlinking: /home/brilliant/ros2_ws/install/nav2_msgs/include/nav2_msgs/nav2_msgs/action/detail/wait__functions.h
[406.507s] -- Symlinking: /home/brilliant/ros2_ws/install/nav2_msgs/include/nav2_msgs/nav2_msgs/action/detail/wait__struct.h
[406.530s] -- Symlinking: /home/brilliant/ros2_ws/install/nav2_msgs/include/nav2_msgs/nav2_msgs/action/detail/wait__type_support.h
[406.550s] -- Symlinking: /home/brilliant/ros2_ws/install/nav2_msgs/include/nav2_msgs/nav2_msgs/action/dock_robot.h
[406.571s] -- Symlinking: /home/brilliant/ros2_ws/install/nav2_msgs/include/nav2_msgs/nav2_msgs/action/drive_on_heading.h
[406.592s] -- Symlinking: /home/brilliant/ros2_ws/install/nav2_msgs/include/nav2_msgs/nav2_msgs/action/dummy_behavior.h
[406.615s] -- Symlinking: /home/brilliant/ros2_ws/install/nav2_msgs/include/nav2_msgs/nav2_msgs/action/follow_gps_waypoints.h
[406.636s] -- Symlinking: /home/brilliant/ros2_ws/install/nav2_msgs/include/nav2_msgs/nav2_msgs/action/follow_path.h
[406.657s] -- Symlinking: /home/brilliant/ros2_ws/install/nav2_msgs/include/nav2_msgs/nav2_msgs/action/follow_waypoints.h
[406.678s] -- Symlinking: /home/brilliant/ros2_ws/install/nav2_msgs/include/nav2_msgs/nav2_msgs/action/navigate_through_poses.h
[406.698s] -- Symlinking: /home/brilliant/ros2_ws/install/nav2_msgs/include/nav2_msgs/nav2_msgs/action/navigate_to_pose.h
[406.721s] -- Symlinking: /home/brilliant/ros2_ws/install/nav2_msgs/include/nav2_msgs/nav2_msgs/action/smooth_path.h
[406.744s] -- Symlinking: /home/brilliant/ros2_ws/install/nav2_msgs/include/nav2_msgs/nav2_msgs/action/spin.h
[406.765s] -- Symlinking: /home/brilliant/ros2_ws/install/nav2_msgs/include/nav2_msgs/nav2_msgs/action/undock_robot.h
[406.788s] -- Symlinking: /home/brilliant/ros2_ws/install/nav2_msgs/include/nav2_msgs/nav2_msgs/action/wait.h
[406.809s] -- Symlinking: /home/brilliant/ros2_ws/install/nav2_msgs/include/nav2_msgs/nav2_msgs/msg/behavior_tree_log.h
[406.836s] -- Symlinking: /home/brilliant/ros2_ws/install/nav2_msgs/include/nav2_msgs/nav2_msgs/msg/behavior_tree_status_change.h
[406.854s] -- Symlinking: /home/brilliant/ros2_ws/install/nav2_msgs/include/nav2_msgs/nav2_msgs/msg/collision_detector_state.h
[406.876s] -- Symlinking: /home/brilliant/ros2_ws/install/nav2_msgs/include/nav2_msgs/nav2_msgs/msg/collision_monitor_state.h
[406.897s] -- Symlinking: /home/brilliant/ros2_ws/install/nav2_msgs/include/nav2_msgs/nav2_msgs/msg/costmap.h
[406.918s] -- Symlinking: /home/brilliant/ros2_ws/install/nav2_msgs/include/nav2_msgs/nav2_msgs/msg/costmap_filter_info.h
[406.936s] -- Symlinking: /home/brilliant/ros2_ws/install/nav2_msgs/include/nav2_msgs/nav2_msgs/msg/costmap_meta_data.h
[406.959s] -- Symlinking: /home/brilliant/ros2_ws/install/nav2_msgs/include/nav2_msgs/nav2_msgs/msg/costmap_update.h
[406.989s] -- Symlinking: /home/brilliant/ros2_ws/install/nav2_msgs/include/nav2_msgs/nav2_msgs/msg/detail/behavior_tree_log__functions.h
[407.009s] -- Symlinking: /home/brilliant/ros2_ws/install/nav2_msgs/include/nav2_msgs/nav2_msgs/msg/detail/behavior_tree_log__struct.h
[407.032s] -- Symlinking: /home/brilliant/ros2_ws/install/nav2_msgs/include/nav2_msgs/nav2_msgs/msg/detail/behavior_tree_log__type_support.h
[407.050s] -- Symlinking: /home/brilliant/ros2_ws/install/nav2_msgs/include/nav2_msgs/nav2_msgs/msg/detail/behavior_tree_status_change__functions.h
[407.069s] -- Symlinking: /home/brilliant/ros2_ws/install/nav2_msgs/include/nav2_msgs/nav2_msgs/msg/detail/behavior_tree_status_change__struct.h
[407.088s] -- Symlinking: /home/brilliant/ros2_ws/install/nav2_msgs/include/nav2_msgs/nav2_msgs/msg/detail/behavior_tree_status_change__type_support.h
[407.106s] -- Symlinking: /home/brilliant/ros2_ws/install/nav2_msgs/include/nav2_msgs/nav2_msgs/msg/detail/collision_detector_state__functions.h
[407.127s] -- Symlinking: /home/brilliant/ros2_ws/install/nav2_msgs/include/nav2_msgs/nav2_msgs/msg/detail/collision_detector_state__struct.h
[407.144s] -- Symlinking: /home/brilliant/ros2_ws/install/nav2_msgs/include/nav2_msgs/nav2_msgs/msg/detail/collision_detector_state__type_support.h
[407.166s] -- Symlinking: /home/brilliant/ros2_ws/install/nav2_msgs/include/nav2_msgs/nav2_msgs/msg/detail/collision_monitor_state__functions.h
[407.185s] -- Symlinking: /home/brilliant/ros2_ws/install/nav2_msgs/include/nav2_msgs/nav2_msgs/msg/detail/collision_monitor_state__struct.h
[407.205s] -- Symlinking: /home/brilliant/ros2_ws/install/nav2_msgs/include/nav2_msgs/nav2_msgs/msg/detail/collision_monitor_state__type_support.h
[407.226s] -- Symlinking: /home/brilliant/ros2_ws/install/nav2_msgs/include/nav2_msgs/nav2_msgs/msg/detail/costmap__functions.h
[407.245s] -- Symlinking: /home/brilliant/ros2_ws/install/nav2_msgs/include/nav2_msgs/nav2_msgs/msg/detail/costmap__struct.h
[407.264s] -- Symlinking: /home/brilliant/ros2_ws/install/nav2_msgs/include/nav2_msgs/nav2_msgs/msg/detail/costmap__type_support.h
[407.283s] -- Symlinking: /home/brilliant/ros2_ws/install/nav2_msgs/include/nav2_msgs/nav2_msgs/msg/detail/costmap_filter_info__functions.h
[407.302s] -- Symlinking: /home/brilliant/ros2_ws/install/nav2_msgs/include/nav2_msgs/nav2_msgs/msg/detail/costmap_filter_info__struct.h
[407.323s] -- Symlinking: /home/brilliant/ros2_ws/install/nav2_msgs/include/nav2_msgs/nav2_msgs/msg/detail/costmap_filter_info__type_support.h
[407.342s] -- Symlinking: /home/brilliant/ros2_ws/install/nav2_msgs/include/nav2_msgs/nav2_msgs/msg/detail/costmap_meta_data__functions.h
[407.361s] -- Symlinking: /home/brilliant/ros2_ws/install/nav2_msgs/include/nav2_msgs/nav2_msgs/msg/detail/costmap_meta_data__struct.h
[407.380s] -- Symlinking: /home/brilliant/ros2_ws/install/nav2_msgs/include/nav2_msgs/nav2_msgs/msg/detail/costmap_meta_data__type_support.h
[407.399s] -- Symlinking: /home/brilliant/ros2_ws/install/nav2_msgs/include/nav2_msgs/nav2_msgs/msg/detail/costmap_update__functions.h
[407.420s] -- Symlinking: /home/brilliant/ros2_ws/install/nav2_msgs/include/nav2_msgs/nav2_msgs/msg/detail/costmap_update__struct.h
[407.439s] -- Symlinking: /home/brilliant/ros2_ws/install/nav2_msgs/include/nav2_msgs/nav2_msgs/msg/detail/costmap_update__type_support.h
[407.458s] -- Symlinking: /home/brilliant/ros2_ws/install/nav2_msgs/include/nav2_msgs/nav2_msgs/msg/detail/missed_waypoint__functions.h
[407.475s] -- Symlinking: /home/brilliant/ros2_ws/install/nav2_msgs/include/nav2_msgs/nav2_msgs/msg/detail/missed_waypoint__struct.h
[407.496s] -- Symlinking: /home/brilliant/ros2_ws/install/nav2_msgs/include/nav2_msgs/nav2_msgs/msg/detail/missed_waypoint__type_support.h
[407.519s] -- Symlinking: /home/brilliant/ros2_ws/install/nav2_msgs/include/nav2_msgs/nav2_msgs/msg/detail/particle__functions.h
[407.541s] -- Symlinking: /home/brilliant/ros2_ws/install/nav2_msgs/include/nav2_msgs/nav2_msgs/msg/detail/particle__struct.h
[407.560s] -- Symlinking: /home/brilliant/ros2_ws/install/nav2_msgs/include/nav2_msgs/nav2_msgs/msg/detail/particle__type_support.h
[407.580s] -- Symlinking: /home/brilliant/ros2_ws/install/nav2_msgs/include/nav2_msgs/nav2_msgs/msg/detail/particle_cloud__functions.h
[407.600s] -- Symlinking: /home/brilliant/ros2_ws/install/nav2_msgs/include/nav2_msgs/nav2_msgs/msg/detail/particle_cloud__struct.h
[407.623s] -- Symlinking: /home/brilliant/ros2_ws/install/nav2_msgs/include/nav2_msgs/nav2_msgs/msg/detail/particle_cloud__type_support.h
[407.644s] -- Symlinking: /home/brilliant/ros2_ws/install/nav2_msgs/include/nav2_msgs/nav2_msgs/msg/detail/speed_limit__functions.h
[407.663s] -- Symlinking: /home/brilliant/ros2_ws/install/nav2_msgs/include/nav2_msgs/nav2_msgs/msg/detail/speed_limit__struct.h
[407.682s] -- Symlinking: /home/brilliant/ros2_ws/install/nav2_msgs/include/nav2_msgs/nav2_msgs/msg/detail/speed_limit__type_support.h
[407.700s] -- Symlinking: /home/brilliant/ros2_ws/install/nav2_msgs/include/nav2_msgs/nav2_msgs/msg/detail/voxel_grid__functions.h
[407.722s] -- Symlinking: /home/brilliant/ros2_ws/install/nav2_msgs/include/nav2_msgs/nav2_msgs/msg/detail/voxel_grid__struct.h
[407.744s] -- Symlinking: /home/brilliant/ros2_ws/install/nav2_msgs/include/nav2_msgs/nav2_msgs/msg/detail/voxel_grid__type_support.h
[407.763s] -- Symlinking: /home/brilliant/ros2_ws/install/nav2_msgs/include/nav2_msgs/nav2_msgs/msg/missed_waypoint.h
[407.781s] -- Symlinking: /home/brilliant/ros2_ws/install/nav2_msgs/include/nav2_msgs/nav2_msgs/msg/particle.h
[407.808s] -- Symlinking: /home/brilliant/ros2_ws/install/nav2_msgs/include/nav2_msgs/nav2_msgs/msg/particle_cloud.h
[407.828s] -- Symlinking: /home/brilliant/ros2_ws/install/nav2_msgs/include/nav2_msgs/nav2_msgs/msg/rosidl_generator_c__visibility_control.h
[407.849s] -- Symlinking: /home/brilliant/ros2_ws/install/nav2_msgs/include/nav2_msgs/nav2_msgs/msg/speed_limit.h
[407.868s] -- Symlinking: /home/brilliant/ros2_ws/install/nav2_msgs/include/nav2_msgs/nav2_msgs/msg/voxel_grid.h
[407.887s] -- Symlinking: /home/brilliant/ros2_ws/install/nav2_msgs/include/nav2_msgs/nav2_msgs/srv/clear_costmap_around_pose.h
[407.906s] -- Symlinking: /home/brilliant/ros2_ws/install/nav2_msgs/include/nav2_msgs/nav2_msgs/srv/clear_costmap_around_robot.h
[407.930s] -- Symlinking: /home/brilliant/ros2_ws/install/nav2_msgs/include/nav2_msgs/nav2_msgs/srv/clear_costmap_except_region.h
[407.955s] -- Symlinking: /home/brilliant/ros2_ws/install/nav2_msgs/include/nav2_msgs/nav2_msgs/srv/clear_entire_costmap.h
[407.974s] -- Symlinking: /home/brilliant/ros2_ws/install/nav2_msgs/include/nav2_msgs/nav2_msgs/srv/detail/clear_costmap_around_pose__functions.h
[407.997s] -- Symlinking: /home/brilliant/ros2_ws/install/nav2_msgs/include/nav2_msgs/nav2_msgs/srv/detail/clear_costmap_around_pose__struct.h
[408.019s] -- Symlinking: /home/brilliant/ros2_ws/install/nav2_msgs/include/nav2_msgs/nav2_msgs/srv/detail/clear_costmap_around_pose__type_support.h
[408.038s] -- Symlinking: /home/brilliant/ros2_ws/install/nav2_msgs/include/nav2_msgs/nav2_msgs/srv/detail/clear_costmap_around_robot__functions.h
[408.057s] -- Symlinking: /home/brilliant/ros2_ws/install/nav2_msgs/include/nav2_msgs/nav2_msgs/srv/detail/clear_costmap_around_robot__struct.h
[408.077s] -- Symlinking: /home/brilliant/ros2_ws/install/nav2_msgs/include/nav2_msgs/nav2_msgs/srv/detail/clear_costmap_around_robot__type_support.h
[408.097s] -- Symlinking: /home/brilliant/ros2_ws/install/nav2_msgs/include/nav2_msgs/nav2_msgs/srv/detail/clear_costmap_except_region__functions.h
[408.119s] -- Symlinking: /home/brilliant/ros2_ws/install/nav2_msgs/include/nav2_msgs/nav2_msgs/srv/detail/clear_costmap_except_region__struct.h
[408.139s] -- Symlinking: /home/brilliant/ros2_ws/install/nav2_msgs/include/nav2_msgs/nav2_msgs/srv/detail/clear_costmap_except_region__type_support.h
[408.158s] -- Symlinking: /home/brilliant/ros2_ws/install/nav2_msgs/include/nav2_msgs/nav2_msgs/srv/detail/clear_entire_costmap__functions.h
[408.178s] -- Symlinking: /home/brilliant/ros2_ws/install/nav2_msgs/include/nav2_msgs/nav2_msgs/srv/detail/clear_entire_costmap__struct.h
[408.196s] -- Symlinking: /home/brilliant/ros2_ws/install/nav2_msgs/include/nav2_msgs/nav2_msgs/srv/detail/clear_entire_costmap__type_support.h
[408.217s] -- Symlinking: /home/brilliant/ros2_ws/install/nav2_msgs/include/nav2_msgs/nav2_msgs/srv/detail/get_cost__functions.h
[408.237s] -- Symlinking: /home/brilliant/ros2_ws/install/nav2_msgs/include/nav2_msgs/nav2_msgs/srv/detail/get_cost__struct.h
[408.256s] -- Symlinking: /home/brilliant/ros2_ws/install/nav2_msgs/include/nav2_msgs/nav2_msgs/srv/detail/get_cost__type_support.h
[408.277s] -- Symlinking: /home/brilliant/ros2_ws/install/nav2_msgs/include/nav2_msgs/nav2_msgs/srv/detail/get_costmap__functions.h
[408.297s] -- Symlinking: /home/brilliant/ros2_ws/install/nav2_msgs/include/nav2_msgs/nav2_msgs/srv/detail/get_costmap__struct.h
[408.317s] -- Symlinking: /home/brilliant/ros2_ws/install/nav2_msgs/include/nav2_msgs/nav2_msgs/srv/detail/get_costmap__type_support.h
[408.340s] -- Symlinking: /home/brilliant/ros2_ws/install/nav2_msgs/include/nav2_msgs/nav2_msgs/srv/detail/is_path_valid__functions.h
[408.363s] -- Symlinking: /home/brilliant/ros2_ws/install/nav2_msgs/include/nav2_msgs/nav2_msgs/srv/detail/is_path_valid__struct.h
[408.383s] -- Symlinking: /home/brilliant/ros2_ws/install/nav2_msgs/include/nav2_msgs/nav2_msgs/srv/detail/is_path_valid__type_support.h
[408.407s] -- Symlinking: /home/brilliant/ros2_ws/install/nav2_msgs/include/nav2_msgs/nav2_msgs/srv/detail/load_map__functions.h
[408.432s] -- Symlinking: /home/brilliant/ros2_ws/install/nav2_msgs/include/nav2_msgs/nav2_msgs/srv/detail/load_map__struct.h
[408.455s] -- Symlinking: /home/brilliant/ros2_ws/install/nav2_msgs/include/nav2_msgs/nav2_msgs/srv/detail/load_map__type_support.h
[408.476s] -- Symlinking: /home/brilliant/ros2_ws/install/nav2_msgs/include/nav2_msgs/nav2_msgs/srv/detail/manage_lifecycle_nodes__functions.h
[408.500s] -- Symlinking: /home/brilliant/ros2_ws/install/nav2_msgs/include/nav2_msgs/nav2_msgs/srv/detail/manage_lifecycle_nodes__struct.h
[408.523s] -- Symlinking: /home/brilliant/ros2_ws/install/nav2_msgs/include/nav2_msgs/nav2_msgs/srv/detail/manage_lifecycle_nodes__type_support.h
[408.546s] -- Symlinking: /home/brilliant/ros2_ws/install/nav2_msgs/include/nav2_msgs/nav2_msgs/srv/detail/reload_dock_database__functions.h
[408.568s] -- Symlinking: /home/brilliant/ros2_ws/install/nav2_msgs/include/nav2_msgs/nav2_msgs/srv/detail/reload_dock_database__struct.h
[408.589s] -- Symlinking: /home/brilliant/ros2_ws/install/nav2_msgs/include/nav2_msgs/nav2_msgs/srv/detail/reload_dock_database__type_support.h
[408.621s] -- Symlinking: /home/brilliant/ros2_ws/install/nav2_msgs/include/nav2_msgs/nav2_msgs/srv/detail/save_map__functions.h
[408.642s] -- Symlinking: /home/brilliant/ros2_ws/install/nav2_msgs/include/nav2_msgs/nav2_msgs/srv/detail/save_map__struct.h
[408.664s] -- Symlinking: /home/brilliant/ros2_ws/install/nav2_msgs/include/nav2_msgs/nav2_msgs/srv/detail/save_map__type_support.h
[408.685s] -- Symlinking: /home/brilliant/ros2_ws/install/nav2_msgs/include/nav2_msgs/nav2_msgs/srv/detail/set_initial_pose__functions.h
[408.707s] -- Symlinking: /home/brilliant/ros2_ws/install/nav2_msgs/include/nav2_msgs/nav2_msgs/srv/detail/set_initial_pose__struct.h
[408.730s] -- Symlinking: /home/brilliant/ros2_ws/install/nav2_msgs/include/nav2_msgs/nav2_msgs/srv/detail/set_initial_pose__type_support.h
[408.752s] -- Symlinking: /home/brilliant/ros2_ws/install/nav2_msgs/include/nav2_msgs/nav2_msgs/srv/get_cost.h
[408.772s] -- Symlinking: /home/brilliant/ros2_ws/install/nav2_msgs/include/nav2_msgs/nav2_msgs/srv/get_costmap.h
[408.796s] -- Symlinking: /home/brilliant/ros2_ws/install/nav2_msgs/include/nav2_msgs/nav2_msgs/srv/is_path_valid.h
[408.823s] -- Symlinking: /home/brilliant/ros2_ws/install/nav2_msgs/include/nav2_msgs/nav2_msgs/srv/load_map.h
[408.844s] -- Symlinking: /home/brilliant/ros2_ws/install/nav2_msgs/include/nav2_msgs/nav2_msgs/srv/manage_lifecycle_nodes.h
[408.865s] -- Symlinking: /home/brilliant/ros2_ws/install/nav2_msgs/include/nav2_msgs/nav2_msgs/srv/reload_dock_database.h
[408.886s] -- Symlinking: /home/brilliant/ros2_ws/install/nav2_msgs/include/nav2_msgs/nav2_msgs/srv/save_map.h
[408.912s] -- Symlinking: /home/brilliant/ros2_ws/install/nav2_msgs/include/nav2_msgs/nav2_msgs/srv/set_initial_pose.h
[408.935s] -- Symlinking: /home/brilliant/ros2_ws/install/nav2_msgs/share/nav2_msgs/environment/library_path.sh
[408.960s] -- Symlinking: /home/brilliant/ros2_ws/install/nav2_msgs/share/nav2_msgs/environment/library_path.dsv
[408.996s] -- Symlinking: /home/brilliant/ros2_ws/install/nav2_msgs/include/nav2_msgs/nav2_msgs/action/detail/assisted_teleop__rosidl_typesupport_fastrtps_c.h
[409.020s] -- Symlinking: /home/brilliant/ros2_ws/install/nav2_msgs/include/nav2_msgs/nav2_msgs/action/detail/back_up__rosidl_typesupport_fastrtps_c.h
[409.042s] -- Symlinking: /home/brilliant/ros2_ws/install/nav2_msgs/include/nav2_msgs/nav2_msgs/action/detail/compute_path_through_poses__rosidl_typesupport_fastrtps_c.h
[409.064s] -- Symlinking: /home/brilliant/ros2_ws/install/nav2_msgs/include/nav2_msgs/nav2_msgs/action/detail/compute_path_to_pose__rosidl_typesupport_fastrtps_c.h
[409.084s] -- Symlinking: /home/brilliant/ros2_ws/install/nav2_msgs/include/nav2_msgs/nav2_msgs/action/detail/dock_robot__rosidl_typesupport_fastrtps_c.h
[409.105s] -- Symlinking: /home/brilliant/ros2_ws/install/nav2_msgs/include/nav2_msgs/nav2_msgs/action/detail/drive_on_heading__rosidl_typesupport_fastrtps_c.h
[409.127s] -- Symlinking: /home/brilliant/ros2_ws/install/nav2_msgs/include/nav2_msgs/nav2_msgs/action/detail/dummy_behavior__rosidl_typesupport_fastrtps_c.h
[409.150s] -- Symlinking: /home/brilliant/ros2_ws/install/nav2_msgs/include/nav2_msgs/nav2_msgs/action/detail/follow_gps_waypoints__rosidl_typesupport_fastrtps_c.h
[409.172s] -- Symlinking: /home/brilliant/ros2_ws/install/nav2_msgs/include/nav2_msgs/nav2_msgs/action/detail/follow_path__rosidl_typesupport_fastrtps_c.h
[409.193s] -- Symlinking: /home/brilliant/ros2_ws/install/nav2_msgs/include/nav2_msgs/nav2_msgs/action/detail/follow_waypoints__rosidl_typesupport_fastrtps_c.h
[409.215s] -- Symlinking: /home/brilliant/ros2_ws/install/nav2_msgs/include/nav2_msgs/nav2_msgs/action/detail/navigate_through_poses__rosidl_typesupport_fastrtps_c.h
[409.236s] -- Symlinking: /home/brilliant/ros2_ws/install/nav2_msgs/include/nav2_msgs/nav2_msgs/action/detail/navigate_to_pose__rosidl_typesupport_fastrtps_c.h
[409.258s] -- Symlinking: /home/brilliant/ros2_ws/install/nav2_msgs/include/nav2_msgs/nav2_msgs/action/detail/smooth_path__rosidl_typesupport_fastrtps_c.h
[409.277s] -- Symlinking: /home/brilliant/ros2_ws/install/nav2_msgs/include/nav2_msgs/nav2_msgs/action/detail/spin__rosidl_typesupport_fastrtps_c.h
[409.296s] -- Symlinking: /home/brilliant/ros2_ws/install/nav2_msgs/include/nav2_msgs/nav2_msgs/action/detail/undock_robot__rosidl_typesupport_fastrtps_c.h
[409.318s] -- Symlinking: /home/brilliant/ros2_ws/install/nav2_msgs/include/nav2_msgs/nav2_msgs/action/detail/wait__rosidl_typesupport_fastrtps_c.h
[409.337s] -- Symlinking: /home/brilliant/ros2_ws/install/nav2_msgs/include/nav2_msgs/nav2_msgs/msg/detail/behavior_tree_log__rosidl_typesupport_fastrtps_c.h
[409.359s] -- Symlinking: /home/brilliant/ros2_ws/install/nav2_msgs/include/nav2_msgs/nav2_msgs/msg/detail/behavior_tree_status_change__rosidl_typesupport_fastrtps_c.h
[409.379s] -- Symlinking: /home/brilliant/ros2_ws/install/nav2_msgs/include/nav2_msgs/nav2_msgs/msg/detail/collision_detector_state__rosidl_typesupport_fastrtps_c.h
[409.398s] -- Symlinking: /home/brilliant/ros2_ws/install/nav2_msgs/include/nav2_msgs/nav2_msgs/msg/detail/collision_monitor_state__rosidl_typesupport_fastrtps_c.h
[409.419s] -- Symlinking: /home/brilliant/ros2_ws/install/nav2_msgs/include/nav2_msgs/nav2_msgs/msg/detail/costmap__rosidl_typesupport_fastrtps_c.h
[409.442s] -- Symlinking: /home/brilliant/ros2_ws/install/nav2_msgs/include/nav2_msgs/nav2_msgs/msg/detail/costmap_filter_info__rosidl_typesupport_fastrtps_c.h
[409.464s] -- Symlinking: /home/brilliant/ros2_ws/install/nav2_msgs/include/nav2_msgs/nav2_msgs/msg/detail/costmap_meta_data__rosidl_typesupport_fastrtps_c.h
[409.487s] -- Symlinking: /home/brilliant/ros2_ws/install/nav2_msgs/include/nav2_msgs/nav2_msgs/msg/detail/costmap_update__rosidl_typesupport_fastrtps_c.h
[409.508s] -- Symlinking: /home/brilliant/ros2_ws/install/nav2_msgs/include/nav2_msgs/nav2_msgs/msg/detail/missed_waypoint__rosidl_typesupport_fastrtps_c.h
[409.530s] -- Symlinking: /home/brilliant/ros2_ws/install/nav2_msgs/include/nav2_msgs/nav2_msgs/msg/detail/particle__rosidl_typesupport_fastrtps_c.h
[409.555s] -- Symlinking: /home/brilliant/ros2_ws/install/nav2_msgs/include/nav2_msgs/nav2_msgs/msg/detail/particle_cloud__rosidl_typesupport_fastrtps_c.h
[409.577s] -- Symlinking: /home/brilliant/ros2_ws/install/nav2_msgs/include/nav2_msgs/nav2_msgs/msg/detail/speed_limit__rosidl_typesupport_fastrtps_c.h
[409.600s] -- Symlinking: /home/brilliant/ros2_ws/install/nav2_msgs/include/nav2_msgs/nav2_msgs/msg/detail/voxel_grid__rosidl_typesupport_fastrtps_c.h
[409.628s] -- Symlinking: /home/brilliant/ros2_ws/install/nav2_msgs/include/nav2_msgs/nav2_msgs/msg/rosidl_typesupport_fastrtps_c__visibility_control.h
[409.650s] -- Symlinking: /home/brilliant/ros2_ws/install/nav2_msgs/include/nav2_msgs/nav2_msgs/srv/detail/clear_costmap_around_pose__rosidl_typesupport_fastrtps_c.h
[409.670s] -- Symlinking: /home/brilliant/ros2_ws/install/nav2_msgs/include/nav2_msgs/nav2_msgs/srv/detail/clear_costmap_around_robot__rosidl_typesupport_fastrtps_c.h
[409.692s] -- Symlinking: /home/brilliant/ros2_ws/install/nav2_msgs/include/nav2_msgs/nav2_msgs/srv/detail/clear_costmap_except_region__rosidl_typesupport_fastrtps_c.h
[409.712s] -- Symlinking: /home/brilliant/ros2_ws/install/nav2_msgs/include/nav2_msgs/nav2_msgs/srv/detail/clear_entire_costmap__rosidl_typesupport_fastrtps_c.h
[409.735s] -- Symlinking: /home/brilliant/ros2_ws/install/nav2_msgs/include/nav2_msgs/nav2_msgs/srv/detail/get_cost__rosidl_typesupport_fastrtps_c.h
[409.758s] -- Symlinking: /home/brilliant/ros2_ws/install/nav2_msgs/include/nav2_msgs/nav2_msgs/srv/detail/get_costmap__rosidl_typesupport_fastrtps_c.h
[409.780s] -- Symlinking: /home/brilliant/ros2_ws/install/nav2_msgs/include/nav2_msgs/nav2_msgs/srv/detail/is_path_valid__rosidl_typesupport_fastrtps_c.h
[409.801s] -- Symlinking: /home/brilliant/ros2_ws/install/nav2_msgs/include/nav2_msgs/nav2_msgs/srv/detail/load_map__rosidl_typesupport_fastrtps_c.h
[409.825s] -- Symlinking: /home/brilliant/ros2_ws/install/nav2_msgs/include/nav2_msgs/nav2_msgs/srv/detail/manage_lifecycle_nodes__rosidl_typesupport_fastrtps_c.h
[409.846s] -- Symlinking: /home/brilliant/ros2_ws/install/nav2_msgs/include/nav2_msgs/nav2_msgs/srv/detail/reload_dock_database__rosidl_typesupport_fastrtps_c.h
[409.866s] -- Symlinking: /home/brilliant/ros2_ws/install/nav2_msgs/include/nav2_msgs/nav2_msgs/srv/detail/save_map__rosidl_typesupport_fastrtps_c.h
[409.887s] -- Symlinking: /home/brilliant/ros2_ws/install/nav2_msgs/include/nav2_msgs/nav2_msgs/srv/detail/set_initial_pose__rosidl_typesupport_fastrtps_c.h
[409.918s] -- Symlinking: /home/brilliant/ros2_ws/install/nav2_msgs/include/nav2_msgs/nav2_msgs/action/assisted_teleop.hpp
[409.941s] -- Symlinking: /home/brilliant/ros2_ws/install/nav2_msgs/include/nav2_msgs/nav2_msgs/action/back_up.hpp
[409.967s] -- Symlinking: /home/brilliant/ros2_ws/install/nav2_msgs/include/nav2_msgs/nav2_msgs/action/compute_path_through_poses.hpp
[409.993s] -- Symlinking: /home/brilliant/ros2_ws/install/nav2_msgs/include/nav2_msgs/nav2_msgs/action/compute_path_to_pose.hpp
[410.018s] -- Symlinking: /home/brilliant/ros2_ws/install/nav2_msgs/include/nav2_msgs/nav2_msgs/action/detail/assisted_teleop__builder.hpp
[410.041s] -- Symlinking: /home/brilliant/ros2_ws/install/nav2_msgs/include/nav2_msgs/nav2_msgs/action/detail/assisted_teleop__struct.hpp
[410.062s] -- Symlinking: /home/brilliant/ros2_ws/install/nav2_msgs/include/nav2_msgs/nav2_msgs/action/detail/assisted_teleop__traits.hpp
[410.082s] -- Symlinking: /home/brilliant/ros2_ws/install/nav2_msgs/include/nav2_msgs/nav2_msgs/action/detail/assisted_teleop__type_support.hpp
[410.106s] -- Symlinking: /home/brilliant/ros2_ws/install/nav2_msgs/include/nav2_msgs/nav2_msgs/action/detail/back_up__builder.hpp
[410.130s] -- Symlinking: /home/brilliant/ros2_ws/install/nav2_msgs/include/nav2_msgs/nav2_msgs/action/detail/back_up__struct.hpp
[410.154s] -- Symlinking: /home/brilliant/ros2_ws/install/nav2_msgs/include/nav2_msgs/nav2_msgs/action/detail/back_up__traits.hpp
[410.177s] -- Symlinking: /home/brilliant/ros2_ws/install/nav2_msgs/include/nav2_msgs/nav2_msgs/action/detail/back_up__type_support.hpp
[410.199s] -- Symlinking: /home/brilliant/ros2_ws/install/nav2_msgs/include/nav2_msgs/nav2_msgs/action/detail/compute_path_through_poses__builder.hpp
[410.222s] -- Symlinking: /home/brilliant/ros2_ws/install/nav2_msgs/include/nav2_msgs/nav2_msgs/action/detail/compute_path_through_poses__struct.hpp
[410.242s] -- Symlinking: /home/brilliant/ros2_ws/install/nav2_msgs/include/nav2_msgs/nav2_msgs/action/detail/compute_path_through_poses__traits.hpp
[410.263s] -- Symlinking: /home/brilliant/ros2_ws/install/nav2_msgs/include/nav2_msgs/nav2_msgs/action/detail/compute_path_through_poses__type_support.hpp
[410.284s] -- Symlinking: /home/brilliant/ros2_ws/install/nav2_msgs/include/nav2_msgs/nav2_msgs/action/detail/compute_path_to_pose__builder.hpp
[410.307s] -- Symlinking: /home/brilliant/ros2_ws/install/nav2_msgs/include/nav2_msgs/nav2_msgs/action/detail/compute_path_to_pose__struct.hpp
[410.330s] -- Symlinking: /home/brilliant/ros2_ws/install/nav2_msgs/include/nav2_msgs/nav2_msgs/action/detail/compute_path_to_pose__traits.hpp
[410.351s] -- Symlinking: /home/brilliant/ros2_ws/install/nav2_msgs/include/nav2_msgs/nav2_msgs/action/detail/compute_path_to_pose__type_support.hpp
[410.372s] -- Symlinking: /home/brilliant/ros2_ws/install/nav2_msgs/include/nav2_msgs/nav2_msgs/action/detail/dock_robot__builder.hpp
[410.392s] -- Symlinking: /home/brilliant/ros2_ws/install/nav2_msgs/include/nav2_msgs/nav2_msgs/action/detail/dock_robot__struct.hpp
[410.412s] -- Symlinking: /home/brilliant/ros2_ws/install/nav2_msgs/include/nav2_msgs/nav2_msgs/action/detail/dock_robot__traits.hpp
[410.436s] -- Symlinking: /home/brilliant/ros2_ws/install/nav2_msgs/include/nav2_msgs/nav2_msgs/action/detail/dock_robot__type_support.hpp
[410.456s] -- Symlinking: /home/brilliant/ros2_ws/install/nav2_msgs/include/nav2_msgs/nav2_msgs/action/detail/drive_on_heading__builder.hpp
[410.477s] -- Symlinking: /home/brilliant/ros2_ws/install/nav2_msgs/include/nav2_msgs/nav2_msgs/action/detail/drive_on_heading__struct.hpp
[410.497s] -- Symlinking: /home/brilliant/ros2_ws/install/nav2_msgs/include/nav2_msgs/nav2_msgs/action/detail/drive_on_heading__traits.hpp
[410.517s] -- Symlinking: /home/brilliant/ros2_ws/install/nav2_msgs/include/nav2_msgs/nav2_msgs/action/detail/drive_on_heading__type_support.hpp
[410.540s] -- Symlinking: /home/brilliant/ros2_ws/install/nav2_msgs/include/nav2_msgs/nav2_msgs/action/detail/dummy_behavior__builder.hpp
[410.560s] -- Symlinking: /home/brilliant/ros2_ws/install/nav2_msgs/include/nav2_msgs/nav2_msgs/action/detail/dummy_behavior__struct.hpp
[410.579s] -- Symlinking: /home/brilliant/ros2_ws/install/nav2_msgs/include/nav2_msgs/nav2_msgs/action/detail/dummy_behavior__traits.hpp
[410.599s] -- Symlinking: /home/brilliant/ros2_ws/install/nav2_msgs/include/nav2_msgs/nav2_msgs/action/detail/dummy_behavior__type_support.hpp
[410.618s] -- Symlinking: /home/brilliant/ros2_ws/install/nav2_msgs/include/nav2_msgs/nav2_msgs/action/detail/follow_gps_waypoints__builder.hpp
[410.639s] -- Symlinking: /home/brilliant/ros2_ws/install/nav2_msgs/include/nav2_msgs/nav2_msgs/action/detail/follow_gps_waypoints__struct.hpp
[410.664s] -- Symlinking: /home/brilliant/ros2_ws/install/nav2_msgs/include/nav2_msgs/nav2_msgs/action/detail/follow_gps_waypoints__traits.hpp
[410.688s] -- Symlinking: /home/brilliant/ros2_ws/install/nav2_msgs/include/nav2_msgs/nav2_msgs/action/detail/follow_gps_waypoints__type_support.hpp
[410.712s] -- Symlinking: /home/brilliant/ros2_ws/install/nav2_msgs/include/nav2_msgs/nav2_msgs/action/detail/follow_path__builder.hpp
[410.733s] -- Symlinking: /home/brilliant/ros2_ws/install/nav2_msgs/include/nav2_msgs/nav2_msgs/action/detail/follow_path__struct.hpp
[410.756s] -- Symlinking: /home/brilliant/ros2_ws/install/nav2_msgs/include/nav2_msgs/nav2_msgs/action/detail/follow_path__traits.hpp
[410.777s] -- Symlinking: /home/brilliant/ros2_ws/install/nav2_msgs/include/nav2_msgs/nav2_msgs/action/detail/follow_path__type_support.hpp
[410.797s] -- Symlinking: /home/brilliant/ros2_ws/install/nav2_msgs/include/nav2_msgs/nav2_msgs/action/detail/follow_waypoints__builder.hpp
[410.819s] -- Symlinking: /home/brilliant/ros2_ws/install/nav2_msgs/include/nav2_msgs/nav2_msgs/action/detail/follow_waypoints__struct.hpp
[410.839s] -- Symlinking: /home/brilliant/ros2_ws/install/nav2_msgs/include/nav2_msgs/nav2_msgs/action/detail/follow_waypoints__traits.hpp
[410.861s] -- Symlinking: /home/brilliant/ros2_ws/install/nav2_msgs/include/nav2_msgs/nav2_msgs/action/detail/follow_waypoints__type_support.hpp
[410.882s] -- Symlinking: /home/brilliant/ros2_ws/install/nav2_msgs/include/nav2_msgs/nav2_msgs/action/detail/navigate_through_poses__builder.hpp
[410.903s] -- Symlinking: /home/brilliant/ros2_ws/install/nav2_msgs/include/nav2_msgs/nav2_msgs/action/detail/navigate_through_poses__struct.hpp
[410.927s] -- Symlinking: /home/brilliant/ros2_ws/install/nav2_msgs/include/nav2_msgs/nav2_msgs/action/detail/navigate_through_poses__traits.hpp
[410.949s] -- Symlinking: /home/brilliant/ros2_ws/install/nav2_msgs/include/nav2_msgs/nav2_msgs/action/detail/navigate_through_poses__type_support.hpp
[410.975s] -- Symlinking: /home/brilliant/ros2_ws/install/nav2_msgs/include/nav2_msgs/nav2_msgs/action/detail/navigate_to_pose__builder.hpp
[410.999s] -- Symlinking: /home/brilliant/ros2_ws/install/nav2_msgs/include/nav2_msgs/nav2_msgs/action/detail/navigate_to_pose__struct.hpp
[411.035s] -- Symlinking: /home/brilliant/ros2_ws/install/nav2_msgs/include/nav2_msgs/nav2_msgs/action/detail/navigate_to_pose__traits.hpp
[411.094s] -- Symlinking: /home/brilliant/ros2_ws/install/nav2_msgs/include/nav2_msgs/nav2_msgs/action/detail/navigate_to_pose__type_support.hpp
[411.137s] -- Symlinking: /home/brilliant/ros2_ws/install/nav2_msgs/include/nav2_msgs/nav2_msgs/action/detail/smooth_path__builder.hpp
[411.200s] -- Symlinking: /home/brilliant/ros2_ws/install/nav2_msgs/include/nav2_msgs/nav2_msgs/action/detail/smooth_path__struct.hpp
[411.244s] -- Symlinking: /home/brilliant/ros2_ws/install/nav2_msgs/include/nav2_msgs/nav2_msgs/action/detail/smooth_path__traits.hpp
[411.280s] -- Symlinking: /home/brilliant/ros2_ws/install/nav2_msgs/include/nav2_msgs/nav2_msgs/action/detail/smooth_path__type_support.hpp
[411.309s] -- Symlinking: /home/brilliant/ros2_ws/install/nav2_msgs/include/nav2_msgs/nav2_msgs/action/detail/spin__builder.hpp
[411.330s] -- Symlinking: /home/brilliant/ros2_ws/install/nav2_msgs/include/nav2_msgs/nav2_msgs/action/detail/spin__struct.hpp
[411.350s] -- Symlinking: /home/brilliant/ros2_ws/install/nav2_msgs/include/nav2_msgs/nav2_msgs/action/detail/spin__traits.hpp
[411.368s] -- Symlinking: /home/brilliant/ros2_ws/install/nav2_msgs/include/nav2_msgs/nav2_msgs/action/detail/spin__type_support.hpp
[411.388s] -- Symlinking: /home/brilliant/ros2_ws/install/nav2_msgs/include/nav2_msgs/nav2_msgs/action/detail/undock_robot__builder.hpp
[411.408s] -- Symlinking: /home/brilliant/ros2_ws/install/nav2_msgs/include/nav2_msgs/nav2_msgs/action/detail/undock_robot__struct.hpp
[411.429s] -- Symlinking: /home/brilliant/ros2_ws/install/nav2_msgs/include/nav2_msgs/nav2_msgs/action/detail/undock_robot__traits.hpp
[411.447s] -- Symlinking: /home/brilliant/ros2_ws/install/nav2_msgs/include/nav2_msgs/nav2_msgs/action/detail/undock_robot__type_support.hpp
[411.467s] -- Symlinking: /home/brilliant/ros2_ws/install/nav2_msgs/include/nav2_msgs/nav2_msgs/action/detail/wait__builder.hpp
[411.487s] -- Symlinking: /home/brilliant/ros2_ws/install/nav2_msgs/include/nav2_msgs/nav2_msgs/action/detail/wait__struct.hpp
[411.506s] -- Symlinking: /home/brilliant/ros2_ws/install/nav2_msgs/include/nav2_msgs/nav2_msgs/action/detail/wait__traits.hpp
[411.528s] -- Symlinking: /home/brilliant/ros2_ws/install/nav2_msgs/include/nav2_msgs/nav2_msgs/action/detail/wait__type_support.hpp
[411.547s] -- Symlinking: /home/brilliant/ros2_ws/install/nav2_msgs/include/nav2_msgs/nav2_msgs/action/dock_robot.hpp
[411.566s] -- Symlinking: /home/brilliant/ros2_ws/install/nav2_msgs/include/nav2_msgs/nav2_msgs/action/drive_on_heading.hpp
[411.587s] -- Symlinking: /home/brilliant/ros2_ws/install/nav2_msgs/include/nav2_msgs/nav2_msgs/action/dummy_behavior.hpp
[411.610s] -- Symlinking: /home/brilliant/ros2_ws/install/nav2_msgs/include/nav2_msgs/nav2_msgs/action/follow_gps_waypoints.hpp
[411.637s] -- Symlinking: /home/brilliant/ros2_ws/install/nav2_msgs/include/nav2_msgs/nav2_msgs/action/follow_path.hpp
[411.658s] -- Symlinking: /home/brilliant/ros2_ws/install/nav2_msgs/include/nav2_msgs/nav2_msgs/action/follow_waypoints.hpp
[411.678s] -- Symlinking: /home/brilliant/ros2_ws/install/nav2_msgs/include/nav2_msgs/nav2_msgs/action/navigate_through_poses.hpp
[411.698s] -- Symlinking: /home/brilliant/ros2_ws/install/nav2_msgs/include/nav2_msgs/nav2_msgs/action/navigate_to_pose.hpp
[411.718s] -- Symlinking: /home/brilliant/ros2_ws/install/nav2_msgs/include/nav2_msgs/nav2_msgs/action/smooth_path.hpp
[411.741s] -- Symlinking: /home/brilliant/ros2_ws/install/nav2_msgs/include/nav2_msgs/nav2_msgs/action/spin.hpp
[411.762s] -- Symlinking: /home/brilliant/ros2_ws/install/nav2_msgs/include/nav2_msgs/nav2_msgs/action/undock_robot.hpp
[411.784s] -- Symlinking: /home/brilliant/ros2_ws/install/nav2_msgs/include/nav2_msgs/nav2_msgs/action/wait.hpp
[411.806s] -- Symlinking: /home/brilliant/ros2_ws/install/nav2_msgs/include/nav2_msgs/nav2_msgs/msg/behavior_tree_log.hpp
[411.828s] -- Symlinking: /home/brilliant/ros2_ws/install/nav2_msgs/include/nav2_msgs/nav2_msgs/msg/behavior_tree_status_change.hpp
[411.849s] -- Symlinking: /home/brilliant/ros2_ws/install/nav2_msgs/include/nav2_msgs/nav2_msgs/msg/collision_detector_state.hpp
[411.871s] -- Symlinking: /home/brilliant/ros2_ws/install/nav2_msgs/include/nav2_msgs/nav2_msgs/msg/collision_monitor_state.hpp
[411.893s] -- Symlinking: /home/brilliant/ros2_ws/install/nav2_msgs/include/nav2_msgs/nav2_msgs/msg/costmap.hpp
[411.914s] -- Symlinking: /home/brilliant/ros2_ws/install/nav2_msgs/include/nav2_msgs/nav2_msgs/msg/costmap_filter_info.hpp
[411.936s] -- Symlinking: /home/brilliant/ros2_ws/install/nav2_msgs/include/nav2_msgs/nav2_msgs/msg/costmap_meta_data.hpp
[411.955s] -- Symlinking: /home/brilliant/ros2_ws/install/nav2_msgs/include/nav2_msgs/nav2_msgs/msg/costmap_update.hpp
[411.984s] -- Symlinking: /home/brilliant/ros2_ws/install/nav2_msgs/include/nav2_msgs/nav2_msgs/msg/detail/behavior_tree_log__builder.hpp
[412.014s] -- Symlinking: /home/brilliant/ros2_ws/install/nav2_msgs/include/nav2_msgs/nav2_msgs/msg/detail/behavior_tree_log__struct.hpp
[412.035s] -- Symlinking: /home/brilliant/ros2_ws/install/nav2_msgs/include/nav2_msgs/nav2_msgs/msg/detail/behavior_tree_log__traits.hpp
[412.054s] -- Symlinking: /home/brilliant/ros2_ws/install/nav2_msgs/include/nav2_msgs/nav2_msgs/msg/detail/behavior_tree_log__type_support.hpp
[412.073s] -- Symlinking: /home/brilliant/ros2_ws/install/nav2_msgs/include/nav2_msgs/nav2_msgs/msg/detail/behavior_tree_status_change__builder.hpp
[412.093s] -- Symlinking: /home/brilliant/ros2_ws/install/nav2_msgs/include/nav2_msgs/nav2_msgs/msg/detail/behavior_tree_status_change__struct.hpp
[412.113s] -- Symlinking: /home/brilliant/ros2_ws/install/nav2_msgs/include/nav2_msgs/nav2_msgs/msg/detail/behavior_tree_status_change__traits.hpp
[412.136s] -- Symlinking: /home/brilliant/ros2_ws/install/nav2_msgs/include/nav2_msgs/nav2_msgs/msg/detail/behavior_tree_status_change__type_support.hpp
[412.156s] -- Symlinking: /home/brilliant/ros2_ws/install/nav2_msgs/include/nav2_msgs/nav2_msgs/msg/detail/collision_detector_state__builder.hpp
[412.180s] -- Symlinking: /home/brilliant/ros2_ws/install/nav2_msgs/include/nav2_msgs/nav2_msgs/msg/detail/collision_detector_state__struct.hpp
[412.202s] -- Symlinking: /home/brilliant/ros2_ws/install/nav2_msgs/include/nav2_msgs/nav2_msgs/msg/detail/collision_detector_state__traits.hpp
[412.229s] -- Symlinking: /home/brilliant/ros2_ws/install/nav2_msgs/include/nav2_msgs/nav2_msgs/msg/detail/collision_detector_state__type_support.hpp
[412.251s] -- Symlinking: /home/brilliant/ros2_ws/install/nav2_msgs/include/nav2_msgs/nav2_msgs/msg/detail/collision_monitor_state__builder.hpp
[412.270s] -- Symlinking: /home/brilliant/ros2_ws/install/nav2_msgs/include/nav2_msgs/nav2_msgs/msg/detail/collision_monitor_state__struct.hpp
[412.293s] -- Symlinking: /home/brilliant/ros2_ws/install/nav2_msgs/include/nav2_msgs/nav2_msgs/msg/detail/collision_monitor_state__traits.hpp
[412.312s] -- Symlinking: /home/brilliant/ros2_ws/install/nav2_msgs/include/nav2_msgs/nav2_msgs/msg/detail/collision_monitor_state__type_support.hpp
[412.336s] -- Symlinking: /home/brilliant/ros2_ws/install/nav2_msgs/include/nav2_msgs/nav2_msgs/msg/detail/costmap__builder.hpp
[412.356s] -- Symlinking: /home/brilliant/ros2_ws/install/nav2_msgs/include/nav2_msgs/nav2_msgs/msg/detail/costmap__struct.hpp
[412.377s] -- Symlinking: /home/brilliant/ros2_ws/install/nav2_msgs/include/nav2_msgs/nav2_msgs/msg/detail/costmap__traits.hpp
[412.400s] -- Symlinking: /home/brilliant/ros2_ws/install/nav2_msgs/include/nav2_msgs/nav2_msgs/msg/detail/costmap__type_support.hpp
[412.420s] -- Symlinking: /home/brilliant/ros2_ws/install/nav2_msgs/include/nav2_msgs/nav2_msgs/msg/detail/costmap_filter_info__builder.hpp
[412.442s] -- Symlinking: /home/brilliant/ros2_ws/install/nav2_msgs/include/nav2_msgs/nav2_msgs/msg/detail/costmap_filter_info__struct.hpp
[412.460s] -- Symlinking: /home/brilliant/ros2_ws/install/nav2_msgs/include/nav2_msgs/nav2_msgs/msg/detail/costmap_filter_info__traits.hpp
[412.479s] -- Symlinking: /home/brilliant/ros2_ws/install/nav2_msgs/include/nav2_msgs/nav2_msgs/msg/detail/costmap_filter_info__type_support.hpp
[412.499s] -- Symlinking: /home/brilliant/ros2_ws/install/nav2_msgs/include/nav2_msgs/nav2_msgs/msg/detail/costmap_meta_data__builder.hpp
[412.519s] -- Symlinking: /home/brilliant/ros2_ws/install/nav2_msgs/include/nav2_msgs/nav2_msgs/msg/detail/costmap_meta_data__struct.hpp
[412.540s] -- Symlinking: /home/brilliant/ros2_ws/install/nav2_msgs/include/nav2_msgs/nav2_msgs/msg/detail/costmap_meta_data__traits.hpp
[412.558s] -- Symlinking: /home/brilliant/ros2_ws/install/nav2_msgs/include/nav2_msgs/nav2_msgs/msg/detail/costmap_meta_data__type_support.hpp
[412.578s] -- Symlinking: /home/brilliant/ros2_ws/install/nav2_msgs/include/nav2_msgs/nav2_msgs/msg/detail/costmap_update__builder.hpp
[412.598s] -- Symlinking: /home/brilliant/ros2_ws/install/nav2_msgs/include/nav2_msgs/nav2_msgs/msg/detail/costmap_update__struct.hpp
[412.621s] -- Symlinking: /home/brilliant/ros2_ws/install/nav2_msgs/include/nav2_msgs/nav2_msgs/msg/detail/costmap_update__traits.hpp
[412.641s] -- Symlinking: /home/brilliant/ros2_ws/install/nav2_msgs/include/nav2_msgs/nav2_msgs/msg/detail/costmap_update__type_support.hpp
[412.662s] -- Symlinking: /home/brilliant/ros2_ws/install/nav2_msgs/include/nav2_msgs/nav2_msgs/msg/detail/missed_waypoint__builder.hpp
[412.679s] -- Symlinking: /home/brilliant/ros2_ws/install/nav2_msgs/include/nav2_msgs/nav2_msgs/msg/detail/missed_waypoint__struct.hpp
[412.698s] -- Symlinking: /home/brilliant/ros2_ws/install/nav2_msgs/include/nav2_msgs/nav2_msgs/msg/detail/missed_waypoint__traits.hpp
[412.720s] -- Symlinking: /home/brilliant/ros2_ws/install/nav2_msgs/include/nav2_msgs/nav2_msgs/msg/detail/missed_waypoint__type_support.hpp
[412.743s] -- Symlinking: /home/brilliant/ros2_ws/install/nav2_msgs/include/nav2_msgs/nav2_msgs/msg/detail/particle__builder.hpp
[412.763s] -- Symlinking: /home/brilliant/ros2_ws/install/nav2_msgs/include/nav2_msgs/nav2_msgs/msg/detail/particle__struct.hpp
[412.783s] -- Symlinking: /home/brilliant/ros2_ws/install/nav2_msgs/include/nav2_msgs/nav2_msgs/msg/detail/particle__traits.hpp
[412.805s] -- Symlinking: /home/brilliant/ros2_ws/install/nav2_msgs/include/nav2_msgs/nav2_msgs/msg/detail/particle__type_support.hpp
[412.828s] -- Symlinking: /home/brilliant/ros2_ws/install/nav2_msgs/include/nav2_msgs/nav2_msgs/msg/detail/particle_cloud__builder.hpp
[412.852s] -- Symlinking: /home/brilliant/ros2_ws/install/nav2_msgs/include/nav2_msgs/nav2_msgs/msg/detail/particle_cloud__struct.hpp
[412.878s] -- Symlinking: /home/brilliant/ros2_ws/install/nav2_msgs/include/nav2_msgs/nav2_msgs/msg/detail/particle_cloud__traits.hpp
[412.899s] -- Symlinking: /home/brilliant/ros2_ws/install/nav2_msgs/include/nav2_msgs/nav2_msgs/msg/detail/particle_cloud__type_support.hpp
[412.921s] -- Symlinking: /home/brilliant/ros2_ws/install/nav2_msgs/include/nav2_msgs/nav2_msgs/msg/detail/speed_limit__builder.hpp
[412.944s] -- Symlinking: /home/brilliant/ros2_ws/install/nav2_msgs/include/nav2_msgs/nav2_msgs/msg/detail/speed_limit__struct.hpp
[412.969s] -- Symlinking: /home/brilliant/ros2_ws/install/nav2_msgs/include/nav2_msgs/nav2_msgs/msg/detail/speed_limit__traits.hpp
[412.996s] -- Symlinking: /home/brilliant/ros2_ws/install/nav2_msgs/include/nav2_msgs/nav2_msgs/msg/detail/speed_limit__type_support.hpp
[413.021s] -- Symlinking: /home/brilliant/ros2_ws/install/nav2_msgs/include/nav2_msgs/nav2_msgs/msg/detail/voxel_grid__builder.hpp
[413.045s] -- Symlinking: /home/brilliant/ros2_ws/install/nav2_msgs/include/nav2_msgs/nav2_msgs/msg/detail/voxel_grid__struct.hpp
[413.067s] -- Symlinking: /home/brilliant/ros2_ws/install/nav2_msgs/include/nav2_msgs/nav2_msgs/msg/detail/voxel_grid__traits.hpp
[413.089s] -- Symlinking: /home/brilliant/ros2_ws/install/nav2_msgs/include/nav2_msgs/nav2_msgs/msg/detail/voxel_grid__type_support.hpp
[413.110s] -- Symlinking: /home/brilliant/ros2_ws/install/nav2_msgs/include/nav2_msgs/nav2_msgs/msg/missed_waypoint.hpp
[413.131s] -- Symlinking: /home/brilliant/ros2_ws/install/nav2_msgs/include/nav2_msgs/nav2_msgs/msg/particle.hpp
[413.154s] -- Symlinking: /home/brilliant/ros2_ws/install/nav2_msgs/include/nav2_msgs/nav2_msgs/msg/particle_cloud.hpp
[413.177s] -- Symlinking: /home/brilliant/ros2_ws/install/nav2_msgs/include/nav2_msgs/nav2_msgs/msg/rosidl_generator_cpp__visibility_control.hpp
[413.196s] -- Symlinking: /home/brilliant/ros2_ws/install/nav2_msgs/include/nav2_msgs/nav2_msgs/msg/speed_limit.hpp
[413.216s] -- Symlinking: /home/brilliant/ros2_ws/install/nav2_msgs/include/nav2_msgs/nav2_msgs/msg/voxel_grid.hpp
[413.240s] -- Symlinking: /home/brilliant/ros2_ws/install/nav2_msgs/include/nav2_msgs/nav2_msgs/srv/clear_costmap_around_pose.hpp
[413.259s] -- Symlinking: /home/brilliant/ros2_ws/install/nav2_msgs/include/nav2_msgs/nav2_msgs/srv/clear_costmap_around_robot.hpp
[413.279s] -- Symlinking: /home/brilliant/ros2_ws/install/nav2_msgs/include/nav2_msgs/nav2_msgs/srv/clear_costmap_except_region.hpp
[413.298s] -- Symlinking: /home/brilliant/ros2_ws/install/nav2_msgs/include/nav2_msgs/nav2_msgs/srv/clear_entire_costmap.hpp
[413.319s] -- Symlinking: /home/brilliant/ros2_ws/install/nav2_msgs/include/nav2_msgs/nav2_msgs/srv/detail/clear_costmap_around_pose__builder.hpp
[413.341s] -- Symlinking: /home/brilliant/ros2_ws/install/nav2_msgs/include/nav2_msgs/nav2_msgs/srv/detail/clear_costmap_around_pose__struct.hpp
[413.362s] -- Symlinking: /home/brilliant/ros2_ws/install/nav2_msgs/include/nav2_msgs/nav2_msgs/srv/detail/clear_costmap_around_pose__traits.hpp
[413.381s] -- Symlinking: /home/brilliant/ros2_ws/install/nav2_msgs/include/nav2_msgs/nav2_msgs/srv/detail/clear_costmap_around_pose__type_support.hpp
[413.400s] -- Symlinking: /home/brilliant/ros2_ws/install/nav2_msgs/include/nav2_msgs/nav2_msgs/srv/detail/clear_costmap_around_robot__builder.hpp
[413.421s] -- Symlinking: /home/brilliant/ros2_ws/install/nav2_msgs/include/nav2_msgs/nav2_msgs/srv/detail/clear_costmap_around_robot__struct.hpp
[413.442s] -- Symlinking: /home/brilliant/ros2_ws/install/nav2_msgs/include/nav2_msgs/nav2_msgs/srv/detail/clear_costmap_around_robot__traits.hpp
[413.461s] -- Symlinking: /home/brilliant/ros2_ws/install/nav2_msgs/include/nav2_msgs/nav2_msgs/srv/detail/clear_costmap_around_robot__type_support.hpp
[413.481s] -- Symlinking: /home/brilliant/ros2_ws/install/nav2_msgs/include/nav2_msgs/nav2_msgs/srv/detail/clear_costmap_except_region__builder.hpp
[413.503s] -- Symlinking: /home/brilliant/ros2_ws/install/nav2_msgs/include/nav2_msgs/nav2_msgs/srv/detail/clear_costmap_except_region__struct.hpp
[413.522s] -- Symlinking: /home/brilliant/ros2_ws/install/nav2_msgs/include/nav2_msgs/nav2_msgs/srv/detail/clear_costmap_except_region__traits.hpp
[413.549s] -- Symlinking: /home/brilliant/ros2_ws/install/nav2_msgs/include/nav2_msgs/nav2_msgs/srv/detail/clear_costmap_except_region__type_support.hpp
[413.570s] -- Symlinking: /home/brilliant/ros2_ws/install/nav2_msgs/include/nav2_msgs/nav2_msgs/srv/detail/clear_entire_costmap__builder.hpp
[413.591s] -- Symlinking: /home/brilliant/ros2_ws/install/nav2_msgs/include/nav2_msgs/nav2_msgs/srv/detail/clear_entire_costmap__struct.hpp
[413.612s] -- Symlinking: /home/brilliant/ros2_ws/install/nav2_msgs/include/nav2_msgs/nav2_msgs/srv/detail/clear_entire_costmap__traits.hpp
[413.636s] -- Symlinking: /home/brilliant/ros2_ws/install/nav2_msgs/include/nav2_msgs/nav2_msgs/srv/detail/clear_entire_costmap__type_support.hpp
[413.658s] -- Symlinking: /home/brilliant/ros2_ws/install/nav2_msgs/include/nav2_msgs/nav2_msgs/srv/detail/get_cost__builder.hpp
[413.679s] -- Symlinking: /home/brilliant/ros2_ws/install/nav2_msgs/include/nav2_msgs/nav2_msgs/srv/detail/get_cost__struct.hpp
[413.699s] -- Symlinking: /home/brilliant/ros2_ws/install/nav2_msgs/include/nav2_msgs/nav2_msgs/srv/detail/get_cost__traits.hpp
[413.718s] -- Symlinking: /home/brilliant/ros2_ws/install/nav2_msgs/include/nav2_msgs/nav2_msgs/srv/detail/get_cost__type_support.hpp
[413.742s] -- Symlinking: /home/brilliant/ros2_ws/install/nav2_msgs/include/nav2_msgs/nav2_msgs/srv/detail/get_costmap__builder.hpp
[413.761s] -- Symlinking: /home/brilliant/ros2_ws/install/nav2_msgs/include/nav2_msgs/nav2_msgs/srv/detail/get_costmap__struct.hpp
[413.783s] -- Symlinking: /home/brilliant/ros2_ws/install/nav2_msgs/include/nav2_msgs/nav2_msgs/srv/detail/get_costmap__traits.hpp
[413.803s] -- Symlinking: /home/brilliant/ros2_ws/install/nav2_msgs/include/nav2_msgs/nav2_msgs/srv/detail/get_costmap__type_support.hpp
[413.825s] -- Symlinking: /home/brilliant/ros2_ws/install/nav2_msgs/include/nav2_msgs/nav2_msgs/srv/detail/is_path_valid__builder.hpp
[413.850s] -- Symlinking: /home/brilliant/ros2_ws/install/nav2_msgs/include/nav2_msgs/nav2_msgs/srv/detail/is_path_valid__struct.hpp
[413.872s] -- Symlinking: /home/brilliant/ros2_ws/install/nav2_msgs/include/nav2_msgs/nav2_msgs/srv/detail/is_path_valid__traits.hpp
[413.894s] -- Symlinking: /home/brilliant/ros2_ws/install/nav2_msgs/include/nav2_msgs/nav2_msgs/srv/detail/is_path_valid__type_support.hpp
[413.914s] -- Symlinking: /home/brilliant/ros2_ws/install/nav2_msgs/include/nav2_msgs/nav2_msgs/srv/detail/load_map__builder.hpp
[413.937s] -- Symlinking: /home/brilliant/ros2_ws/install/nav2_msgs/include/nav2_msgs/nav2_msgs/srv/detail/load_map__struct.hpp
[413.958s] -- Symlinking: /home/brilliant/ros2_ws/install/nav2_msgs/include/nav2_msgs/nav2_msgs/srv/detail/load_map__traits.hpp
[413.988s] -- Symlinking: /home/brilliant/ros2_ws/install/nav2_msgs/include/nav2_msgs/nav2_msgs/srv/detail/load_map__type_support.hpp
[414.015s] -- Symlinking: /home/brilliant/ros2_ws/install/nav2_msgs/include/nav2_msgs/nav2_msgs/srv/detail/manage_lifecycle_nodes__builder.hpp
[414.040s] -- Symlinking: /home/brilliant/ros2_ws/install/nav2_msgs/include/nav2_msgs/nav2_msgs/srv/detail/manage_lifecycle_nodes__struct.hpp
[414.061s] -- Symlinking: /home/brilliant/ros2_ws/install/nav2_msgs/include/nav2_msgs/nav2_msgs/srv/detail/manage_lifecycle_nodes__traits.hpp
[414.086s] -- Symlinking: /home/brilliant/ros2_ws/install/nav2_msgs/include/nav2_msgs/nav2_msgs/srv/detail/manage_lifecycle_nodes__type_support.hpp
[414.113s] -- Symlinking: /home/brilliant/ros2_ws/install/nav2_msgs/include/nav2_msgs/nav2_msgs/srv/detail/reload_dock_database__builder.hpp
[414.136s] -- Symlinking: /home/brilliant/ros2_ws/install/nav2_msgs/include/nav2_msgs/nav2_msgs/srv/detail/reload_dock_database__struct.hpp
[414.158s] -- Symlinking: /home/brilliant/ros2_ws/install/nav2_msgs/include/nav2_msgs/nav2_msgs/srv/detail/reload_dock_database__traits.hpp
[414.179s] -- Symlinking: /home/brilliant/ros2_ws/install/nav2_msgs/include/nav2_msgs/nav2_msgs/srv/detail/reload_dock_database__type_support.hpp
[414.201s] -- Symlinking: /home/brilliant/ros2_ws/install/nav2_msgs/include/nav2_msgs/nav2_msgs/srv/detail/save_map__builder.hpp
[414.224s] -- Symlinking: /home/brilliant/ros2_ws/install/nav2_msgs/include/nav2_msgs/nav2_msgs/srv/detail/save_map__struct.hpp
[414.246s] -- Symlinking: /home/brilliant/ros2_ws/install/nav2_msgs/include/nav2_msgs/nav2_msgs/srv/detail/save_map__traits.hpp
[414.268s] -- Symlinking: /home/brilliant/ros2_ws/install/nav2_msgs/include/nav2_msgs/nav2_msgs/srv/detail/save_map__type_support.hpp
[414.289s] -- Symlinking: /home/brilliant/ros2_ws/install/nav2_msgs/include/nav2_msgs/nav2_msgs/srv/detail/set_initial_pose__builder.hpp
[414.310s] -- Symlinking: /home/brilliant/ros2_ws/install/nav2_msgs/include/nav2_msgs/nav2_msgs/srv/detail/set_initial_pose__struct.hpp
[414.331s] -- Symlinking: /home/brilliant/ros2_ws/install/nav2_msgs/include/nav2_msgs/nav2_msgs/srv/detail/set_initial_pose__traits.hpp
[414.350s] -- Symlinking: /home/brilliant/ros2_ws/install/nav2_msgs/include/nav2_msgs/nav2_msgs/srv/detail/set_initial_pose__type_support.hpp
[414.369s] -- Symlinking: /home/brilliant/ros2_ws/install/nav2_msgs/include/nav2_msgs/nav2_msgs/srv/get_cost.hpp
[414.388s] -- Symlinking: /home/brilliant/ros2_ws/install/nav2_msgs/include/nav2_msgs/nav2_msgs/srv/get_costmap.hpp
[414.408s] -- Symlinking: /home/brilliant/ros2_ws/install/nav2_msgs/include/nav2_msgs/nav2_msgs/srv/is_path_valid.hpp
[414.432s] -- Symlinking: /home/brilliant/ros2_ws/install/nav2_msgs/include/nav2_msgs/nav2_msgs/srv/load_map.hpp
[414.455s] -- Symlinking: /home/brilliant/ros2_ws/install/nav2_msgs/include/nav2_msgs/nav2_msgs/srv/manage_lifecycle_nodes.hpp
[414.472s] -- Symlinking: /home/brilliant/ros2_ws/install/nav2_msgs/include/nav2_msgs/nav2_msgs/srv/reload_dock_database.hpp
[414.489s] -- Symlinking: /home/brilliant/ros2_ws/install/nav2_msgs/include/nav2_msgs/nav2_msgs/srv/save_map.hpp
[414.506s] -- Symlinking: /home/brilliant/ros2_ws/install/nav2_msgs/include/nav2_msgs/nav2_msgs/srv/set_initial_pose.hpp
[414.527s] -- Symlinking: /home/brilliant/ros2_ws/install/nav2_msgs/include/nav2_msgs/nav2_msgs/action/detail/assisted_teleop__rosidl_typesupport_fastrtps_cpp.hpp
[414.555s] -- Symlinking: /home/brilliant/ros2_ws/install/nav2_msgs/include/nav2_msgs/nav2_msgs/action/detail/back_up__rosidl_typesupport_fastrtps_cpp.hpp
[414.571s] -- Symlinking: /home/brilliant/ros2_ws/install/nav2_msgs/include/nav2_msgs/nav2_msgs/action/detail/compute_path_through_poses__rosidl_typesupport_fastrtps_cpp.hpp
[414.589s] -- Symlinking: /home/brilliant/ros2_ws/install/nav2_msgs/include/nav2_msgs/nav2_msgs/action/detail/compute_path_to_pose__rosidl_typesupport_fastrtps_cpp.hpp
[414.605s] -- Symlinking: /home/brilliant/ros2_ws/install/nav2_msgs/include/nav2_msgs/nav2_msgs/action/detail/dock_robot__rosidl_typesupport_fastrtps_cpp.hpp
[414.623s] -- Symlinking: /home/brilliant/ros2_ws/install/nav2_msgs/include/nav2_msgs/nav2_msgs/action/detail/drive_on_heading__rosidl_typesupport_fastrtps_cpp.hpp
[414.643s] -- Symlinking: /home/brilliant/ros2_ws/install/nav2_msgs/include/nav2_msgs/nav2_msgs/action/detail/dummy_behavior__rosidl_typesupport_fastrtps_cpp.hpp
[414.659s] -- Symlinking: /home/brilliant/ros2_ws/install/nav2_msgs/include/nav2_msgs/nav2_msgs/action/detail/follow_gps_waypoints__rosidl_typesupport_fastrtps_cpp.hpp
[414.679s] -- Symlinking: /home/brilliant/ros2_ws/install/nav2_msgs/include/nav2_msgs/nav2_msgs/action/detail/follow_path__rosidl_typesupport_fastrtps_cpp.hpp
[414.701s] -- Symlinking: /home/brilliant/ros2_ws/install/nav2_msgs/include/nav2_msgs/nav2_msgs/action/detail/follow_waypoints__rosidl_typesupport_fastrtps_cpp.hpp
[414.719s] -- Symlinking: /home/brilliant/ros2_ws/install/nav2_msgs/include/nav2_msgs/nav2_msgs/action/detail/navigate_through_poses__rosidl_typesupport_fastrtps_cpp.hpp
[414.742s] -- Symlinking: /home/brilliant/ros2_ws/install/nav2_msgs/include/nav2_msgs/nav2_msgs/action/detail/navigate_to_pose__rosidl_typesupport_fastrtps_cpp.hpp
[414.762s] -- Symlinking: /home/brilliant/ros2_ws/install/nav2_msgs/include/nav2_msgs/nav2_msgs/action/detail/smooth_path__rosidl_typesupport_fastrtps_cpp.hpp
[414.781s] -- Symlinking: /home/brilliant/ros2_ws/install/nav2_msgs/include/nav2_msgs/nav2_msgs/action/detail/spin__rosidl_typesupport_fastrtps_cpp.hpp
[414.802s] -- Symlinking: /home/brilliant/ros2_ws/install/nav2_msgs/include/nav2_msgs/nav2_msgs/action/detail/undock_robot__rosidl_typesupport_fastrtps_cpp.hpp
[414.824s] -- Symlinking: /home/brilliant/ros2_ws/install/nav2_msgs/include/nav2_msgs/nav2_msgs/action/detail/wait__rosidl_typesupport_fastrtps_cpp.hpp
[414.848s] -- Symlinking: /home/brilliant/ros2_ws/install/nav2_msgs/include/nav2_msgs/nav2_msgs/msg/detail/behavior_tree_log__rosidl_typesupport_fastrtps_cpp.hpp
[414.868s] -- Symlinking: /home/brilliant/ros2_ws/install/nav2_msgs/include/nav2_msgs/nav2_msgs/msg/detail/behavior_tree_status_change__rosidl_typesupport_fastrtps_cpp.hpp
[414.886s] -- Symlinking: /home/brilliant/ros2_ws/install/nav2_msgs/include/nav2_msgs/nav2_msgs/msg/detail/collision_detector_state__rosidl_typesupport_fastrtps_cpp.hpp
[414.917s] -- Symlinking: /home/brilliant/ros2_ws/install/nav2_msgs/include/nav2_msgs/nav2_msgs/msg/detail/collision_monitor_state__rosidl_typesupport_fastrtps_cpp.hpp
[414.942s] -- Symlinking: /home/brilliant/ros2_ws/install/nav2_msgs/include/nav2_msgs/nav2_msgs/msg/detail/costmap__rosidl_typesupport_fastrtps_cpp.hpp
[414.970s] -- Symlinking: /home/brilliant/ros2_ws/install/nav2_msgs/include/nav2_msgs/nav2_msgs/msg/detail/costmap_filter_info__rosidl_typesupport_fastrtps_cpp.hpp
[414.998s] -- Symlinking: /home/brilliant/ros2_ws/install/nav2_msgs/include/nav2_msgs/nav2_msgs/msg/detail/costmap_meta_data__rosidl_typesupport_fastrtps_cpp.hpp
[415.025s] -- Symlinking: /home/brilliant/ros2_ws/install/nav2_msgs/include/nav2_msgs/nav2_msgs/msg/detail/costmap_update__rosidl_typesupport_fastrtps_cpp.hpp
[415.049s] -- Symlinking: /home/brilliant/ros2_ws/install/nav2_msgs/include/nav2_msgs/nav2_msgs/msg/detail/missed_waypoint__rosidl_typesupport_fastrtps_cpp.hpp
[415.072s] -- Symlinking: /home/brilliant/ros2_ws/install/nav2_msgs/include/nav2_msgs/nav2_msgs/msg/detail/particle__rosidl_typesupport_fastrtps_cpp.hpp
[415.094s] -- Symlinking: /home/brilliant/ros2_ws/install/nav2_msgs/include/nav2_msgs/nav2_msgs/msg/detail/particle_cloud__rosidl_typesupport_fastrtps_cpp.hpp
[415.115s] -- Symlinking: /home/brilliant/ros2_ws/install/nav2_msgs/include/nav2_msgs/nav2_msgs/msg/detail/speed_limit__rosidl_typesupport_fastrtps_cpp.hpp
[415.138s] -- Symlinking: /home/brilliant/ros2_ws/install/nav2_msgs/include/nav2_msgs/nav2_msgs/msg/detail/voxel_grid__rosidl_typesupport_fastrtps_cpp.hpp
[415.158s] -- Symlinking: /home/brilliant/ros2_ws/install/nav2_msgs/include/nav2_msgs/nav2_msgs/msg/rosidl_typesupport_fastrtps_cpp__visibility_control.h
[415.177s] -- Symlinking: /home/brilliant/ros2_ws/install/nav2_msgs/include/nav2_msgs/nav2_msgs/srv/detail/clear_costmap_around_pose__rosidl_typesupport_fastrtps_cpp.hpp
[415.200s] -- Symlinking: /home/brilliant/ros2_ws/install/nav2_msgs/include/nav2_msgs/nav2_msgs/srv/detail/clear_costmap_around_robot__rosidl_typesupport_fastrtps_cpp.hpp
[415.219s] -- Symlinking: /home/brilliant/ros2_ws/install/nav2_msgs/include/nav2_msgs/nav2_msgs/srv/detail/clear_costmap_except_region__rosidl_typesupport_fastrtps_cpp.hpp
[415.242s] -- Symlinking: /home/brilliant/ros2_ws/install/nav2_msgs/include/nav2_msgs/nav2_msgs/srv/detail/clear_entire_costmap__rosidl_typesupport_fastrtps_cpp.hpp
[415.263s] -- Symlinking: /home/brilliant/ros2_ws/install/nav2_msgs/include/nav2_msgs/nav2_msgs/srv/detail/get_cost__rosidl_typesupport_fastrtps_cpp.hpp
[415.285s] -- Symlinking: /home/brilliant/ros2_ws/install/nav2_msgs/include/nav2_msgs/nav2_msgs/srv/detail/get_costmap__rosidl_typesupport_fastrtps_cpp.hpp
[415.306s] -- Symlinking: /home/brilliant/ros2_ws/install/nav2_msgs/include/nav2_msgs/nav2_msgs/srv/detail/is_path_valid__rosidl_typesupport_fastrtps_cpp.hpp
[415.331s] -- Symlinking: /home/brilliant/ros2_ws/install/nav2_msgs/include/nav2_msgs/nav2_msgs/srv/detail/load_map__rosidl_typesupport_fastrtps_cpp.hpp
[415.356s] -- Symlinking: /home/brilliant/ros2_ws/install/nav2_msgs/include/nav2_msgs/nav2_msgs/srv/detail/manage_lifecycle_nodes__rosidl_typesupport_fastrtps_cpp.hpp
[415.379s] -- Symlinking: /home/brilliant/ros2_ws/install/nav2_msgs/include/nav2_msgs/nav2_msgs/srv/detail/reload_dock_database__rosidl_typesupport_fastrtps_cpp.hpp
[415.402s] -- Symlinking: /home/brilliant/ros2_ws/install/nav2_msgs/include/nav2_msgs/nav2_msgs/srv/detail/save_map__rosidl_typesupport_fastrtps_cpp.hpp
[415.423s] -- Symlinking: /home/brilliant/ros2_ws/install/nav2_msgs/include/nav2_msgs/nav2_msgs/srv/detail/set_initial_pose__rosidl_typesupport_fastrtps_cpp.hpp
[415.448s] -- Symlinking: /home/brilliant/ros2_ws/install/nav2_msgs/include/nav2_msgs/nav2_msgs/action/detail/assisted_teleop__rosidl_typesupport_introspection_c.h
[415.469s] -- Symlinking: /home/brilliant/ros2_ws/install/nav2_msgs/include/nav2_msgs/nav2_msgs/action/detail/back_up__rosidl_typesupport_introspection_c.h
[415.492s] -- Symlinking: /home/brilliant/ros2_ws/install/nav2_msgs/include/nav2_msgs/nav2_msgs/action/detail/compute_path_through_poses__rosidl_typesupport_introspection_c.h
[415.513s] -- Symlinking: /home/brilliant/ros2_ws/install/nav2_msgs/include/nav2_msgs/nav2_msgs/action/detail/compute_path_to_pose__rosidl_typesupport_introspection_c.h
[415.536s] -- Symlinking: /home/brilliant/ros2_ws/install/nav2_msgs/include/nav2_msgs/nav2_msgs/action/detail/dock_robot__rosidl_typesupport_introspection_c.h
[415.557s] -- Symlinking: /home/brilliant/ros2_ws/install/nav2_msgs/include/nav2_msgs/nav2_msgs/action/detail/drive_on_heading__rosidl_typesupport_introspection_c.h
[415.576s] -- Symlinking: /home/brilliant/ros2_ws/install/nav2_msgs/include/nav2_msgs/nav2_msgs/action/detail/dummy_behavior__rosidl_typesupport_introspection_c.h
[415.595s] -- Symlinking: /home/brilliant/ros2_ws/install/nav2_msgs/include/nav2_msgs/nav2_msgs/action/detail/follow_gps_waypoints__rosidl_typesupport_introspection_c.h
[415.620s] -- Symlinking: /home/brilliant/ros2_ws/install/nav2_msgs/include/nav2_msgs/nav2_msgs/action/detail/follow_path__rosidl_typesupport_introspection_c.h
[415.642s] -- Symlinking: /home/brilliant/ros2_ws/install/nav2_msgs/include/nav2_msgs/nav2_msgs/action/detail/follow_waypoints__rosidl_typesupport_introspection_c.h
[415.662s] -- Symlinking: /home/brilliant/ros2_ws/install/nav2_msgs/include/nav2_msgs/nav2_msgs/action/detail/navigate_through_poses__rosidl_typesupport_introspection_c.h
[415.686s] -- Symlinking: /home/brilliant/ros2_ws/install/nav2_msgs/include/nav2_msgs/nav2_msgs/action/detail/navigate_to_pose__rosidl_typesupport_introspection_c.h
[415.706s] -- Symlinking: /home/brilliant/ros2_ws/install/nav2_msgs/include/nav2_msgs/nav2_msgs/action/detail/smooth_path__rosidl_typesupport_introspection_c.h
[415.727s] -- Symlinking: /home/brilliant/ros2_ws/install/nav2_msgs/include/nav2_msgs/nav2_msgs/action/detail/spin__rosidl_typesupport_introspection_c.h
[415.752s] -- Symlinking: /home/brilliant/ros2_ws/install/nav2_msgs/include/nav2_msgs/nav2_msgs/action/detail/undock_robot__rosidl_typesupport_introspection_c.h
[415.777s] -- Symlinking: /home/brilliant/ros2_ws/install/nav2_msgs/include/nav2_msgs/nav2_msgs/action/detail/wait__rosidl_typesupport_introspection_c.h
[415.798s] -- Symlinking: /home/brilliant/ros2_ws/install/nav2_msgs/include/nav2_msgs/nav2_msgs/msg/detail/behavior_tree_log__rosidl_typesupport_introspection_c.h
[415.820s] -- Symlinking: /home/brilliant/ros2_ws/install/nav2_msgs/include/nav2_msgs/nav2_msgs/msg/detail/behavior_tree_status_change__rosidl_typesupport_introspection_c.h
[415.843s] -- Symlinking: /home/brilliant/ros2_ws/install/nav2_msgs/include/nav2_msgs/nav2_msgs/msg/detail/collision_detector_state__rosidl_typesupport_introspection_c.h
[415.863s] -- Symlinking: /home/brilliant/ros2_ws/install/nav2_msgs/include/nav2_msgs/nav2_msgs/msg/detail/collision_monitor_state__rosidl_typesupport_introspection_c.h
[415.883s] -- Symlinking: /home/brilliant/ros2_ws/install/nav2_msgs/include/nav2_msgs/nav2_msgs/msg/detail/costmap__rosidl_typesupport_introspection_c.h
[415.902s] -- Symlinking: /home/brilliant/ros2_ws/install/nav2_msgs/include/nav2_msgs/nav2_msgs/msg/detail/costmap_filter_info__rosidl_typesupport_introspection_c.h
[415.923s] -- Symlinking: /home/brilliant/ros2_ws/install/nav2_msgs/include/nav2_msgs/nav2_msgs/msg/detail/costmap_meta_data__rosidl_typesupport_introspection_c.h
[415.946s] -- Symlinking: /home/brilliant/ros2_ws/install/nav2_msgs/include/nav2_msgs/nav2_msgs/msg/detail/costmap_update__rosidl_typesupport_introspection_c.h
[415.969s] -- Symlinking: /home/brilliant/ros2_ws/install/nav2_msgs/include/nav2_msgs/nav2_msgs/msg/detail/missed_waypoint__rosidl_typesupport_introspection_c.h
[415.995s] -- Symlinking: /home/brilliant/ros2_ws/install/nav2_msgs/include/nav2_msgs/nav2_msgs/msg/detail/particle__rosidl_typesupport_introspection_c.h
[416.019s] -- Symlinking: /home/brilliant/ros2_ws/install/nav2_msgs/include/nav2_msgs/nav2_msgs/msg/detail/particle_cloud__rosidl_typesupport_introspection_c.h
[416.045s] -- Symlinking: /home/brilliant/ros2_ws/install/nav2_msgs/include/nav2_msgs/nav2_msgs/msg/detail/speed_limit__rosidl_typesupport_introspection_c.h
[416.066s] -- Symlinking: /home/brilliant/ros2_ws/install/nav2_msgs/include/nav2_msgs/nav2_msgs/msg/detail/voxel_grid__rosidl_typesupport_introspection_c.h
[416.086s] -- Symlinking: /home/brilliant/ros2_ws/install/nav2_msgs/include/nav2_msgs/nav2_msgs/msg/rosidl_typesupport_introspection_c__visibility_control.h
[416.111s] -- Symlinking: /home/brilliant/ros2_ws/install/nav2_msgs/include/nav2_msgs/nav2_msgs/srv/detail/clear_costmap_around_pose__rosidl_typesupport_introspection_c.h
[416.141s] -- Symlinking: /home/brilliant/ros2_ws/install/nav2_msgs/include/nav2_msgs/nav2_msgs/srv/detail/clear_costmap_around_robot__rosidl_typesupport_introspection_c.h
[416.162s] -- Symlinking: /home/brilliant/ros2_ws/install/nav2_msgs/include/nav2_msgs/nav2_msgs/srv/detail/clear_costmap_except_region__rosidl_typesupport_introspection_c.h
[416.183s] -- Symlinking: /home/brilliant/ros2_ws/install/nav2_msgs/include/nav2_msgs/nav2_msgs/srv/detail/clear_entire_costmap__rosidl_typesupport_introspection_c.h
[416.205s] -- Symlinking: /home/brilliant/ros2_ws/install/nav2_msgs/include/nav2_msgs/nav2_msgs/srv/detail/get_cost__rosidl_typesupport_introspection_c.h
[416.226s] -- Symlinking: /home/brilliant/ros2_ws/install/nav2_msgs/include/nav2_msgs/nav2_msgs/srv/detail/get_costmap__rosidl_typesupport_introspection_c.h
[416.250s] -- Symlinking: /home/brilliant/ros2_ws/install/nav2_msgs/include/nav2_msgs/nav2_msgs/srv/detail/is_path_valid__rosidl_typesupport_introspection_c.h
[416.271s] -- Symlinking: /home/brilliant/ros2_ws/install/nav2_msgs/include/nav2_msgs/nav2_msgs/srv/detail/load_map__rosidl_typesupport_introspection_c.h
[416.293s] -- Symlinking: /home/brilliant/ros2_ws/install/nav2_msgs/include/nav2_msgs/nav2_msgs/srv/detail/manage_lifecycle_nodes__rosidl_typesupport_introspection_c.h
[416.315s] -- Symlinking: /home/brilliant/ros2_ws/install/nav2_msgs/include/nav2_msgs/nav2_msgs/srv/detail/reload_dock_database__rosidl_typesupport_introspection_c.h
[416.338s] -- Symlinking: /home/brilliant/ros2_ws/install/nav2_msgs/include/nav2_msgs/nav2_msgs/srv/detail/save_map__rosidl_typesupport_introspection_c.h
[416.358s] -- Symlinking: /home/brilliant/ros2_ws/install/nav2_msgs/include/nav2_msgs/nav2_msgs/srv/detail/set_initial_pose__rosidl_typesupport_introspection_c.h
[416.379s] -- Symlinking: /home/brilliant/ros2_ws/install/nav2_msgs/include/nav2_msgs/nav2_msgs/action/detail/assisted_teleop__rosidl_typesupport_introspection_cpp.hpp
[416.397s] -- Symlinking: /home/brilliant/ros2_ws/install/nav2_msgs/include/nav2_msgs/nav2_msgs/action/detail/back_up__rosidl_typesupport_introspection_cpp.hpp
[416.416s] -- Symlinking: /home/brilliant/ros2_ws/install/nav2_msgs/include/nav2_msgs/nav2_msgs/action/detail/compute_path_through_poses__rosidl_typesupport_introspection_cpp.hpp
[416.436s] -- Symlinking: /home/brilliant/ros2_ws/install/nav2_msgs/include/nav2_msgs/nav2_msgs/action/detail/compute_path_to_pose__rosidl_typesupport_introspection_cpp.hpp
[416.457s] -- Symlinking: /home/brilliant/ros2_ws/install/nav2_msgs/include/nav2_msgs/nav2_msgs/action/detail/dock_robot__rosidl_typesupport_introspection_cpp.hpp
[416.476s] -- Symlinking: /home/brilliant/ros2_ws/install/nav2_msgs/include/nav2_msgs/nav2_msgs/action/detail/drive_on_heading__rosidl_typesupport_introspection_cpp.hpp
[416.499s] -- Symlinking: /home/brilliant/ros2_ws/install/nav2_msgs/include/nav2_msgs/nav2_msgs/action/detail/dummy_behavior__rosidl_typesupport_introspection_cpp.hpp
[416.518s] -- Symlinking: /home/brilliant/ros2_ws/install/nav2_msgs/include/nav2_msgs/nav2_msgs/action/detail/follow_gps_waypoints__rosidl_typesupport_introspection_cpp.hpp
[416.538s] -- Symlinking: /home/brilliant/ros2_ws/install/nav2_msgs/include/nav2_msgs/nav2_msgs/action/detail/follow_path__rosidl_typesupport_introspection_cpp.hpp
[416.556s] -- Symlinking: /home/brilliant/ros2_ws/install/nav2_msgs/include/nav2_msgs/nav2_msgs/action/detail/follow_waypoints__rosidl_typesupport_introspection_cpp.hpp
[416.580s] -- Symlinking: /home/brilliant/ros2_ws/install/nav2_msgs/include/nav2_msgs/nav2_msgs/action/detail/navigate_through_poses__rosidl_typesupport_introspection_cpp.hpp
[416.603s] -- Symlinking: /home/brilliant/ros2_ws/install/nav2_msgs/include/nav2_msgs/nav2_msgs/action/detail/navigate_to_pose__rosidl_typesupport_introspection_cpp.hpp
[416.625s] -- Symlinking: /home/brilliant/ros2_ws/install/nav2_msgs/include/nav2_msgs/nav2_msgs/action/detail/smooth_path__rosidl_typesupport_introspection_cpp.hpp
[416.647s] -- Symlinking: /home/brilliant/ros2_ws/install/nav2_msgs/include/nav2_msgs/nav2_msgs/action/detail/spin__rosidl_typesupport_introspection_cpp.hpp
[416.669s] -- Symlinking: /home/brilliant/ros2_ws/install/nav2_msgs/include/nav2_msgs/nav2_msgs/action/detail/undock_robot__rosidl_typesupport_introspection_cpp.hpp
[416.695s] -- Symlinking: /home/brilliant/ros2_ws/install/nav2_msgs/include/nav2_msgs/nav2_msgs/action/detail/wait__rosidl_typesupport_introspection_cpp.hpp
[416.720s] -- Symlinking: /home/brilliant/ros2_ws/install/nav2_msgs/include/nav2_msgs/nav2_msgs/msg/detail/behavior_tree_log__rosidl_typesupport_introspection_cpp.hpp
[416.744s] -- Symlinking: /home/brilliant/ros2_ws/install/nav2_msgs/include/nav2_msgs/nav2_msgs/msg/detail/behavior_tree_status_change__rosidl_typesupport_introspection_cpp.hpp
[416.765s] -- Symlinking: /home/brilliant/ros2_ws/install/nav2_msgs/include/nav2_msgs/nav2_msgs/msg/detail/collision_detector_state__rosidl_typesupport_introspection_cpp.hpp
[416.787s] -- Symlinking: /home/brilliant/ros2_ws/install/nav2_msgs/include/nav2_msgs/nav2_msgs/msg/detail/collision_monitor_state__rosidl_typesupport_introspection_cpp.hpp
[416.809s] -- Symlinking: /home/brilliant/ros2_ws/install/nav2_msgs/include/nav2_msgs/nav2_msgs/msg/detail/costmap__rosidl_typesupport_introspection_cpp.hpp
[416.829s] -- Symlinking: /home/brilliant/ros2_ws/install/nav2_msgs/include/nav2_msgs/nav2_msgs/msg/detail/costmap_filter_info__rosidl_typesupport_introspection_cpp.hpp
[416.852s] -- Symlinking: /home/brilliant/ros2_ws/install/nav2_msgs/include/nav2_msgs/nav2_msgs/msg/detail/costmap_meta_data__rosidl_typesupport_introspection_cpp.hpp
[416.873s] -- Symlinking: /home/brilliant/ros2_ws/install/nav2_msgs/include/nav2_msgs/nav2_msgs/msg/detail/costmap_update__rosidl_typesupport_introspection_cpp.hpp
[416.894s] -- Symlinking: /home/brilliant/ros2_ws/install/nav2_msgs/include/nav2_msgs/nav2_msgs/msg/detail/missed_waypoint__rosidl_typesupport_introspection_cpp.hpp
[416.914s] -- Symlinking: /home/brilliant/ros2_ws/install/nav2_msgs/include/nav2_msgs/nav2_msgs/msg/detail/particle__rosidl_typesupport_introspection_cpp.hpp
[416.937s] -- Symlinking: /home/brilliant/ros2_ws/install/nav2_msgs/include/nav2_msgs/nav2_msgs/msg/detail/particle_cloud__rosidl_typesupport_introspection_cpp.hpp
[416.959s] -- Symlinking: /home/brilliant/ros2_ws/install/nav2_msgs/include/nav2_msgs/nav2_msgs/msg/detail/speed_limit__rosidl_typesupport_introspection_cpp.hpp
[416.983s] -- Symlinking: /home/brilliant/ros2_ws/install/nav2_msgs/include/nav2_msgs/nav2_msgs/msg/detail/voxel_grid__rosidl_typesupport_introspection_cpp.hpp
[417.009s] -- Symlinking: /home/brilliant/ros2_ws/install/nav2_msgs/include/nav2_msgs/nav2_msgs/srv/detail/clear_costmap_around_pose__rosidl_typesupport_introspection_cpp.hpp
[417.032s] -- Symlinking: /home/brilliant/ros2_ws/install/nav2_msgs/include/nav2_msgs/nav2_msgs/srv/detail/clear_costmap_around_robot__rosidl_typesupport_introspection_cpp.hpp
[417.063s] -- Symlinking: /home/brilliant/ros2_ws/install/nav2_msgs/include/nav2_msgs/nav2_msgs/srv/detail/clear_costmap_except_region__rosidl_typesupport_introspection_cpp.hpp
[417.082s] -- Symlinking: /home/brilliant/ros2_ws/install/nav2_msgs/include/nav2_msgs/nav2_msgs/srv/detail/clear_entire_costmap__rosidl_typesupport_introspection_cpp.hpp
[417.103s] -- Symlinking: /home/brilliant/ros2_ws/install/nav2_msgs/include/nav2_msgs/nav2_msgs/srv/detail/get_cost__rosidl_typesupport_introspection_cpp.hpp
[417.122s] -- Symlinking: /home/brilliant/ros2_ws/install/nav2_msgs/include/nav2_msgs/nav2_msgs/srv/detail/get_costmap__rosidl_typesupport_introspection_cpp.hpp
[417.143s] -- Symlinking: /home/brilliant/ros2_ws/install/nav2_msgs/include/nav2_msgs/nav2_msgs/srv/detail/is_path_valid__rosidl_typesupport_introspection_cpp.hpp
[417.162s] -- Symlinking: /home/brilliant/ros2_ws/install/nav2_msgs/include/nav2_msgs/nav2_msgs/srv/detail/load_map__rosidl_typesupport_introspection_cpp.hpp
[417.180s] -- Symlinking: /home/brilliant/ros2_ws/install/nav2_msgs/include/nav2_msgs/nav2_msgs/srv/detail/manage_lifecycle_nodes__rosidl_typesupport_introspection_cpp.hpp
[417.201s] -- Symlinking: /home/brilliant/ros2_ws/install/nav2_msgs/include/nav2_msgs/nav2_msgs/srv/detail/reload_dock_database__rosidl_typesupport_introspection_cpp.hpp
[417.220s] -- Symlinking: /home/brilliant/ros2_ws/install/nav2_msgs/include/nav2_msgs/nav2_msgs/srv/detail/save_map__rosidl_typesupport_introspection_cpp.hpp
[417.242s] -- Symlinking: /home/brilliant/ros2_ws/install/nav2_msgs/include/nav2_msgs/nav2_msgs/srv/detail/set_initial_pose__rosidl_typesupport_introspection_cpp.hpp
[417.260s] -- Symlinking: /home/brilliant/ros2_ws/install/nav2_msgs/share/nav2_msgs/environment/pythonpath.sh
[417.279s] -- Symlinking: /home/brilliant/ros2_ws/install/nav2_msgs/share/nav2_msgs/environment/pythonpath.dsv
[417.300s] -- Symlinking: /home/brilliant/ros2_ws/install/nav2_msgs/lib/python3.12/site-packages/nav2_msgs-1.3.7-py3.12.egg-info/PKG-INFO
[417.333s] -- Symlinking: /home/brilliant/ros2_ws/install/nav2_msgs/lib/python3.12/site-packages/nav2_msgs-1.3.7-py3.12.egg-info/SOURCES.txt
[417.375s] -- Symlinking: /home/brilliant/ros2_ws/install/nav2_msgs/lib/python3.12/site-packages/nav2_msgs-1.3.7-py3.12.egg-info/dependency_links.txt
[417.405s] -- Symlinking: /home/brilliant/ros2_ws/install/nav2_msgs/lib/python3.12/site-packages/nav2_msgs-1.3.7-py3.12.egg-info/top_level.txt
[417.445s] -- Symlinking: /home/brilliant/ros2_ws/install/nav2_msgs/lib/python3.12/site-packages/nav2_msgs/__init__.py
[417.480s] -- Symlinking: /home/brilliant/ros2_ws/install/nav2_msgs/lib/python3.12/site-packages/nav2_msgs/_nav2_msgs_s.ep.rosidl_typesupport_c.c
[417.506s] -- Symlinking: /home/brilliant/ros2_ws/install/nav2_msgs/lib/python3.12/site-packages/nav2_msgs/_nav2_msgs_s.ep.rosidl_typesupport_fastrtps_c.c
[417.538s] -- Symlinking: /home/brilliant/ros2_ws/install/nav2_msgs/lib/python3.12/site-packages/nav2_msgs/_nav2_msgs_s.ep.rosidl_typesupport_introspection_c.c
[417.559s] -- Symlinking: /home/brilliant/ros2_ws/install/nav2_msgs/lib/python3.12/site-packages/nav2_msgs/action/__init__.py
[417.579s] -- Symlinking: /home/brilliant/ros2_ws/install/nav2_msgs/lib/python3.12/site-packages/nav2_msgs/action/_assisted_teleop.py
[417.598s] -- Symlinking: /home/brilliant/ros2_ws/install/nav2_msgs/lib/python3.12/site-packages/nav2_msgs/action/_assisted_teleop_s.c
[417.617s] -- Symlinking: /home/brilliant/ros2_ws/install/nav2_msgs/lib/python3.12/site-packages/nav2_msgs/action/_back_up.py
[417.637s] -- Symlinking: /home/brilliant/ros2_ws/install/nav2_msgs/lib/python3.12/site-packages/nav2_msgs/action/_back_up_s.c
[417.656s] -- Symlinking: /home/brilliant/ros2_ws/install/nav2_msgs/lib/python3.12/site-packages/nav2_msgs/action/_compute_path_through_poses.py
[417.676s] -- Symlinking: /home/brilliant/ros2_ws/install/nav2_msgs/lib/python3.12/site-packages/nav2_msgs/action/_compute_path_through_poses_s.c
[417.694s] -- Symlinking: /home/brilliant/ros2_ws/install/nav2_msgs/lib/python3.12/site-packages/nav2_msgs/action/_compute_path_to_pose.py
[417.713s] -- Symlinking: /home/brilliant/ros2_ws/install/nav2_msgs/lib/python3.12/site-packages/nav2_msgs/action/_compute_path_to_pose_s.c
[417.732s] -- Symlinking: /home/brilliant/ros2_ws/install/nav2_msgs/lib/python3.12/site-packages/nav2_msgs/action/_dock_robot.py
[417.757s] -- Symlinking: /home/brilliant/ros2_ws/install/nav2_msgs/lib/python3.12/site-packages/nav2_msgs/action/_dock_robot_s.c
[417.775s] -- Symlinking: /home/brilliant/ros2_ws/install/nav2_msgs/lib/python3.12/site-packages/nav2_msgs/action/_drive_on_heading.py
[417.794s] -- Symlinking: /home/brilliant/ros2_ws/install/nav2_msgs/lib/python3.12/site-packages/nav2_msgs/action/_drive_on_heading_s.c
[417.813s] -- Symlinking: /home/brilliant/ros2_ws/install/nav2_msgs/lib/python3.12/site-packages/nav2_msgs/action/_dummy_behavior.py
[417.831s] -- Symlinking: /home/brilliant/ros2_ws/install/nav2_msgs/lib/python3.12/site-packages/nav2_msgs/action/_dummy_behavior_s.c
[417.851s] -- Symlinking: /home/brilliant/ros2_ws/install/nav2_msgs/lib/python3.12/site-packages/nav2_msgs/action/_follow_gps_waypoints.py
[417.871s] -- Symlinking: /home/brilliant/ros2_ws/install/nav2_msgs/lib/python3.12/site-packages/nav2_msgs/action/_follow_gps_waypoints_s.c
[417.890s] -- Symlinking: /home/brilliant/ros2_ws/install/nav2_msgs/lib/python3.12/site-packages/nav2_msgs/action/_follow_path.py
[417.909s] -- Symlinking: /home/brilliant/ros2_ws/install/nav2_msgs/lib/python3.12/site-packages/nav2_msgs/action/_follow_path_s.c
[417.927s] -- Symlinking: /home/brilliant/ros2_ws/install/nav2_msgs/lib/python3.12/site-packages/nav2_msgs/action/_follow_waypoints.py
[417.948s] -- Symlinking: /home/brilliant/ros2_ws/install/nav2_msgs/lib/python3.12/site-packages/nav2_msgs/action/_follow_waypoints_s.c
[417.968s] -- Symlinking: /home/brilliant/ros2_ws/install/nav2_msgs/lib/python3.12/site-packages/nav2_msgs/action/_navigate_through_poses.py
[417.993s] -- Symlinking: /home/brilliant/ros2_ws/install/nav2_msgs/lib/python3.12/site-packages/nav2_msgs/action/_navigate_through_poses_s.c
[418.013s] -- Symlinking: /home/brilliant/ros2_ws/install/nav2_msgs/lib/python3.12/site-packages/nav2_msgs/action/_navigate_to_pose.py
[418.036s] -- Symlinking: /home/brilliant/ros2_ws/install/nav2_msgs/lib/python3.12/site-packages/nav2_msgs/action/_navigate_to_pose_s.c
[418.060s] -- Symlinking: /home/brilliant/ros2_ws/install/nav2_msgs/lib/python3.12/site-packages/nav2_msgs/action/_smooth_path.py
[418.079s] -- Symlinking: /home/brilliant/ros2_ws/install/nav2_msgs/lib/python3.12/site-packages/nav2_msgs/action/_smooth_path_s.c
[418.099s] -- Symlinking: /home/brilliant/ros2_ws/install/nav2_msgs/lib/python3.12/site-packages/nav2_msgs/action/_spin.py
[418.117s] -- Symlinking: /home/brilliant/ros2_ws/install/nav2_msgs/lib/python3.12/site-packages/nav2_msgs/action/_spin_s.c
[418.145s] -- Symlinking: /home/brilliant/ros2_ws/install/nav2_msgs/lib/python3.12/site-packages/nav2_msgs/action/_undock_robot.py
[418.163s] -- Symlinking: /home/brilliant/ros2_ws/install/nav2_msgs/lib/python3.12/site-packages/nav2_msgs/action/_undock_robot_s.c
[418.182s] -- Symlinking: /home/brilliant/ros2_ws/install/nav2_msgs/lib/python3.12/site-packages/nav2_msgs/action/_wait.py
[418.198s] -- Symlinking: /home/brilliant/ros2_ws/install/nav2_msgs/lib/python3.12/site-packages/nav2_msgs/action/_wait_s.c
[418.217s] -- Symlinking: /home/brilliant/ros2_ws/install/nav2_msgs/lib/python3.12/site-packages/nav2_msgs/msg/__init__.py
[418.234s] -- Symlinking: /home/brilliant/ros2_ws/install/nav2_msgs/lib/python3.12/site-packages/nav2_msgs/msg/_behavior_tree_log.py
[418.259s] -- Symlinking: /home/brilliant/ros2_ws/install/nav2_msgs/lib/python3.12/site-packages/nav2_msgs/msg/_behavior_tree_log_s.c
[418.285s] -- Symlinking: /home/brilliant/ros2_ws/install/nav2_msgs/lib/python3.12/site-packages/nav2_msgs/msg/_behavior_tree_status_change.py
[418.307s] -- Symlinking: /home/brilliant/ros2_ws/install/nav2_msgs/lib/python3.12/site-packages/nav2_msgs/msg/_behavior_tree_status_change_s.c
[418.329s] -- Symlinking: /home/brilliant/ros2_ws/install/nav2_msgs/lib/python3.12/site-packages/nav2_msgs/msg/_collision_detector_state.py
[418.353s] -- Symlinking: /home/brilliant/ros2_ws/install/nav2_msgs/lib/python3.12/site-packages/nav2_msgs/msg/_collision_detector_state_s.c
[418.373s] -- Symlinking: /home/brilliant/ros2_ws/install/nav2_msgs/lib/python3.12/site-packages/nav2_msgs/msg/_collision_monitor_state.py
[418.395s] -- Symlinking: /home/brilliant/ros2_ws/install/nav2_msgs/lib/python3.12/site-packages/nav2_msgs/msg/_collision_monitor_state_s.c
[418.416s] -- Symlinking: /home/brilliant/ros2_ws/install/nav2_msgs/lib/python3.12/site-packages/nav2_msgs/msg/_costmap.py
[418.437s] -- Symlinking: /home/brilliant/ros2_ws/install/nav2_msgs/lib/python3.12/site-packages/nav2_msgs/msg/_costmap_filter_info.py
[418.461s] -- Symlinking: /home/brilliant/ros2_ws/install/nav2_msgs/lib/python3.12/site-packages/nav2_msgs/msg/_costmap_filter_info_s.c
[418.486s] -- Symlinking: /home/brilliant/ros2_ws/install/nav2_msgs/lib/python3.12/site-packages/nav2_msgs/msg/_costmap_meta_data.py
[418.508s] -- Symlinking: /home/brilliant/ros2_ws/install/nav2_msgs/lib/python3.12/site-packages/nav2_msgs/msg/_costmap_meta_data_s.c
[418.531s] -- Symlinking: /home/brilliant/ros2_ws/install/nav2_msgs/lib/python3.12/site-packages/nav2_msgs/msg/_costmap_s.c
[418.553s] -- Symlinking: /home/brilliant/ros2_ws/install/nav2_msgs/lib/python3.12/site-packages/nav2_msgs/msg/_costmap_update.py
[418.576s] -- Symlinking: /home/brilliant/ros2_ws/install/nav2_msgs/lib/python3.12/site-packages/nav2_msgs/msg/_costmap_update_s.c
[418.598s] -- Symlinking: /home/brilliant/ros2_ws/install/nav2_msgs/lib/python3.12/site-packages/nav2_msgs/msg/_missed_waypoint.py
[418.620s] -- Symlinking: /home/brilliant/ros2_ws/install/nav2_msgs/lib/python3.12/site-packages/nav2_msgs/msg/_missed_waypoint_s.c
[418.644s] -- Symlinking: /home/brilliant/ros2_ws/install/nav2_msgs/lib/python3.12/site-packages/nav2_msgs/msg/_particle.py
[418.665s] -- Symlinking: /home/brilliant/ros2_ws/install/nav2_msgs/lib/python3.12/site-packages/nav2_msgs/msg/_particle_cloud.py
[418.688s] -- Symlinking: /home/brilliant/ros2_ws/install/nav2_msgs/lib/python3.12/site-packages/nav2_msgs/msg/_particle_cloud_s.c
[418.707s] -- Symlinking: /home/brilliant/ros2_ws/install/nav2_msgs/lib/python3.12/site-packages/nav2_msgs/msg/_particle_s.c
[418.728s] -- Symlinking: /home/brilliant/ros2_ws/install/nav2_msgs/lib/python3.12/site-packages/nav2_msgs/msg/_speed_limit.py
[418.751s] -- Symlinking: /home/brilliant/ros2_ws/install/nav2_msgs/lib/python3.12/site-packages/nav2_msgs/msg/_speed_limit_s.c
[418.770s] -- Symlinking: /home/brilliant/ros2_ws/install/nav2_msgs/lib/python3.12/site-packages/nav2_msgs/msg/_voxel_grid.py
[418.790s] -- Symlinking: /home/brilliant/ros2_ws/install/nav2_msgs/lib/python3.12/site-packages/nav2_msgs/msg/_voxel_grid_s.c
[418.811s] -- Symlinking: /home/brilliant/ros2_ws/install/nav2_msgs/lib/python3.12/site-packages/nav2_msgs/nav2_msgs_s__rosidl_typesupport_c.so
[418.832s] -- Symlinking: /home/brilliant/ros2_ws/install/nav2_msgs/lib/python3.12/site-packages/nav2_msgs/nav2_msgs_s__rosidl_typesupport_fastrtps_c.so
[418.859s] -- Symlinking: /home/brilliant/ros2_ws/install/nav2_msgs/lib/python3.12/site-packages/nav2_msgs/nav2_msgs_s__rosidl_typesupport_introspection_c.so
[418.879s] -- Symlinking: /home/brilliant/ros2_ws/install/nav2_msgs/lib/python3.12/site-packages/nav2_msgs/srv/__init__.py
[418.899s] -- Symlinking: /home/brilliant/ros2_ws/install/nav2_msgs/lib/python3.12/site-packages/nav2_msgs/srv/_clear_costmap_around_pose.py
[418.919s] -- Symlinking: /home/brilliant/ros2_ws/install/nav2_msgs/lib/python3.12/site-packages/nav2_msgs/srv/_clear_costmap_around_pose_s.c
[418.941s] -- Symlinking: /home/brilliant/ros2_ws/install/nav2_msgs/lib/python3.12/site-packages/nav2_msgs/srv/_clear_costmap_around_robot.py
[418.961s] -- Symlinking: /home/brilliant/ros2_ws/install/nav2_msgs/lib/python3.12/site-packages/nav2_msgs/srv/_clear_costmap_around_robot_s.c
[418.983s] -- Symlinking: /home/brilliant/ros2_ws/install/nav2_msgs/lib/python3.12/site-packages/nav2_msgs/srv/_clear_costmap_except_region.py
[419.010s] -- Symlinking: /home/brilliant/ros2_ws/install/nav2_msgs/lib/python3.12/site-packages/nav2_msgs/srv/_clear_costmap_except_region_s.c
[419.030s] -- Symlinking: /home/brilliant/ros2_ws/install/nav2_msgs/lib/python3.12/site-packages/nav2_msgs/srv/_clear_entire_costmap.py
[419.052s] -- Symlinking: /home/brilliant/ros2_ws/install/nav2_msgs/lib/python3.12/site-packages/nav2_msgs/srv/_clear_entire_costmap_s.c
[419.072s] -- Symlinking: /home/brilliant/ros2_ws/install/nav2_msgs/lib/python3.12/site-packages/nav2_msgs/srv/_get_cost.py
[419.091s] -- Symlinking: /home/brilliant/ros2_ws/install/nav2_msgs/lib/python3.12/site-packages/nav2_msgs/srv/_get_cost_s.c
[419.109s] -- Symlinking: /home/brilliant/ros2_ws/install/nav2_msgs/lib/python3.12/site-packages/nav2_msgs/srv/_get_costmap.py
[419.127s] -- Symlinking: /home/brilliant/ros2_ws/install/nav2_msgs/lib/python3.12/site-packages/nav2_msgs/srv/_get_costmap_s.c
[419.146s] -- Symlinking: /home/brilliant/ros2_ws/install/nav2_msgs/lib/python3.12/site-packages/nav2_msgs/srv/_is_path_valid.py
[419.165s] -- Symlinking: /home/brilliant/ros2_ws/install/nav2_msgs/lib/python3.12/site-packages/nav2_msgs/srv/_is_path_valid_s.c
[419.183s] -- Symlinking: /home/brilliant/ros2_ws/install/nav2_msgs/lib/python3.12/site-packages/nav2_msgs/srv/_load_map.py
[419.201s] -- Symlinking: /home/brilliant/ros2_ws/install/nav2_msgs/lib/python3.12/site-packages/nav2_msgs/srv/_load_map_s.c
[419.223s] -- Symlinking: /home/brilliant/ros2_ws/install/nav2_msgs/lib/python3.12/site-packages/nav2_msgs/srv/_manage_lifecycle_nodes.py
[419.244s] -- Symlinking: /home/brilliant/ros2_ws/install/nav2_msgs/lib/python3.12/site-packages/nav2_msgs/srv/_manage_lifecycle_nodes_s.c
[419.261s] -- Symlinking: /home/brilliant/ros2_ws/install/nav2_msgs/lib/python3.12/site-packages/nav2_msgs/srv/_reload_dock_database.py
[419.279s] -- Symlinking: /home/brilliant/ros2_ws/install/nav2_msgs/lib/python3.12/site-packages/nav2_msgs/srv/_reload_dock_database_s.c
[419.297s] -- Symlinking: /home/brilliant/ros2_ws/install/nav2_msgs/lib/python3.12/site-packages/nav2_msgs/srv/_save_map.py
[419.320s] -- Symlinking: /home/brilliant/ros2_ws/install/nav2_msgs/lib/python3.12/site-packages/nav2_msgs/srv/_save_map_s.c
[419.338s] -- Symlinking: /home/brilliant/ros2_ws/install/nav2_msgs/lib/python3.12/site-packages/nav2_msgs/srv/_set_initial_pose.py
[419.358s] -- Symlinking: /home/brilliant/ros2_ws/install/nav2_msgs/lib/python3.12/site-packages/nav2_msgs/srv/_set_initial_pose_s.c
[419.377s] -- Up-to-date symlink: /home/brilliant/ros2_ws/install/nav2_msgs/lib/python3.12/site-packages/nav2_msgs/nav2_msgs_s__rosidl_typesupport_fastrtps_c.so
[419.378s] -- Up-to-date symlink: /home/brilliant/ros2_ws/install/nav2_msgs/lib/python3.12/site-packages/nav2_msgs/nav2_msgs_s__rosidl_typesupport_introspection_c.so
[419.378s] -- Up-to-date symlink: /home/brilliant/ros2_ws/install/nav2_msgs/lib/python3.12/site-packages/nav2_msgs/nav2_msgs_s__rosidl_typesupport_c.so
[419.379s] -- Symlinking: /home/brilliant/ros2_ws/install/nav2_msgs/share/nav2_msgs/msg/CollisionMonitorState.idl
[419.397s] -- Symlinking: /home/brilliant/ros2_ws/install/nav2_msgs/share/nav2_msgs/msg/CollisionDetectorState.idl
[419.416s] -- Symlinking: /home/brilliant/ros2_ws/install/nav2_msgs/share/nav2_msgs/msg/Costmap.idl
[419.433s] -- Symlinking: /home/brilliant/ros2_ws/install/nav2_msgs/share/nav2_msgs/msg/CostmapMetaData.idl
[419.453s] -- Symlinking: /home/brilliant/ros2_ws/install/nav2_msgs/share/nav2_msgs/msg/CostmapUpdate.idl
[419.471s] -- Symlinking: /home/brilliant/ros2_ws/install/nav2_msgs/share/nav2_msgs/msg/CostmapFilterInfo.idl
[419.490s] -- Symlinking: /home/brilliant/ros2_ws/install/nav2_msgs/share/nav2_msgs/msg/SpeedLimit.idl
[419.508s] -- Symlinking: /home/brilliant/ros2_ws/install/nav2_msgs/share/nav2_msgs/msg/VoxelGrid.idl
[419.527s] -- Symlinking: /home/brilliant/ros2_ws/install/nav2_msgs/share/nav2_msgs/msg/BehaviorTreeStatusChange.idl
[419.547s] -- Symlinking: /home/brilliant/ros2_ws/install/nav2_msgs/share/nav2_msgs/msg/BehaviorTreeLog.idl
[419.567s] -- Symlinking: /home/brilliant/ros2_ws/install/nav2_msgs/share/nav2_msgs/msg/Particle.idl
[419.588s] -- Symlinking: /home/brilliant/ros2_ws/install/nav2_msgs/share/nav2_msgs/msg/ParticleCloud.idl
[419.608s] -- Symlinking: /home/brilliant/ros2_ws/install/nav2_msgs/share/nav2_msgs/msg/MissedWaypoint.idl
[419.626s] -- Symlinking: /home/brilliant/ros2_ws/install/nav2_msgs/share/nav2_msgs/srv/GetCost.idl
[419.646s] -- Symlinking: /home/brilliant/ros2_ws/install/nav2_msgs/share/nav2_msgs/srv/GetCostmap.idl
[419.669s] -- Symlinking: /home/brilliant/ros2_ws/install/nav2_msgs/share/nav2_msgs/srv/IsPathValid.idl
[419.687s] -- Symlinking: /home/brilliant/ros2_ws/install/nav2_msgs/share/nav2_msgs/srv/ClearCostmapExceptRegion.idl
[419.711s] -- Symlinking: /home/brilliant/ros2_ws/install/nav2_msgs/share/nav2_msgs/srv/ClearCostmapAroundRobot.idl
[419.735s] -- Symlinking: /home/brilliant/ros2_ws/install/nav2_msgs/share/nav2_msgs/srv/ClearCostmapAroundPose.idl
[419.761s] -- Symlinking: /home/brilliant/ros2_ws/install/nav2_msgs/share/nav2_msgs/srv/ClearEntireCostmap.idl
[419.781s] -- Symlinking: /home/brilliant/ros2_ws/install/nav2_msgs/share/nav2_msgs/srv/ManageLifecycleNodes.idl
[419.800s] -- Symlinking: /home/brilliant/ros2_ws/install/nav2_msgs/share/nav2_msgs/srv/LoadMap.idl
[419.829s] -- Symlinking: /home/brilliant/ros2_ws/install/nav2_msgs/share/nav2_msgs/srv/SaveMap.idl
[419.851s] -- Symlinking: /home/brilliant/ros2_ws/install/nav2_msgs/share/nav2_msgs/srv/SetInitialPose.idl
[419.870s] -- Symlinking: /home/brilliant/ros2_ws/install/nav2_msgs/share/nav2_msgs/srv/ReloadDockDatabase.idl
[419.891s] -- Symlinking: /home/brilliant/ros2_ws/install/nav2_msgs/share/nav2_msgs/action/AssistedTeleop.idl
[419.920s] -- Symlinking: /home/brilliant/ros2_ws/install/nav2_msgs/share/nav2_msgs/action/BackUp.idl
[419.943s] -- Symlinking: /home/brilliant/ros2_ws/install/nav2_msgs/share/nav2_msgs/action/ComputePathToPose.idl
[419.964s] -- Symlinking: /home/brilliant/ros2_ws/install/nav2_msgs/share/nav2_msgs/action/ComputePathThroughPoses.idl
[419.989s] -- Symlinking: /home/brilliant/ros2_ws/install/nav2_msgs/share/nav2_msgs/action/DriveOnHeading.idl
[420.012s] -- Symlinking: /home/brilliant/ros2_ws/install/nav2_msgs/share/nav2_msgs/action/SmoothPath.idl
[420.035s] -- Symlinking: /home/brilliant/ros2_ws/install/nav2_msgs/share/nav2_msgs/action/FollowPath.idl
[420.058s] -- Symlinking: /home/brilliant/ros2_ws/install/nav2_msgs/share/nav2_msgs/action/NavigateToPose.idl
[420.080s] -- Symlinking: /home/brilliant/ros2_ws/install/nav2_msgs/share/nav2_msgs/action/NavigateThroughPoses.idl
[420.102s] -- Symlinking: /home/brilliant/ros2_ws/install/nav2_msgs/share/nav2_msgs/action/Wait.idl
[420.124s] -- Symlinking: /home/brilliant/ros2_ws/install/nav2_msgs/share/nav2_msgs/action/Spin.idl
[420.150s] -- Symlinking: /home/brilliant/ros2_ws/install/nav2_msgs/share/nav2_msgs/action/DummyBehavior.idl
[420.174s] -- Symlinking: /home/brilliant/ros2_ws/install/nav2_msgs/share/nav2_msgs/action/FollowWaypoints.idl
[420.195s] -- Symlinking: /home/brilliant/ros2_ws/install/nav2_msgs/share/nav2_msgs/action/FollowGPSWaypoints.idl
[420.218s] -- Symlinking: /home/brilliant/ros2_ws/install/nav2_msgs/share/nav2_msgs/action/DockRobot.idl
[420.240s] -- Symlinking: /home/brilliant/ros2_ws/install/nav2_msgs/share/nav2_msgs/action/UndockRobot.idl
[420.264s] -- Symlinking: /home/brilliant/ros2_ws/install/nav2_msgs/share/nav2_msgs/msg/CollisionMonitorState.msg
[420.284s] -- Symlinking: /home/brilliant/ros2_ws/install/nav2_msgs/share/nav2_msgs/msg/CollisionDetectorState.msg
[420.305s] -- Symlinking: /home/brilliant/ros2_ws/install/nav2_msgs/share/nav2_msgs/msg/Costmap.msg
[420.327s] -- Symlinking: /home/brilliant/ros2_ws/install/nav2_msgs/share/nav2_msgs/msg/CostmapMetaData.msg
[420.351s] -- Symlinking: /home/brilliant/ros2_ws/install/nav2_msgs/share/nav2_msgs/msg/CostmapUpdate.msg
[420.371s] -- Symlinking: /home/brilliant/ros2_ws/install/nav2_msgs/share/nav2_msgs/msg/CostmapFilterInfo.msg
[420.391s] -- Symlinking: /home/brilliant/ros2_ws/install/nav2_msgs/share/nav2_msgs/msg/SpeedLimit.msg
[420.418s] -- Symlinking: /home/brilliant/ros2_ws/install/nav2_msgs/share/nav2_msgs/msg/VoxelGrid.msg
[420.439s] -- Symlinking: /home/brilliant/ros2_ws/install/nav2_msgs/share/nav2_msgs/msg/BehaviorTreeStatusChange.msg
[420.459s] -- Symlinking: /home/brilliant/ros2_ws/install/nav2_msgs/share/nav2_msgs/msg/BehaviorTreeLog.msg
[420.477s] -- Symlinking: /home/brilliant/ros2_ws/install/nav2_msgs/share/nav2_msgs/msg/Particle.msg
[420.496s] -- Symlinking: /home/brilliant/ros2_ws/install/nav2_msgs/share/nav2_msgs/msg/ParticleCloud.msg
[420.516s] -- Symlinking: /home/brilliant/ros2_ws/install/nav2_msgs/share/nav2_msgs/msg/MissedWaypoint.msg
[420.534s] -- Symlinking: /home/brilliant/ros2_ws/install/nav2_msgs/share/nav2_msgs/srv/GetCost.srv
[420.557s] -- Symlinking: /home/brilliant/ros2_ws/install/nav2_msgs/share/nav2_msgs/srv/GetCostmap.srv
[420.577s] -- Symlinking: /home/brilliant/ros2_ws/install/nav2_msgs/share/nav2_msgs/srv/IsPathValid.srv
[420.598s] -- Symlinking: /home/brilliant/ros2_ws/install/nav2_msgs/share/nav2_msgs/srv/ClearCostmapExceptRegion.srv
[420.618s] -- Symlinking: /home/brilliant/ros2_ws/install/nav2_msgs/share/nav2_msgs/srv/ClearCostmapAroundRobot.srv
[420.643s] -- Symlinking: /home/brilliant/ros2_ws/install/nav2_msgs/share/nav2_msgs/srv/ClearCostmapAroundPose.srv
[420.666s] -- Symlinking: /home/brilliant/ros2_ws/install/nav2_msgs/share/nav2_msgs/srv/ClearEntireCostmap.srv
[420.686s] -- Symlinking: /home/brilliant/ros2_ws/install/nav2_msgs/share/nav2_msgs/srv/ManageLifecycleNodes.srv
[420.706s] -- Symlinking: /home/brilliant/ros2_ws/install/nav2_msgs/share/nav2_msgs/srv/LoadMap.srv
[420.729s] -- Symlinking: /home/brilliant/ros2_ws/install/nav2_msgs/share/nav2_msgs/srv/SaveMap.srv
[420.753s] -- Symlinking: /home/brilliant/ros2_ws/install/nav2_msgs/share/nav2_msgs/srv/SetInitialPose.srv
[420.775s] -- Symlinking: /home/brilliant/ros2_ws/install/nav2_msgs/share/nav2_msgs/srv/ReloadDockDatabase.srv
[420.796s] -- Symlinking: /home/brilliant/ros2_ws/install/nav2_msgs/share/nav2_msgs/action/AssistedTeleop.action
[420.817s] -- Symlinking: /home/brilliant/ros2_ws/install/nav2_msgs/share/nav2_msgs/action/BackUp.action
[420.839s] -- Symlinking: /home/brilliant/ros2_ws/install/nav2_msgs/share/nav2_msgs/action/ComputePathToPose.action
[420.861s] -- Symlinking: /home/brilliant/ros2_ws/install/nav2_msgs/share/nav2_msgs/action/ComputePathThroughPoses.action
[420.882s] -- Symlinking: /home/brilliant/ros2_ws/install/nav2_msgs/share/nav2_msgs/action/DriveOnHeading.action
[420.901s] -- Symlinking: /home/brilliant/ros2_ws/install/nav2_msgs/share/nav2_msgs/action/SmoothPath.action
[420.925s] -- Symlinking: /home/brilliant/ros2_ws/install/nav2_msgs/share/nav2_msgs/action/FollowPath.action
[420.948s] -- Symlinking: /home/brilliant/ros2_ws/install/nav2_msgs/share/nav2_msgs/action/NavigateToPose.action
[420.970s] -- Symlinking: /home/brilliant/ros2_ws/install/nav2_msgs/share/nav2_msgs/action/NavigateThroughPoses.action
[420.994s] -- Symlinking: /home/brilliant/ros2_ws/install/nav2_msgs/share/nav2_msgs/action/Wait.action
[421.018s] -- Symlinking: /home/brilliant/ros2_ws/install/nav2_msgs/share/nav2_msgs/action/Spin.action
[421.043s] -- Symlinking: /home/brilliant/ros2_ws/install/nav2_msgs/share/nav2_msgs/action/DummyBehavior.action
[421.065s] -- Symlinking: /home/brilliant/ros2_ws/install/nav2_msgs/share/nav2_msgs/action/FollowWaypoints.action
[421.087s] -- Symlinking: /home/brilliant/ros2_ws/install/nav2_msgs/share/nav2_msgs/action/FollowGPSWaypoints.action
[421.110s] -- Symlinking: /home/brilliant/ros2_ws/install/nav2_msgs/share/nav2_msgs/action/DockRobot.action
[421.132s] -- Symlinking: /home/brilliant/ros2_ws/install/nav2_msgs/share/nav2_msgs/action/UndockRobot.action
[421.155s] -- Symlinking: /home/brilliant/ros2_ws/install/nav2_msgs/share/ament_index/resource_index/package_run_dependencies/nav2_msgs
[421.177s] -- Symlinking: /home/brilliant/ros2_ws/install/nav2_msgs/share/ament_index/resource_index/parent_prefix_path/nav2_msgs
[421.196s] -- Symlinking: /home/brilliant/ros2_ws/install/nav2_msgs/share/nav2_msgs/environment/ament_prefix_path.sh
[421.221s] -- Symlinking: /home/brilliant/ros2_ws/install/nav2_msgs/share/nav2_msgs/environment/ament_prefix_path.dsv
[421.246s] -- Symlinking: /home/brilliant/ros2_ws/install/nav2_msgs/share/nav2_msgs/environment/path.sh
[421.267s] -- Symlinking: /home/brilliant/ros2_ws/install/nav2_msgs/share/nav2_msgs/environment/path.dsv
[421.288s] -- Symlinking: /home/brilliant/ros2_ws/install/nav2_msgs/share/nav2_msgs/local_setup.bash
[421.311s] -- Symlinking: /home/brilliant/ros2_ws/install/nav2_msgs/share/nav2_msgs/local_setup.sh
[421.333s] -- Symlinking: /home/brilliant/ros2_ws/install/nav2_msgs/share/nav2_msgs/local_setup.zsh
[421.359s] -- Symlinking: /home/brilliant/ros2_ws/install/nav2_msgs/share/nav2_msgs/local_setup.dsv
[421.382s] -- Symlinking: /home/brilliant/ros2_ws/install/nav2_msgs/share/nav2_msgs/package.dsv
[421.403s] -- Symlinking: /home/brilliant/ros2_ws/install/nav2_msgs/share/ament_index/resource_index/packages/nav2_msgs
[421.425s] -- Symlinking: /home/brilliant/ros2_ws/install/nav2_msgs/share/nav2_msgs/cmake/rosidl_cmake-extras.cmake
[421.448s] -- Symlinking: /home/brilliant/ros2_ws/install/nav2_msgs/share/nav2_msgs/cmake/ament_cmake_export_dependencies-extras.cmake
[421.470s] -- Symlinking: /home/brilliant/ros2_ws/install/nav2_msgs/share/nav2_msgs/cmake/ament_cmake_export_include_directories-extras.cmake
[421.491s] -- Symlinking: /home/brilliant/ros2_ws/install/nav2_msgs/share/nav2_msgs/cmake/ament_cmake_export_libraries-extras.cmake
[421.513s] -- Symlinking: /home/brilliant/ros2_ws/install/nav2_msgs/share/nav2_msgs/cmake/ament_cmake_export_targets-extras.cmake
[421.534s] -- Symlinking: /home/brilliant/ros2_ws/install/nav2_msgs/share/nav2_msgs/cmake/rosidl_cmake_export_typesupport_targets-extras.cmake
[421.557s] -- Symlinking: /home/brilliant/ros2_ws/install/nav2_msgs/share/nav2_msgs/cmake/rosidl_cmake_export_typesupport_libraries-extras.cmake
[421.579s] -- Symlinking: /home/brilliant/ros2_ws/install/nav2_msgs/share/nav2_msgs/cmake/nav2_msgsConfig.cmake
[421.599s] -- Symlinking: /home/brilliant/ros2_ws/install/nav2_msgs/share/nav2_msgs/cmake/nav2_msgsConfig-version.cmake
[421.620s] -- Symlinking: /home/brilliant/ros2_ws/install/nav2_msgs/share/nav2_msgs/package.xml
[421.639s] -- Installing: /home/brilliant/ros2_ws/install/nav2_msgs/lib/libnav2_msgs__rosidl_generator_c.so
[421.646s] -- Set non-toolchain portion of runtime path of "/home/brilliant/ros2_ws/install/nav2_msgs/lib/libnav2_msgs__rosidl_generator_c.so" to ""
[421.647s] -- Installing: /home/brilliant/ros2_ws/install/nav2_msgs/lib/libnav2_msgs__rosidl_typesupport_fastrtps_c.so
[421.651s] -- Set non-toolchain portion of runtime path of "/home/brilliant/ros2_ws/install/nav2_msgs/lib/libnav2_msgs__rosidl_typesupport_fastrtps_c.so" to ""
[421.651s] -- Installing: /home/brilliant/ros2_ws/install/nav2_msgs/lib/libnav2_msgs__rosidl_typesupport_fastrtps_cpp.so
[421.664s] -- Set non-toolchain portion of runtime path of "/home/brilliant/ros2_ws/install/nav2_msgs/lib/libnav2_msgs__rosidl_typesupport_fastrtps_cpp.so" to ""
[421.665s] -- Installing: /home/brilliant/ros2_ws/install/nav2_msgs/lib/libnav2_msgs__rosidl_typesupport_introspection_c.so
[421.668s] -- Set non-toolchain portion of runtime path of "/home/brilliant/ros2_ws/install/nav2_msgs/lib/libnav2_msgs__rosidl_typesupport_introspection_c.so" to ""
[421.668s] -- Installing: /home/brilliant/ros2_ws/install/nav2_msgs/lib/libnav2_msgs__rosidl_typesupport_c.so
[421.671s] -- Set non-toolchain portion of runtime path of "/home/brilliant/ros2_ws/install/nav2_msgs/lib/libnav2_msgs__rosidl_typesupport_c.so" to ""
[421.671s] -- Installing: /home/brilliant/ros2_ws/install/nav2_msgs/lib/libnav2_msgs__rosidl_typesupport_introspection_cpp.so
[421.677s] -- Set non-toolchain portion of runtime path of "/home/brilliant/ros2_ws/install/nav2_msgs/lib/libnav2_msgs__rosidl_typesupport_introspection_cpp.so" to ""
[421.677s] -- Installing: /home/brilliant/ros2_ws/install/nav2_msgs/lib/libnav2_msgs__rosidl_typesupport_cpp.so
[421.680s] -- Set non-toolchain portion of runtime path of "/home/brilliant/ros2_ws/install/nav2_msgs/lib/libnav2_msgs__rosidl_typesupport_cpp.so" to ""
[422.152s] Listing '/home/brilliant/ros2_ws/install/nav2_msgs/lib/python3.12/site-packages/nav2_msgs'...
[422.153s] Compiling '/home/brilliant/ros2_ws/install/nav2_msgs/lib/python3.12/site-packages/nav2_msgs/__init__.py'...
[422.153s] Listing '/home/brilliant/ros2_ws/install/nav2_msgs/lib/python3.12/site-packages/nav2_msgs/action'...
[422.153s] Compiling '/home/brilliant/ros2_ws/install/nav2_msgs/lib/python3.12/site-packages/nav2_msgs/action/__init__.py'...
[422.154s] Compiling '/home/brilliant/ros2_ws/install/nav2_msgs/lib/python3.12/site-packages/nav2_msgs/action/_assisted_teleop.py'...
[422.154s] Compiling '/home/brilliant/ros2_ws/install/nav2_msgs/lib/python3.12/site-packages/nav2_msgs/action/_back_up.py'...
[422.154s] Compiling '/home/brilliant/ros2_ws/install/nav2_msgs/lib/python3.12/site-packages/nav2_msgs/action/_compute_path_through_poses.py'...
[422.154s] Compiling '/home/brilliant/ros2_ws/install/nav2_msgs/lib/python3.12/site-packages/nav2_msgs/action/_compute_path_to_pose.py'...
[422.155s] Compiling '/home/brilliant/ros2_ws/install/nav2_msgs/lib/python3.12/site-packages/nav2_msgs/action/_dock_robot.py'...
[422.155s] Compiling '/home/brilliant/ros2_ws/install/nav2_msgs/lib/python3.12/site-packages/nav2_msgs/action/_drive_on_heading.py'...
[422.155s] Compiling '/home/brilliant/ros2_ws/install/nav2_msgs/lib/python3.12/site-packages/nav2_msgs/action/_dummy_behavior.py'...
[422.156s] Compiling '/home/brilliant/ros2_ws/install/nav2_msgs/lib/python3.12/site-packages/nav2_msgs/action/_follow_gps_waypoints.py'...
[422.156s] Compiling '/home/brilliant/ros2_ws/install/nav2_msgs/lib/python3.12/site-packages/nav2_msgs/action/_follow_path.py'...
[422.156s] Compiling '/home/brilliant/ros2_ws/install/nav2_msgs/lib/python3.12/site-packages/nav2_msgs/action/_follow_waypoints.py'...
[422.156s] Compiling '/home/brilliant/ros2_ws/install/nav2_msgs/lib/python3.12/site-packages/nav2_msgs/action/_navigate_through_poses.py'...
[422.157s] Compiling '/home/brilliant/ros2_ws/install/nav2_msgs/lib/python3.12/site-packages/nav2_msgs/action/_navigate_to_pose.py'...
[422.157s] Compiling '/home/brilliant/ros2_ws/install/nav2_msgs/lib/python3.12/site-packages/nav2_msgs/action/_smooth_path.py'...
[422.157s] Compiling '/home/brilliant/ros2_ws/install/nav2_msgs/lib/python3.12/site-packages/nav2_msgs/action/_spin.py'...
[422.157s] Compiling '/home/brilliant/ros2_ws/install/nav2_msgs/lib/python3.12/site-packages/nav2_msgs/action/_undock_robot.py'...
[422.158s] Compiling '/home/brilliant/ros2_ws/install/nav2_msgs/lib/python3.12/site-packages/nav2_msgs/action/_wait.py'...
[422.158s] Listing '/home/brilliant/ros2_ws/install/nav2_msgs/lib/python3.12/site-packages/nav2_msgs/msg'...
[422.158s] Compiling '/home/brilliant/ros2_ws/install/nav2_msgs/lib/python3.12/site-packages/nav2_msgs/msg/__init__.py'...
[422.158s] Compiling '/home/brilliant/ros2_ws/install/nav2_msgs/lib/python3.12/site-packages/nav2_msgs/msg/_behavior_tree_log.py'...
[422.159s] Compiling '/home/brilliant/ros2_ws/install/nav2_msgs/lib/python3.12/site-packages/nav2_msgs/msg/_behavior_tree_status_change.py'...
[422.159s] Compiling '/home/brilliant/ros2_ws/install/nav2_msgs/lib/python3.12/site-packages/nav2_msgs/msg/_collision_detector_state.py'...
[422.159s] Compiling '/home/brilliant/ros2_ws/install/nav2_msgs/lib/python3.12/site-packages/nav2_msgs/msg/_collision_monitor_state.py'...
[422.159s] Compiling '/home/brilliant/ros2_ws/install/nav2_msgs/lib/python3.12/site-packages/nav2_msgs/msg/_costmap.py'...
[422.160s] Compiling '/home/brilliant/ros2_ws/install/nav2_msgs/lib/python3.12/site-packages/nav2_msgs/msg/_costmap_filter_info.py'...
[422.160s] Compiling '/home/brilliant/ros2_ws/install/nav2_msgs/lib/python3.12/site-packages/nav2_msgs/msg/_costmap_meta_data.py'...
[422.160s] Compiling '/home/brilliant/ros2_ws/install/nav2_msgs/lib/python3.12/site-packages/nav2_msgs/msg/_costmap_update.py'...
[422.160s] Compiling '/home/brilliant/ros2_ws/install/nav2_msgs/lib/python3.12/site-packages/nav2_msgs/msg/_missed_waypoint.py'...
[422.161s] Compiling '/home/brilliant/ros2_ws/install/nav2_msgs/lib/python3.12/site-packages/nav2_msgs/msg/_particle.py'...
[422.161s] Compiling '/home/brilliant/ros2_ws/install/nav2_msgs/lib/python3.12/site-packages/nav2_msgs/msg/_particle_cloud.py'...
[422.161s] Compiling '/home/brilliant/ros2_ws/install/nav2_msgs/lib/python3.12/site-packages/nav2_msgs/msg/_speed_limit.py'...
[422.161s] Compiling '/home/brilliant/ros2_ws/install/nav2_msgs/lib/python3.12/site-packages/nav2_msgs/msg/_voxel_grid.py'...
[422.161s] Listing '/home/brilliant/ros2_ws/install/nav2_msgs/lib/python3.12/site-packages/nav2_msgs/srv'...
[422.162s] Compiling '/home/brilliant/ros2_ws/install/nav2_msgs/lib/python3.12/site-packages/nav2_msgs/srv/__init__.py'...
[422.162s] Compiling '/home/brilliant/ros2_ws/install/nav2_msgs/lib/python3.12/site-packages/nav2_msgs/srv/_clear_costmap_around_pose.py'...
[422.162s] Compiling '/home/brilliant/ros2_ws/install/nav2_msgs/lib/python3.12/site-packages/nav2_msgs/srv/_clear_costmap_around_robot.py'...
[422.162s] Compiling '/home/brilliant/ros2_ws/install/nav2_msgs/lib/python3.12/site-packages/nav2_msgs/srv/_clear_costmap_except_region.py'...
[422.163s] Compiling '/home/brilliant/ros2_ws/install/nav2_msgs/lib/python3.12/site-packages/nav2_msgs/srv/_clear_entire_costmap.py'...
[422.163s] Compiling '/home/brilliant/ros2_ws/install/nav2_msgs/lib/python3.12/site-packages/nav2_msgs/srv/_get_cost.py'...
[422.163s] Compiling '/home/brilliant/ros2_ws/install/nav2_msgs/lib/python3.12/site-packages/nav2_msgs/srv/_get_costmap.py'...
[422.163s] Compiling '/home/brilliant/ros2_ws/install/nav2_msgs/lib/python3.12/site-packages/nav2_msgs/srv/_is_path_valid.py'...
[422.164s] Compiling '/home/brilliant/ros2_ws/install/nav2_msgs/lib/python3.12/site-packages/nav2_msgs/srv/_load_map.py'...
[422.164s] Compiling '/home/brilliant/ros2_ws/install/nav2_msgs/lib/python3.12/site-packages/nav2_msgs/srv/_manage_lifecycle_nodes.py'...
[422.164s] Compiling '/home/brilliant/ros2_ws/install/nav2_msgs/lib/python3.12/site-packages/nav2_msgs/srv/_reload_dock_database.py'...
[422.164s] Compiling '/home/brilliant/ros2_ws/install/nav2_msgs/lib/python3.12/site-packages/nav2_msgs/srv/_save_map.py'...
[422.164s] Compiling '/home/brilliant/ros2_ws/install/nav2_msgs/lib/python3.12/site-packages/nav2_msgs/srv/_set_initial_pose.py'...
[422.167s] -- Installing: /home/brilliant/ros2_ws/install/nav2_msgs/lib/libnav2_msgs__rosidl_generator_py.so
[422.170s] -- Set non-toolchain portion of runtime path of "/home/brilliant/ros2_ws/install/nav2_msgs/lib/libnav2_msgs__rosidl_generator_py.so" to ""
[422.171s] -- Installing: /home/brilliant/ros2_ws/install/nav2_msgs/share/nav2_msgs/cmake/export_nav2_msgs__rosidl_generator_cExport.cmake
[422.171s] -- Installing: /home/brilliant/ros2_ws/install/nav2_msgs/share/nav2_msgs/cmake/export_nav2_msgs__rosidl_generator_cExport-release.cmake
[422.171s] -- Installing: /home/brilliant/ros2_ws/install/nav2_msgs/share/nav2_msgs/cmake/export_nav2_msgs__rosidl_typesupport_fastrtps_cExport.cmake
[422.171s] -- Installing: /home/brilliant/ros2_ws/install/nav2_msgs/share/nav2_msgs/cmake/export_nav2_msgs__rosidl_typesupport_fastrtps_cExport-release.cmake
[422.172s] -- Installing: /home/brilliant/ros2_ws/install/nav2_msgs/share/nav2_msgs/cmake/export_nav2_msgs__rosidl_generator_cppExport.cmake
[422.173s] -- Installing: /home/brilliant/ros2_ws/install/nav2_msgs/share/nav2_msgs/cmake/export_nav2_msgs__rosidl_typesupport_fastrtps_cppExport.cmake
[422.173s] -- Installing: /home/brilliant/ros2_ws/install/nav2_msgs/share/nav2_msgs/cmake/export_nav2_msgs__rosidl_typesupport_fastrtps_cppExport-release.cmake
[422.174s] -- Installing: /home/brilliant/ros2_ws/install/nav2_msgs/share/nav2_msgs/cmake/nav2_msgs__rosidl_typesupport_introspection_cExport.cmake
[422.174s] -- Installing: /home/brilliant/ros2_ws/install/nav2_msgs/share/nav2_msgs/cmake/nav2_msgs__rosidl_typesupport_introspection_cExport-release.cmake
[422.174s] -- Installing: /home/brilliant/ros2_ws/install/nav2_msgs/share/nav2_msgs/cmake/nav2_msgs__rosidl_typesupport_cExport.cmake
[422.175s] -- Installing: /home/brilliant/ros2_ws/install/nav2_msgs/share/nav2_msgs/cmake/nav2_msgs__rosidl_typesupport_cExport-release.cmake
[422.176s] -- Installing: /home/brilliant/ros2_ws/install/nav2_msgs/share/nav2_msgs/cmake/nav2_msgs__rosidl_typesupport_introspection_cppExport.cmake
[422.176s] -- Installing: /home/brilliant/ros2_ws/install/nav2_msgs/share/nav2_msgs/cmake/nav2_msgs__rosidl_typesupport_introspection_cppExport-release.cmake
[422.176s] -- Installing: /home/brilliant/ros2_ws/install/nav2_msgs/share/nav2_msgs/cmake/nav2_msgs__rosidl_typesupport_cppExport.cmake
[422.176s] -- Installing: /home/brilliant/ros2_ws/install/nav2_msgs/share/nav2_msgs/cmake/nav2_msgs__rosidl_typesupport_cppExport-release.cmake
[422.177s] -- Installing: /home/brilliant/ros2_ws/install/nav2_msgs/share/nav2_msgs/cmake/export_nav2_msgs__rosidl_generator_pyExport.cmake
[422.177s] -- Installing: /home/brilliant/ros2_ws/install/nav2_msgs/share/nav2_msgs/cmake/export_nav2_msgs__rosidl_generator_pyExport-release.cmake
[422.182s] Invoked command in '/home/brilliant/ros2_ws/build/nav2_msgs' returned '0': AMENT_PREFIX_PATH=/home/brilliant/ros2_ws/install/nav2_common:${AMENT_PREFIX_PATH} CMAKE_PREFIX_PATH=/home/brilliant/ros2_ws/install/nav2_common:/home/brilliant/ros2_ws/install/sllidar_ros2:/home/brilliant/ros2_ws/install/serial:/home/brilliant/ros2_ws/install/minibot:/home/brilliant/ros2_ws/install/diffdrive_arduino:/opt/ros/jazzy/opt/gz_sim_vendor:/opt/ros/jazzy/opt/gz_sensors_vendor:/opt/ros/jazzy/opt/gz_physics_vendor:/opt/ros/jazzy/opt/sdformat_vendor:/opt/ros/jazzy/opt/gz_gui_vendor:/opt/ros/jazzy/opt/gz_transport_vendor:/opt/ros/jazzy/opt/gz_rendering_vendor:/opt/ros/jazzy/opt/gz_plugin_vendor:/opt/ros/jazzy/opt/gz_fuel_tools_vendor:/opt/ros/jazzy/opt/gz_msgs_vendor:/opt/ros/jazzy/opt/gz_common_vendor:/opt/ros/jazzy/opt/gz_math_vendor:/opt/ros/jazzy/opt/gz_utils_vendor:/opt/ros/jazzy/opt/gz_tools_vendor:/opt/ros/jazzy/opt/gz_ogre_next_vendor:/opt/ros/jazzy/opt/gz_dartsim_vendor:/opt/ros/jazzy/opt/gz_cmake_vendor:/home/brilliant/ros2_ws/install/twist_stamper:/opt/ros/jazzy DEBUGINFOD_URLS=https://debuginfod.ubuntu.com PYTHONPATH=/home/brilliant/ros2_ws/install/nav2_common/lib/python3.12/site-packages:${PYTHONPATH} /usr/bin/cmake --install /home/brilliant/ros2_ws/build/nav2_msgs
