[0.257s] DEBUG:colcon:Command line arguments: ['/usr/bin/colcon', 'build', '--symlink-install']
[0.257s] DEBUG:colcon:Parsed command line arguments: Namespace(log_base=None, log_level=None, verb_name='build', build_base='build', install_base='install', merge_install=False, symlink_install=True, test_result_base=None, continue_on_error=False, executor='parallel', parallel_workers=4, event_handlers=None, ignore_user_meta=False, metas=['./colcon.meta'], base_paths=['.'], packages_ignore=None, packages_ignore_regex=None, paths=None, packages_up_to=None, packages_up_to_regex=None, packages_above=None, packages_above_and_dependencies=None, packages_above_depth=None, packages_select_by_dep=None, packages_skip_by_dep=None, packages_skip_up_to=None, packages_select_build_failed=False, packages_skip_build_finished=False, packages_select_test_failures=False, packages_skip_test_passed=False, packages_select=None, packages_skip=None, packages_select_regex=None, packages_skip_regex=None, packages_start=None, packages_end=None, allow_overriding=[], cmake_args=None, cmake_target=None, cmake_target_skip_unavailable=False, cmake_clean_cache=False, cmake_clean_first=False, cmake_force_configure=False, ament_cmake_args=None, catkin_cmake_args=None, catkin_skip_building_tests=False, mixin_files=None, mixin=None, verb_parser=<colcon_mixin.mixin.mixin_argument.MixinArgumentDecorator object at 0x7339b0898440>, verb_extension=<colcon_core.verb.build.BuildVerb object at 0x7339b0898260>, main=<bound method BuildVerb.main of <colcon_core.verb.build.BuildVerb object at 0x7339b0898260>>, mixin_verb=('build',))
[0.340s] Level 1:colcon.colcon_core.package_discovery:discover_packages(colcon_meta) check parameters
[0.340s] Level 1:colcon.colcon_core.package_discovery:discover_packages(recursive) check parameters
[0.341s] Level 1:colcon.colcon_core.package_discovery:discover_packages(ignore) check parameters
[0.341s] Level 1:colcon.colcon_core.package_discovery:discover_packages(path) check parameters
[0.341s] Level 1:colcon.colcon_core.package_discovery:discover_packages(colcon_meta) discover
[0.341s] Level 1:colcon.colcon_core.package_discovery:discover_packages(recursive) discover
[0.341s] INFO:colcon.colcon_core.package_discovery:Crawling recursively for packages in '/home/brilliant/ros2_ws'
[0.341s] Level 1:colcon.colcon_core.package_identification:_identify(.) by extensions ['ignore', 'ignore_ament_install']
[0.341s] Level 1:colcon.colcon_core.package_identification:_identify(.) by extension 'ignore'
[0.341s] Level 1:colcon.colcon_core.package_identification:_identify(.) by extension 'ignore_ament_install'
[0.341s] Level 1:colcon.colcon_core.package_identification:_identify(.) by extensions ['colcon_pkg']
[0.341s] Level 1:colcon.colcon_core.package_identification:_identify(.) by extension 'colcon_pkg'
[0.342s] Level 1:colcon.colcon_core.package_identification:_identify(.) by extensions ['colcon_meta']
[0.342s] Level 1:colcon.colcon_core.package_identification:_identify(.) by extension 'colcon_meta'
[0.342s] Level 1:colcon.colcon_core.package_identification:_identify(.) by extensions ['ros']
[0.342s] Level 1:colcon.colcon_core.package_identification:_identify(.) by extension 'ros'
[0.384s] Level 1:colcon.colcon_core.package_identification:_identify(.) by extensions ['cmake', 'python']
[0.384s] Level 1:colcon.colcon_core.package_identification:_identify(.) by extension 'cmake'
[0.384s] Level 1:colcon.colcon_core.package_identification:_identify(.) by extension 'python'
[0.384s] Level 1:colcon.colcon_core.package_identification:_identify(.) by extensions ['python_setup_py']
[0.384s] Level 1:colcon.colcon_core.package_identification:_identify(.) by extension 'python_setup_py'
[0.384s] Level 1:colcon.colcon_core.package_identification:_identify(build) by extensions ['ignore', 'ignore_ament_install']
[0.384s] Level 1:colcon.colcon_core.package_identification:_identify(build) by extension 'ignore'
[0.384s] Level 1:colcon.colcon_core.package_identification:_identify(build) ignored
[0.385s] Level 1:colcon.colcon_core.package_identification:_identify(install) by extensions ['ignore', 'ignore_ament_install']
[0.385s] Level 1:colcon.colcon_core.package_identification:_identify(install) by extension 'ignore'
[0.385s] Level 1:colcon.colcon_core.package_identification:_identify(install) ignored
[0.385s] Level 1:colcon.colcon_core.package_identification:_identify(log) by extensions ['ignore', 'ignore_ament_install']
[0.385s] Level 1:colcon.colcon_core.package_identification:_identify(log) by extension 'ignore'
[0.385s] Level 1:colcon.colcon_core.package_identification:_identify(log) ignored
[0.385s] Level 1:colcon.colcon_core.package_identification:_identify(src) by extensions ['ignore', 'ignore_ament_install']
[0.385s] Level 1:colcon.colcon_core.package_identification:_identify(src) by extension 'ignore'
[0.386s] Level 1:colcon.colcon_core.package_identification:_identify(src) by extension 'ignore_ament_install'
[0.386s] Level 1:colcon.colcon_core.package_identification:_identify(src) by extensions ['colcon_pkg']
[0.386s] Level 1:colcon.colcon_core.package_identification:_identify(src) by extension 'colcon_pkg'
[0.386s] Level 1:colcon.colcon_core.package_identification:_identify(src) by extensions ['colcon_meta']
[0.386s] Level 1:colcon.colcon_core.package_identification:_identify(src) by extension 'colcon_meta'
[0.386s] Level 1:colcon.colcon_core.package_identification:_identify(src) by extensions ['ros']
[0.386s] Level 1:colcon.colcon_core.package_identification:_identify(src) by extension 'ros'
[0.386s] Level 1:colcon.colcon_core.package_identification:_identify(src) by extensions ['cmake', 'python']
[0.386s] Level 1:colcon.colcon_core.package_identification:_identify(src) by extension 'cmake'
[0.386s] Level 1:colcon.colcon_core.package_identification:_identify(src) by extension 'python'
[0.386s] Level 1:colcon.colcon_core.package_identification:_identify(src) by extensions ['python_setup_py']
[0.386s] Level 1:colcon.colcon_core.package_identification:_identify(src) by extension 'python_setup_py'
[0.387s] Level 1:colcon.colcon_core.package_identification:_identify(src/diffdrive_arduino) by extensions ['ignore', 'ignore_ament_install']
[0.387s] Level 1:colcon.colcon_core.package_identification:_identify(src/diffdrive_arduino) by extension 'ignore'
[0.387s] Level 1:colcon.colcon_core.package_identification:_identify(src/diffdrive_arduino) by extension 'ignore_ament_install'
[0.387s] Level 1:colcon.colcon_core.package_identification:_identify(src/diffdrive_arduino) by extensions ['colcon_pkg']
[0.387s] Level 1:colcon.colcon_core.package_identification:_identify(src/diffdrive_arduino) by extension 'colcon_pkg'
[0.387s] Level 1:colcon.colcon_core.package_identification:_identify(src/diffdrive_arduino) by extensions ['colcon_meta']
[0.387s] Level 1:colcon.colcon_core.package_identification:_identify(src/diffdrive_arduino) by extension 'colcon_meta'
[0.387s] Level 1:colcon.colcon_core.package_identification:_identify(src/diffdrive_arduino) by extensions ['ros']
[0.387s] Level 1:colcon.colcon_core.package_identification:_identify(src/diffdrive_arduino) by extension 'ros'
[0.391s] DEBUG:colcon.colcon_core.package_identification:Package 'src/diffdrive_arduino' with type 'ros.ament_cmake' and name 'diffdrive_arduino'
[0.391s] Level 1:colcon.colcon_core.package_identification:_identify(src/minibot) by extensions ['ignore', 'ignore_ament_install']
[0.391s] Level 1:colcon.colcon_core.package_identification:_identify(src/minibot) by extension 'ignore'
[0.392s] Level 1:colcon.colcon_core.package_identification:_identify(src/minibot) by extension 'ignore_ament_install'
[0.392s] Level 1:colcon.colcon_core.package_identification:_identify(src/minibot) by extensions ['colcon_pkg']
[0.392s] Level 1:colcon.colcon_core.package_identification:_identify(src/minibot) by extension 'colcon_pkg'
[0.392s] Level 1:colcon.colcon_core.package_identification:_identify(src/minibot) by extensions ['colcon_meta']
[0.392s] Level 1:colcon.colcon_core.package_identification:_identify(src/minibot) by extension 'colcon_meta'
[0.392s] Level 1:colcon.colcon_core.package_identification:_identify(src/minibot) by extensions ['ros']
[0.392s] Level 1:colcon.colcon_core.package_identification:_identify(src/minibot) by extension 'ros'
[0.393s] DEBUG:colcon.colcon_core.package_identification:Package 'src/minibot' with type 'ros.ament_cmake' and name 'minibot'
[0.393s] Level 1:colcon.colcon_core.package_identification:_identify(src/navigation2) by extensions ['ignore', 'ignore_ament_install']
[0.393s] Level 1:colcon.colcon_core.package_identification:_identify(src/navigation2) by extension 'ignore'
[0.393s] Level 1:colcon.colcon_core.package_identification:_identify(src/navigation2) by extension 'ignore_ament_install'
[0.393s] Level 1:colcon.colcon_core.package_identification:_identify(src/navigation2) by extensions ['colcon_pkg']
[0.393s] Level 1:colcon.colcon_core.package_identification:_identify(src/navigation2) by extension 'colcon_pkg'
[0.394s] Level 1:colcon.colcon_core.package_identification:_identify(src/navigation2) by extensions ['colcon_meta']
[0.394s] Level 1:colcon.colcon_core.package_identification:_identify(src/navigation2) by extension 'colcon_meta'
[0.394s] Level 1:colcon.colcon_core.package_identification:_identify(src/navigation2) by extensions ['ros']
[0.394s] Level 1:colcon.colcon_core.package_identification:_identify(src/navigation2) by extension 'ros'
[0.394s] Level 1:colcon.colcon_core.package_identification:_identify(src/navigation2) by extensions ['cmake', 'python']
[0.394s] Level 1:colcon.colcon_core.package_identification:_identify(src/navigation2) by extension 'cmake'
[0.394s] Level 1:colcon.colcon_core.package_identification:_identify(src/navigation2) by extension 'python'
[0.394s] Level 1:colcon.colcon_core.package_identification:_identify(src/navigation2) by extensions ['python_setup_py']
[0.394s] Level 1:colcon.colcon_core.package_identification:_identify(src/navigation2) by extension 'python_setup_py'
[0.394s] Level 1:colcon.colcon_core.package_identification:_identify(src/navigation2/doc) by extensions ['ignore', 'ignore_ament_install']
[0.394s] Level 1:colcon.colcon_core.package_identification:_identify(src/navigation2/doc) by extension 'ignore'
[0.395s] Level 1:colcon.colcon_core.package_identification:_identify(src/navigation2/doc) by extension 'ignore_ament_install'
[0.395s] Level 1:colcon.colcon_core.package_identification:_identify(src/navigation2/doc) by extensions ['colcon_pkg']
[0.395s] Level 1:colcon.colcon_core.package_identification:_identify(src/navigation2/doc) by extension 'colcon_pkg'
[0.395s] Level 1:colcon.colcon_core.package_identification:_identify(src/navigation2/doc) by extensions ['colcon_meta']
[0.395s] Level 1:colcon.colcon_core.package_identification:_identify(src/navigation2/doc) by extension 'colcon_meta'
[0.395s] Level 1:colcon.colcon_core.package_identification:_identify(src/navigation2/doc) by extensions ['ros']
[0.395s] Level 1:colcon.colcon_core.package_identification:_identify(src/navigation2/doc) by extension 'ros'
[0.395s] Level 1:colcon.colcon_core.package_identification:_identify(src/navigation2/doc) by extensions ['cmake', 'python']
[0.395s] Level 1:colcon.colcon_core.package_identification:_identify(src/navigation2/doc) by extension 'cmake'
[0.395s] Level 1:colcon.colcon_core.package_identification:_identify(src/navigation2/doc) by extension 'python'
[0.395s] Level 1:colcon.colcon_core.package_identification:_identify(src/navigation2/doc) by extensions ['python_setup_py']
[0.395s] Level 1:colcon.colcon_core.package_identification:_identify(src/navigation2/doc) by extension 'python_setup_py'
[0.395s] Level 1:colcon.colcon_core.package_identification:_identify(src/navigation2/doc/architecture) by extensions ['ignore', 'ignore_ament_install']
[0.396s] Level 1:colcon.colcon_core.package_identification:_identify(src/navigation2/doc/architecture) by extension 'ignore'
[0.396s] Level 1:colcon.colcon_core.package_identification:_identify(src/navigation2/doc/architecture) by extension 'ignore_ament_install'
[0.396s] Level 1:colcon.colcon_core.package_identification:_identify(src/navigation2/doc/architecture) by extensions ['colcon_pkg']
[0.396s] Level 1:colcon.colcon_core.package_identification:_identify(src/navigation2/doc/architecture) by extension 'colcon_pkg'
[0.396s] Level 1:colcon.colcon_core.package_identification:_identify(src/navigation2/doc/architecture) by extensions ['colcon_meta']
[0.396s] Level 1:colcon.colcon_core.package_identification:_identify(src/navigation2/doc/architecture) by extension 'colcon_meta'
[0.396s] Level 1:colcon.colcon_core.package_identification:_identify(src/navigation2/doc/architecture) by extensions ['ros']
[0.396s] Level 1:colcon.colcon_core.package_identification:_identify(src/navigation2/doc/architecture) by extension 'ros'
[0.396s] Level 1:colcon.colcon_core.package_identification:_identify(src/navigation2/doc/architecture) by extensions ['cmake', 'python']
[0.396s] Level 1:colcon.colcon_core.package_identification:_identify(src/navigation2/doc/architecture) by extension 'cmake'
[0.396s] Level 1:colcon.colcon_core.package_identification:_identify(src/navigation2/doc/architecture) by extension 'python'
[0.396s] Level 1:colcon.colcon_core.package_identification:_identify(src/navigation2/doc/architecture) by extensions ['python_setup_py']
[0.396s] Level 1:colcon.colcon_core.package_identification:_identify(src/navigation2/doc/architecture) by extension 'python_setup_py'
[0.397s] Level 1:colcon.colcon_core.package_identification:_identify(src/navigation2/doc/design) by extensions ['ignore', 'ignore_ament_install']
[0.397s] Level 1:colcon.colcon_core.package_identification:_identify(src/navigation2/doc/design) by extension 'ignore'
[0.397s] Level 1:colcon.colcon_core.package_identification:_identify(src/navigation2/doc/design) by extension 'ignore_ament_install'
[0.397s] Level 1:colcon.colcon_core.package_identification:_identify(src/navigation2/doc/design) by extensions ['colcon_pkg']
[0.397s] Level 1:colcon.colcon_core.package_identification:_identify(src/navigation2/doc/design) by extension 'colcon_pkg'
[0.397s] Level 1:colcon.colcon_core.package_identification:_identify(src/navigation2/doc/design) by extensions ['colcon_meta']
[0.397s] Level 1:colcon.colcon_core.package_identification:_identify(src/navigation2/doc/design) by extension 'colcon_meta'
[0.397s] Level 1:colcon.colcon_core.package_identification:_identify(src/navigation2/doc/design) by extensions ['ros']
[0.397s] Level 1:colcon.colcon_core.package_identification:_identify(src/navigation2/doc/design) by extension 'ros'
[0.397s] Level 1:colcon.colcon_core.package_identification:_identify(src/navigation2/doc/design) by extensions ['cmake', 'python']
[0.397s] Level 1:colcon.colcon_core.package_identification:_identify(src/navigation2/doc/design) by extension 'cmake'
[0.398s] Level 1:colcon.colcon_core.package_identification:_identify(src/navigation2/doc/design) by extension 'python'
[0.398s] Level 1:colcon.colcon_core.package_identification:_identify(src/navigation2/doc/design) by extensions ['python_setup_py']
[0.398s] Level 1:colcon.colcon_core.package_identification:_identify(src/navigation2/doc/design) by extension 'python_setup_py'
[0.398s] Level 1:colcon.colcon_core.package_identification:_identify(src/navigation2/doc/development) by extensions ['ignore', 'ignore_ament_install']
[0.398s] Level 1:colcon.colcon_core.package_identification:_identify(src/navigation2/doc/development) by extension 'ignore'
[0.398s] Level 1:colcon.colcon_core.package_identification:_identify(src/navigation2/doc/development) by extension 'ignore_ament_install'
[0.398s] Level 1:colcon.colcon_core.package_identification:_identify(src/navigation2/doc/development) by extensions ['colcon_pkg']
[0.398s] Level 1:colcon.colcon_core.package_identification:_identify(src/navigation2/doc/development) by extension 'colcon_pkg'
[0.398s] Level 1:colcon.colcon_core.package_identification:_identify(src/navigation2/doc/development) by extensions ['colcon_meta']
[0.398s] Level 1:colcon.colcon_core.package_identification:_identify(src/navigation2/doc/development) by extension 'colcon_meta'
[0.398s] Level 1:colcon.colcon_core.package_identification:_identify(src/navigation2/doc/development) by extensions ['ros']
[0.398s] Level 1:colcon.colcon_core.package_identification:_identify(src/navigation2/doc/development) by extension 'ros'
[0.399s] Level 1:colcon.colcon_core.package_identification:_identify(src/navigation2/doc/development) by extensions ['cmake', 'python']
[0.399s] Level 1:colcon.colcon_core.package_identification:_identify(src/navigation2/doc/development) by extension 'cmake'
[0.399s] Level 1:colcon.colcon_core.package_identification:_identify(src/navigation2/doc/development) by extension 'python'
[0.399s] Level 1:colcon.colcon_core.package_identification:_identify(src/navigation2/doc/development) by extensions ['python_setup_py']
[0.399s] Level 1:colcon.colcon_core.package_identification:_identify(src/navigation2/doc/development) by extension 'python_setup_py'
[0.399s] Level 1:colcon.colcon_core.package_identification:_identify(src/navigation2/doc/process) by extensions ['ignore', 'ignore_ament_install']
[0.399s] Level 1:colcon.colcon_core.package_identification:_identify(src/navigation2/doc/process) by extension 'ignore'
[0.399s] Level 1:colcon.colcon_core.package_identification:_identify(src/navigation2/doc/process) by extension 'ignore_ament_install'
[0.399s] Level 1:colcon.colcon_core.package_identification:_identify(src/navigation2/doc/process) by extensions ['colcon_pkg']
[0.399s] Level 1:colcon.colcon_core.package_identification:_identify(src/navigation2/doc/process) by extension 'colcon_pkg'
[0.399s] Level 1:colcon.colcon_core.package_identification:_identify(src/navigation2/doc/process) by extensions ['colcon_meta']
[0.399s] Level 1:colcon.colcon_core.package_identification:_identify(src/navigation2/doc/process) by extension 'colcon_meta'
[0.400s] Level 1:colcon.colcon_core.package_identification:_identify(src/navigation2/doc/process) by extensions ['ros']
[0.400s] Level 1:colcon.colcon_core.package_identification:_identify(src/navigation2/doc/process) by extension 'ros'
[0.400s] Level 1:colcon.colcon_core.package_identification:_identify(src/navigation2/doc/process) by extensions ['cmake', 'python']
[0.400s] Level 1:colcon.colcon_core.package_identification:_identify(src/navigation2/doc/process) by extension 'cmake'
[0.400s] Level 1:colcon.colcon_core.package_identification:_identify(src/navigation2/doc/process) by extension 'python'
[0.400s] Level 1:colcon.colcon_core.package_identification:_identify(src/navigation2/doc/process) by extensions ['python_setup_py']
[0.400s] Level 1:colcon.colcon_core.package_identification:_identify(src/navigation2/doc/process) by extension 'python_setup_py'
[0.400s] Level 1:colcon.colcon_core.package_identification:_identify(src/navigation2/doc/requirements) by extensions ['ignore', 'ignore_ament_install']
[0.400s] Level 1:colcon.colcon_core.package_identification:_identify(src/navigation2/doc/requirements) by extension 'ignore'
[0.400s] Level 1:colcon.colcon_core.package_identification:_identify(src/navigation2/doc/requirements) by extension 'ignore_ament_install'
[0.400s] Level 1:colcon.colcon_core.package_identification:_identify(src/navigation2/doc/requirements) by extensions ['colcon_pkg']
[0.400s] Level 1:colcon.colcon_core.package_identification:_identify(src/navigation2/doc/requirements) by extension 'colcon_pkg'
[0.401s] Level 1:colcon.colcon_core.package_identification:_identify(src/navigation2/doc/requirements) by extensions ['colcon_meta']
[0.401s] Level 1:colcon.colcon_core.package_identification:_identify(src/navigation2/doc/requirements) by extension 'colcon_meta'
[0.401s] Level 1:colcon.colcon_core.package_identification:_identify(src/navigation2/doc/requirements) by extensions ['ros']
[0.401s] Level 1:colcon.colcon_core.package_identification:_identify(src/navigation2/doc/requirements) by extension 'ros'
[0.401s] Level 1:colcon.colcon_core.package_identification:_identify(src/navigation2/doc/requirements) by extensions ['cmake', 'python']
[0.401s] Level 1:colcon.colcon_core.package_identification:_identify(src/navigation2/doc/requirements) by extension 'cmake'
[0.401s] Level 1:colcon.colcon_core.package_identification:_identify(src/navigation2/doc/requirements) by extension 'python'
[0.401s] Level 1:colcon.colcon_core.package_identification:_identify(src/navigation2/doc/requirements) by extensions ['python_setup_py']
[0.401s] Level 1:colcon.colcon_core.package_identification:_identify(src/navigation2/doc/requirements) by extension 'python_setup_py'
[0.401s] Level 1:colcon.colcon_core.package_identification:_identify(src/navigation2/doc/requirements/images) by extensions ['ignore', 'ignore_ament_install']
[0.401s] Level 1:colcon.colcon_core.package_identification:_identify(src/navigation2/doc/requirements/images) by extension 'ignore'
[0.401s] Level 1:colcon.colcon_core.package_identification:_identify(src/navigation2/doc/requirements/images) by extension 'ignore_ament_install'
[0.402s] Level 1:colcon.colcon_core.package_identification:_identify(src/navigation2/doc/requirements/images) by extensions ['colcon_pkg']
[0.402s] Level 1:colcon.colcon_core.package_identification:_identify(src/navigation2/doc/requirements/images) by extension 'colcon_pkg'
[0.402s] Level 1:colcon.colcon_core.package_identification:_identify(src/navigation2/doc/requirements/images) by extensions ['colcon_meta']
[0.402s] Level 1:colcon.colcon_core.package_identification:_identify(src/navigation2/doc/requirements/images) by extension 'colcon_meta'
[0.402s] Level 1:colcon.colcon_core.package_identification:_identify(src/navigation2/doc/requirements/images) by extensions ['ros']
[0.402s] Level 1:colcon.colcon_core.package_identification:_identify(src/navigation2/doc/requirements/images) by extension 'ros'
[0.402s] Level 1:colcon.colcon_core.package_identification:_identify(src/navigation2/doc/requirements/images) by extensions ['cmake', 'python']
[0.402s] Level 1:colcon.colcon_core.package_identification:_identify(src/navigation2/doc/requirements/images) by extension 'cmake'
[0.402s] Level 1:colcon.colcon_core.package_identification:_identify(src/navigation2/doc/requirements/images) by extension 'python'
[0.402s] Level 1:colcon.colcon_core.package_identification:_identify(src/navigation2/doc/requirements/images) by extensions ['python_setup_py']
[0.402s] Level 1:colcon.colcon_core.package_identification:_identify(src/navigation2/doc/requirements/images) by extension 'python_setup_py'
[0.402s] Level 1:colcon.colcon_core.package_identification:_identify(src/navigation2/doc/use_cases) by extensions ['ignore', 'ignore_ament_install']
[0.403s] Level 1:colcon.colcon_core.package_identification:_identify(src/navigation2/doc/use_cases) by extension 'ignore'
[0.403s] Level 1:colcon.colcon_core.package_identification:_identify(src/navigation2/doc/use_cases) by extension 'ignore_ament_install'
[0.403s] Level 1:colcon.colcon_core.package_identification:_identify(src/navigation2/doc/use_cases) by extensions ['colcon_pkg']
[0.403s] Level 1:colcon.colcon_core.package_identification:_identify(src/navigation2/doc/use_cases) by extension 'colcon_pkg'
[0.403s] Level 1:colcon.colcon_core.package_identification:_identify(src/navigation2/doc/use_cases) by extensions ['colcon_meta']
[0.403s] Level 1:colcon.colcon_core.package_identification:_identify(src/navigation2/doc/use_cases) by extension 'colcon_meta'
[0.403s] Level 1:colcon.colcon_core.package_identification:_identify(src/navigation2/doc/use_cases) by extensions ['ros']
[0.403s] Level 1:colcon.colcon_core.package_identification:_identify(src/navigation2/doc/use_cases) by extension 'ros'
[0.403s] Level 1:colcon.colcon_core.package_identification:_identify(src/navigation2/doc/use_cases) by extensions ['cmake', 'python']
[0.403s] Level 1:colcon.colcon_core.package_identification:_identify(src/navigation2/doc/use_cases) by extension 'cmake'
[0.403s] Level 1:colcon.colcon_core.package_identification:_identify(src/navigation2/doc/use_cases) by extension 'python'
[0.404s] Level 1:colcon.colcon_core.package_identification:_identify(src/navigation2/doc/use_cases) by extensions ['python_setup_py']
[0.404s] Level 1:colcon.colcon_core.package_identification:_identify(src/navigation2/doc/use_cases) by extension 'python_setup_py'
[0.404s] Level 1:colcon.colcon_core.package_identification:_identify(src/navigation2/nav2_amcl) by extensions ['ignore', 'ignore_ament_install']
[0.404s] Level 1:colcon.colcon_core.package_identification:_identify(src/navigation2/nav2_amcl) by extension 'ignore'
[0.404s] Level 1:colcon.colcon_core.package_identification:_identify(src/navigation2/nav2_amcl) by extension 'ignore_ament_install'
[0.404s] Level 1:colcon.colcon_core.package_identification:_identify(src/navigation2/nav2_amcl) by extensions ['colcon_pkg']
[0.404s] Level 1:colcon.colcon_core.package_identification:_identify(src/navigation2/nav2_amcl) by extension 'colcon_pkg'
[0.404s] Level 1:colcon.colcon_core.package_identification:_identify(src/navigation2/nav2_amcl) by extensions ['colcon_meta']
[0.404s] Level 1:colcon.colcon_core.package_identification:_identify(src/navigation2/nav2_amcl) by extension 'colcon_meta'
[0.404s] Level 1:colcon.colcon_core.package_identification:_identify(src/navigation2/nav2_amcl) by extensions ['ros']
[0.404s] Level 1:colcon.colcon_core.package_identification:_identify(src/navigation2/nav2_amcl) by extension 'ros'
[0.407s] DEBUG:colcon.colcon_core.package_identification:Package 'src/navigation2/nav2_amcl' with type 'ros.ament_cmake' and name 'nav2_amcl'
[0.407s] Level 1:colcon.colcon_core.package_identification:_identify(src/navigation2/nav2_behavior_tree) by extensions ['ignore', 'ignore_ament_install']
[0.407s] Level 1:colcon.colcon_core.package_identification:_identify(src/navigation2/nav2_behavior_tree) by extension 'ignore'
[0.407s] Level 1:colcon.colcon_core.package_identification:_identify(src/navigation2/nav2_behavior_tree) by extension 'ignore_ament_install'
[0.407s] Level 1:colcon.colcon_core.package_identification:_identify(src/navigation2/nav2_behavior_tree) by extensions ['colcon_pkg']
[0.407s] Level 1:colcon.colcon_core.package_identification:_identify(src/navigation2/nav2_behavior_tree) by extension 'colcon_pkg'
[0.408s] Level 1:colcon.colcon_core.package_identification:_identify(src/navigation2/nav2_behavior_tree) by extensions ['colcon_meta']
[0.408s] Level 1:colcon.colcon_core.package_identification:_identify(src/navigation2/nav2_behavior_tree) by extension 'colcon_meta'
[0.408s] Level 1:colcon.colcon_core.package_identification:_identify(src/navigation2/nav2_behavior_tree) by extensions ['ros']
[0.408s] Level 1:colcon.colcon_core.package_identification:_identify(src/navigation2/nav2_behavior_tree) by extension 'ros'
[0.410s] DEBUG:colcon.colcon_core.package_identification:Package 'src/navigation2/nav2_behavior_tree' with type 'ros.ament_cmake' and name 'nav2_behavior_tree'
[0.410s] Level 1:colcon.colcon_core.package_identification:_identify(src/navigation2/nav2_behaviors) by extensions ['ignore', 'ignore_ament_install']
[0.410s] Level 1:colcon.colcon_core.package_identification:_identify(src/navigation2/nav2_behaviors) by extension 'ignore'
[0.410s] Level 1:colcon.colcon_core.package_identification:_identify(src/navigation2/nav2_behaviors) by extension 'ignore_ament_install'
[0.410s] Level 1:colcon.colcon_core.package_identification:_identify(src/navigation2/nav2_behaviors) by extensions ['colcon_pkg']
[0.410s] Level 1:colcon.colcon_core.package_identification:_identify(src/navigation2/nav2_behaviors) by extension 'colcon_pkg'
[0.410s] Level 1:colcon.colcon_core.package_identification:_identify(src/navigation2/nav2_behaviors) by extensions ['colcon_meta']
[0.410s] Level 1:colcon.colcon_core.package_identification:_identify(src/navigation2/nav2_behaviors) by extension 'colcon_meta'
[0.411s] Level 1:colcon.colcon_core.package_identification:_identify(src/navigation2/nav2_behaviors) by extensions ['ros']
[0.411s] Level 1:colcon.colcon_core.package_identification:_identify(src/navigation2/nav2_behaviors) by extension 'ros'
[0.412s] DEBUG:colcon.colcon_core.package_identification:Package 'src/navigation2/nav2_behaviors' with type 'ros.ament_cmake' and name 'nav2_behaviors'
[0.412s] Level 1:colcon.colcon_core.package_identification:_identify(src/navigation2/nav2_bringup) by extensions ['ignore', 'ignore_ament_install']
[0.412s] Level 1:colcon.colcon_core.package_identification:_identify(src/navigation2/nav2_bringup) by extension 'ignore'
[0.412s] Level 1:colcon.colcon_core.package_identification:_identify(src/navigation2/nav2_bringup) by extension 'ignore_ament_install'
[0.412s] Level 1:colcon.colcon_core.package_identification:_identify(src/navigation2/nav2_bringup) by extensions ['colcon_pkg']
[0.412s] Level 1:colcon.colcon_core.package_identification:_identify(src/navigation2/nav2_bringup) by extension 'colcon_pkg'
[0.413s] Level 1:colcon.colcon_core.package_identification:_identify(src/navigation2/nav2_bringup) by extensions ['colcon_meta']
[0.413s] Level 1:colcon.colcon_core.package_identification:_identify(src/navigation2/nav2_bringup) by extension 'colcon_meta'
[0.413s] Level 1:colcon.colcon_core.package_identification:_identify(src/navigation2/nav2_bringup) by extensions ['ros']
[0.413s] Level 1:colcon.colcon_core.package_identification:_identify(src/navigation2/nav2_bringup) by extension 'ros'
[0.414s] DEBUG:colcon.colcon_core.package_identification:Package 'src/navigation2/nav2_bringup' with type 'ros.ament_cmake' and name 'nav2_bringup'
[0.415s] Level 1:colcon.colcon_core.package_identification:_identify(src/navigation2/nav2_bt_navigator) by extensions ['ignore', 'ignore_ament_install']
[0.415s] Level 1:colcon.colcon_core.package_identification:_identify(src/navigation2/nav2_bt_navigator) by extension 'ignore'
[0.415s] Level 1:colcon.colcon_core.package_identification:_identify(src/navigation2/nav2_bt_navigator) by extension 'ignore_ament_install'
[0.415s] Level 1:colcon.colcon_core.package_identification:_identify(src/navigation2/nav2_bt_navigator) by extensions ['colcon_pkg']
[0.415s] Level 1:colcon.colcon_core.package_identification:_identify(src/navigation2/nav2_bt_navigator) by extension 'colcon_pkg'
[0.415s] Level 1:colcon.colcon_core.package_identification:_identify(src/navigation2/nav2_bt_navigator) by extensions ['colcon_meta']
[0.415s] Level 1:colcon.colcon_core.package_identification:_identify(src/navigation2/nav2_bt_navigator) by extension 'colcon_meta'
[0.415s] Level 1:colcon.colcon_core.package_identification:_identify(src/navigation2/nav2_bt_navigator) by extensions ['ros']
[0.415s] Level 1:colcon.colcon_core.package_identification:_identify(src/navigation2/nav2_bt_navigator) by extension 'ros'
[0.417s] DEBUG:colcon.colcon_core.package_identification:Package 'src/navigation2/nav2_bt_navigator' with type 'ros.ament_cmake' and name 'nav2_bt_navigator'
[0.417s] Level 1:colcon.colcon_core.package_identification:_identify(src/navigation2/nav2_collision_monitor) by extensions ['ignore', 'ignore_ament_install']
[0.417s] Level 1:colcon.colcon_core.package_identification:_identify(src/navigation2/nav2_collision_monitor) by extension 'ignore'
[0.417s] Level 1:colcon.colcon_core.package_identification:_identify(src/navigation2/nav2_collision_monitor) by extension 'ignore_ament_install'
[0.417s] Level 1:colcon.colcon_core.package_identification:_identify(src/navigation2/nav2_collision_monitor) by extensions ['colcon_pkg']
[0.417s] Level 1:colcon.colcon_core.package_identification:_identify(src/navigation2/nav2_collision_monitor) by extension 'colcon_pkg'
[0.417s] Level 1:colcon.colcon_core.package_identification:_identify(src/navigation2/nav2_collision_monitor) by extensions ['colcon_meta']
[0.418s] Level 1:colcon.colcon_core.package_identification:_identify(src/navigation2/nav2_collision_monitor) by extension 'colcon_meta'
[0.418s] Level 1:colcon.colcon_core.package_identification:_identify(src/navigation2/nav2_collision_monitor) by extensions ['ros']
[0.418s] Level 1:colcon.colcon_core.package_identification:_identify(src/navigation2/nav2_collision_monitor) by extension 'ros'
[0.420s] DEBUG:colcon.colcon_core.package_identification:Package 'src/navigation2/nav2_collision_monitor' with type 'ros.ament_cmake' and name 'nav2_collision_monitor'
[0.420s] Level 1:colcon.colcon_core.package_identification:_identify(src/navigation2/nav2_common) by extensions ['ignore', 'ignore_ament_install']
[0.420s] Level 1:colcon.colcon_core.package_identification:_identify(src/navigation2/nav2_common) by extension 'ignore'
[0.421s] Level 1:colcon.colcon_core.package_identification:_identify(src/navigation2/nav2_common) by extension 'ignore_ament_install'
[0.421s] Level 1:colcon.colcon_core.package_identification:_identify(src/navigation2/nav2_common) by extensions ['colcon_pkg']
[0.421s] Level 1:colcon.colcon_core.package_identification:_identify(src/navigation2/nav2_common) by extension 'colcon_pkg'
[0.421s] Level 1:colcon.colcon_core.package_identification:_identify(src/navigation2/nav2_common) by extensions ['colcon_meta']
[0.421s] Level 1:colcon.colcon_core.package_identification:_identify(src/navigation2/nav2_common) by extension 'colcon_meta'
[0.421s] Level 1:colcon.colcon_core.package_identification:_identify(src/navigation2/nav2_common) by extensions ['ros']
[0.421s] Level 1:colcon.colcon_core.package_identification:_identify(src/navigation2/nav2_common) by extension 'ros'
[0.422s] DEBUG:colcon.colcon_core.package_identification:Package 'src/navigation2/nav2_common' with type 'ros.ament_cmake' and name 'nav2_common'
[0.423s] Level 1:colcon.colcon_core.package_identification:_identify(src/navigation2/nav2_constrained_smoother) by extensions ['ignore', 'ignore_ament_install']
[0.423s] Level 1:colcon.colcon_core.package_identification:_identify(src/navigation2/nav2_constrained_smoother) by extension 'ignore'
[0.423s] Level 1:colcon.colcon_core.package_identification:_identify(src/navigation2/nav2_constrained_smoother) by extension 'ignore_ament_install'
[0.423s] Level 1:colcon.colcon_core.package_identification:_identify(src/navigation2/nav2_constrained_smoother) by extensions ['colcon_pkg']
[0.423s] Level 1:colcon.colcon_core.package_identification:_identify(src/navigation2/nav2_constrained_smoother) by extension 'colcon_pkg'
[0.423s] Level 1:colcon.colcon_core.package_identification:_identify(src/navigation2/nav2_constrained_smoother) by extensions ['colcon_meta']
[0.423s] Level 1:colcon.colcon_core.package_identification:_identify(src/navigation2/nav2_constrained_smoother) by extension 'colcon_meta'
[0.423s] Level 1:colcon.colcon_core.package_identification:_identify(src/navigation2/nav2_constrained_smoother) by extensions ['ros']
[0.423s] Level 1:colcon.colcon_core.package_identification:_identify(src/navigation2/nav2_constrained_smoother) by extension 'ros'
[0.425s] DEBUG:colcon.colcon_core.package_identification:Package 'src/navigation2/nav2_constrained_smoother' with type 'ros.ament_cmake' and name 'nav2_constrained_smoother'
[0.425s] Level 1:colcon.colcon_core.package_identification:_identify(src/navigation2/nav2_controller) by extensions ['ignore', 'ignore_ament_install']
[0.425s] Level 1:colcon.colcon_core.package_identification:_identify(src/navigation2/nav2_controller) by extension 'ignore'
[0.425s] Level 1:colcon.colcon_core.package_identification:_identify(src/navigation2/nav2_controller) by extension 'ignore_ament_install'
[0.425s] Level 1:colcon.colcon_core.package_identification:_identify(src/navigation2/nav2_controller) by extensions ['colcon_pkg']
[0.425s] Level 1:colcon.colcon_core.package_identification:_identify(src/navigation2/nav2_controller) by extension 'colcon_pkg'
[0.425s] Level 1:colcon.colcon_core.package_identification:_identify(src/navigation2/nav2_controller) by extensions ['colcon_meta']
[0.425s] Level 1:colcon.colcon_core.package_identification:_identify(src/navigation2/nav2_controller) by extension 'colcon_meta'
[0.425s] Level 1:colcon.colcon_core.package_identification:_identify(src/navigation2/nav2_controller) by extensions ['ros']
[0.425s] Level 1:colcon.colcon_core.package_identification:_identify(src/navigation2/nav2_controller) by extension 'ros'
[0.427s] DEBUG:colcon.colcon_core.package_identification:Package 'src/navigation2/nav2_controller' with type 'ros.ament_cmake' and name 'nav2_controller'
[0.427s] Level 1:colcon.colcon_core.package_identification:_identify(src/navigation2/nav2_core) by extensions ['ignore', 'ignore_ament_install']
[0.427s] Level 1:colcon.colcon_core.package_identification:_identify(src/navigation2/nav2_core) by extension 'ignore'
[0.427s] Level 1:colcon.colcon_core.package_identification:_identify(src/navigation2/nav2_core) by extension 'ignore_ament_install'
[0.427s] Level 1:colcon.colcon_core.package_identification:_identify(src/navigation2/nav2_core) by extensions ['colcon_pkg']
[0.427s] Level 1:colcon.colcon_core.package_identification:_identify(src/navigation2/nav2_core) by extension 'colcon_pkg'
[0.428s] Level 1:colcon.colcon_core.package_identification:_identify(src/navigation2/nav2_core) by extensions ['colcon_meta']
[0.428s] Level 1:colcon.colcon_core.package_identification:_identify(src/navigation2/nav2_core) by extension 'colcon_meta'
[0.428s] Level 1:colcon.colcon_core.package_identification:_identify(src/navigation2/nav2_core) by extensions ['ros']
[0.428s] Level 1:colcon.colcon_core.package_identification:_identify(src/navigation2/nav2_core) by extension 'ros'
[0.429s] DEBUG:colcon.colcon_core.package_identification:Package 'src/navigation2/nav2_core' with type 'ros.ament_cmake' and name 'nav2_core'
[0.429s] Level 1:colcon.colcon_core.package_identification:_identify(src/navigation2/nav2_costmap_2d) by extensions ['ignore', 'ignore_ament_install']
[0.430s] Level 1:colcon.colcon_core.package_identification:_identify(src/navigation2/nav2_costmap_2d) by extension 'ignore'
[0.430s] Level 1:colcon.colcon_core.package_identification:_identify(src/navigation2/nav2_costmap_2d) by extension 'ignore_ament_install'
[0.430s] Level 1:colcon.colcon_core.package_identification:_identify(src/navigation2/nav2_costmap_2d) by extensions ['colcon_pkg']
[0.430s] Level 1:colcon.colcon_core.package_identification:_identify(src/navigation2/nav2_costmap_2d) by extension 'colcon_pkg'
[0.430s] Level 1:colcon.colcon_core.package_identification:_identify(src/navigation2/nav2_costmap_2d) by extensions ['colcon_meta']
[0.430s] Level 1:colcon.colcon_core.package_identification:_identify(src/navigation2/nav2_costmap_2d) by extension 'colcon_meta'
[0.430s] Level 1:colcon.colcon_core.package_identification:_identify(src/navigation2/nav2_costmap_2d) by extensions ['ros']
[0.430s] Level 1:colcon.colcon_core.package_identification:_identify(src/navigation2/nav2_costmap_2d) by extension 'ros'
[0.433s] DEBUG:colcon.colcon_core.package_identification:Package 'src/navigation2/nav2_costmap_2d' with type 'ros.ament_cmake' and name 'nav2_costmap_2d'
[0.433s] Level 1:colcon.colcon_core.package_identification:_identify(src/navigation2/nav2_docking) by extensions ['ignore', 'ignore_ament_install']
[0.433s] Level 1:colcon.colcon_core.package_identification:_identify(src/navigation2/nav2_docking) by extension 'ignore'
[0.433s] Level 1:colcon.colcon_core.package_identification:_identify(src/navigation2/nav2_docking) by extension 'ignore_ament_install'
[0.433s] Level 1:colcon.colcon_core.package_identification:_identify(src/navigation2/nav2_docking) by extensions ['colcon_pkg']
[0.433s] Level 1:colcon.colcon_core.package_identification:_identify(src/navigation2/nav2_docking) by extension 'colcon_pkg'
[0.433s] Level 1:colcon.colcon_core.package_identification:_identify(src/navigation2/nav2_docking) by extensions ['colcon_meta']
[0.433s] Level 1:colcon.colcon_core.package_identification:_identify(src/navigation2/nav2_docking) by extension 'colcon_meta'
[0.433s] Level 1:colcon.colcon_core.package_identification:_identify(src/navigation2/nav2_docking) by extensions ['ros']
[0.433s] Level 1:colcon.colcon_core.package_identification:_identify(src/navigation2/nav2_docking) by extension 'ros'
[0.434s] Level 1:colcon.colcon_core.package_identification:_identify(src/navigation2/nav2_docking) by extensions ['cmake', 'python']
[0.434s] Level 1:colcon.colcon_core.package_identification:_identify(src/navigation2/nav2_docking) by extension 'cmake'
[0.434s] Level 1:colcon.colcon_core.package_identification:_identify(src/navigation2/nav2_docking) by extension 'python'
[0.434s] Level 1:colcon.colcon_core.package_identification:_identify(src/navigation2/nav2_docking) by extensions ['python_setup_py']
[0.434s] Level 1:colcon.colcon_core.package_identification:_identify(src/navigation2/nav2_docking) by extension 'python_setup_py'
[0.434s] Level 1:colcon.colcon_core.package_identification:_identify(src/navigation2/nav2_docking/docs) by extensions ['ignore', 'ignore_ament_install']
[0.434s] Level 1:colcon.colcon_core.package_identification:_identify(src/navigation2/nav2_docking/docs) by extension 'ignore'
[0.434s] Level 1:colcon.colcon_core.package_identification:_identify(src/navigation2/nav2_docking/docs) by extension 'ignore_ament_install'
[0.434s] Level 1:colcon.colcon_core.package_identification:_identify(src/navigation2/nav2_docking/docs) by extensions ['colcon_pkg']
[0.434s] Level 1:colcon.colcon_core.package_identification:_identify(src/navigation2/nav2_docking/docs) by extension 'colcon_pkg'
[0.435s] Level 1:colcon.colcon_core.package_identification:_identify(src/navigation2/nav2_docking/docs) by extensions ['colcon_meta']
[0.435s] Level 1:colcon.colcon_core.package_identification:_identify(src/navigation2/nav2_docking/docs) by extension 'colcon_meta'
[0.435s] Level 1:colcon.colcon_core.package_identification:_identify(src/navigation2/nav2_docking/docs) by extensions ['ros']
[0.435s] Level 1:colcon.colcon_core.package_identification:_identify(src/navigation2/nav2_docking/docs) by extension 'ros'
[0.435s] Level 1:colcon.colcon_core.package_identification:_identify(src/navigation2/nav2_docking/docs) by extensions ['cmake', 'python']
[0.435s] Level 1:colcon.colcon_core.package_identification:_identify(src/navigation2/nav2_docking/docs) by extension 'cmake'
[0.435s] Level 1:colcon.colcon_core.package_identification:_identify(src/navigation2/nav2_docking/docs) by extension 'python'
[0.435s] Level 1:colcon.colcon_core.package_identification:_identify(src/navigation2/nav2_docking/docs) by extensions ['python_setup_py']
[0.435s] Level 1:colcon.colcon_core.package_identification:_identify(src/navigation2/nav2_docking/docs) by extension 'python_setup_py'
[0.435s] Level 1:colcon.colcon_core.package_identification:_identify(src/navigation2/nav2_docking/opennav_docking) by extensions ['ignore', 'ignore_ament_install']
[0.435s] Level 1:colcon.colcon_core.package_identification:_identify(src/navigation2/nav2_docking/opennav_docking) by extension 'ignore'
[0.435s] Level 1:colcon.colcon_core.package_identification:_identify(src/navigation2/nav2_docking/opennav_docking) by extension 'ignore_ament_install'
[0.436s] Level 1:colcon.colcon_core.package_identification:_identify(src/navigation2/nav2_docking/opennav_docking) by extensions ['colcon_pkg']
[0.436s] Level 1:colcon.colcon_core.package_identification:_identify(src/navigation2/nav2_docking/opennav_docking) by extension 'colcon_pkg'
[0.436s] Level 1:colcon.colcon_core.package_identification:_identify(src/navigation2/nav2_docking/opennav_docking) by extensions ['colcon_meta']
[0.436s] Level 1:colcon.colcon_core.package_identification:_identify(src/navigation2/nav2_docking/opennav_docking) by extension 'colcon_meta'
[0.436s] Level 1:colcon.colcon_core.package_identification:_identify(src/navigation2/nav2_docking/opennav_docking) by extensions ['ros']
[0.436s] Level 1:colcon.colcon_core.package_identification:_identify(src/navigation2/nav2_docking/opennav_docking) by extension 'ros'
[0.438s] DEBUG:colcon.colcon_core.package_identification:Package 'src/navigation2/nav2_docking/opennav_docking' with type 'ros.ament_cmake' and name 'opennav_docking'
[0.438s] Level 1:colcon.colcon_core.package_identification:_identify(src/navigation2/nav2_docking/opennav_docking_bt) by extensions ['ignore', 'ignore_ament_install']
[0.438s] Level 1:colcon.colcon_core.package_identification:_identify(src/navigation2/nav2_docking/opennav_docking_bt) by extension 'ignore'
[0.438s] Level 1:colcon.colcon_core.package_identification:_identify(src/navigation2/nav2_docking/opennav_docking_bt) by extension 'ignore_ament_install'
[0.439s] Level 1:colcon.colcon_core.package_identification:_identify(src/navigation2/nav2_docking/opennav_docking_bt) by extensions ['colcon_pkg']
[0.439s] Level 1:colcon.colcon_core.package_identification:_identify(src/navigation2/nav2_docking/opennav_docking_bt) by extension 'colcon_pkg'
[0.439s] Level 1:colcon.colcon_core.package_identification:_identify(src/navigation2/nav2_docking/opennav_docking_bt) by extensions ['colcon_meta']
[0.439s] Level 1:colcon.colcon_core.package_identification:_identify(src/navigation2/nav2_docking/opennav_docking_bt) by extension 'colcon_meta'
[0.439s] Level 1:colcon.colcon_core.package_identification:_identify(src/navigation2/nav2_docking/opennav_docking_bt) by extensions ['ros']
[0.439s] Level 1:colcon.colcon_core.package_identification:_identify(src/navigation2/nav2_docking/opennav_docking_bt) by extension 'ros'
[0.440s] DEBUG:colcon.colcon_core.package_identification:Package 'src/navigation2/nav2_docking/opennav_docking_bt' with type 'ros.ament_cmake' and name 'opennav_docking_bt'
[0.441s] Level 1:colcon.colcon_core.package_identification:_identify(src/navigation2/nav2_docking/opennav_docking_core) by extensions ['ignore', 'ignore_ament_install']
[0.441s] Level 1:colcon.colcon_core.package_identification:_identify(src/navigation2/nav2_docking/opennav_docking_core) by extension 'ignore'
[0.441s] Level 1:colcon.colcon_core.package_identification:_identify(src/navigation2/nav2_docking/opennav_docking_core) by extension 'ignore_ament_install'
[0.441s] Level 1:colcon.colcon_core.package_identification:_identify(src/navigation2/nav2_docking/opennav_docking_core) by extensions ['colcon_pkg']
[0.441s] Level 1:colcon.colcon_core.package_identification:_identify(src/navigation2/nav2_docking/opennav_docking_core) by extension 'colcon_pkg'
[0.441s] Level 1:colcon.colcon_core.package_identification:_identify(src/navigation2/nav2_docking/opennav_docking_core) by extensions ['colcon_meta']
[0.441s] Level 1:colcon.colcon_core.package_identification:_identify(src/navigation2/nav2_docking/opennav_docking_core) by extension 'colcon_meta'
[0.441s] Level 1:colcon.colcon_core.package_identification:_identify(src/navigation2/nav2_docking/opennav_docking_core) by extensions ['ros']
[0.441s] Level 1:colcon.colcon_core.package_identification:_identify(src/navigation2/nav2_docking/opennav_docking_core) by extension 'ros'
[0.442s] DEBUG:colcon.colcon_core.package_identification:Package 'src/navigation2/nav2_docking/opennav_docking_core' with type 'ros.ament_cmake' and name 'opennav_docking_core'
[0.442s] Level 1:colcon.colcon_core.package_identification:_identify(src/navigation2/nav2_dwb_controller) by extensions ['ignore', 'ignore_ament_install']
[0.443s] Level 1:colcon.colcon_core.package_identification:_identify(src/navigation2/nav2_dwb_controller) by extension 'ignore'
[0.443s] Level 1:colcon.colcon_core.package_identification:_identify(src/navigation2/nav2_dwb_controller) by extension 'ignore_ament_install'
[0.443s] Level 1:colcon.colcon_core.package_identification:_identify(src/navigation2/nav2_dwb_controller) by extensions ['colcon_pkg']
[0.443s] Level 1:colcon.colcon_core.package_identification:_identify(src/navigation2/nav2_dwb_controller) by extension 'colcon_pkg'
[0.443s] Level 1:colcon.colcon_core.package_identification:_identify(src/navigation2/nav2_dwb_controller) by extensions ['colcon_meta']
[0.443s] Level 1:colcon.colcon_core.package_identification:_identify(src/navigation2/nav2_dwb_controller) by extension 'colcon_meta'
[0.443s] Level 1:colcon.colcon_core.package_identification:_identify(src/navigation2/nav2_dwb_controller) by extensions ['ros']
[0.443s] Level 1:colcon.colcon_core.package_identification:_identify(src/navigation2/nav2_dwb_controller) by extension 'ros'
[0.443s] Level 1:colcon.colcon_core.package_identification:_identify(src/navigation2/nav2_dwb_controller) by extensions ['cmake', 'python']
[0.443s] Level 1:colcon.colcon_core.package_identification:_identify(src/navigation2/nav2_dwb_controller) by extension 'cmake'
[0.443s] Level 1:colcon.colcon_core.package_identification:_identify(src/navigation2/nav2_dwb_controller) by extension 'python'
[0.443s] Level 1:colcon.colcon_core.package_identification:_identify(src/navigation2/nav2_dwb_controller) by extensions ['python_setup_py']
[0.444s] Level 1:colcon.colcon_core.package_identification:_identify(src/navigation2/nav2_dwb_controller) by extension 'python_setup_py'
[0.444s] Level 1:colcon.colcon_core.package_identification:_identify(src/navigation2/nav2_dwb_controller/costmap_queue) by extensions ['ignore', 'ignore_ament_install']
[0.444s] Level 1:colcon.colcon_core.package_identification:_identify(src/navigation2/nav2_dwb_controller/costmap_queue) by extension 'ignore'
[0.444s] Level 1:colcon.colcon_core.package_identification:_identify(src/navigation2/nav2_dwb_controller/costmap_queue) by extension 'ignore_ament_install'
[0.444s] Level 1:colcon.colcon_core.package_identification:_identify(src/navigation2/nav2_dwb_controller/costmap_queue) by extensions ['colcon_pkg']
[0.444s] Level 1:colcon.colcon_core.package_identification:_identify(src/navigation2/nav2_dwb_controller/costmap_queue) by extension 'colcon_pkg'
[0.444s] Level 1:colcon.colcon_core.package_identification:_identify(src/navigation2/nav2_dwb_controller/costmap_queue) by extensions ['colcon_meta']
[0.444s] Level 1:colcon.colcon_core.package_identification:_identify(src/navigation2/nav2_dwb_controller/costmap_queue) by extension 'colcon_meta'
[0.444s] Level 1:colcon.colcon_core.package_identification:_identify(src/navigation2/nav2_dwb_controller/costmap_queue) by extensions ['ros']
[0.444s] Level 1:colcon.colcon_core.package_identification:_identify(src/navigation2/nav2_dwb_controller/costmap_queue) by extension 'ros'
[0.445s] DEBUG:colcon.colcon_core.package_identification:Package 'src/navigation2/nav2_dwb_controller/costmap_queue' with type 'ros.ament_cmake' and name 'costmap_queue'
[0.446s] Level 1:colcon.colcon_core.package_identification:_identify(src/navigation2/nav2_dwb_controller/dwb_core) by extensions ['ignore', 'ignore_ament_install']
[0.446s] Level 1:colcon.colcon_core.package_identification:_identify(src/navigation2/nav2_dwb_controller/dwb_core) by extension 'ignore'
[0.446s] Level 1:colcon.colcon_core.package_identification:_identify(src/navigation2/nav2_dwb_controller/dwb_core) by extension 'ignore_ament_install'
[0.446s] Level 1:colcon.colcon_core.package_identification:_identify(src/navigation2/nav2_dwb_controller/dwb_core) by extensions ['colcon_pkg']
[0.446s] Level 1:colcon.colcon_core.package_identification:_identify(src/navigation2/nav2_dwb_controller/dwb_core) by extension 'colcon_pkg'
[0.446s] Level 1:colcon.colcon_core.package_identification:_identify(src/navigation2/nav2_dwb_controller/dwb_core) by extensions ['colcon_meta']
[0.446s] Level 1:colcon.colcon_core.package_identification:_identify(src/navigation2/nav2_dwb_controller/dwb_core) by extension 'colcon_meta'
[0.446s] Level 1:colcon.colcon_core.package_identification:_identify(src/navigation2/nav2_dwb_controller/dwb_core) by extensions ['ros']
[0.446s] Level 1:colcon.colcon_core.package_identification:_identify(src/navigation2/nav2_dwb_controller/dwb_core) by extension 'ros'
[0.447s] DEBUG:colcon.colcon_core.package_identification:Package 'src/navigation2/nav2_dwb_controller/dwb_core' with type 'ros.ament_cmake' and name 'dwb_core'
[0.448s] Level 1:colcon.colcon_core.package_identification:_identify(src/navigation2/nav2_dwb_controller/dwb_critics) by extensions ['ignore', 'ignore_ament_install']
[0.448s] Level 1:colcon.colcon_core.package_identification:_identify(src/navigation2/nav2_dwb_controller/dwb_critics) by extension 'ignore'
[0.448s] Level 1:colcon.colcon_core.package_identification:_identify(src/navigation2/nav2_dwb_controller/dwb_critics) by extension 'ignore_ament_install'
[0.448s] Level 1:colcon.colcon_core.package_identification:_identify(src/navigation2/nav2_dwb_controller/dwb_critics) by extensions ['colcon_pkg']
[0.448s] Level 1:colcon.colcon_core.package_identification:_identify(src/navigation2/nav2_dwb_controller/dwb_critics) by extension 'colcon_pkg'
[0.448s] Level 1:colcon.colcon_core.package_identification:_identify(src/navigation2/nav2_dwb_controller/dwb_critics) by extensions ['colcon_meta']
[0.448s] Level 1:colcon.colcon_core.package_identification:_identify(src/navigation2/nav2_dwb_controller/dwb_critics) by extension 'colcon_meta'
[0.448s] Level 1:colcon.colcon_core.package_identification:_identify(src/navigation2/nav2_dwb_controller/dwb_critics) by extensions ['ros']
[0.448s] Level 1:colcon.colcon_core.package_identification:_identify(src/navigation2/nav2_dwb_controller/dwb_critics) by extension 'ros'
[0.450s] DEBUG:colcon.colcon_core.package_identification:Package 'src/navigation2/nav2_dwb_controller/dwb_critics' with type 'ros.ament_cmake' and name 'dwb_critics'
[0.450s] Level 1:colcon.colcon_core.package_identification:_identify(src/navigation2/nav2_dwb_controller/dwb_msgs) by extensions ['ignore', 'ignore_ament_install']
[0.451s] Level 1:colcon.colcon_core.package_identification:_identify(src/navigation2/nav2_dwb_controller/dwb_msgs) by extension 'ignore'
[0.451s] Level 1:colcon.colcon_core.package_identification:_identify(src/navigation2/nav2_dwb_controller/dwb_msgs) by extension 'ignore_ament_install'
[0.451s] Level 1:colcon.colcon_core.package_identification:_identify(src/navigation2/nav2_dwb_controller/dwb_msgs) by extensions ['colcon_pkg']
[0.451s] Level 1:colcon.colcon_core.package_identification:_identify(src/navigation2/nav2_dwb_controller/dwb_msgs) by extension 'colcon_pkg'
[0.451s] Level 1:colcon.colcon_core.package_identification:_identify(src/navigation2/nav2_dwb_controller/dwb_msgs) by extensions ['colcon_meta']
[0.451s] Level 1:colcon.colcon_core.package_identification:_identify(src/navigation2/nav2_dwb_controller/dwb_msgs) by extension 'colcon_meta'
[0.451s] Level 1:colcon.colcon_core.package_identification:_identify(src/navigation2/nav2_dwb_controller/dwb_msgs) by extensions ['ros']
[0.451s] Level 1:colcon.colcon_core.package_identification:_identify(src/navigation2/nav2_dwb_controller/dwb_msgs) by extension 'ros'
[0.452s] DEBUG:colcon.colcon_core.package_identification:Package 'src/navigation2/nav2_dwb_controller/dwb_msgs' with type 'ros.ament_cmake' and name 'dwb_msgs'
[0.453s] Level 1:colcon.colcon_core.package_identification:_identify(src/navigation2/nav2_dwb_controller/dwb_plugins) by extensions ['ignore', 'ignore_ament_install']
[0.453s] Level 1:colcon.colcon_core.package_identification:_identify(src/navigation2/nav2_dwb_controller/dwb_plugins) by extension 'ignore'
[0.453s] Level 1:colcon.colcon_core.package_identification:_identify(src/navigation2/nav2_dwb_controller/dwb_plugins) by extension 'ignore_ament_install'
[0.453s] Level 1:colcon.colcon_core.package_identification:_identify(src/navigation2/nav2_dwb_controller/dwb_plugins) by extensions ['colcon_pkg']
[0.453s] Level 1:colcon.colcon_core.package_identification:_identify(src/navigation2/nav2_dwb_controller/dwb_plugins) by extension 'colcon_pkg'
[0.453s] Level 1:colcon.colcon_core.package_identification:_identify(src/navigation2/nav2_dwb_controller/dwb_plugins) by extensions ['colcon_meta']
[0.453s] Level 1:colcon.colcon_core.package_identification:_identify(src/navigation2/nav2_dwb_controller/dwb_plugins) by extension 'colcon_meta'
[0.453s] Level 1:colcon.colcon_core.package_identification:_identify(src/navigation2/nav2_dwb_controller/dwb_plugins) by extensions ['ros']
[0.453s] Level 1:colcon.colcon_core.package_identification:_identify(src/navigation2/nav2_dwb_controller/dwb_plugins) by extension 'ros'
[0.455s] DEBUG:colcon.colcon_core.package_identification:Package 'src/navigation2/nav2_dwb_controller/dwb_plugins' with type 'ros.ament_cmake' and name 'dwb_plugins'
[0.455s] Level 1:colcon.colcon_core.package_identification:_identify(src/navigation2/nav2_dwb_controller/images) by extensions ['ignore', 'ignore_ament_install']
[0.455s] Level 1:colcon.colcon_core.package_identification:_identify(src/navigation2/nav2_dwb_controller/images) by extension 'ignore'
[0.455s] Level 1:colcon.colcon_core.package_identification:_identify(src/navigation2/nav2_dwb_controller/images) by extension 'ignore_ament_install'
[0.455s] Level 1:colcon.colcon_core.package_identification:_identify(src/navigation2/nav2_dwb_controller/images) by extensions ['colcon_pkg']
[0.455s] Level 1:colcon.colcon_core.package_identification:_identify(src/navigation2/nav2_dwb_controller/images) by extension 'colcon_pkg'
[0.455s] Level 1:colcon.colcon_core.package_identification:_identify(src/navigation2/nav2_dwb_controller/images) by extensions ['colcon_meta']
[0.455s] Level 1:colcon.colcon_core.package_identification:_identify(src/navigation2/nav2_dwb_controller/images) by extension 'colcon_meta'
[0.456s] Level 1:colcon.colcon_core.package_identification:_identify(src/navigation2/nav2_dwb_controller/images) by extensions ['ros']
[0.456s] Level 1:colcon.colcon_core.package_identification:_identify(src/navigation2/nav2_dwb_controller/images) by extension 'ros'
[0.456s] Level 1:colcon.colcon_core.package_identification:_identify(src/navigation2/nav2_dwb_controller/images) by extensions ['cmake', 'python']
[0.456s] Level 1:colcon.colcon_core.package_identification:_identify(src/navigation2/nav2_dwb_controller/images) by extension 'cmake'
[0.456s] Level 1:colcon.colcon_core.package_identification:_identify(src/navigation2/nav2_dwb_controller/images) by extension 'python'
[0.456s] Level 1:colcon.colcon_core.package_identification:_identify(src/navigation2/nav2_dwb_controller/images) by extensions ['python_setup_py']
[0.456s] Level 1:colcon.colcon_core.package_identification:_identify(src/navigation2/nav2_dwb_controller/images) by extension 'python_setup_py'
[0.456s] Level 1:colcon.colcon_core.package_identification:_identify(src/navigation2/nav2_dwb_controller/nav2_dwb_controller) by extensions ['ignore', 'ignore_ament_install']
[0.456s] Level 1:colcon.colcon_core.package_identification:_identify(src/navigation2/nav2_dwb_controller/nav2_dwb_controller) by extension 'ignore'
[0.456s] Level 1:colcon.colcon_core.package_identification:_identify(src/navigation2/nav2_dwb_controller/nav2_dwb_controller) by extension 'ignore_ament_install'
[0.457s] Level 1:colcon.colcon_core.package_identification:_identify(src/navigation2/nav2_dwb_controller/nav2_dwb_controller) by extensions ['colcon_pkg']
[0.457s] Level 1:colcon.colcon_core.package_identification:_identify(src/navigation2/nav2_dwb_controller/nav2_dwb_controller) by extension 'colcon_pkg'
[0.457s] Level 1:colcon.colcon_core.package_identification:_identify(src/navigation2/nav2_dwb_controller/nav2_dwb_controller) by extensions ['colcon_meta']
[0.457s] Level 1:colcon.colcon_core.package_identification:_identify(src/navigation2/nav2_dwb_controller/nav2_dwb_controller) by extension 'colcon_meta'
[0.457s] Level 1:colcon.colcon_core.package_identification:_identify(src/navigation2/nav2_dwb_controller/nav2_dwb_controller) by extensions ['ros']
[0.457s] Level 1:colcon.colcon_core.package_identification:_identify(src/navigation2/nav2_dwb_controller/nav2_dwb_controller) by extension 'ros'
[0.458s] DEBUG:colcon.colcon_core.package_identification:Package 'src/navigation2/nav2_dwb_controller/nav2_dwb_controller' with type 'ros.ament_cmake' and name 'nav2_dwb_controller'
[0.458s] Level 1:colcon.colcon_core.package_identification:_identify(src/navigation2/nav2_dwb_controller/nav_2d_msgs) by extensions ['ignore', 'ignore_ament_install']
[0.458s] Level 1:colcon.colcon_core.package_identification:_identify(src/navigation2/nav2_dwb_controller/nav_2d_msgs) by extension 'ignore'
[0.459s] Level 1:colcon.colcon_core.package_identification:_identify(src/navigation2/nav2_dwb_controller/nav_2d_msgs) by extension 'ignore_ament_install'
[0.459s] Level 1:colcon.colcon_core.package_identification:_identify(src/navigation2/nav2_dwb_controller/nav_2d_msgs) by extensions ['colcon_pkg']
[0.459s] Level 1:colcon.colcon_core.package_identification:_identify(src/navigation2/nav2_dwb_controller/nav_2d_msgs) by extension 'colcon_pkg'
[0.459s] Level 1:colcon.colcon_core.package_identification:_identify(src/navigation2/nav2_dwb_controller/nav_2d_msgs) by extensions ['colcon_meta']
[0.459s] Level 1:colcon.colcon_core.package_identification:_identify(src/navigation2/nav2_dwb_controller/nav_2d_msgs) by extension 'colcon_meta'
[0.459s] Level 1:colcon.colcon_core.package_identification:_identify(src/navigation2/nav2_dwb_controller/nav_2d_msgs) by extensions ['ros']
[0.459s] Level 1:colcon.colcon_core.package_identification:_identify(src/navigation2/nav2_dwb_controller/nav_2d_msgs) by extension 'ros'
[0.460s] DEBUG:colcon.colcon_core.package_identification:Package 'src/navigation2/nav2_dwb_controller/nav_2d_msgs' with type 'ros.ament_cmake' and name 'nav_2d_msgs'
[0.460s] Level 1:colcon.colcon_core.package_identification:_identify(src/navigation2/nav2_dwb_controller/nav_2d_utils) by extensions ['ignore', 'ignore_ament_install']
[0.461s] Level 1:colcon.colcon_core.package_identification:_identify(src/navigation2/nav2_dwb_controller/nav_2d_utils) by extension 'ignore'
[0.461s] Level 1:colcon.colcon_core.package_identification:_identify(src/navigation2/nav2_dwb_controller/nav_2d_utils) by extension 'ignore_ament_install'
[0.461s] Level 1:colcon.colcon_core.package_identification:_identify(src/navigation2/nav2_dwb_controller/nav_2d_utils) by extensions ['colcon_pkg']
[0.461s] Level 1:colcon.colcon_core.package_identification:_identify(src/navigation2/nav2_dwb_controller/nav_2d_utils) by extension 'colcon_pkg'
[0.462s] Level 1:colcon.colcon_core.package_identification:_identify(src/navigation2/nav2_dwb_controller/nav_2d_utils) by extensions ['colcon_meta']
[0.462s] Level 1:colcon.colcon_core.package_identification:_identify(src/navigation2/nav2_dwb_controller/nav_2d_utils) by extension 'colcon_meta'
[0.462s] Level 1:colcon.colcon_core.package_identification:_identify(src/navigation2/nav2_dwb_controller/nav_2d_utils) by extensions ['ros']
[0.462s] Level 1:colcon.colcon_core.package_identification:_identify(src/navigation2/nav2_dwb_controller/nav_2d_utils) by extension 'ros'
[0.463s] DEBUG:colcon.colcon_core.package_identification:Package 'src/navigation2/nav2_dwb_controller/nav_2d_utils' with type 'ros.ament_cmake' and name 'nav_2d_utils'
[0.463s] Level 1:colcon.colcon_core.package_identification:_identify(src/navigation2/nav2_graceful_controller) by extensions ['ignore', 'ignore_ament_install']
[0.463s] Level 1:colcon.colcon_core.package_identification:_identify(src/navigation2/nav2_graceful_controller) by extension 'ignore'
[0.463s] Level 1:colcon.colcon_core.package_identification:_identify(src/navigation2/nav2_graceful_controller) by extension 'ignore_ament_install'
[0.463s] Level 1:colcon.colcon_core.package_identification:_identify(src/navigation2/nav2_graceful_controller) by extensions ['colcon_pkg']
[0.464s] Level 1:colcon.colcon_core.package_identification:_identify(src/navigation2/nav2_graceful_controller) by extension 'colcon_pkg'
[0.464s] Level 1:colcon.colcon_core.package_identification:_identify(src/navigation2/nav2_graceful_controller) by extensions ['colcon_meta']
[0.464s] Level 1:colcon.colcon_core.package_identification:_identify(src/navigation2/nav2_graceful_controller) by extension 'colcon_meta'
[0.464s] Level 1:colcon.colcon_core.package_identification:_identify(src/navigation2/nav2_graceful_controller) by extensions ['ros']
[0.464s] Level 1:colcon.colcon_core.package_identification:_identify(src/navigation2/nav2_graceful_controller) by extension 'ros'
[0.465s] DEBUG:colcon.colcon_core.package_identification:Package 'src/navigation2/nav2_graceful_controller' with type 'ros.ament_cmake' and name 'nav2_graceful_controller'
[0.466s] Level 1:colcon.colcon_core.package_identification:_identify(src/navigation2/nav2_lifecycle_manager) by extensions ['ignore', 'ignore_ament_install']
[0.466s] Level 1:colcon.colcon_core.package_identification:_identify(src/navigation2/nav2_lifecycle_manager) by extension 'ignore'
[0.466s] Level 1:colcon.colcon_core.package_identification:_identify(src/navigation2/nav2_lifecycle_manager) by extension 'ignore_ament_install'
[0.466s] Level 1:colcon.colcon_core.package_identification:_identify(src/navigation2/nav2_lifecycle_manager) by extensions ['colcon_pkg']
[0.466s] Level 1:colcon.colcon_core.package_identification:_identify(src/navigation2/nav2_lifecycle_manager) by extension 'colcon_pkg'
[0.466s] Level 1:colcon.colcon_core.package_identification:_identify(src/navigation2/nav2_lifecycle_manager) by extensions ['colcon_meta']
[0.466s] Level 1:colcon.colcon_core.package_identification:_identify(src/navigation2/nav2_lifecycle_manager) by extension 'colcon_meta'
[0.466s] Level 1:colcon.colcon_core.package_identification:_identify(src/navigation2/nav2_lifecycle_manager) by extensions ['ros']
[0.466s] Level 1:colcon.colcon_core.package_identification:_identify(src/navigation2/nav2_lifecycle_manager) by extension 'ros'
[0.467s] DEBUG:colcon.colcon_core.package_identification:Package 'src/navigation2/nav2_lifecycle_manager' with type 'ros.ament_cmake' and name 'nav2_lifecycle_manager'
[0.467s] Level 1:colcon.colcon_core.package_identification:_identify(src/navigation2/nav2_loopback_sim) by extensions ['ignore', 'ignore_ament_install']
[0.467s] Level 1:colcon.colcon_core.package_identification:_identify(src/navigation2/nav2_loopback_sim) by extension 'ignore'
[0.468s] Level 1:colcon.colcon_core.package_identification:_identify(src/navigation2/nav2_loopback_sim) by extension 'ignore_ament_install'
[0.468s] Level 1:colcon.colcon_core.package_identification:_identify(src/navigation2/nav2_loopback_sim) by extensions ['colcon_pkg']
[0.468s] Level 1:colcon.colcon_core.package_identification:_identify(src/navigation2/nav2_loopback_sim) by extension 'colcon_pkg'
[0.468s] Level 1:colcon.colcon_core.package_identification:_identify(src/navigation2/nav2_loopback_sim) by extensions ['colcon_meta']
[0.468s] Level 1:colcon.colcon_core.package_identification:_identify(src/navigation2/nav2_loopback_sim) by extension 'colcon_meta'
[0.468s] Level 1:colcon.colcon_core.package_identification:_identify(src/navigation2/nav2_loopback_sim) by extensions ['ros']
[0.468s] Level 1:colcon.colcon_core.package_identification:_identify(src/navigation2/nav2_loopback_sim) by extension 'ros'
[0.469s] DEBUG:colcon.colcon_core.package_identification:Package 'src/navigation2/nav2_loopback_sim' with type 'ros.ament_python' and name 'nav2_loopback_sim'
[0.469s] Level 1:colcon.colcon_core.package_identification:_identify(src/navigation2/nav2_map_server) by extensions ['ignore', 'ignore_ament_install']
[0.469s] Level 1:colcon.colcon_core.package_identification:_identify(src/navigation2/nav2_map_server) by extension 'ignore'
[0.469s] Level 1:colcon.colcon_core.package_identification:_identify(src/navigation2/nav2_map_server) by extension 'ignore_ament_install'
[0.469s] Level 1:colcon.colcon_core.package_identification:_identify(src/navigation2/nav2_map_server) by extensions ['colcon_pkg']
[0.470s] Level 1:colcon.colcon_core.package_identification:_identify(src/navigation2/nav2_map_server) by extension 'colcon_pkg'
[0.470s] Level 1:colcon.colcon_core.package_identification:_identify(src/navigation2/nav2_map_server) by extensions ['colcon_meta']
[0.470s] Level 1:colcon.colcon_core.package_identification:_identify(src/navigation2/nav2_map_server) by extension 'colcon_meta'
[0.470s] Level 1:colcon.colcon_core.package_identification:_identify(src/navigation2/nav2_map_server) by extensions ['ros']
[0.470s] Level 1:colcon.colcon_core.package_identification:_identify(src/navigation2/nav2_map_server) by extension 'ros'
[0.471s] DEBUG:colcon.colcon_core.package_identification:Package 'src/navigation2/nav2_map_server' with type 'ros.ament_cmake' and name 'nav2_map_server'
[0.472s] Level 1:colcon.colcon_core.package_identification:_identify(src/navigation2/nav2_mppi_controller) by extensions ['ignore', 'ignore_ament_install']
[0.472s] Level 1:colcon.colcon_core.package_identification:_identify(src/navigation2/nav2_mppi_controller) by extension 'ignore'
[0.472s] Level 1:colcon.colcon_core.package_identification:_identify(src/navigation2/nav2_mppi_controller) by extension 'ignore_ament_install'
[0.472s] Level 1:colcon.colcon_core.package_identification:_identify(src/navigation2/nav2_mppi_controller) by extensions ['colcon_pkg']
[0.472s] Level 1:colcon.colcon_core.package_identification:_identify(src/navigation2/nav2_mppi_controller) by extension 'colcon_pkg'
[0.472s] Level 1:colcon.colcon_core.package_identification:_identify(src/navigation2/nav2_mppi_controller) by extensions ['colcon_meta']
[0.472s] Level 1:colcon.colcon_core.package_identification:_identify(src/navigation2/nav2_mppi_controller) by extension 'colcon_meta'
[0.472s] Level 1:colcon.colcon_core.package_identification:_identify(src/navigation2/nav2_mppi_controller) by extensions ['ros']
[0.472s] Level 1:colcon.colcon_core.package_identification:_identify(src/navigation2/nav2_mppi_controller) by extension 'ros'
[0.474s] DEBUG:colcon.colcon_core.package_identification:Package 'src/navigation2/nav2_mppi_controller' with type 'ros.ament_cmake' and name 'nav2_mppi_controller'
[0.475s] Level 1:colcon.colcon_core.package_identification:_identify(src/navigation2/nav2_msgs) by extensions ['ignore', 'ignore_ament_install']
[0.475s] Level 1:colcon.colcon_core.package_identification:_identify(src/navigation2/nav2_msgs) by extension 'ignore'
[0.475s] Level 1:colcon.colcon_core.package_identification:_identify(src/navigation2/nav2_msgs) by extension 'ignore_ament_install'
[0.475s] Level 1:colcon.colcon_core.package_identification:_identify(src/navigation2/nav2_msgs) by extensions ['colcon_pkg']
[0.475s] Level 1:colcon.colcon_core.package_identification:_identify(src/navigation2/nav2_msgs) by extension 'colcon_pkg'
[0.475s] Level 1:colcon.colcon_core.package_identification:_identify(src/navigation2/nav2_msgs) by extensions ['colcon_meta']
[0.475s] Level 1:colcon.colcon_core.package_identification:_identify(src/navigation2/nav2_msgs) by extension 'colcon_meta'
[0.475s] Level 1:colcon.colcon_core.package_identification:_identify(src/navigation2/nav2_msgs) by extensions ['ros']
[0.475s] Level 1:colcon.colcon_core.package_identification:_identify(src/navigation2/nav2_msgs) by extension 'ros'
[0.477s] DEBUG:colcon.colcon_core.package_identification:Package 'src/navigation2/nav2_msgs' with type 'ros.ament_cmake' and name 'nav2_msgs'
[0.477s] Level 1:colcon.colcon_core.package_identification:_identify(src/navigation2/nav2_navfn_planner) by extensions ['ignore', 'ignore_ament_install']
[0.478s] Level 1:colcon.colcon_core.package_identification:_identify(src/navigation2/nav2_navfn_planner) by extension 'ignore'
[0.478s] Level 1:colcon.colcon_core.package_identification:_identify(src/navigation2/nav2_navfn_planner) by extension 'ignore_ament_install'
[0.478s] Level 1:colcon.colcon_core.package_identification:_identify(src/navigation2/nav2_navfn_planner) by extensions ['colcon_pkg']
[0.478s] Level 1:colcon.colcon_core.package_identification:_identify(src/navigation2/nav2_navfn_planner) by extension 'colcon_pkg'
[0.478s] Level 1:colcon.colcon_core.package_identification:_identify(src/navigation2/nav2_navfn_planner) by extensions ['colcon_meta']
[0.478s] Level 1:colcon.colcon_core.package_identification:_identify(src/navigation2/nav2_navfn_planner) by extension 'colcon_meta'
[0.478s] Level 1:colcon.colcon_core.package_identification:_identify(src/navigation2/nav2_navfn_planner) by extensions ['ros']
[0.478s] Level 1:colcon.colcon_core.package_identification:_identify(src/navigation2/nav2_navfn_planner) by extension 'ros'
[0.480s] DEBUG:colcon.colcon_core.package_identification:Package 'src/navigation2/nav2_navfn_planner' with type 'ros.ament_cmake' and name 'nav2_navfn_planner'
[0.480s] Level 1:colcon.colcon_core.package_identification:_identify(src/navigation2/nav2_planner) by extensions ['ignore', 'ignore_ament_install']
[0.480s] Level 1:colcon.colcon_core.package_identification:_identify(src/navigation2/nav2_planner) by extension 'ignore'
[0.480s] Level 1:colcon.colcon_core.package_identification:_identify(src/navigation2/nav2_planner) by extension 'ignore_ament_install'
[0.481s] Level 1:colcon.colcon_core.package_identification:_identify(src/navigation2/nav2_planner) by extensions ['colcon_pkg']
[0.481s] Level 1:colcon.colcon_core.package_identification:_identify(src/navigation2/nav2_planner) by extension 'colcon_pkg'
[0.481s] Level 1:colcon.colcon_core.package_identification:_identify(src/navigation2/nav2_planner) by extensions ['colcon_meta']
[0.481s] Level 1:colcon.colcon_core.package_identification:_identify(src/navigation2/nav2_planner) by extension 'colcon_meta'
[0.481s] Level 1:colcon.colcon_core.package_identification:_identify(src/navigation2/nav2_planner) by extensions ['ros']
[0.481s] Level 1:colcon.colcon_core.package_identification:_identify(src/navigation2/nav2_planner) by extension 'ros'
[0.483s] DEBUG:colcon.colcon_core.package_identification:Package 'src/navigation2/nav2_planner' with type 'ros.ament_cmake' and name 'nav2_planner'
[0.483s] Level 1:colcon.colcon_core.package_identification:_identify(src/navigation2/nav2_regulated_pure_pursuit_controller) by extensions ['ignore', 'ignore_ament_install']
[0.483s] Level 1:colcon.colcon_core.package_identification:_identify(src/navigation2/nav2_regulated_pure_pursuit_controller) by extension 'ignore'
[0.483s] Level 1:colcon.colcon_core.package_identification:_identify(src/navigation2/nav2_regulated_pure_pursuit_controller) by extension 'ignore_ament_install'
[0.483s] Level 1:colcon.colcon_core.package_identification:_identify(src/navigation2/nav2_regulated_pure_pursuit_controller) by extensions ['colcon_pkg']
[0.483s] Level 1:colcon.colcon_core.package_identification:_identify(src/navigation2/nav2_regulated_pure_pursuit_controller) by extension 'colcon_pkg'
[0.483s] Level 1:colcon.colcon_core.package_identification:_identify(src/navigation2/nav2_regulated_pure_pursuit_controller) by extensions ['colcon_meta']
[0.483s] Level 1:colcon.colcon_core.package_identification:_identify(src/navigation2/nav2_regulated_pure_pursuit_controller) by extension 'colcon_meta'
[0.483s] Level 1:colcon.colcon_core.package_identification:_identify(src/navigation2/nav2_regulated_pure_pursuit_controller) by extensions ['ros']
[0.483s] Level 1:colcon.colcon_core.package_identification:_identify(src/navigation2/nav2_regulated_pure_pursuit_controller) by extension 'ros'
[0.486s] DEBUG:colcon.colcon_core.package_identification:Package 'src/navigation2/nav2_regulated_pure_pursuit_controller' with type 'ros.ament_cmake' and name 'nav2_regulated_pure_pursuit_controller'
[0.486s] Level 1:colcon.colcon_core.package_identification:_identify(src/navigation2/nav2_rotation_shim_controller) by extensions ['ignore', 'ignore_ament_install']
[0.486s] Level 1:colcon.colcon_core.package_identification:_identify(src/navigation2/nav2_rotation_shim_controller) by extension 'ignore'
[0.487s] Level 1:colcon.colcon_core.package_identification:_identify(src/navigation2/nav2_rotation_shim_controller) by extension 'ignore_ament_install'
[0.487s] Level 1:colcon.colcon_core.package_identification:_identify(src/navigation2/nav2_rotation_shim_controller) by extensions ['colcon_pkg']
[0.487s] Level 1:colcon.colcon_core.package_identification:_identify(src/navigation2/nav2_rotation_shim_controller) by extension 'colcon_pkg'
[0.487s] Level 1:colcon.colcon_core.package_identification:_identify(src/navigation2/nav2_rotation_shim_controller) by extensions ['colcon_meta']
[0.487s] Level 1:colcon.colcon_core.package_identification:_identify(src/navigation2/nav2_rotation_shim_controller) by extension 'colcon_meta'
[0.487s] Level 1:colcon.colcon_core.package_identification:_identify(src/navigation2/nav2_rotation_shim_controller) by extensions ['ros']
[0.487s] Level 1:colcon.colcon_core.package_identification:_identify(src/navigation2/nav2_rotation_shim_controller) by extension 'ros'
[0.489s] DEBUG:colcon.colcon_core.package_identification:Package 'src/navigation2/nav2_rotation_shim_controller' with type 'ros.ament_cmake' and name 'nav2_rotation_shim_controller'
[0.490s] Level 1:colcon.colcon_core.package_identification:_identify(src/navigation2/nav2_rviz_plugins) by extensions ['ignore', 'ignore_ament_install']
[0.490s] Level 1:colcon.colcon_core.package_identification:_identify(src/navigation2/nav2_rviz_plugins) by extension 'ignore'
[0.490s] Level 1:colcon.colcon_core.package_identification:_identify(src/navigation2/nav2_rviz_plugins) by extension 'ignore_ament_install'
[0.490s] Level 1:colcon.colcon_core.package_identification:_identify(src/navigation2/nav2_rviz_plugins) by extensions ['colcon_pkg']
[0.490s] Level 1:colcon.colcon_core.package_identification:_identify(src/navigation2/nav2_rviz_plugins) by extension 'colcon_pkg'
[0.490s] Level 1:colcon.colcon_core.package_identification:_identify(src/navigation2/nav2_rviz_plugins) by extensions ['colcon_meta']
[0.491s] Level 1:colcon.colcon_core.package_identification:_identify(src/navigation2/nav2_rviz_plugins) by extension 'colcon_meta'
[0.491s] Level 1:colcon.colcon_core.package_identification:_identify(src/navigation2/nav2_rviz_plugins) by extensions ['ros']
[0.491s] Level 1:colcon.colcon_core.package_identification:_identify(src/navigation2/nav2_rviz_plugins) by extension 'ros'
[0.493s] DEBUG:colcon.colcon_core.package_identification:Package 'src/navigation2/nav2_rviz_plugins' with type 'ros.ament_cmake' and name 'nav2_rviz_plugins'
[0.493s] Level 1:colcon.colcon_core.package_identification:_identify(src/navigation2/nav2_simple_commander) by extensions ['ignore', 'ignore_ament_install']
[0.493s] Level 1:colcon.colcon_core.package_identification:_identify(src/navigation2/nav2_simple_commander) by extension 'ignore'
[0.494s] Level 1:colcon.colcon_core.package_identification:_identify(src/navigation2/nav2_simple_commander) by extension 'ignore_ament_install'
[0.494s] Level 1:colcon.colcon_core.package_identification:_identify(src/navigation2/nav2_simple_commander) by extensions ['colcon_pkg']
[0.494s] Level 1:colcon.colcon_core.package_identification:_identify(src/navigation2/nav2_simple_commander) by extension 'colcon_pkg'
[0.494s] Level 1:colcon.colcon_core.package_identification:_identify(src/navigation2/nav2_simple_commander) by extensions ['colcon_meta']
[0.494s] Level 1:colcon.colcon_core.package_identification:_identify(src/navigation2/nav2_simple_commander) by extension 'colcon_meta'
[0.494s] Level 1:colcon.colcon_core.package_identification:_identify(src/navigation2/nav2_simple_commander) by extensions ['ros']
[0.494s] Level 1:colcon.colcon_core.package_identification:_identify(src/navigation2/nav2_simple_commander) by extension 'ros'
[0.495s] DEBUG:colcon.colcon_core.package_identification:Package 'src/navigation2/nav2_simple_commander' with type 'ros.ament_python' and name 'nav2_simple_commander'
[0.495s] Level 1:colcon.colcon_core.package_identification:_identify(src/navigation2/nav2_smac_planner) by extensions ['ignore', 'ignore_ament_install']
[0.495s] Level 1:colcon.colcon_core.package_identification:_identify(src/navigation2/nav2_smac_planner) by extension 'ignore'
[0.496s] Level 1:colcon.colcon_core.package_identification:_identify(src/navigation2/nav2_smac_planner) by extension 'ignore_ament_install'
[0.496s] Level 1:colcon.colcon_core.package_identification:_identify(src/navigation2/nav2_smac_planner) by extensions ['colcon_pkg']
[0.496s] Level 1:colcon.colcon_core.package_identification:_identify(src/navigation2/nav2_smac_planner) by extension 'colcon_pkg'
[0.496s] Level 1:colcon.colcon_core.package_identification:_identify(src/navigation2/nav2_smac_planner) by extensions ['colcon_meta']
[0.496s] Level 1:colcon.colcon_core.package_identification:_identify(src/navigation2/nav2_smac_planner) by extension 'colcon_meta'
[0.496s] Level 1:colcon.colcon_core.package_identification:_identify(src/navigation2/nav2_smac_planner) by extensions ['ros']
[0.496s] Level 1:colcon.colcon_core.package_identification:_identify(src/navigation2/nav2_smac_planner) by extension 'ros'
[0.498s] DEBUG:colcon.colcon_core.package_identification:Package 'src/navigation2/nav2_smac_planner' with type 'ros.ament_cmake' and name 'nav2_smac_planner'
[0.499s] Level 1:colcon.colcon_core.package_identification:_identify(src/navigation2/nav2_smoother) by extensions ['ignore', 'ignore_ament_install']
[0.499s] Level 1:colcon.colcon_core.package_identification:_identify(src/navigation2/nav2_smoother) by extension 'ignore'
[0.499s] Level 1:colcon.colcon_core.package_identification:_identify(src/navigation2/nav2_smoother) by extension 'ignore_ament_install'
[0.499s] Level 1:colcon.colcon_core.package_identification:_identify(src/navigation2/nav2_smoother) by extensions ['colcon_pkg']
[0.499s] Level 1:colcon.colcon_core.package_identification:_identify(src/navigation2/nav2_smoother) by extension 'colcon_pkg'
[0.499s] Level 1:colcon.colcon_core.package_identification:_identify(src/navigation2/nav2_smoother) by extensions ['colcon_meta']
[0.499s] Level 1:colcon.colcon_core.package_identification:_identify(src/navigation2/nav2_smoother) by extension 'colcon_meta'
[0.500s] Level 1:colcon.colcon_core.package_identification:_identify(src/navigation2/nav2_smoother) by extensions ['ros']
[0.500s] Level 1:colcon.colcon_core.package_identification:_identify(src/navigation2/nav2_smoother) by extension 'ros'
[0.501s] DEBUG:colcon.colcon_core.package_identification:Package 'src/navigation2/nav2_smoother' with type 'ros.ament_cmake' and name 'nav2_smoother'
[0.501s] Level 1:colcon.colcon_core.package_identification:_identify(src/navigation2/nav2_system_tests) by extensions ['ignore', 'ignore_ament_install']
[0.502s] Level 1:colcon.colcon_core.package_identification:_identify(src/navigation2/nav2_system_tests) by extension 'ignore'
[0.502s] Level 1:colcon.colcon_core.package_identification:_identify(src/navigation2/nav2_system_tests) by extension 'ignore_ament_install'
[0.502s] Level 1:colcon.colcon_core.package_identification:_identify(src/navigation2/nav2_system_tests) by extensions ['colcon_pkg']
[0.502s] Level 1:colcon.colcon_core.package_identification:_identify(src/navigation2/nav2_system_tests) by extension 'colcon_pkg'
[0.502s] Level 1:colcon.colcon_core.package_identification:_identify(src/navigation2/nav2_system_tests) by extensions ['colcon_meta']
[0.502s] Level 1:colcon.colcon_core.package_identification:_identify(src/navigation2/nav2_system_tests) by extension 'colcon_meta'
[0.502s] Level 1:colcon.colcon_core.package_identification:_identify(src/navigation2/nav2_system_tests) by extensions ['ros']
[0.502s] Level 1:colcon.colcon_core.package_identification:_identify(src/navigation2/nav2_system_tests) by extension 'ros'
[0.504s] DEBUG:colcon.colcon_core.package_identification:Package 'src/navigation2/nav2_system_tests' with type 'ros.ament_cmake' and name 'nav2_system_tests'
[0.504s] Level 1:colcon.colcon_core.package_identification:_identify(src/navigation2/nav2_theta_star_planner) by extensions ['ignore', 'ignore_ament_install']
[0.505s] Level 1:colcon.colcon_core.package_identification:_identify(src/navigation2/nav2_theta_star_planner) by extension 'ignore'
[0.505s] Level 1:colcon.colcon_core.package_identification:_identify(src/navigation2/nav2_theta_star_planner) by extension 'ignore_ament_install'
[0.505s] Level 1:colcon.colcon_core.package_identification:_identify(src/navigation2/nav2_theta_star_planner) by extensions ['colcon_pkg']
[0.505s] Level 1:colcon.colcon_core.package_identification:_identify(src/navigation2/nav2_theta_star_planner) by extension 'colcon_pkg'
[0.505s] Level 1:colcon.colcon_core.package_identification:_identify(src/navigation2/nav2_theta_star_planner) by extensions ['colcon_meta']
[0.505s] Level 1:colcon.colcon_core.package_identification:_identify(src/navigation2/nav2_theta_star_planner) by extension 'colcon_meta'
[0.505s] Level 1:colcon.colcon_core.package_identification:_identify(src/navigation2/nav2_theta_star_planner) by extensions ['ros']
[0.505s] Level 1:colcon.colcon_core.package_identification:_identify(src/navigation2/nav2_theta_star_planner) by extension 'ros'
[0.507s] DEBUG:colcon.colcon_core.package_identification:Package 'src/navigation2/nav2_theta_star_planner' with type 'ros.ament_cmake' and name 'nav2_theta_star_planner'
[0.507s] Level 1:colcon.colcon_core.package_identification:_identify(src/navigation2/nav2_util) by extensions ['ignore', 'ignore_ament_install']
[0.508s] Level 1:colcon.colcon_core.package_identification:_identify(src/navigation2/nav2_util) by extension 'ignore'
[0.508s] Level 1:colcon.colcon_core.package_identification:_identify(src/navigation2/nav2_util) by extension 'ignore_ament_install'
[0.508s] Level 1:colcon.colcon_core.package_identification:_identify(src/navigation2/nav2_util) by extensions ['colcon_pkg']
[0.508s] Level 1:colcon.colcon_core.package_identification:_identify(src/navigation2/nav2_util) by extension 'colcon_pkg'
[0.508s] Level 1:colcon.colcon_core.package_identification:_identify(src/navigation2/nav2_util) by extensions ['colcon_meta']
[0.508s] Level 1:colcon.colcon_core.package_identification:_identify(src/navigation2/nav2_util) by extension 'colcon_meta'
[0.508s] Level 1:colcon.colcon_core.package_identification:_identify(src/navigation2/nav2_util) by extensions ['ros']
[0.508s] Level 1:colcon.colcon_core.package_identification:_identify(src/navigation2/nav2_util) by extension 'ros'
[0.511s] DEBUG:colcon.colcon_core.package_identification:Package 'src/navigation2/nav2_util' with type 'ros.ament_cmake' and name 'nav2_util'
[0.511s] Level 1:colcon.colcon_core.package_identification:_identify(src/navigation2/nav2_velocity_smoother) by extensions ['ignore', 'ignore_ament_install']
[0.511s] Level 1:colcon.colcon_core.package_identification:_identify(src/navigation2/nav2_velocity_smoother) by extension 'ignore'
[0.511s] Level 1:colcon.colcon_core.package_identification:_identify(src/navigation2/nav2_velocity_smoother) by extension 'ignore_ament_install'
[0.511s] Level 1:colcon.colcon_core.package_identification:_identify(src/navigation2/nav2_velocity_smoother) by extensions ['colcon_pkg']
[0.511s] Level 1:colcon.colcon_core.package_identification:_identify(src/navigation2/nav2_velocity_smoother) by extension 'colcon_pkg'
[0.512s] Level 1:colcon.colcon_core.package_identification:_identify(src/navigation2/nav2_velocity_smoother) by extensions ['colcon_meta']
[0.512s] Level 1:colcon.colcon_core.package_identification:_identify(src/navigation2/nav2_velocity_smoother) by extension 'colcon_meta'
[0.512s] Level 1:colcon.colcon_core.package_identification:_identify(src/navigation2/nav2_velocity_smoother) by extensions ['ros']
[0.512s] Level 1:colcon.colcon_core.package_identification:_identify(src/navigation2/nav2_velocity_smoother) by extension 'ros'
[0.513s] DEBUG:colcon.colcon_core.package_identification:Package 'src/navigation2/nav2_velocity_smoother' with type 'ros.ament_cmake' and name 'nav2_velocity_smoother'
[0.514s] Level 1:colcon.colcon_core.package_identification:_identify(src/navigation2/nav2_voxel_grid) by extensions ['ignore', 'ignore_ament_install']
[0.514s] Level 1:colcon.colcon_core.package_identification:_identify(src/navigation2/nav2_voxel_grid) by extension 'ignore'
[0.514s] Level 1:colcon.colcon_core.package_identification:_identify(src/navigation2/nav2_voxel_grid) by extension 'ignore_ament_install'
[0.514s] Level 1:colcon.colcon_core.package_identification:_identify(src/navigation2/nav2_voxel_grid) by extensions ['colcon_pkg']
[0.514s] Level 1:colcon.colcon_core.package_identification:_identify(src/navigation2/nav2_voxel_grid) by extension 'colcon_pkg'
[0.514s] Level 1:colcon.colcon_core.package_identification:_identify(src/navigation2/nav2_voxel_grid) by extensions ['colcon_meta']
[0.514s] Level 1:colcon.colcon_core.package_identification:_identify(src/navigation2/nav2_voxel_grid) by extension 'colcon_meta'
[0.514s] Level 1:colcon.colcon_core.package_identification:_identify(src/navigation2/nav2_voxel_grid) by extensions ['ros']
[0.515s] Level 1:colcon.colcon_core.package_identification:_identify(src/navigation2/nav2_voxel_grid) by extension 'ros'
[0.515s] DEBUG:colcon.colcon_core.package_identification:Package 'src/navigation2/nav2_voxel_grid' with type 'ros.ament_cmake' and name 'nav2_voxel_grid'
[0.516s] Level 1:colcon.colcon_core.package_identification:_identify(src/navigation2/nav2_waypoint_follower) by extensions ['ignore', 'ignore_ament_install']
[0.516s] Level 1:colcon.colcon_core.package_identification:_identify(src/navigation2/nav2_waypoint_follower) by extension 'ignore'
[0.516s] Level 1:colcon.colcon_core.package_identification:_identify(src/navigation2/nav2_waypoint_follower) by extension 'ignore_ament_install'
[0.516s] Level 1:colcon.colcon_core.package_identification:_identify(src/navigation2/nav2_waypoint_follower) by extensions ['colcon_pkg']
[0.516s] Level 1:colcon.colcon_core.package_identification:_identify(src/navigation2/nav2_waypoint_follower) by extension 'colcon_pkg'
[0.516s] Level 1:colcon.colcon_core.package_identification:_identify(src/navigation2/nav2_waypoint_follower) by extensions ['colcon_meta']
[0.516s] Level 1:colcon.colcon_core.package_identification:_identify(src/navigation2/nav2_waypoint_follower) by extension 'colcon_meta'
[0.516s] Level 1:colcon.colcon_core.package_identification:_identify(src/navigation2/nav2_waypoint_follower) by extensions ['ros']
[0.517s] Level 1:colcon.colcon_core.package_identification:_identify(src/navigation2/nav2_waypoint_follower) by extension 'ros'
[0.518s] DEBUG:colcon.colcon_core.package_identification:Package 'src/navigation2/nav2_waypoint_follower' with type 'ros.ament_cmake' and name 'nav2_waypoint_follower'
[0.519s] Level 1:colcon.colcon_core.package_identification:_identify(src/navigation2/navigation2) by extensions ['ignore', 'ignore_ament_install']
[0.519s] Level 1:colcon.colcon_core.package_identification:_identify(src/navigation2/navigation2) by extension 'ignore'
[0.519s] Level 1:colcon.colcon_core.package_identification:_identify(src/navigation2/navigation2) by extension 'ignore_ament_install'
[0.519s] Level 1:colcon.colcon_core.package_identification:_identify(src/navigation2/navigation2) by extensions ['colcon_pkg']
[0.519s] Level 1:colcon.colcon_core.package_identification:_identify(src/navigation2/navigation2) by extension 'colcon_pkg'
[0.519s] Level 1:colcon.colcon_core.package_identification:_identify(src/navigation2/navigation2) by extensions ['colcon_meta']
[0.519s] Level 1:colcon.colcon_core.package_identification:_identify(src/navigation2/navigation2) by extension 'colcon_meta'
[0.519s] Level 1:colcon.colcon_core.package_identification:_identify(src/navigation2/navigation2) by extensions ['ros']
[0.519s] Level 1:colcon.colcon_core.package_identification:_identify(src/navigation2/navigation2) by extension 'ros'
[0.521s] DEBUG:colcon.colcon_core.package_identification:Package 'src/navigation2/navigation2' with type 'ros.ament_cmake' and name 'navigation2'
[0.521s] Level 1:colcon.colcon_core.package_identification:_identify(src/navigation2/tools) by extensions ['ignore', 'ignore_ament_install']
[0.521s] Level 1:colcon.colcon_core.package_identification:_identify(src/navigation2/tools) by extension 'ignore'
[0.521s] Level 1:colcon.colcon_core.package_identification:_identify(src/navigation2/tools) by extension 'ignore_ament_install'
[0.521s] Level 1:colcon.colcon_core.package_identification:_identify(src/navigation2/tools) by extensions ['colcon_pkg']
[0.521s] Level 1:colcon.colcon_core.package_identification:_identify(src/navigation2/tools) by extension 'colcon_pkg'
[0.522s] Level 1:colcon.colcon_core.package_identification:_identify(src/navigation2/tools) by extensions ['colcon_meta']
[0.522s] Level 1:colcon.colcon_core.package_identification:_identify(src/navigation2/tools) by extension 'colcon_meta'
[0.522s] Level 1:colcon.colcon_core.package_identification:_identify(src/navigation2/tools) by extensions ['ros']
[0.522s] Level 1:colcon.colcon_core.package_identification:_identify(src/navigation2/tools) by extension 'ros'
[0.522s] Level 1:colcon.colcon_core.package_identification:_identify(src/navigation2/tools) by extensions ['cmake', 'python']
[0.522s] Level 1:colcon.colcon_core.package_identification:_identify(src/navigation2/tools) by extension 'cmake'
[0.522s] Level 1:colcon.colcon_core.package_identification:_identify(src/navigation2/tools) by extension 'python'
[0.522s] Level 1:colcon.colcon_core.package_identification:_identify(src/navigation2/tools) by extensions ['python_setup_py']
[0.522s] Level 1:colcon.colcon_core.package_identification:_identify(src/navigation2/tools) by extension 'python_setup_py'
[0.523s] Level 1:colcon.colcon_core.package_identification:_identify(src/navigation2/tools/planner_benchmarking) by extensions ['ignore', 'ignore_ament_install']
[0.523s] Level 1:colcon.colcon_core.package_identification:_identify(src/navigation2/tools/planner_benchmarking) by extension 'ignore'
[0.523s] Level 1:colcon.colcon_core.package_identification:_identify(src/navigation2/tools/planner_benchmarking) by extension 'ignore_ament_install'
[0.523s] Level 1:colcon.colcon_core.package_identification:_identify(src/navigation2/tools/planner_benchmarking) by extensions ['colcon_pkg']
[0.523s] Level 1:colcon.colcon_core.package_identification:_identify(src/navigation2/tools/planner_benchmarking) by extension 'colcon_pkg'
[0.523s] Level 1:colcon.colcon_core.package_identification:_identify(src/navigation2/tools/planner_benchmarking) by extensions ['colcon_meta']
[0.523s] Level 1:colcon.colcon_core.package_identification:_identify(src/navigation2/tools/planner_benchmarking) by extension 'colcon_meta'
[0.523s] Level 1:colcon.colcon_core.package_identification:_identify(src/navigation2/tools/planner_benchmarking) by extensions ['ros']
[0.523s] Level 1:colcon.colcon_core.package_identification:_identify(src/navigation2/tools/planner_benchmarking) by extension 'ros'
[0.524s] Level 1:colcon.colcon_core.package_identification:_identify(src/navigation2/tools/planner_benchmarking) by extensions ['cmake', 'python']
[0.524s] Level 1:colcon.colcon_core.package_identification:_identify(src/navigation2/tools/planner_benchmarking) by extension 'cmake'
[0.524s] Level 1:colcon.colcon_core.package_identification:_identify(src/navigation2/tools/planner_benchmarking) by extension 'python'
[0.524s] Level 1:colcon.colcon_core.package_identification:_identify(src/navigation2/tools/planner_benchmarking) by extensions ['python_setup_py']
[0.524s] Level 1:colcon.colcon_core.package_identification:_identify(src/navigation2/tools/planner_benchmarking) by extension 'python_setup_py'
[0.524s] Level 1:colcon.colcon_core.package_identification:_identify(src/navigation2/tools/smoother_benchmarking) by extensions ['ignore', 'ignore_ament_install']
[0.524s] Level 1:colcon.colcon_core.package_identification:_identify(src/navigation2/tools/smoother_benchmarking) by extension 'ignore'
[0.524s] Level 1:colcon.colcon_core.package_identification:_identify(src/navigation2/tools/smoother_benchmarking) by extension 'ignore_ament_install'
[0.525s] Level 1:colcon.colcon_core.package_identification:_identify(src/navigation2/tools/smoother_benchmarking) by extensions ['colcon_pkg']
[0.525s] Level 1:colcon.colcon_core.package_identification:_identify(src/navigation2/tools/smoother_benchmarking) by extension 'colcon_pkg'
[0.525s] Level 1:colcon.colcon_core.package_identification:_identify(src/navigation2/tools/smoother_benchmarking) by extensions ['colcon_meta']
[0.525s] Level 1:colcon.colcon_core.package_identification:_identify(src/navigation2/tools/smoother_benchmarking) by extension 'colcon_meta'
[0.525s] Level 1:colcon.colcon_core.package_identification:_identify(src/navigation2/tools/smoother_benchmarking) by extensions ['ros']
[0.525s] Level 1:colcon.colcon_core.package_identification:_identify(src/navigation2/tools/smoother_benchmarking) by extension 'ros'
[0.525s] Level 1:colcon.colcon_core.package_identification:_identify(src/navigation2/tools/smoother_benchmarking) by extensions ['cmake', 'python']
[0.525s] Level 1:colcon.colcon_core.package_identification:_identify(src/navigation2/tools/smoother_benchmarking) by extension 'cmake'
[0.525s] Level 1:colcon.colcon_core.package_identification:_identify(src/navigation2/tools/smoother_benchmarking) by extension 'python'
[0.526s] Level 1:colcon.colcon_core.package_identification:_identify(src/navigation2/tools/smoother_benchmarking) by extensions ['python_setup_py']
[0.526s] Level 1:colcon.colcon_core.package_identification:_identify(src/navigation2/tools/smoother_benchmarking) by extension 'python_setup_py'
[0.526s] Level 1:colcon.colcon_core.package_identification:_identify(src/navigation2/tools/smoother_benchmarking/maps) by extensions ['ignore', 'ignore_ament_install']
[0.526s] Level 1:colcon.colcon_core.package_identification:_identify(src/navigation2/tools/smoother_benchmarking/maps) by extension 'ignore'
[0.526s] Level 1:colcon.colcon_core.package_identification:_identify(src/navigation2/tools/smoother_benchmarking/maps) by extension 'ignore_ament_install'
[0.526s] Level 1:colcon.colcon_core.package_identification:_identify(src/navigation2/tools/smoother_benchmarking/maps) by extensions ['colcon_pkg']
[0.526s] Level 1:colcon.colcon_core.package_identification:_identify(src/navigation2/tools/smoother_benchmarking/maps) by extension 'colcon_pkg'
[0.526s] Level 1:colcon.colcon_core.package_identification:_identify(src/navigation2/tools/smoother_benchmarking/maps) by extensions ['colcon_meta']
[0.527s] Level 1:colcon.colcon_core.package_identification:_identify(src/navigation2/tools/smoother_benchmarking/maps) by extension 'colcon_meta'
[0.527s] Level 1:colcon.colcon_core.package_identification:_identify(src/navigation2/tools/smoother_benchmarking/maps) by extensions ['ros']
[0.527s] Level 1:colcon.colcon_core.package_identification:_identify(src/navigation2/tools/smoother_benchmarking/maps) by extension 'ros'
[0.527s] Level 1:colcon.colcon_core.package_identification:_identify(src/navigation2/tools/smoother_benchmarking/maps) by extensions ['cmake', 'python']
[0.527s] Level 1:colcon.colcon_core.package_identification:_identify(src/navigation2/tools/smoother_benchmarking/maps) by extension 'cmake'
[0.527s] Level 1:colcon.colcon_core.package_identification:_identify(src/navigation2/tools/smoother_benchmarking/maps) by extension 'python'
[0.527s] Level 1:colcon.colcon_core.package_identification:_identify(src/navigation2/tools/smoother_benchmarking/maps) by extensions ['python_setup_py']
[0.527s] Level 1:colcon.colcon_core.package_identification:_identify(src/navigation2/tools/smoother_benchmarking/maps) by extension 'python_setup_py'
[0.527s] Level 1:colcon.colcon_core.package_identification:_identify(src/serial) by extensions ['ignore', 'ignore_ament_install']
[0.528s] Level 1:colcon.colcon_core.package_identification:_identify(src/serial) by extension 'ignore'
[0.528s] Level 1:colcon.colcon_core.package_identification:_identify(src/serial) by extension 'ignore_ament_install'
[0.528s] Level 1:colcon.colcon_core.package_identification:_identify(src/serial) by extensions ['colcon_pkg']
[0.528s] Level 1:colcon.colcon_core.package_identification:_identify(src/serial) by extension 'colcon_pkg'
[0.528s] Level 1:colcon.colcon_core.package_identification:_identify(src/serial) by extensions ['colcon_meta']
[0.528s] Level 1:colcon.colcon_core.package_identification:_identify(src/serial) by extension 'colcon_meta'
[0.528s] Level 1:colcon.colcon_core.package_identification:_identify(src/serial) by extensions ['ros']
[0.528s] Level 1:colcon.colcon_core.package_identification:_identify(src/serial) by extension 'ros'
[0.529s] DEBUG:colcon.colcon_core.package_identification:Package 'src/serial' with type 'ros.ament_cmake' and name 'serial'
[0.529s] Level 1:colcon.colcon_core.package_identification:_identify(src/sllidar_ros2) by extensions ['ignore', 'ignore_ament_install']
[0.529s] Level 1:colcon.colcon_core.package_identification:_identify(src/sllidar_ros2) by extension 'ignore'
[0.530s] Level 1:colcon.colcon_core.package_identification:_identify(src/sllidar_ros2) by extension 'ignore_ament_install'
[0.530s] Level 1:colcon.colcon_core.package_identification:_identify(src/sllidar_ros2) by extensions ['colcon_pkg']
[0.530s] Level 1:colcon.colcon_core.package_identification:_identify(src/sllidar_ros2) by extension 'colcon_pkg'
[0.530s] Level 1:colcon.colcon_core.package_identification:_identify(src/sllidar_ros2) by extensions ['colcon_meta']
[0.530s] Level 1:colcon.colcon_core.package_identification:_identify(src/sllidar_ros2) by extension 'colcon_meta'
[0.530s] Level 1:colcon.colcon_core.package_identification:_identify(src/sllidar_ros2) by extensions ['ros']
[0.530s] Level 1:colcon.colcon_core.package_identification:_identify(src/sllidar_ros2) by extension 'ros'
[0.531s] DEBUG:colcon.colcon_core.package_identification:Package 'src/sllidar_ros2' with type 'ros.ament_cmake' and name 'sllidar_ros2'
[0.531s] Level 1:colcon.colcon_core.package_identification:_identify(src/twist_stamper) by extensions ['ignore', 'ignore_ament_install']
[0.531s] Level 1:colcon.colcon_core.package_identification:_identify(src/twist_stamper) by extension 'ignore'
[0.531s] Level 1:colcon.colcon_core.package_identification:_identify(src/twist_stamper) by extension 'ignore_ament_install'
[0.532s] Level 1:colcon.colcon_core.package_identification:_identify(src/twist_stamper) by extensions ['colcon_pkg']
[0.532s] Level 1:colcon.colcon_core.package_identification:_identify(src/twist_stamper) by extension 'colcon_pkg'
[0.532s] Level 1:colcon.colcon_core.package_identification:_identify(src/twist_stamper) by extensions ['colcon_meta']
[0.532s] Level 1:colcon.colcon_core.package_identification:_identify(src/twist_stamper) by extension 'colcon_meta'
[0.532s] Level 1:colcon.colcon_core.package_identification:_identify(src/twist_stamper) by extensions ['ros']
[0.532s] Level 1:colcon.colcon_core.package_identification:_identify(src/twist_stamper) by extension 'ros'
[0.533s] DEBUG:colcon.colcon_core.package_identification:Package 'src/twist_stamper' with type 'ros.ament_python' and name 'twist_stamper'
[0.533s] Level 1:colcon.colcon_core.package_discovery:discover_packages(recursive) using defaults
[0.533s] Level 1:colcon.colcon_core.package_discovery:discover_packages(ignore) discover
[0.533s] Level 1:colcon.colcon_core.package_discovery:discover_packages(ignore) using defaults
[0.533s] Level 1:colcon.colcon_core.package_discovery:discover_packages(path) discover
[0.533s] Level 1:colcon.colcon_core.package_discovery:discover_packages(path) using defaults
[0.627s] Level 1:colcon.colcon_core.package_discovery:discover_packages(prefix_path) check parameters
[0.627s] Level 1:colcon.colcon_core.package_discovery:discover_packages(prefix_path) discover
[0.632s] DEBUG:colcon.colcon_installed_package_information.package_discovery:Found 5 installed packages in /home/brilliant/ros2_ws/install
[0.635s] DEBUG:colcon.colcon_installed_package_information.package_discovery:Found 419 installed packages in /opt/ros/jazzy
[0.658s] Level 1:colcon.colcon_core.package_discovery:discover_packages(prefix_path) using defaults
[0.754s] Level 5:colcon.colcon_core.verb:set package 'diffdrive_arduino' build argument 'cmake_args' from command line to 'None'
[0.754s] Level 5:colcon.colcon_core.verb:set package 'diffdrive_arduino' build argument 'cmake_target' from command line to 'None'
[0.754s] Level 5:colcon.colcon_core.verb:set package 'diffdrive_arduino' build argument 'cmake_target_skip_unavailable' from command line to 'False'
[0.754s] Level 5:colcon.colcon_core.verb:set package 'diffdrive_arduino' build argument 'cmake_clean_cache' from command line to 'False'
[0.754s] Level 5:colcon.colcon_core.verb:set package 'diffdrive_arduino' build argument 'cmake_clean_first' from command line to 'False'
[0.754s] Level 5:colcon.colcon_core.verb:set package 'diffdrive_arduino' build argument 'cmake_force_configure' from command line to 'False'
[0.754s] Level 5:colcon.colcon_core.verb:set package 'diffdrive_arduino' build argument 'ament_cmake_args' from command line to 'None'
[0.754s] Level 5:colcon.colcon_core.verb:set package 'diffdrive_arduino' build argument 'catkin_cmake_args' from command line to 'None'
[0.754s] Level 5:colcon.colcon_core.verb:set package 'diffdrive_arduino' build argument 'catkin_skip_building_tests' from command line to 'False'
[0.754s] DEBUG:colcon.colcon_core.verb:Building package 'diffdrive_arduino' with the following arguments: {'ament_cmake_args': None, 'build_base': '/home/brilliant/ros2_ws/build/diffdrive_arduino', 'catkin_cmake_args': None, 'catkin_skip_building_tests': False, 'cmake_args': None, 'cmake_clean_cache': False, 'cmake_clean_first': False, 'cmake_force_configure': False, 'cmake_target': None, 'cmake_target_skip_unavailable': False, 'install_base': '/home/brilliant/ros2_ws/install/diffdrive_arduino', 'merge_install': False, 'path': '/home/brilliant/ros2_ws/src/diffdrive_arduino', 'symlink_install': True, 'test_result_base': None}
[0.755s] Level 5:colcon.colcon_core.verb:set package 'minibot' build argument 'cmake_args' from command line to 'None'
[0.755s] Level 5:colcon.colcon_core.verb:set package 'minibot' build argument 'cmake_target' from command line to 'None'
[0.755s] Level 5:colcon.colcon_core.verb:set package 'minibot' build argument 'cmake_target_skip_unavailable' from command line to 'False'
[0.755s] Level 5:colcon.colcon_core.verb:set package 'minibot' build argument 'cmake_clean_cache' from command line to 'False'
[0.755s] Level 5:colcon.colcon_core.verb:set package 'minibot' build argument 'cmake_clean_first' from command line to 'False'
[0.755s] Level 5:colcon.colcon_core.verb:set package 'minibot' build argument 'cmake_force_configure' from command line to 'False'
[0.755s] Level 5:colcon.colcon_core.verb:set package 'minibot' build argument 'ament_cmake_args' from command line to 'None'
[0.755s] Level 5:colcon.colcon_core.verb:set package 'minibot' build argument 'catkin_cmake_args' from command line to 'None'
[0.755s] Level 5:colcon.colcon_core.verb:set package 'minibot' build argument 'catkin_skip_building_tests' from command line to 'False'
[0.756s] DEBUG:colcon.colcon_core.verb:Building package 'minibot' with the following arguments: {'ament_cmake_args': None, 'build_base': '/home/brilliant/ros2_ws/build/minibot', 'catkin_cmake_args': None, 'catkin_skip_building_tests': False, 'cmake_args': None, 'cmake_clean_cache': False, 'cmake_clean_first': False, 'cmake_force_configure': False, 'cmake_target': None, 'cmake_target_skip_unavailable': False, 'install_base': '/home/brilliant/ros2_ws/install/minibot', 'merge_install': False, 'path': '/home/brilliant/ros2_ws/src/minibot', 'symlink_install': True, 'test_result_base': None}
[0.756s] Level 5:colcon.colcon_core.verb:set package 'nav2_common' build argument 'cmake_args' from command line to 'None'
[0.756s] Level 5:colcon.colcon_core.verb:set package 'nav2_common' build argument 'cmake_target' from command line to 'None'
[0.756s] Level 5:colcon.colcon_core.verb:set package 'nav2_common' build argument 'cmake_target_skip_unavailable' from command line to 'False'
[0.756s] Level 5:colcon.colcon_core.verb:set package 'nav2_common' build argument 'cmake_clean_cache' from command line to 'False'
[0.756s] Level 5:colcon.colcon_core.verb:set package 'nav2_common' build argument 'cmake_clean_first' from command line to 'False'
[0.756s] Level 5:colcon.colcon_core.verb:set package 'nav2_common' build argument 'cmake_force_configure' from command line to 'False'
[0.756s] Level 5:colcon.colcon_core.verb:set package 'nav2_common' build argument 'ament_cmake_args' from command line to 'None'
[0.756s] Level 5:colcon.colcon_core.verb:set package 'nav2_common' build argument 'catkin_cmake_args' from command line to 'None'
[0.757s] Level 5:colcon.colcon_core.verb:set package 'nav2_common' build argument 'catkin_skip_building_tests' from command line to 'False'
[0.757s] DEBUG:colcon.colcon_core.verb:Building package 'nav2_common' with the following arguments: {'ament_cmake_args': None, 'build_base': '/home/brilliant/ros2_ws/build/nav2_common', 'catkin_cmake_args': None, 'catkin_skip_building_tests': False, 'cmake_args': None, 'cmake_clean_cache': False, 'cmake_clean_first': False, 'cmake_force_configure': False, 'cmake_target': None, 'cmake_target_skip_unavailable': False, 'install_base': '/home/brilliant/ros2_ws/install/nav2_common', 'merge_install': False, 'path': '/home/brilliant/ros2_ws/src/navigation2/nav2_common', 'symlink_install': True, 'test_result_base': None}
[0.757s] Level 5:colcon.colcon_core.verb:set package 'nav2_loopback_sim' build argument 'cmake_args' from command line to 'None'
[0.757s] Level 5:colcon.colcon_core.verb:set package 'nav2_loopback_sim' build argument 'cmake_target' from command line to 'None'
[0.757s] Level 5:colcon.colcon_core.verb:set package 'nav2_loopback_sim' build argument 'cmake_target_skip_unavailable' from command line to 'False'
[0.757s] Level 5:colcon.colcon_core.verb:set package 'nav2_loopback_sim' build argument 'cmake_clean_cache' from command line to 'False'
[0.757s] Level 5:colcon.colcon_core.verb:set package 'nav2_loopback_sim' build argument 'cmake_clean_first' from command line to 'False'
[0.758s] Level 5:colcon.colcon_core.verb:set package 'nav2_loopback_sim' build argument 'cmake_force_configure' from command line to 'False'
[0.758s] Level 5:colcon.colcon_core.verb:set package 'nav2_loopback_sim' build argument 'ament_cmake_args' from command line to 'None'
[0.758s] Level 5:colcon.colcon_core.verb:set package 'nav2_loopback_sim' build argument 'catkin_cmake_args' from command line to 'None'
[0.758s] Level 5:colcon.colcon_core.verb:set package 'nav2_loopback_sim' build argument 'catkin_skip_building_tests' from command line to 'False'
[0.758s] DEBUG:colcon.colcon_core.verb:Building package 'nav2_loopback_sim' with the following arguments: {'ament_cmake_args': None, 'build_base': '/home/brilliant/ros2_ws/build/nav2_loopback_sim', 'catkin_cmake_args': None, 'catkin_skip_building_tests': False, 'cmake_args': None, 'cmake_clean_cache': False, 'cmake_clean_first': False, 'cmake_force_configure': False, 'cmake_target': None, 'cmake_target_skip_unavailable': False, 'install_base': '/home/brilliant/ros2_ws/install/nav2_loopback_sim', 'merge_install': False, 'path': '/home/brilliant/ros2_ws/src/navigation2/nav2_loopback_sim', 'symlink_install': True, 'test_result_base': None}
[0.758s] Level 5:colcon.colcon_core.verb:set package 'nav_2d_msgs' build argument 'cmake_args' from command line to 'None'
[0.758s] Level 5:colcon.colcon_core.verb:set package 'nav_2d_msgs' build argument 'cmake_target' from command line to 'None'
[0.759s] Level 5:colcon.colcon_core.verb:set package 'nav_2d_msgs' build argument 'cmake_target_skip_unavailable' from command line to 'False'
[0.759s] Level 5:colcon.colcon_core.verb:set package 'nav_2d_msgs' build argument 'cmake_clean_cache' from command line to 'False'
[0.759s] Level 5:colcon.colcon_core.verb:set package 'nav_2d_msgs' build argument 'cmake_clean_first' from command line to 'False'
[0.759s] Level 5:colcon.colcon_core.verb:set package 'nav_2d_msgs' build argument 'cmake_force_configure' from command line to 'False'
[0.759s] Level 5:colcon.colcon_core.verb:set package 'nav_2d_msgs' build argument 'ament_cmake_args' from command line to 'None'
[0.759s] Level 5:colcon.colcon_core.verb:set package 'nav_2d_msgs' build argument 'catkin_cmake_args' from command line to 'None'
[0.759s] Level 5:colcon.colcon_core.verb:set package 'nav_2d_msgs' build argument 'catkin_skip_building_tests' from command line to 'False'
[0.759s] DEBUG:colcon.colcon_core.verb:Building package 'nav_2d_msgs' with the following arguments: {'ament_cmake_args': None, 'build_base': '/home/brilliant/ros2_ws/build/nav_2d_msgs', 'catkin_cmake_args': None, 'catkin_skip_building_tests': False, 'cmake_args': None, 'cmake_clean_cache': False, 'cmake_clean_first': False, 'cmake_force_configure': False, 'cmake_target': None, 'cmake_target_skip_unavailable': False, 'install_base': '/home/brilliant/ros2_ws/install/nav_2d_msgs', 'merge_install': False, 'path': '/home/brilliant/ros2_ws/src/navigation2/nav2_dwb_controller/nav_2d_msgs', 'symlink_install': True, 'test_result_base': None}
[0.760s] Level 5:colcon.colcon_core.verb:set package 'serial' build argument 'cmake_args' from command line to 'None'
[0.760s] Level 5:colcon.colcon_core.verb:set package 'serial' build argument 'cmake_target' from command line to 'None'
[0.760s] Level 5:colcon.colcon_core.verb:set package 'serial' build argument 'cmake_target_skip_unavailable' from command line to 'False'
[0.760s] Level 5:colcon.colcon_core.verb:set package 'serial' build argument 'cmake_clean_cache' from command line to 'False'
[0.760s] Level 5:colcon.colcon_core.verb:set package 'serial' build argument 'cmake_clean_first' from command line to 'False'
[0.760s] Level 5:colcon.colcon_core.verb:set package 'serial' build argument 'cmake_force_configure' from command line to 'False'
[0.760s] Level 5:colcon.colcon_core.verb:set package 'serial' build argument 'ament_cmake_args' from command line to 'None'
[0.760s] Level 5:colcon.colcon_core.verb:set package 'serial' build argument 'catkin_cmake_args' from command line to 'None'
[0.760s] Level 5:colcon.colcon_core.verb:set package 'serial' build argument 'catkin_skip_building_tests' from command line to 'False'
[0.760s] DEBUG:colcon.colcon_core.verb:Building package 'serial' with the following arguments: {'ament_cmake_args': None, 'build_base': '/home/brilliant/ros2_ws/build/serial', 'catkin_cmake_args': None, 'catkin_skip_building_tests': False, 'cmake_args': None, 'cmake_clean_cache': False, 'cmake_clean_first': False, 'cmake_force_configure': False, 'cmake_target': None, 'cmake_target_skip_unavailable': False, 'install_base': '/home/brilliant/ros2_ws/install/serial', 'merge_install': False, 'path': '/home/brilliant/ros2_ws/src/serial', 'symlink_install': True, 'test_result_base': None}
[0.761s] Level 5:colcon.colcon_core.verb:set package 'sllidar_ros2' build argument 'cmake_args' from command line to 'None'
[0.761s] Level 5:colcon.colcon_core.verb:set package 'sllidar_ros2' build argument 'cmake_target' from command line to 'None'
[0.761s] Level 5:colcon.colcon_core.verb:set package 'sllidar_ros2' build argument 'cmake_target_skip_unavailable' from command line to 'False'
[0.761s] Level 5:colcon.colcon_core.verb:set package 'sllidar_ros2' build argument 'cmake_clean_cache' from command line to 'False'
[0.761s] Level 5:colcon.colcon_core.verb:set package 'sllidar_ros2' build argument 'cmake_clean_first' from command line to 'False'
[0.761s] Level 5:colcon.colcon_core.verb:set package 'sllidar_ros2' build argument 'cmake_force_configure' from command line to 'False'
[0.761s] Level 5:colcon.colcon_core.verb:set package 'sllidar_ros2' build argument 'ament_cmake_args' from command line to 'None'
[0.761s] Level 5:colcon.colcon_core.verb:set package 'sllidar_ros2' build argument 'catkin_cmake_args' from command line to 'None'
[0.761s] Level 5:colcon.colcon_core.verb:set package 'sllidar_ros2' build argument 'catkin_skip_building_tests' from command line to 'False'
[0.761s] DEBUG:colcon.colcon_core.verb:Building package 'sllidar_ros2' with the following arguments: {'ament_cmake_args': None, 'build_base': '/home/brilliant/ros2_ws/build/sllidar_ros2', 'catkin_cmake_args': None, 'catkin_skip_building_tests': False, 'cmake_args': None, 'cmake_clean_cache': False, 'cmake_clean_first': False, 'cmake_force_configure': False, 'cmake_target': None, 'cmake_target_skip_unavailable': False, 'install_base': '/home/brilliant/ros2_ws/install/sllidar_ros2', 'merge_install': False, 'path': '/home/brilliant/ros2_ws/src/sllidar_ros2', 'symlink_install': True, 'test_result_base': None}
[0.762s] Level 5:colcon.colcon_core.verb:set package 'twist_stamper' build argument 'cmake_args' from command line to 'None'
[0.762s] Level 5:colcon.colcon_core.verb:set package 'twist_stamper' build argument 'cmake_target' from command line to 'None'
[0.762s] Level 5:colcon.colcon_core.verb:set package 'twist_stamper' build argument 'cmake_target_skip_unavailable' from command line to 'False'
[0.762s] Level 5:colcon.colcon_core.verb:set package 'twist_stamper' build argument 'cmake_clean_cache' from command line to 'False'
[0.762s] Level 5:colcon.colcon_core.verb:set package 'twist_stamper' build argument 'cmake_clean_first' from command line to 'False'
[0.762s] Level 5:colcon.colcon_core.verb:set package 'twist_stamper' build argument 'cmake_force_configure' from command line to 'False'
[0.762s] Level 5:colcon.colcon_core.verb:set package 'twist_stamper' build argument 'ament_cmake_args' from command line to 'None'
[0.762s] Level 5:colcon.colcon_core.verb:set package 'twist_stamper' build argument 'catkin_cmake_args' from command line to 'None'
[0.762s] Level 5:colcon.colcon_core.verb:set package 'twist_stamper' build argument 'catkin_skip_building_tests' from command line to 'False'
[0.763s] DEBUG:colcon.colcon_core.verb:Building package 'twist_stamper' with the following arguments: {'ament_cmake_args': None, 'build_base': '/home/brilliant/ros2_ws/build/twist_stamper', 'catkin_cmake_args': None, 'catkin_skip_building_tests': False, 'cmake_args': None, 'cmake_clean_cache': False, 'cmake_clean_first': False, 'cmake_force_configure': False, 'cmake_target': None, 'cmake_target_skip_unavailable': False, 'install_base': '/home/brilliant/ros2_ws/install/twist_stamper', 'merge_install': False, 'path': '/home/brilliant/ros2_ws/src/twist_stamper', 'symlink_install': True, 'test_result_base': None}
[0.763s] Level 5:colcon.colcon_core.verb:set package 'dwb_msgs' build argument 'cmake_args' from command line to 'None'
[0.763s] Level 5:colcon.colcon_core.verb:set package 'dwb_msgs' build argument 'cmake_target' from command line to 'None'
[0.763s] Level 5:colcon.colcon_core.verb:set package 'dwb_msgs' build argument 'cmake_target_skip_unavailable' from command line to 'False'
[0.763s] Level 5:colcon.colcon_core.verb:set package 'dwb_msgs' build argument 'cmake_clean_cache' from command line to 'False'
[0.763s] Level 5:colcon.colcon_core.verb:set package 'dwb_msgs' build argument 'cmake_clean_first' from command line to 'False'
[0.763s] Level 5:colcon.colcon_core.verb:set package 'dwb_msgs' build argument 'cmake_force_configure' from command line to 'False'
[0.763s] Level 5:colcon.colcon_core.verb:set package 'dwb_msgs' build argument 'ament_cmake_args' from command line to 'None'
[0.764s] Level 5:colcon.colcon_core.verb:set package 'dwb_msgs' build argument 'catkin_cmake_args' from command line to 'None'
[0.764s] Level 5:colcon.colcon_core.verb:set package 'dwb_msgs' build argument 'catkin_skip_building_tests' from command line to 'False'
[0.764s] DEBUG:colcon.colcon_core.verb:Building package 'dwb_msgs' with the following arguments: {'ament_cmake_args': None, 'build_base': '/home/brilliant/ros2_ws/build/dwb_msgs', 'catkin_cmake_args': None, 'catkin_skip_building_tests': False, 'cmake_args': None, 'cmake_clean_cache': False, 'cmake_clean_first': False, 'cmake_force_configure': False, 'cmake_target': None, 'cmake_target_skip_unavailable': False, 'install_base': '/home/brilliant/ros2_ws/install/dwb_msgs', 'merge_install': False, 'path': '/home/brilliant/ros2_ws/src/navigation2/nav2_dwb_controller/dwb_msgs', 'symlink_install': True, 'test_result_base': None}
[0.764s] Level 5:colcon.colcon_core.verb:set package 'nav2_msgs' build argument 'cmake_args' from command line to 'None'
[0.764s] Level 5:colcon.colcon_core.verb:set package 'nav2_msgs' build argument 'cmake_target' from command line to 'None'
[0.764s] Level 5:colcon.colcon_core.verb:set package 'nav2_msgs' build argument 'cmake_target_skip_unavailable' from command line to 'False'
[0.764s] Level 5:colcon.colcon_core.verb:set package 'nav2_msgs' build argument 'cmake_clean_cache' from command line to 'False'
[0.764s] Level 5:colcon.colcon_core.verb:set package 'nav2_msgs' build argument 'cmake_clean_first' from command line to 'False'
[0.764s] Level 5:colcon.colcon_core.verb:set package 'nav2_msgs' build argument 'cmake_force_configure' from command line to 'False'
[0.765s] Level 5:colcon.colcon_core.verb:set package 'nav2_msgs' build argument 'ament_cmake_args' from command line to 'None'
[0.765s] Level 5:colcon.colcon_core.verb:set package 'nav2_msgs' build argument 'catkin_cmake_args' from command line to 'None'
[0.765s] Level 5:colcon.colcon_core.verb:set package 'nav2_msgs' build argument 'catkin_skip_building_tests' from command line to 'False'
[0.765s] DEBUG:colcon.colcon_core.verb:Building package 'nav2_msgs' with the following arguments: {'ament_cmake_args': None, 'build_base': '/home/brilliant/ros2_ws/build/nav2_msgs', 'catkin_cmake_args': None, 'catkin_skip_building_tests': False, 'cmake_args': None, 'cmake_clean_cache': False, 'cmake_clean_first': False, 'cmake_force_configure': False, 'cmake_target': None, 'cmake_target_skip_unavailable': False, 'install_base': '/home/brilliant/ros2_ws/install/nav2_msgs', 'merge_install': False, 'path': '/home/brilliant/ros2_ws/src/navigation2/nav2_msgs', 'symlink_install': True, 'test_result_base': None}
[0.765s] Level 5:colcon.colcon_core.verb:set package 'nav2_voxel_grid' build argument 'cmake_args' from command line to 'None'
[0.765s] Level 5:colcon.colcon_core.verb:set package 'nav2_voxel_grid' build argument 'cmake_target' from command line to 'None'
[0.765s] Level 5:colcon.colcon_core.verb:set package 'nav2_voxel_grid' build argument 'cmake_target_skip_unavailable' from command line to 'False'
[0.765s] Level 5:colcon.colcon_core.verb:set package 'nav2_voxel_grid' build argument 'cmake_clean_cache' from command line to 'False'
[0.765s] Level 5:colcon.colcon_core.verb:set package 'nav2_voxel_grid' build argument 'cmake_clean_first' from command line to 'False'
[0.766s] Level 5:colcon.colcon_core.verb:set package 'nav2_voxel_grid' build argument 'cmake_force_configure' from command line to 'False'
[0.766s] Level 5:colcon.colcon_core.verb:set package 'nav2_voxel_grid' build argument 'ament_cmake_args' from command line to 'None'
[0.766s] Level 5:colcon.colcon_core.verb:set package 'nav2_voxel_grid' build argument 'catkin_cmake_args' from command line to 'None'
[0.766s] Level 5:colcon.colcon_core.verb:set package 'nav2_voxel_grid' build argument 'catkin_skip_building_tests' from command line to 'False'
[0.766s] DEBUG:colcon.colcon_core.verb:Building package 'nav2_voxel_grid' with the following arguments: {'ament_cmake_args': None, 'build_base': '/home/brilliant/ros2_ws/build/nav2_voxel_grid', 'catkin_cmake_args': None, 'catkin_skip_building_tests': False, 'cmake_args': None, 'cmake_clean_cache': False, 'cmake_clean_first': False, 'cmake_force_configure': False, 'cmake_target': None, 'cmake_target_skip_unavailable': False, 'install_base': '/home/brilliant/ros2_ws/install/nav2_voxel_grid', 'merge_install': False, 'path': '/home/brilliant/ros2_ws/src/navigation2/nav2_voxel_grid', 'symlink_install': True, 'test_result_base': None}
[0.766s] Level 5:colcon.colcon_core.verb:set package 'nav2_simple_commander' build argument 'cmake_args' from command line to 'None'
[0.766s] Level 5:colcon.colcon_core.verb:set package 'nav2_simple_commander' build argument 'cmake_target' from command line to 'None'
[0.767s] Level 5:colcon.colcon_core.verb:set package 'nav2_simple_commander' build argument 'cmake_target_skip_unavailable' from command line to 'False'
[0.767s] Level 5:colcon.colcon_core.verb:set package 'nav2_simple_commander' build argument 'cmake_clean_cache' from command line to 'False'
[0.767s] Level 5:colcon.colcon_core.verb:set package 'nav2_simple_commander' build argument 'cmake_clean_first' from command line to 'False'
[0.767s] Level 5:colcon.colcon_core.verb:set package 'nav2_simple_commander' build argument 'cmake_force_configure' from command line to 'False'
[0.767s] Level 5:colcon.colcon_core.verb:set package 'nav2_simple_commander' build argument 'ament_cmake_args' from command line to 'None'
[0.767s] Level 5:colcon.colcon_core.verb:set package 'nav2_simple_commander' build argument 'catkin_cmake_args' from command line to 'None'
[0.767s] Level 5:colcon.colcon_core.verb:set package 'nav2_simple_commander' build argument 'catkin_skip_building_tests' from command line to 'False'
[0.767s] DEBUG:colcon.colcon_core.verb:Building package 'nav2_simple_commander' with the following arguments: {'ament_cmake_args': None, 'build_base': '/home/brilliant/ros2_ws/build/nav2_simple_commander', 'catkin_cmake_args': None, 'catkin_skip_building_tests': False, 'cmake_args': None, 'cmake_clean_cache': False, 'cmake_clean_first': False, 'cmake_force_configure': False, 'cmake_target': None, 'cmake_target_skip_unavailable': False, 'install_base': '/home/brilliant/ros2_ws/install/nav2_simple_commander', 'merge_install': False, 'path': '/home/brilliant/ros2_ws/src/navigation2/nav2_simple_commander', 'symlink_install': True, 'test_result_base': None}
[0.768s] Level 5:colcon.colcon_core.verb:set package 'nav2_util' build argument 'cmake_args' from command line to 'None'
[0.768s] Level 5:colcon.colcon_core.verb:set package 'nav2_util' build argument 'cmake_target' from command line to 'None'
[0.768s] Level 5:colcon.colcon_core.verb:set package 'nav2_util' build argument 'cmake_target_skip_unavailable' from command line to 'False'
[0.768s] Level 5:colcon.colcon_core.verb:set package 'nav2_util' build argument 'cmake_clean_cache' from command line to 'False'
[0.768s] Level 5:colcon.colcon_core.verb:set package 'nav2_util' build argument 'cmake_clean_first' from command line to 'False'
[0.768s] Level 5:colcon.colcon_core.verb:set package 'nav2_util' build argument 'cmake_force_configure' from command line to 'False'
[0.768s] Level 5:colcon.colcon_core.verb:set package 'nav2_util' build argument 'ament_cmake_args' from command line to 'None'
[0.768s] Level 5:colcon.colcon_core.verb:set package 'nav2_util' build argument 'catkin_cmake_args' from command line to 'None'
[0.768s] Level 5:colcon.colcon_core.verb:set package 'nav2_util' build argument 'catkin_skip_building_tests' from command line to 'False'
[0.768s] DEBUG:colcon.colcon_core.verb:Building package 'nav2_util' with the following arguments: {'ament_cmake_args': None, 'build_base': '/home/brilliant/ros2_ws/build/nav2_util', 'catkin_cmake_args': None, 'catkin_skip_building_tests': False, 'cmake_args': None, 'cmake_clean_cache': False, 'cmake_clean_first': False, 'cmake_force_configure': False, 'cmake_target': None, 'cmake_target_skip_unavailable': False, 'install_base': '/home/brilliant/ros2_ws/install/nav2_util', 'merge_install': False, 'path': '/home/brilliant/ros2_ws/src/navigation2/nav2_util', 'symlink_install': True, 'test_result_base': None}
[0.769s] Level 5:colcon.colcon_core.verb:set package 'nav2_amcl' build argument 'cmake_args' from command line to 'None'
[0.769s] Level 5:colcon.colcon_core.verb:set package 'nav2_amcl' build argument 'cmake_target' from command line to 'None'
[0.769s] Level 5:colcon.colcon_core.verb:set package 'nav2_amcl' build argument 'cmake_target_skip_unavailable' from command line to 'False'
[0.769s] Level 5:colcon.colcon_core.verb:set package 'nav2_amcl' build argument 'cmake_clean_cache' from command line to 'False'
[0.769s] Level 5:colcon.colcon_core.verb:set package 'nav2_amcl' build argument 'cmake_clean_first' from command line to 'False'
[0.769s] Level 5:colcon.colcon_core.verb:set package 'nav2_amcl' build argument 'cmake_force_configure' from command line to 'False'
[0.769s] Level 5:colcon.colcon_core.verb:set package 'nav2_amcl' build argument 'ament_cmake_args' from command line to 'None'
[0.769s] Level 5:colcon.colcon_core.verb:set package 'nav2_amcl' build argument 'catkin_cmake_args' from command line to 'None'
[0.769s] Level 5:colcon.colcon_core.verb:set package 'nav2_amcl' build argument 'catkin_skip_building_tests' from command line to 'False'
[0.769s] DEBUG:colcon.colcon_core.verb:Building package 'nav2_amcl' with the following arguments: {'ament_cmake_args': None, 'build_base': '/home/brilliant/ros2_ws/build/nav2_amcl', 'catkin_cmake_args': None, 'catkin_skip_building_tests': False, 'cmake_args': None, 'cmake_clean_cache': False, 'cmake_clean_first': False, 'cmake_force_configure': False, 'cmake_target': None, 'cmake_target_skip_unavailable': False, 'install_base': '/home/brilliant/ros2_ws/install/nav2_amcl', 'merge_install': False, 'path': '/home/brilliant/ros2_ws/src/navigation2/nav2_amcl', 'symlink_install': True, 'test_result_base': None}
[0.770s] Level 5:colcon.colcon_core.verb:set package 'nav2_behavior_tree' build argument 'cmake_args' from command line to 'None'
[0.770s] Level 5:colcon.colcon_core.verb:set package 'nav2_behavior_tree' build argument 'cmake_target' from command line to 'None'
[0.770s] Level 5:colcon.colcon_core.verb:set package 'nav2_behavior_tree' build argument 'cmake_target_skip_unavailable' from command line to 'False'
[0.770s] Level 5:colcon.colcon_core.verb:set package 'nav2_behavior_tree' build argument 'cmake_clean_cache' from command line to 'False'
[0.770s] Level 5:colcon.colcon_core.verb:set package 'nav2_behavior_tree' build argument 'cmake_clean_first' from command line to 'False'
[0.770s] Level 5:colcon.colcon_core.verb:set package 'nav2_behavior_tree' build argument 'cmake_force_configure' from command line to 'False'
[0.770s] Level 5:colcon.colcon_core.verb:set package 'nav2_behavior_tree' build argument 'ament_cmake_args' from command line to 'None'
[0.770s] Level 5:colcon.colcon_core.verb:set package 'nav2_behavior_tree' build argument 'catkin_cmake_args' from command line to 'None'
[0.770s] Level 5:colcon.colcon_core.verb:set package 'nav2_behavior_tree' build argument 'catkin_skip_building_tests' from command line to 'False'
[0.770s] DEBUG:colcon.colcon_core.verb:Building package 'nav2_behavior_tree' with the following arguments: {'ament_cmake_args': None, 'build_base': '/home/brilliant/ros2_ws/build/nav2_behavior_tree', 'catkin_cmake_args': None, 'catkin_skip_building_tests': False, 'cmake_args': None, 'cmake_clean_cache': False, 'cmake_clean_first': False, 'cmake_force_configure': False, 'cmake_target': None, 'cmake_target_skip_unavailable': False, 'install_base': '/home/brilliant/ros2_ws/install/nav2_behavior_tree', 'merge_install': False, 'path': '/home/brilliant/ros2_ws/src/navigation2/nav2_behavior_tree', 'symlink_install': True, 'test_result_base': None}
[0.771s] Level 5:colcon.colcon_core.verb:set package 'nav2_lifecycle_manager' build argument 'cmake_args' from command line to 'None'
[0.771s] Level 5:colcon.colcon_core.verb:set package 'nav2_lifecycle_manager' build argument 'cmake_target' from command line to 'None'
[0.771s] Level 5:colcon.colcon_core.verb:set package 'nav2_lifecycle_manager' build argument 'cmake_target_skip_unavailable' from command line to 'False'
[0.771s] Level 5:colcon.colcon_core.verb:set package 'nav2_lifecycle_manager' build argument 'cmake_clean_cache' from command line to 'False'
[0.771s] Level 5:colcon.colcon_core.verb:set package 'nav2_lifecycle_manager' build argument 'cmake_clean_first' from command line to 'False'
[0.771s] Level 5:colcon.colcon_core.verb:set package 'nav2_lifecycle_manager' build argument 'cmake_force_configure' from command line to 'False'
[0.771s] Level 5:colcon.colcon_core.verb:set package 'nav2_lifecycle_manager' build argument 'ament_cmake_args' from command line to 'None'
[0.772s] Level 5:colcon.colcon_core.verb:set package 'nav2_lifecycle_manager' build argument 'catkin_cmake_args' from command line to 'None'
[0.772s] Level 5:colcon.colcon_core.verb:set package 'nav2_lifecycle_manager' build argument 'catkin_skip_building_tests' from command line to 'False'
[0.772s] DEBUG:colcon.colcon_core.verb:Building package 'nav2_lifecycle_manager' with the following arguments: {'ament_cmake_args': None, 'build_base': '/home/brilliant/ros2_ws/build/nav2_lifecycle_manager', 'catkin_cmake_args': None, 'catkin_skip_building_tests': False, 'cmake_args': None, 'cmake_clean_cache': False, 'cmake_clean_first': False, 'cmake_force_configure': False, 'cmake_target': None, 'cmake_target_skip_unavailable': False, 'install_base': '/home/brilliant/ros2_ws/install/nav2_lifecycle_manager', 'merge_install': False, 'path': '/home/brilliant/ros2_ws/src/navigation2/nav2_lifecycle_manager', 'symlink_install': True, 'test_result_base': None}
[0.772s] Level 5:colcon.colcon_core.verb:set package 'nav2_map_server' build argument 'cmake_args' from command line to 'None'
[0.772s] Level 5:colcon.colcon_core.verb:set package 'nav2_map_server' build argument 'cmake_target' from command line to 'None'
[0.772s] Level 5:colcon.colcon_core.verb:set package 'nav2_map_server' build argument 'cmake_target_skip_unavailable' from command line to 'False'
[0.772s] Level 5:colcon.colcon_core.verb:set package 'nav2_map_server' build argument 'cmake_clean_cache' from command line to 'False'
[0.772s] Level 5:colcon.colcon_core.verb:set package 'nav2_map_server' build argument 'cmake_clean_first' from command line to 'False'
[0.773s] Level 5:colcon.colcon_core.verb:set package 'nav2_map_server' build argument 'cmake_force_configure' from command line to 'False'
[0.773s] Level 5:colcon.colcon_core.verb:set package 'nav2_map_server' build argument 'ament_cmake_args' from command line to 'None'
[0.773s] Level 5:colcon.colcon_core.verb:set package 'nav2_map_server' build argument 'catkin_cmake_args' from command line to 'None'
[0.773s] Level 5:colcon.colcon_core.verb:set package 'nav2_map_server' build argument 'catkin_skip_building_tests' from command line to 'False'
[0.773s] DEBUG:colcon.colcon_core.verb:Building package 'nav2_map_server' with the following arguments: {'ament_cmake_args': None, 'build_base': '/home/brilliant/ros2_ws/build/nav2_map_server', 'catkin_cmake_args': None, 'catkin_skip_building_tests': False, 'cmake_args': None, 'cmake_clean_cache': False, 'cmake_clean_first': False, 'cmake_force_configure': False, 'cmake_target': None, 'cmake_target_skip_unavailable': False, 'install_base': '/home/brilliant/ros2_ws/install/nav2_map_server', 'merge_install': False, 'path': '/home/brilliant/ros2_ws/src/navigation2/nav2_map_server', 'symlink_install': True, 'test_result_base': None}
[0.773s] Level 5:colcon.colcon_core.verb:set package 'nav2_velocity_smoother' build argument 'cmake_args' from command line to 'None'
[0.773s] Level 5:colcon.colcon_core.verb:set package 'nav2_velocity_smoother' build argument 'cmake_target' from command line to 'None'
[0.773s] Level 5:colcon.colcon_core.verb:set package 'nav2_velocity_smoother' build argument 'cmake_target_skip_unavailable' from command line to 'False'
[0.774s] Level 5:colcon.colcon_core.verb:set package 'nav2_velocity_smoother' build argument 'cmake_clean_cache' from command line to 'False'
[0.774s] Level 5:colcon.colcon_core.verb:set package 'nav2_velocity_smoother' build argument 'cmake_clean_first' from command line to 'False'
[0.774s] Level 5:colcon.colcon_core.verb:set package 'nav2_velocity_smoother' build argument 'cmake_force_configure' from command line to 'False'
[0.774s] Level 5:colcon.colcon_core.verb:set package 'nav2_velocity_smoother' build argument 'ament_cmake_args' from command line to 'None'
[0.774s] Level 5:colcon.colcon_core.verb:set package 'nav2_velocity_smoother' build argument 'catkin_cmake_args' from command line to 'None'
[0.774s] Level 5:colcon.colcon_core.verb:set package 'nav2_velocity_smoother' build argument 'catkin_skip_building_tests' from command line to 'False'
[0.774s] DEBUG:colcon.colcon_core.verb:Building package 'nav2_velocity_smoother' with the following arguments: {'ament_cmake_args': None, 'build_base': '/home/brilliant/ros2_ws/build/nav2_velocity_smoother', 'catkin_cmake_args': None, 'catkin_skip_building_tests': False, 'cmake_args': None, 'cmake_clean_cache': False, 'cmake_clean_first': False, 'cmake_force_configure': False, 'cmake_target': None, 'cmake_target_skip_unavailable': False, 'install_base': '/home/brilliant/ros2_ws/install/nav2_velocity_smoother', 'merge_install': False, 'path': '/home/brilliant/ros2_ws/src/navigation2/nav2_velocity_smoother', 'symlink_install': True, 'test_result_base': None}
[0.774s] Level 5:colcon.colcon_core.verb:set package 'nav_2d_utils' build argument 'cmake_args' from command line to 'None'
[0.774s] Level 5:colcon.colcon_core.verb:set package 'nav_2d_utils' build argument 'cmake_target' from command line to 'None'
[0.775s] Level 5:colcon.colcon_core.verb:set package 'nav_2d_utils' build argument 'cmake_target_skip_unavailable' from command line to 'False'
[0.775s] Level 5:colcon.colcon_core.verb:set package 'nav_2d_utils' build argument 'cmake_clean_cache' from command line to 'False'
[0.775s] Level 5:colcon.colcon_core.verb:set package 'nav_2d_utils' build argument 'cmake_clean_first' from command line to 'False'
[0.775s] Level 5:colcon.colcon_core.verb:set package 'nav_2d_utils' build argument 'cmake_force_configure' from command line to 'False'
[0.775s] Level 5:colcon.colcon_core.verb:set package 'nav_2d_utils' build argument 'ament_cmake_args' from command line to 'None'
[0.775s] Level 5:colcon.colcon_core.verb:set package 'nav_2d_utils' build argument 'catkin_cmake_args' from command line to 'None'
[0.775s] Level 5:colcon.colcon_core.verb:set package 'nav_2d_utils' build argument 'catkin_skip_building_tests' from command line to 'False'
[0.775s] DEBUG:colcon.colcon_core.verb:Building package 'nav_2d_utils' with the following arguments: {'ament_cmake_args': None, 'build_base': '/home/brilliant/ros2_ws/build/nav_2d_utils', 'catkin_cmake_args': None, 'catkin_skip_building_tests': False, 'cmake_args': None, 'cmake_clean_cache': False, 'cmake_clean_first': False, 'cmake_force_configure': False, 'cmake_target': None, 'cmake_target_skip_unavailable': False, 'install_base': '/home/brilliant/ros2_ws/install/nav_2d_utils', 'merge_install': False, 'path': '/home/brilliant/ros2_ws/src/navigation2/nav2_dwb_controller/nav_2d_utils', 'symlink_install': True, 'test_result_base': None}
[0.776s] Level 5:colcon.colcon_core.verb:set package 'opennav_docking_core' build argument 'cmake_args' from command line to 'None'
[0.776s] Level 5:colcon.colcon_core.verb:set package 'opennav_docking_core' build argument 'cmake_target' from command line to 'None'
[0.776s] Level 5:colcon.colcon_core.verb:set package 'opennav_docking_core' build argument 'cmake_target_skip_unavailable' from command line to 'False'
[0.776s] Level 5:colcon.colcon_core.verb:set package 'opennav_docking_core' build argument 'cmake_clean_cache' from command line to 'False'
[0.776s] Level 5:colcon.colcon_core.verb:set package 'opennav_docking_core' build argument 'cmake_clean_first' from command line to 'False'
[0.776s] Level 5:colcon.colcon_core.verb:set package 'opennav_docking_core' build argument 'cmake_force_configure' from command line to 'False'
[0.776s] Level 5:colcon.colcon_core.verb:set package 'opennav_docking_core' build argument 'ament_cmake_args' from command line to 'None'
[0.776s] Level 5:colcon.colcon_core.verb:set package 'opennav_docking_core' build argument 'catkin_cmake_args' from command line to 'None'
[0.776s] Level 5:colcon.colcon_core.verb:set package 'opennav_docking_core' build argument 'catkin_skip_building_tests' from command line to 'False'
[0.776s] DEBUG:colcon.colcon_core.verb:Building package 'opennav_docking_core' with the following arguments: {'ament_cmake_args': None, 'build_base': '/home/brilliant/ros2_ws/build/opennav_docking_core', 'catkin_cmake_args': None, 'catkin_skip_building_tests': False, 'cmake_args': None, 'cmake_clean_cache': False, 'cmake_clean_first': False, 'cmake_force_configure': False, 'cmake_target': None, 'cmake_target_skip_unavailable': False, 'install_base': '/home/brilliant/ros2_ws/install/opennav_docking_core', 'merge_install': False, 'path': '/home/brilliant/ros2_ws/src/navigation2/nav2_docking/opennav_docking_core', 'symlink_install': True, 'test_result_base': None}
[0.777s] Level 5:colcon.colcon_core.verb:set package 'nav2_costmap_2d' build argument 'cmake_args' from command line to 'None'
[0.777s] Level 5:colcon.colcon_core.verb:set package 'nav2_costmap_2d' build argument 'cmake_target' from command line to 'None'
[0.777s] Level 5:colcon.colcon_core.verb:set package 'nav2_costmap_2d' build argument 'cmake_target_skip_unavailable' from command line to 'False'
[0.777s] Level 5:colcon.colcon_core.verb:set package 'nav2_costmap_2d' build argument 'cmake_clean_cache' from command line to 'False'
[0.777s] Level 5:colcon.colcon_core.verb:set package 'nav2_costmap_2d' build argument 'cmake_clean_first' from command line to 'False'
[0.777s] Level 5:colcon.colcon_core.verb:set package 'nav2_costmap_2d' build argument 'cmake_force_configure' from command line to 'False'
[0.777s] Level 5:colcon.colcon_core.verb:set package 'nav2_costmap_2d' build argument 'ament_cmake_args' from command line to 'None'
[0.777s] Level 5:colcon.colcon_core.verb:set package 'nav2_costmap_2d' build argument 'catkin_cmake_args' from command line to 'None'
[0.777s] Level 5:colcon.colcon_core.verb:set package 'nav2_costmap_2d' build argument 'catkin_skip_building_tests' from command line to 'False'
[0.777s] DEBUG:colcon.colcon_core.verb:Building package 'nav2_costmap_2d' with the following arguments: {'ament_cmake_args': None, 'build_base': '/home/brilliant/ros2_ws/build/nav2_costmap_2d', 'catkin_cmake_args': None, 'catkin_skip_building_tests': False, 'cmake_args': None, 'cmake_clean_cache': False, 'cmake_clean_first': False, 'cmake_force_configure': False, 'cmake_target': None, 'cmake_target_skip_unavailable': False, 'install_base': '/home/brilliant/ros2_ws/install/nav2_costmap_2d', 'merge_install': False, 'path': '/home/brilliant/ros2_ws/src/navigation2/nav2_costmap_2d', 'symlink_install': True, 'test_result_base': None}
[0.778s] Level 5:colcon.colcon_core.verb:set package 'nav2_rviz_plugins' build argument 'cmake_args' from command line to 'None'
[0.778s] Level 5:colcon.colcon_core.verb:set package 'nav2_rviz_plugins' build argument 'cmake_target' from command line to 'None'
[0.778s] Level 5:colcon.colcon_core.verb:set package 'nav2_rviz_plugins' build argument 'cmake_target_skip_unavailable' from command line to 'False'
[0.778s] Level 5:colcon.colcon_core.verb:set package 'nav2_rviz_plugins' build argument 'cmake_clean_cache' from command line to 'False'
[0.778s] Level 5:colcon.colcon_core.verb:set package 'nav2_rviz_plugins' build argument 'cmake_clean_first' from command line to 'False'
[0.778s] Level 5:colcon.colcon_core.verb:set package 'nav2_rviz_plugins' build argument 'cmake_force_configure' from command line to 'False'
[0.778s] Level 5:colcon.colcon_core.verb:set package 'nav2_rviz_plugins' build argument 'ament_cmake_args' from command line to 'None'
[0.778s] Level 5:colcon.colcon_core.verb:set package 'nav2_rviz_plugins' build argument 'catkin_cmake_args' from command line to 'None'
[0.778s] Level 5:colcon.colcon_core.verb:set package 'nav2_rviz_plugins' build argument 'catkin_skip_building_tests' from command line to 'False'
[0.778s] DEBUG:colcon.colcon_core.verb:Building package 'nav2_rviz_plugins' with the following arguments: {'ament_cmake_args': None, 'build_base': '/home/brilliant/ros2_ws/build/nav2_rviz_plugins', 'catkin_cmake_args': None, 'catkin_skip_building_tests': False, 'cmake_args': None, 'cmake_clean_cache': False, 'cmake_clean_first': False, 'cmake_force_configure': False, 'cmake_target': None, 'cmake_target_skip_unavailable': False, 'install_base': '/home/brilliant/ros2_ws/install/nav2_rviz_plugins', 'merge_install': False, 'path': '/home/brilliant/ros2_ws/src/navigation2/nav2_rviz_plugins', 'symlink_install': True, 'test_result_base': None}
[0.779s] Level 5:colcon.colcon_core.verb:set package 'costmap_queue' build argument 'cmake_args' from command line to 'None'
[0.779s] Level 5:colcon.colcon_core.verb:set package 'costmap_queue' build argument 'cmake_target' from command line to 'None'
[0.779s] Level 5:colcon.colcon_core.verb:set package 'costmap_queue' build argument 'cmake_target_skip_unavailable' from command line to 'False'
[0.779s] Level 5:colcon.colcon_core.verb:set package 'costmap_queue' build argument 'cmake_clean_cache' from command line to 'False'
[0.779s] Level 5:colcon.colcon_core.verb:set package 'costmap_queue' build argument 'cmake_clean_first' from command line to 'False'
[0.779s] Level 5:colcon.colcon_core.verb:set package 'costmap_queue' build argument 'cmake_force_configure' from command line to 'False'
[0.779s] Level 5:colcon.colcon_core.verb:set package 'costmap_queue' build argument 'ament_cmake_args' from command line to 'None'
[0.779s] Level 5:colcon.colcon_core.verb:set package 'costmap_queue' build argument 'catkin_cmake_args' from command line to 'None'
[0.779s] Level 5:colcon.colcon_core.verb:set package 'costmap_queue' build argument 'catkin_skip_building_tests' from command line to 'False'
[0.780s] DEBUG:colcon.colcon_core.verb:Building package 'costmap_queue' with the following arguments: {'ament_cmake_args': None, 'build_base': '/home/brilliant/ros2_ws/build/costmap_queue', 'catkin_cmake_args': None, 'catkin_skip_building_tests': False, 'cmake_args': None, 'cmake_clean_cache': False, 'cmake_clean_first': False, 'cmake_force_configure': False, 'cmake_target': None, 'cmake_target_skip_unavailable': False, 'install_base': '/home/brilliant/ros2_ws/install/costmap_queue', 'merge_install': False, 'path': '/home/brilliant/ros2_ws/src/navigation2/nav2_dwb_controller/costmap_queue', 'symlink_install': True, 'test_result_base': None}
[0.780s] Level 5:colcon.colcon_core.verb:set package 'nav2_collision_monitor' build argument 'cmake_args' from command line to 'None'
[0.780s] Level 5:colcon.colcon_core.verb:set package 'nav2_collision_monitor' build argument 'cmake_target' from command line to 'None'
[0.780s] Level 5:colcon.colcon_core.verb:set package 'nav2_collision_monitor' build argument 'cmake_target_skip_unavailable' from command line to 'False'
[0.780s] Level 5:colcon.colcon_core.verb:set package 'nav2_collision_monitor' build argument 'cmake_clean_cache' from command line to 'False'
[0.780s] Level 5:colcon.colcon_core.verb:set package 'nav2_collision_monitor' build argument 'cmake_clean_first' from command line to 'False'
[0.780s] Level 5:colcon.colcon_core.verb:set package 'nav2_collision_monitor' build argument 'cmake_force_configure' from command line to 'False'
[0.781s] Level 5:colcon.colcon_core.verb:set package 'nav2_collision_monitor' build argument 'ament_cmake_args' from command line to 'None'
[0.781s] Level 5:colcon.colcon_core.verb:set package 'nav2_collision_monitor' build argument 'catkin_cmake_args' from command line to 'None'
[0.781s] Level 5:colcon.colcon_core.verb:set package 'nav2_collision_monitor' build argument 'catkin_skip_building_tests' from command line to 'False'
[0.781s] DEBUG:colcon.colcon_core.verb:Building package 'nav2_collision_monitor' with the following arguments: {'ament_cmake_args': None, 'build_base': '/home/brilliant/ros2_ws/build/nav2_collision_monitor', 'catkin_cmake_args': None, 'catkin_skip_building_tests': False, 'cmake_args': None, 'cmake_clean_cache': False, 'cmake_clean_first': False, 'cmake_force_configure': False, 'cmake_target': None, 'cmake_target_skip_unavailable': False, 'install_base': '/home/brilliant/ros2_ws/install/nav2_collision_monitor', 'merge_install': False, 'path': '/home/brilliant/ros2_ws/src/navigation2/nav2_collision_monitor', 'symlink_install': True, 'test_result_base': None}
[0.781s] Level 5:colcon.colcon_core.verb:set package 'nav2_core' build argument 'cmake_args' from command line to 'None'
[0.781s] Level 5:colcon.colcon_core.verb:set package 'nav2_core' build argument 'cmake_target' from command line to 'None'
[0.781s] Level 5:colcon.colcon_core.verb:set package 'nav2_core' build argument 'cmake_target_skip_unavailable' from command line to 'False'
[0.781s] Level 5:colcon.colcon_core.verb:set package 'nav2_core' build argument 'cmake_clean_cache' from command line to 'False'
[0.782s] Level 5:colcon.colcon_core.verb:set package 'nav2_core' build argument 'cmake_clean_first' from command line to 'False'
[0.782s] Level 5:colcon.colcon_core.verb:set package 'nav2_core' build argument 'cmake_force_configure' from command line to 'False'
[0.782s] Level 5:colcon.colcon_core.verb:set package 'nav2_core' build argument 'ament_cmake_args' from command line to 'None'
[0.782s] Level 5:colcon.colcon_core.verb:set package 'nav2_core' build argument 'catkin_cmake_args' from command line to 'None'
[0.782s] Level 5:colcon.colcon_core.verb:set package 'nav2_core' build argument 'catkin_skip_building_tests' from command line to 'False'
[0.782s] DEBUG:colcon.colcon_core.verb:Building package 'nav2_core' with the following arguments: {'ament_cmake_args': None, 'build_base': '/home/brilliant/ros2_ws/build/nav2_core', 'catkin_cmake_args': None, 'catkin_skip_building_tests': False, 'cmake_args': None, 'cmake_clean_cache': False, 'cmake_clean_first': False, 'cmake_force_configure': False, 'cmake_target': None, 'cmake_target_skip_unavailable': False, 'install_base': '/home/brilliant/ros2_ws/install/nav2_core', 'merge_install': False, 'path': '/home/brilliant/ros2_ws/src/navigation2/nav2_core', 'symlink_install': True, 'test_result_base': None}
[0.782s] Level 5:colcon.colcon_core.verb:set package 'dwb_core' build argument 'cmake_args' from command line to 'None'
[0.782s] Level 5:colcon.colcon_core.verb:set package 'dwb_core' build argument 'cmake_target' from command line to 'None'
[0.783s] Level 5:colcon.colcon_core.verb:set package 'dwb_core' build argument 'cmake_target_skip_unavailable' from command line to 'False'
[0.783s] Level 5:colcon.colcon_core.verb:set package 'dwb_core' build argument 'cmake_clean_cache' from command line to 'False'
[0.783s] Level 5:colcon.colcon_core.verb:set package 'dwb_core' build argument 'cmake_clean_first' from command line to 'False'
[0.783s] Level 5:colcon.colcon_core.verb:set package 'dwb_core' build argument 'cmake_force_configure' from command line to 'False'
[0.783s] Level 5:colcon.colcon_core.verb:set package 'dwb_core' build argument 'ament_cmake_args' from command line to 'None'
[0.783s] Level 5:colcon.colcon_core.verb:set package 'dwb_core' build argument 'catkin_cmake_args' from command line to 'None'
[0.783s] Level 5:colcon.colcon_core.verb:set package 'dwb_core' build argument 'catkin_skip_building_tests' from command line to 'False'
[0.783s] DEBUG:colcon.colcon_core.verb:Building package 'dwb_core' with the following arguments: {'ament_cmake_args': None, 'build_base': '/home/brilliant/ros2_ws/build/dwb_core', 'catkin_cmake_args': None, 'catkin_skip_building_tests': False, 'cmake_args': None, 'cmake_clean_cache': False, 'cmake_clean_first': False, 'cmake_force_configure': False, 'cmake_target': None, 'cmake_target_skip_unavailable': False, 'install_base': '/home/brilliant/ros2_ws/install/dwb_core', 'merge_install': False, 'path': '/home/brilliant/ros2_ws/src/navigation2/nav2_dwb_controller/dwb_core', 'symlink_install': True, 'test_result_base': None}
[0.784s] Level 5:colcon.colcon_core.verb:set package 'nav2_behaviors' build argument 'cmake_args' from command line to 'None'
[0.784s] Level 5:colcon.colcon_core.verb:set package 'nav2_behaviors' build argument 'cmake_target' from command line to 'None'
[0.784s] Level 5:colcon.colcon_core.verb:set package 'nav2_behaviors' build argument 'cmake_target_skip_unavailable' from command line to 'False'
[0.784s] Level 5:colcon.colcon_core.verb:set package 'nav2_behaviors' build argument 'cmake_clean_cache' from command line to 'False'
[0.784s] Level 5:colcon.colcon_core.verb:set package 'nav2_behaviors' build argument 'cmake_clean_first' from command line to 'False'
[0.784s] Level 5:colcon.colcon_core.verb:set package 'nav2_behaviors' build argument 'cmake_force_configure' from command line to 'False'
[0.784s] Level 5:colcon.colcon_core.verb:set package 'nav2_behaviors' build argument 'ament_cmake_args' from command line to 'None'
[0.784s] Level 5:colcon.colcon_core.verb:set package 'nav2_behaviors' build argument 'catkin_cmake_args' from command line to 'None'
[0.784s] Level 5:colcon.colcon_core.verb:set package 'nav2_behaviors' build argument 'catkin_skip_building_tests' from command line to 'False'
[0.784s] DEBUG:colcon.colcon_core.verb:Building package 'nav2_behaviors' with the following arguments: {'ament_cmake_args': None, 'build_base': '/home/brilliant/ros2_ws/build/nav2_behaviors', 'catkin_cmake_args': None, 'catkin_skip_building_tests': False, 'cmake_args': None, 'cmake_clean_cache': False, 'cmake_clean_first': False, 'cmake_force_configure': False, 'cmake_target': None, 'cmake_target_skip_unavailable': False, 'install_base': '/home/brilliant/ros2_ws/install/nav2_behaviors', 'merge_install': False, 'path': '/home/brilliant/ros2_ws/src/navigation2/nav2_behaviors', 'symlink_install': True, 'test_result_base': None}
[0.785s] Level 5:colcon.colcon_core.verb:set package 'nav2_bt_navigator' build argument 'cmake_args' from command line to 'None'
[0.785s] Level 5:colcon.colcon_core.verb:set package 'nav2_bt_navigator' build argument 'cmake_target' from command line to 'None'
[0.785s] Level 5:colcon.colcon_core.verb:set package 'nav2_bt_navigator' build argument 'cmake_target_skip_unavailable' from command line to 'False'
[0.785s] Level 5:colcon.colcon_core.verb:set package 'nav2_bt_navigator' build argument 'cmake_clean_cache' from command line to 'False'
[0.785s] Level 5:colcon.colcon_core.verb:set package 'nav2_bt_navigator' build argument 'cmake_clean_first' from command line to 'False'
[0.785s] Level 5:colcon.colcon_core.verb:set package 'nav2_bt_navigator' build argument 'cmake_force_configure' from command line to 'False'
[0.785s] Level 5:colcon.colcon_core.verb:set package 'nav2_bt_navigator' build argument 'ament_cmake_args' from command line to 'None'
[0.785s] Level 5:colcon.colcon_core.verb:set package 'nav2_bt_navigator' build argument 'catkin_cmake_args' from command line to 'None'
[0.785s] Level 5:colcon.colcon_core.verb:set package 'nav2_bt_navigator' build argument 'catkin_skip_building_tests' from command line to 'False'
[0.785s] DEBUG:colcon.colcon_core.verb:Building package 'nav2_bt_navigator' with the following arguments: {'ament_cmake_args': None, 'build_base': '/home/brilliant/ros2_ws/build/nav2_bt_navigator', 'catkin_cmake_args': None, 'catkin_skip_building_tests': False, 'cmake_args': None, 'cmake_clean_cache': False, 'cmake_clean_first': False, 'cmake_force_configure': False, 'cmake_target': None, 'cmake_target_skip_unavailable': False, 'install_base': '/home/brilliant/ros2_ws/install/nav2_bt_navigator', 'merge_install': False, 'path': '/home/brilliant/ros2_ws/src/navigation2/nav2_bt_navigator', 'symlink_install': True, 'test_result_base': None}
[0.786s] Level 5:colcon.colcon_core.verb:set package 'nav2_constrained_smoother' build argument 'cmake_args' from command line to 'None'
[0.786s] Level 5:colcon.colcon_core.verb:set package 'nav2_constrained_smoother' build argument 'cmake_target' from command line to 'None'
[0.786s] Level 5:colcon.colcon_core.verb:set package 'nav2_constrained_smoother' build argument 'cmake_target_skip_unavailable' from command line to 'False'
[0.786s] Level 5:colcon.colcon_core.verb:set package 'nav2_constrained_smoother' build argument 'cmake_clean_cache' from command line to 'False'
[0.786s] Level 5:colcon.colcon_core.verb:set package 'nav2_constrained_smoother' build argument 'cmake_clean_first' from command line to 'False'
[0.787s] Level 5:colcon.colcon_core.verb:set package 'nav2_constrained_smoother' build argument 'cmake_force_configure' from command line to 'False'
[0.787s] Level 5:colcon.colcon_core.verb:set package 'nav2_constrained_smoother' build argument 'ament_cmake_args' from command line to 'None'
[0.787s] Level 5:colcon.colcon_core.verb:set package 'nav2_constrained_smoother' build argument 'catkin_cmake_args' from command line to 'None'
[0.787s] Level 5:colcon.colcon_core.verb:set package 'nav2_constrained_smoother' build argument 'catkin_skip_building_tests' from command line to 'False'
[0.787s] DEBUG:colcon.colcon_core.verb:Building package 'nav2_constrained_smoother' with the following arguments: {'ament_cmake_args': None, 'build_base': '/home/brilliant/ros2_ws/build/nav2_constrained_smoother', 'catkin_cmake_args': None, 'catkin_skip_building_tests': False, 'cmake_args': None, 'cmake_clean_cache': False, 'cmake_clean_first': False, 'cmake_force_configure': False, 'cmake_target': None, 'cmake_target_skip_unavailable': False, 'install_base': '/home/brilliant/ros2_ws/install/nav2_constrained_smoother', 'merge_install': False, 'path': '/home/brilliant/ros2_ws/src/navigation2/nav2_constrained_smoother', 'symlink_install': True, 'test_result_base': None}
[0.788s] Level 5:colcon.colcon_core.verb:set package 'nav2_controller' build argument 'cmake_args' from command line to 'None'
[0.788s] Level 5:colcon.colcon_core.verb:set package 'nav2_controller' build argument 'cmake_target' from command line to 'None'
[0.788s] Level 5:colcon.colcon_core.verb:set package 'nav2_controller' build argument 'cmake_target_skip_unavailable' from command line to 'False'
[0.788s] Level 5:colcon.colcon_core.verb:set package 'nav2_controller' build argument 'cmake_clean_cache' from command line to 'False'
[0.788s] Level 5:colcon.colcon_core.verb:set package 'nav2_controller' build argument 'cmake_clean_first' from command line to 'False'
[0.788s] Level 5:colcon.colcon_core.verb:set package 'nav2_controller' build argument 'cmake_force_configure' from command line to 'False'
[0.788s] Level 5:colcon.colcon_core.verb:set package 'nav2_controller' build argument 'ament_cmake_args' from command line to 'None'
[0.788s] Level 5:colcon.colcon_core.verb:set package 'nav2_controller' build argument 'catkin_cmake_args' from command line to 'None'
[0.788s] Level 5:colcon.colcon_core.verb:set package 'nav2_controller' build argument 'catkin_skip_building_tests' from command line to 'False'
[0.788s] DEBUG:colcon.colcon_core.verb:Building package 'nav2_controller' with the following arguments: {'ament_cmake_args': None, 'build_base': '/home/brilliant/ros2_ws/build/nav2_controller', 'catkin_cmake_args': None, 'catkin_skip_building_tests': False, 'cmake_args': None, 'cmake_clean_cache': False, 'cmake_clean_first': False, 'cmake_force_configure': False, 'cmake_target': None, 'cmake_target_skip_unavailable': False, 'install_base': '/home/brilliant/ros2_ws/install/nav2_controller', 'merge_install': False, 'path': '/home/brilliant/ros2_ws/src/navigation2/nav2_controller', 'symlink_install': True, 'test_result_base': None}
[0.789s] Level 5:colcon.colcon_core.verb:set package 'nav2_mppi_controller' build argument 'cmake_args' from command line to 'None'
[0.789s] Level 5:colcon.colcon_core.verb:set package 'nav2_mppi_controller' build argument 'cmake_target' from command line to 'None'
[0.789s] Level 5:colcon.colcon_core.verb:set package 'nav2_mppi_controller' build argument 'cmake_target_skip_unavailable' from command line to 'False'
[0.789s] Level 5:colcon.colcon_core.verb:set package 'nav2_mppi_controller' build argument 'cmake_clean_cache' from command line to 'False'
[0.789s] Level 5:colcon.colcon_core.verb:set package 'nav2_mppi_controller' build argument 'cmake_clean_first' from command line to 'False'
[0.789s] Level 5:colcon.colcon_core.verb:set package 'nav2_mppi_controller' build argument 'cmake_force_configure' from command line to 'False'
[0.789s] Level 5:colcon.colcon_core.verb:set package 'nav2_mppi_controller' build argument 'ament_cmake_args' from command line to 'None'
[0.789s] Level 5:colcon.colcon_core.verb:set package 'nav2_mppi_controller' build argument 'catkin_cmake_args' from command line to 'None'
[0.790s] Level 5:colcon.colcon_core.verb:set package 'nav2_mppi_controller' build argument 'catkin_skip_building_tests' from command line to 'False'
[0.790s] DEBUG:colcon.colcon_core.verb:Building package 'nav2_mppi_controller' with the following arguments: {'ament_cmake_args': None, 'build_base': '/home/brilliant/ros2_ws/build/nav2_mppi_controller', 'catkin_cmake_args': None, 'catkin_skip_building_tests': False, 'cmake_args': None, 'cmake_clean_cache': False, 'cmake_clean_first': False, 'cmake_force_configure': False, 'cmake_target': None, 'cmake_target_skip_unavailable': False, 'install_base': '/home/brilliant/ros2_ws/install/nav2_mppi_controller', 'merge_install': False, 'path': '/home/brilliant/ros2_ws/src/navigation2/nav2_mppi_controller', 'symlink_install': True, 'test_result_base': None}
[0.790s] Level 5:colcon.colcon_core.verb:set package 'nav2_navfn_planner' build argument 'cmake_args' from command line to 'None'
[0.790s] Level 5:colcon.colcon_core.verb:set package 'nav2_navfn_planner' build argument 'cmake_target' from command line to 'None'
[0.791s] Level 5:colcon.colcon_core.verb:set package 'nav2_navfn_planner' build argument 'cmake_target_skip_unavailable' from command line to 'False'
[0.791s] Level 5:colcon.colcon_core.verb:set package 'nav2_navfn_planner' build argument 'cmake_clean_cache' from command line to 'False'
[0.791s] Level 5:colcon.colcon_core.verb:set package 'nav2_navfn_planner' build argument 'cmake_clean_first' from command line to 'False'
[0.791s] Level 5:colcon.colcon_core.verb:set package 'nav2_navfn_planner' build argument 'cmake_force_configure' from command line to 'False'
[0.791s] Level 5:colcon.colcon_core.verb:set package 'nav2_navfn_planner' build argument 'ament_cmake_args' from command line to 'None'
[0.791s] Level 5:colcon.colcon_core.verb:set package 'nav2_navfn_planner' build argument 'catkin_cmake_args' from command line to 'None'
[0.791s] Level 5:colcon.colcon_core.verb:set package 'nav2_navfn_planner' build argument 'catkin_skip_building_tests' from command line to 'False'
[0.791s] DEBUG:colcon.colcon_core.verb:Building package 'nav2_navfn_planner' with the following arguments: {'ament_cmake_args': None, 'build_base': '/home/brilliant/ros2_ws/build/nav2_navfn_planner', 'catkin_cmake_args': None, 'catkin_skip_building_tests': False, 'cmake_args': None, 'cmake_clean_cache': False, 'cmake_clean_first': False, 'cmake_force_configure': False, 'cmake_target': None, 'cmake_target_skip_unavailable': False, 'install_base': '/home/brilliant/ros2_ws/install/nav2_navfn_planner', 'merge_install': False, 'path': '/home/brilliant/ros2_ws/src/navigation2/nav2_navfn_planner', 'symlink_install': True, 'test_result_base': None}
[0.791s] Level 5:colcon.colcon_core.verb:set package 'nav2_planner' build argument 'cmake_args' from command line to 'None'
[0.792s] Level 5:colcon.colcon_core.verb:set package 'nav2_planner' build argument 'cmake_target' from command line to 'None'
[0.792s] Level 5:colcon.colcon_core.verb:set package 'nav2_planner' build argument 'cmake_target_skip_unavailable' from command line to 'False'
[0.792s] Level 5:colcon.colcon_core.verb:set package 'nav2_planner' build argument 'cmake_clean_cache' from command line to 'False'
[0.792s] Level 5:colcon.colcon_core.verb:set package 'nav2_planner' build argument 'cmake_clean_first' from command line to 'False'
[0.792s] Level 5:colcon.colcon_core.verb:set package 'nav2_planner' build argument 'cmake_force_configure' from command line to 'False'
[0.792s] Level 5:colcon.colcon_core.verb:set package 'nav2_planner' build argument 'ament_cmake_args' from command line to 'None'
[0.792s] Level 5:colcon.colcon_core.verb:set package 'nav2_planner' build argument 'catkin_cmake_args' from command line to 'None'
[0.792s] Level 5:colcon.colcon_core.verb:set package 'nav2_planner' build argument 'catkin_skip_building_tests' from command line to 'False'
[0.792s] DEBUG:colcon.colcon_core.verb:Building package 'nav2_planner' with the following arguments: {'ament_cmake_args': None, 'build_base': '/home/brilliant/ros2_ws/build/nav2_planner', 'catkin_cmake_args': None, 'catkin_skip_building_tests': False, 'cmake_args': None, 'cmake_clean_cache': False, 'cmake_clean_first': False, 'cmake_force_configure': False, 'cmake_target': None, 'cmake_target_skip_unavailable': False, 'install_base': '/home/brilliant/ros2_ws/install/nav2_planner', 'merge_install': False, 'path': '/home/brilliant/ros2_ws/src/navigation2/nav2_planner', 'symlink_install': True, 'test_result_base': None}
[0.793s] Level 5:colcon.colcon_core.verb:set package 'nav2_regulated_pure_pursuit_controller' build argument 'cmake_args' from command line to 'None'
[0.793s] Level 5:colcon.colcon_core.verb:set package 'nav2_regulated_pure_pursuit_controller' build argument 'cmake_target' from command line to 'None'
[0.793s] Level 5:colcon.colcon_core.verb:set package 'nav2_regulated_pure_pursuit_controller' build argument 'cmake_target_skip_unavailable' from command line to 'False'
[0.793s] Level 5:colcon.colcon_core.verb:set package 'nav2_regulated_pure_pursuit_controller' build argument 'cmake_clean_cache' from command line to 'False'
[0.793s] Level 5:colcon.colcon_core.verb:set package 'nav2_regulated_pure_pursuit_controller' build argument 'cmake_clean_first' from command line to 'False'
[0.793s] Level 5:colcon.colcon_core.verb:set package 'nav2_regulated_pure_pursuit_controller' build argument 'cmake_force_configure' from command line to 'False'
[0.793s] Level 5:colcon.colcon_core.verb:set package 'nav2_regulated_pure_pursuit_controller' build argument 'ament_cmake_args' from command line to 'None'
[0.793s] Level 5:colcon.colcon_core.verb:set package 'nav2_regulated_pure_pursuit_controller' build argument 'catkin_cmake_args' from command line to 'None'
[0.793s] Level 5:colcon.colcon_core.verb:set package 'nav2_regulated_pure_pursuit_controller' build argument 'catkin_skip_building_tests' from command line to 'False'
[0.793s] DEBUG:colcon.colcon_core.verb:Building package 'nav2_regulated_pure_pursuit_controller' with the following arguments: {'ament_cmake_args': None, 'build_base': '/home/brilliant/ros2_ws/build/nav2_regulated_pure_pursuit_controller', 'catkin_cmake_args': None, 'catkin_skip_building_tests': False, 'cmake_args': None, 'cmake_clean_cache': False, 'cmake_clean_first': False, 'cmake_force_configure': False, 'cmake_target': None, 'cmake_target_skip_unavailable': False, 'install_base': '/home/brilliant/ros2_ws/install/nav2_regulated_pure_pursuit_controller', 'merge_install': False, 'path': '/home/brilliant/ros2_ws/src/navigation2/nav2_regulated_pure_pursuit_controller', 'symlink_install': True, 'test_result_base': None}
[0.794s] Level 5:colcon.colcon_core.verb:set package 'nav2_smac_planner' build argument 'cmake_args' from command line to 'None'
[0.794s] Level 5:colcon.colcon_core.verb:set package 'nav2_smac_planner' build argument 'cmake_target' from command line to 'None'
[0.794s] Level 5:colcon.colcon_core.verb:set package 'nav2_smac_planner' build argument 'cmake_target_skip_unavailable' from command line to 'False'
[0.794s] Level 5:colcon.colcon_core.verb:set package 'nav2_smac_planner' build argument 'cmake_clean_cache' from command line to 'False'
[0.794s] Level 5:colcon.colcon_core.verb:set package 'nav2_smac_planner' build argument 'cmake_clean_first' from command line to 'False'
[0.794s] Level 5:colcon.colcon_core.verb:set package 'nav2_smac_planner' build argument 'cmake_force_configure' from command line to 'False'
[0.794s] Level 5:colcon.colcon_core.verb:set package 'nav2_smac_planner' build argument 'ament_cmake_args' from command line to 'None'
[0.794s] Level 5:colcon.colcon_core.verb:set package 'nav2_smac_planner' build argument 'catkin_cmake_args' from command line to 'None'
[0.794s] Level 5:colcon.colcon_core.verb:set package 'nav2_smac_planner' build argument 'catkin_skip_building_tests' from command line to 'False'
[0.794s] DEBUG:colcon.colcon_core.verb:Building package 'nav2_smac_planner' with the following arguments: {'ament_cmake_args': None, 'build_base': '/home/brilliant/ros2_ws/build/nav2_smac_planner', 'catkin_cmake_args': None, 'catkin_skip_building_tests': False, 'cmake_args': None, 'cmake_clean_cache': False, 'cmake_clean_first': False, 'cmake_force_configure': False, 'cmake_target': None, 'cmake_target_skip_unavailable': False, 'install_base': '/home/brilliant/ros2_ws/install/nav2_smac_planner', 'merge_install': False, 'path': '/home/brilliant/ros2_ws/src/navigation2/nav2_smac_planner', 'symlink_install': True, 'test_result_base': None}
[0.795s] Level 5:colcon.colcon_core.verb:set package 'nav2_smoother' build argument 'cmake_args' from command line to 'None'
[0.795s] Level 5:colcon.colcon_core.verb:set package 'nav2_smoother' build argument 'cmake_target' from command line to 'None'
[0.795s] Level 5:colcon.colcon_core.verb:set package 'nav2_smoother' build argument 'cmake_target_skip_unavailable' from command line to 'False'
[0.795s] Level 5:colcon.colcon_core.verb:set package 'nav2_smoother' build argument 'cmake_clean_cache' from command line to 'False'
[0.795s] Level 5:colcon.colcon_core.verb:set package 'nav2_smoother' build argument 'cmake_clean_first' from command line to 'False'
[0.795s] Level 5:colcon.colcon_core.verb:set package 'nav2_smoother' build argument 'cmake_force_configure' from command line to 'False'
[0.795s] Level 5:colcon.colcon_core.verb:set package 'nav2_smoother' build argument 'ament_cmake_args' from command line to 'None'
[0.795s] Level 5:colcon.colcon_core.verb:set package 'nav2_smoother' build argument 'catkin_cmake_args' from command line to 'None'
[0.795s] Level 5:colcon.colcon_core.verb:set package 'nav2_smoother' build argument 'catkin_skip_building_tests' from command line to 'False'
[0.795s] DEBUG:colcon.colcon_core.verb:Building package 'nav2_smoother' with the following arguments: {'ament_cmake_args': None, 'build_base': '/home/brilliant/ros2_ws/build/nav2_smoother', 'catkin_cmake_args': None, 'catkin_skip_building_tests': False, 'cmake_args': None, 'cmake_clean_cache': False, 'cmake_clean_first': False, 'cmake_force_configure': False, 'cmake_target': None, 'cmake_target_skip_unavailable': False, 'install_base': '/home/brilliant/ros2_ws/install/nav2_smoother', 'merge_install': False, 'path': '/home/brilliant/ros2_ws/src/navigation2/nav2_smoother', 'symlink_install': True, 'test_result_base': None}
[0.796s] Level 5:colcon.colcon_core.verb:set package 'nav2_theta_star_planner' build argument 'cmake_args' from command line to 'None'
[0.796s] Level 5:colcon.colcon_core.verb:set package 'nav2_theta_star_planner' build argument 'cmake_target' from command line to 'None'
[0.796s] Level 5:colcon.colcon_core.verb:set package 'nav2_theta_star_planner' build argument 'cmake_target_skip_unavailable' from command line to 'False'
[0.796s] Level 5:colcon.colcon_core.verb:set package 'nav2_theta_star_planner' build argument 'cmake_clean_cache' from command line to 'False'
[0.796s] Level 5:colcon.colcon_core.verb:set package 'nav2_theta_star_planner' build argument 'cmake_clean_first' from command line to 'False'
[0.796s] Level 5:colcon.colcon_core.verb:set package 'nav2_theta_star_planner' build argument 'cmake_force_configure' from command line to 'False'
[0.796s] Level 5:colcon.colcon_core.verb:set package 'nav2_theta_star_planner' build argument 'ament_cmake_args' from command line to 'None'
[0.796s] Level 5:colcon.colcon_core.verb:set package 'nav2_theta_star_planner' build argument 'catkin_cmake_args' from command line to 'None'
[0.797s] Level 5:colcon.colcon_core.verb:set package 'nav2_theta_star_planner' build argument 'catkin_skip_building_tests' from command line to 'False'
[0.797s] DEBUG:colcon.colcon_core.verb:Building package 'nav2_theta_star_planner' with the following arguments: {'ament_cmake_args': None, 'build_base': '/home/brilliant/ros2_ws/build/nav2_theta_star_planner', 'catkin_cmake_args': None, 'catkin_skip_building_tests': False, 'cmake_args': None, 'cmake_clean_cache': False, 'cmake_clean_first': False, 'cmake_force_configure': False, 'cmake_target': None, 'cmake_target_skip_unavailable': False, 'install_base': '/home/brilliant/ros2_ws/install/nav2_theta_star_planner', 'merge_install': False, 'path': '/home/brilliant/ros2_ws/src/navigation2/nav2_theta_star_planner', 'symlink_install': True, 'test_result_base': None}
[0.797s] Level 5:colcon.colcon_core.verb:set package 'nav2_waypoint_follower' build argument 'cmake_args' from command line to 'None'
[0.797s] Level 5:colcon.colcon_core.verb:set package 'nav2_waypoint_follower' build argument 'cmake_target' from command line to 'None'
[0.797s] Level 5:colcon.colcon_core.verb:set package 'nav2_waypoint_follower' build argument 'cmake_target_skip_unavailable' from command line to 'False'
[0.797s] Level 5:colcon.colcon_core.verb:set package 'nav2_waypoint_follower' build argument 'cmake_clean_cache' from command line to 'False'
[0.797s] Level 5:colcon.colcon_core.verb:set package 'nav2_waypoint_follower' build argument 'cmake_clean_first' from command line to 'False'
[0.797s] Level 5:colcon.colcon_core.verb:set package 'nav2_waypoint_follower' build argument 'cmake_force_configure' from command line to 'False'
[0.798s] Level 5:colcon.colcon_core.verb:set package 'nav2_waypoint_follower' build argument 'ament_cmake_args' from command line to 'None'
[0.798s] Level 5:colcon.colcon_core.verb:set package 'nav2_waypoint_follower' build argument 'catkin_cmake_args' from command line to 'None'
[0.798s] Level 5:colcon.colcon_core.verb:set package 'nav2_waypoint_follower' build argument 'catkin_skip_building_tests' from command line to 'False'
[0.798s] DEBUG:colcon.colcon_core.verb:Building package 'nav2_waypoint_follower' with the following arguments: {'ament_cmake_args': None, 'build_base': '/home/brilliant/ros2_ws/build/nav2_waypoint_follower', 'catkin_cmake_args': None, 'catkin_skip_building_tests': False, 'cmake_args': None, 'cmake_clean_cache': False, 'cmake_clean_first': False, 'cmake_force_configure': False, 'cmake_target': None, 'cmake_target_skip_unavailable': False, 'install_base': '/home/brilliant/ros2_ws/install/nav2_waypoint_follower', 'merge_install': False, 'path': '/home/brilliant/ros2_ws/src/navigation2/nav2_waypoint_follower', 'symlink_install': True, 'test_result_base': None}
[0.798s] Level 5:colcon.colcon_core.verb:set package 'opennav_docking_bt' build argument 'cmake_args' from command line to 'None'
[0.798s] Level 5:colcon.colcon_core.verb:set package 'opennav_docking_bt' build argument 'cmake_target' from command line to 'None'
[0.798s] Level 5:colcon.colcon_core.verb:set package 'opennav_docking_bt' build argument 'cmake_target_skip_unavailable' from command line to 'False'
[0.798s] Level 5:colcon.colcon_core.verb:set package 'opennav_docking_bt' build argument 'cmake_clean_cache' from command line to 'False'
[0.798s] Level 5:colcon.colcon_core.verb:set package 'opennav_docking_bt' build argument 'cmake_clean_first' from command line to 'False'
[0.799s] Level 5:colcon.colcon_core.verb:set package 'opennav_docking_bt' build argument 'cmake_force_configure' from command line to 'False'
[0.799s] Level 5:colcon.colcon_core.verb:set package 'opennav_docking_bt' build argument 'ament_cmake_args' from command line to 'None'
[0.799s] Level 5:colcon.colcon_core.verb:set package 'opennav_docking_bt' build argument 'catkin_cmake_args' from command line to 'None'
[0.799s] Level 5:colcon.colcon_core.verb:set package 'opennav_docking_bt' build argument 'catkin_skip_building_tests' from command line to 'False'
[0.799s] DEBUG:colcon.colcon_core.verb:Building package 'opennav_docking_bt' with the following arguments: {'ament_cmake_args': None, 'build_base': '/home/brilliant/ros2_ws/build/opennav_docking_bt', 'catkin_cmake_args': None, 'catkin_skip_building_tests': False, 'cmake_args': None, 'cmake_clean_cache': False, 'cmake_clean_first': False, 'cmake_force_configure': False, 'cmake_target': None, 'cmake_target_skip_unavailable': False, 'install_base': '/home/brilliant/ros2_ws/install/opennav_docking_bt', 'merge_install': False, 'path': '/home/brilliant/ros2_ws/src/navigation2/nav2_docking/opennav_docking_bt', 'symlink_install': True, 'test_result_base': None}
[0.799s] Level 5:colcon.colcon_core.verb:set package 'dwb_critics' build argument 'cmake_args' from command line to 'None'
[0.799s] Level 5:colcon.colcon_core.verb:set package 'dwb_critics' build argument 'cmake_target' from command line to 'None'
[0.800s] Level 5:colcon.colcon_core.verb:set package 'dwb_critics' build argument 'cmake_target_skip_unavailable' from command line to 'False'
[0.800s] Level 5:colcon.colcon_core.verb:set package 'dwb_critics' build argument 'cmake_clean_cache' from command line to 'False'
[0.800s] Level 5:colcon.colcon_core.verb:set package 'dwb_critics' build argument 'cmake_clean_first' from command line to 'False'
[0.800s] Level 5:colcon.colcon_core.verb:set package 'dwb_critics' build argument 'cmake_force_configure' from command line to 'False'
[0.800s] Level 5:colcon.colcon_core.verb:set package 'dwb_critics' build argument 'ament_cmake_args' from command line to 'None'
[0.800s] Level 5:colcon.colcon_core.verb:set package 'dwb_critics' build argument 'catkin_cmake_args' from command line to 'None'
[0.800s] Level 5:colcon.colcon_core.verb:set package 'dwb_critics' build argument 'catkin_skip_building_tests' from command line to 'False'
[0.800s] DEBUG:colcon.colcon_core.verb:Building package 'dwb_critics' with the following arguments: {'ament_cmake_args': None, 'build_base': '/home/brilliant/ros2_ws/build/dwb_critics', 'catkin_cmake_args': None, 'catkin_skip_building_tests': False, 'cmake_args': None, 'cmake_clean_cache': False, 'cmake_clean_first': False, 'cmake_force_configure': False, 'cmake_target': None, 'cmake_target_skip_unavailable': False, 'install_base': '/home/brilliant/ros2_ws/install/dwb_critics', 'merge_install': False, 'path': '/home/brilliant/ros2_ws/src/navigation2/nav2_dwb_controller/dwb_critics', 'symlink_install': True, 'test_result_base': None}
[0.800s] Level 5:colcon.colcon_core.verb:set package 'dwb_plugins' build argument 'cmake_args' from command line to 'None'
[0.801s] Level 5:colcon.colcon_core.verb:set package 'dwb_plugins' build argument 'cmake_target' from command line to 'None'
[0.801s] Level 5:colcon.colcon_core.verb:set package 'dwb_plugins' build argument 'cmake_target_skip_unavailable' from command line to 'False'
[0.801s] Level 5:colcon.colcon_core.verb:set package 'dwb_plugins' build argument 'cmake_clean_cache' from command line to 'False'
[0.801s] Level 5:colcon.colcon_core.verb:set package 'dwb_plugins' build argument 'cmake_clean_first' from command line to 'False'
[0.801s] Level 5:colcon.colcon_core.verb:set package 'dwb_plugins' build argument 'cmake_force_configure' from command line to 'False'
[0.801s] Level 5:colcon.colcon_core.verb:set package 'dwb_plugins' build argument 'ament_cmake_args' from command line to 'None'
[0.801s] Level 5:colcon.colcon_core.verb:set package 'dwb_plugins' build argument 'catkin_cmake_args' from command line to 'None'
[0.801s] Level 5:colcon.colcon_core.verb:set package 'dwb_plugins' build argument 'catkin_skip_building_tests' from command line to 'False'
[0.801s] DEBUG:colcon.colcon_core.verb:Building package 'dwb_plugins' with the following arguments: {'ament_cmake_args': None, 'build_base': '/home/brilliant/ros2_ws/build/dwb_plugins', 'catkin_cmake_args': None, 'catkin_skip_building_tests': False, 'cmake_args': None, 'cmake_clean_cache': False, 'cmake_clean_first': False, 'cmake_force_configure': False, 'cmake_target': None, 'cmake_target_skip_unavailable': False, 'install_base': '/home/brilliant/ros2_ws/install/dwb_plugins', 'merge_install': False, 'path': '/home/brilliant/ros2_ws/src/navigation2/nav2_dwb_controller/dwb_plugins', 'symlink_install': True, 'test_result_base': None}
[0.802s] Level 5:colcon.colcon_core.verb:set package 'nav2_graceful_controller' build argument 'cmake_args' from command line to 'None'
[0.802s] Level 5:colcon.colcon_core.verb:set package 'nav2_graceful_controller' build argument 'cmake_target' from command line to 'None'
[0.802s] Level 5:colcon.colcon_core.verb:set package 'nav2_graceful_controller' build argument 'cmake_target_skip_unavailable' from command line to 'False'
[0.802s] Level 5:colcon.colcon_core.verb:set package 'nav2_graceful_controller' build argument 'cmake_clean_cache' from command line to 'False'
[0.802s] Level 5:colcon.colcon_core.verb:set package 'nav2_graceful_controller' build argument 'cmake_clean_first' from command line to 'False'
[0.802s] Level 5:colcon.colcon_core.verb:set package 'nav2_graceful_controller' build argument 'cmake_force_configure' from command line to 'False'
[0.802s] Level 5:colcon.colcon_core.verb:set package 'nav2_graceful_controller' build argument 'ament_cmake_args' from command line to 'None'
[0.802s] Level 5:colcon.colcon_core.verb:set package 'nav2_graceful_controller' build argument 'catkin_cmake_args' from command line to 'None'
[0.802s] Level 5:colcon.colcon_core.verb:set package 'nav2_graceful_controller' build argument 'catkin_skip_building_tests' from command line to 'False'
[0.802s] DEBUG:colcon.colcon_core.verb:Building package 'nav2_graceful_controller' with the following arguments: {'ament_cmake_args': None, 'build_base': '/home/brilliant/ros2_ws/build/nav2_graceful_controller', 'catkin_cmake_args': None, 'catkin_skip_building_tests': False, 'cmake_args': None, 'cmake_clean_cache': False, 'cmake_clean_first': False, 'cmake_force_configure': False, 'cmake_target': None, 'cmake_target_skip_unavailable': False, 'install_base': '/home/brilliant/ros2_ws/install/nav2_graceful_controller', 'merge_install': False, 'path': '/home/brilliant/ros2_ws/src/navigation2/nav2_graceful_controller', 'symlink_install': True, 'test_result_base': None}
[0.803s] Level 5:colcon.colcon_core.verb:set package 'nav2_rotation_shim_controller' build argument 'cmake_args' from command line to 'None'
[0.803s] Level 5:colcon.colcon_core.verb:set package 'nav2_rotation_shim_controller' build argument 'cmake_target' from command line to 'None'
[0.803s] Level 5:colcon.colcon_core.verb:set package 'nav2_rotation_shim_controller' build argument 'cmake_target_skip_unavailable' from command line to 'False'
[0.803s] Level 5:colcon.colcon_core.verb:set package 'nav2_rotation_shim_controller' build argument 'cmake_clean_cache' from command line to 'False'
[0.803s] Level 5:colcon.colcon_core.verb:set package 'nav2_rotation_shim_controller' build argument 'cmake_clean_first' from command line to 'False'
[0.803s] Level 5:colcon.colcon_core.verb:set package 'nav2_rotation_shim_controller' build argument 'cmake_force_configure' from command line to 'False'
[0.803s] Level 5:colcon.colcon_core.verb:set package 'nav2_rotation_shim_controller' build argument 'ament_cmake_args' from command line to 'None'
[0.803s] Level 5:colcon.colcon_core.verb:set package 'nav2_rotation_shim_controller' build argument 'catkin_cmake_args' from command line to 'None'
[0.803s] Level 5:colcon.colcon_core.verb:set package 'nav2_rotation_shim_controller' build argument 'catkin_skip_building_tests' from command line to 'False'
[0.803s] DEBUG:colcon.colcon_core.verb:Building package 'nav2_rotation_shim_controller' with the following arguments: {'ament_cmake_args': None, 'build_base': '/home/brilliant/ros2_ws/build/nav2_rotation_shim_controller', 'catkin_cmake_args': None, 'catkin_skip_building_tests': False, 'cmake_args': None, 'cmake_clean_cache': False, 'cmake_clean_first': False, 'cmake_force_configure': False, 'cmake_target': None, 'cmake_target_skip_unavailable': False, 'install_base': '/home/brilliant/ros2_ws/install/nav2_rotation_shim_controller', 'merge_install': False, 'path': '/home/brilliant/ros2_ws/src/navigation2/nav2_rotation_shim_controller', 'symlink_install': True, 'test_result_base': None}
[0.804s] Level 5:colcon.colcon_core.verb:set package 'nav2_dwb_controller' build argument 'cmake_args' from command line to 'None'
[0.804s] Level 5:colcon.colcon_core.verb:set package 'nav2_dwb_controller' build argument 'cmake_target' from command line to 'None'
[0.804s] Level 5:colcon.colcon_core.verb:set package 'nav2_dwb_controller' build argument 'cmake_target_skip_unavailable' from command line to 'False'
[0.804s] Level 5:colcon.colcon_core.verb:set package 'nav2_dwb_controller' build argument 'cmake_clean_cache' from command line to 'False'
[0.804s] Level 5:colcon.colcon_core.verb:set package 'nav2_dwb_controller' build argument 'cmake_clean_first' from command line to 'False'
[0.804s] Level 5:colcon.colcon_core.verb:set package 'nav2_dwb_controller' build argument 'cmake_force_configure' from command line to 'False'
[0.804s] Level 5:colcon.colcon_core.verb:set package 'nav2_dwb_controller' build argument 'ament_cmake_args' from command line to 'None'
[0.804s] Level 5:colcon.colcon_core.verb:set package 'nav2_dwb_controller' build argument 'catkin_cmake_args' from command line to 'None'
[0.804s] Level 5:colcon.colcon_core.verb:set package 'nav2_dwb_controller' build argument 'catkin_skip_building_tests' from command line to 'False'
[0.804s] DEBUG:colcon.colcon_core.verb:Building package 'nav2_dwb_controller' with the following arguments: {'ament_cmake_args': None, 'build_base': '/home/brilliant/ros2_ws/build/nav2_dwb_controller', 'catkin_cmake_args': None, 'catkin_skip_building_tests': False, 'cmake_args': None, 'cmake_clean_cache': False, 'cmake_clean_first': False, 'cmake_force_configure': False, 'cmake_target': None, 'cmake_target_skip_unavailable': False, 'install_base': '/home/brilliant/ros2_ws/install/nav2_dwb_controller', 'merge_install': False, 'path': '/home/brilliant/ros2_ws/src/navigation2/nav2_dwb_controller/nav2_dwb_controller', 'symlink_install': True, 'test_result_base': None}
[0.805s] Level 5:colcon.colcon_core.verb:set package 'opennav_docking' build argument 'cmake_args' from command line to 'None'
[0.805s] Level 5:colcon.colcon_core.verb:set package 'opennav_docking' build argument 'cmake_target' from command line to 'None'
[0.805s] Level 5:colcon.colcon_core.verb:set package 'opennav_docking' build argument 'cmake_target_skip_unavailable' from command line to 'False'
[0.805s] Level 5:colcon.colcon_core.verb:set package 'opennav_docking' build argument 'cmake_clean_cache' from command line to 'False'
[0.805s] Level 5:colcon.colcon_core.verb:set package 'opennav_docking' build argument 'cmake_clean_first' from command line to 'False'
[0.805s] Level 5:colcon.colcon_core.verb:set package 'opennav_docking' build argument 'cmake_force_configure' from command line to 'False'
[0.805s] Level 5:colcon.colcon_core.verb:set package 'opennav_docking' build argument 'ament_cmake_args' from command line to 'None'
[0.805s] Level 5:colcon.colcon_core.verb:set package 'opennav_docking' build argument 'catkin_cmake_args' from command line to 'None'
[0.806s] Level 5:colcon.colcon_core.verb:set package 'opennav_docking' build argument 'catkin_skip_building_tests' from command line to 'False'
[0.806s] DEBUG:colcon.colcon_core.verb:Building package 'opennav_docking' with the following arguments: {'ament_cmake_args': None, 'build_base': '/home/brilliant/ros2_ws/build/opennav_docking', 'catkin_cmake_args': None, 'catkin_skip_building_tests': False, 'cmake_args': None, 'cmake_clean_cache': False, 'cmake_clean_first': False, 'cmake_force_configure': False, 'cmake_target': None, 'cmake_target_skip_unavailable': False, 'install_base': '/home/brilliant/ros2_ws/install/opennav_docking', 'merge_install': False, 'path': '/home/brilliant/ros2_ws/src/navigation2/nav2_docking/opennav_docking', 'symlink_install': True, 'test_result_base': None}
[0.806s] Level 5:colcon.colcon_core.verb:set package 'navigation2' build argument 'cmake_args' from command line to 'None'
[0.806s] Level 5:colcon.colcon_core.verb:set package 'navigation2' build argument 'cmake_target' from command line to 'None'
[0.806s] Level 5:colcon.colcon_core.verb:set package 'navigation2' build argument 'cmake_target_skip_unavailable' from command line to 'False'
[0.806s] Level 5:colcon.colcon_core.verb:set package 'navigation2' build argument 'cmake_clean_cache' from command line to 'False'
[0.807s] Level 5:colcon.colcon_core.verb:set package 'navigation2' build argument 'cmake_clean_first' from command line to 'False'
[0.807s] Level 5:colcon.colcon_core.verb:set package 'navigation2' build argument 'cmake_force_configure' from command line to 'False'
[0.807s] Level 5:colcon.colcon_core.verb:set package 'navigation2' build argument 'ament_cmake_args' from command line to 'None'
[0.807s] Level 5:colcon.colcon_core.verb:set package 'navigation2' build argument 'catkin_cmake_args' from command line to 'None'
[0.807s] Level 5:colcon.colcon_core.verb:set package 'navigation2' build argument 'catkin_skip_building_tests' from command line to 'False'
[0.807s] DEBUG:colcon.colcon_core.verb:Building package 'navigation2' with the following arguments: {'ament_cmake_args': None, 'build_base': '/home/brilliant/ros2_ws/build/navigation2', 'catkin_cmake_args': None, 'catkin_skip_building_tests': False, 'cmake_args': None, 'cmake_clean_cache': False, 'cmake_clean_first': False, 'cmake_force_configure': False, 'cmake_target': None, 'cmake_target_skip_unavailable': False, 'install_base': '/home/brilliant/ros2_ws/install/navigation2', 'merge_install': False, 'path': '/home/brilliant/ros2_ws/src/navigation2/navigation2', 'symlink_install': True, 'test_result_base': None}
[0.807s] Level 5:colcon.colcon_core.verb:set package 'nav2_bringup' build argument 'cmake_args' from command line to 'None'
[0.808s] Level 5:colcon.colcon_core.verb:set package 'nav2_bringup' build argument 'cmake_target' from command line to 'None'
[0.808s] Level 5:colcon.colcon_core.verb:set package 'nav2_bringup' build argument 'cmake_target_skip_unavailable' from command line to 'False'
[0.808s] Level 5:colcon.colcon_core.verb:set package 'nav2_bringup' build argument 'cmake_clean_cache' from command line to 'False'
[0.808s] Level 5:colcon.colcon_core.verb:set package 'nav2_bringup' build argument 'cmake_clean_first' from command line to 'False'
[0.808s] Level 5:colcon.colcon_core.verb:set package 'nav2_bringup' build argument 'cmake_force_configure' from command line to 'False'
[0.808s] Level 5:colcon.colcon_core.verb:set package 'nav2_bringup' build argument 'ament_cmake_args' from command line to 'None'
[0.808s] Level 5:colcon.colcon_core.verb:set package 'nav2_bringup' build argument 'catkin_cmake_args' from command line to 'None'
[0.808s] Level 5:colcon.colcon_core.verb:set package 'nav2_bringup' build argument 'catkin_skip_building_tests' from command line to 'False'
[0.808s] DEBUG:colcon.colcon_core.verb:Building package 'nav2_bringup' with the following arguments: {'ament_cmake_args': None, 'build_base': '/home/brilliant/ros2_ws/build/nav2_bringup', 'catkin_cmake_args': None, 'catkin_skip_building_tests': False, 'cmake_args': None, 'cmake_clean_cache': False, 'cmake_clean_first': False, 'cmake_force_configure': False, 'cmake_target': None, 'cmake_target_skip_unavailable': False, 'install_base': '/home/brilliant/ros2_ws/install/nav2_bringup', 'merge_install': False, 'path': '/home/brilliant/ros2_ws/src/navigation2/nav2_bringup', 'symlink_install': True, 'test_result_base': None}
[0.809s] Level 5:colcon.colcon_core.verb:set package 'nav2_system_tests' build argument 'cmake_args' from command line to 'None'
[0.809s] Level 5:colcon.colcon_core.verb:set package 'nav2_system_tests' build argument 'cmake_target' from command line to 'None'
[0.809s] Level 5:colcon.colcon_core.verb:set package 'nav2_system_tests' build argument 'cmake_target_skip_unavailable' from command line to 'False'
[0.809s] Level 5:colcon.colcon_core.verb:set package 'nav2_system_tests' build argument 'cmake_clean_cache' from command line to 'False'
[0.809s] Level 5:colcon.colcon_core.verb:set package 'nav2_system_tests' build argument 'cmake_clean_first' from command line to 'False'
[0.809s] Level 5:colcon.colcon_core.verb:set package 'nav2_system_tests' build argument 'cmake_force_configure' from command line to 'False'
[0.809s] Level 5:colcon.colcon_core.verb:set package 'nav2_system_tests' build argument 'ament_cmake_args' from command line to 'None'
[0.809s] Level 5:colcon.colcon_core.verb:set package 'nav2_system_tests' build argument 'catkin_cmake_args' from command line to 'None'
[0.809s] Level 5:colcon.colcon_core.verb:set package 'nav2_system_tests' build argument 'catkin_skip_building_tests' from command line to 'False'
[0.809s] DEBUG:colcon.colcon_core.verb:Building package 'nav2_system_tests' with the following arguments: {'ament_cmake_args': None, 'build_base': '/home/brilliant/ros2_ws/build/nav2_system_tests', 'catkin_cmake_args': None, 'catkin_skip_building_tests': False, 'cmake_args': None, 'cmake_clean_cache': False, 'cmake_clean_first': False, 'cmake_force_configure': False, 'cmake_target': None, 'cmake_target_skip_unavailable': False, 'install_base': '/home/brilliant/ros2_ws/install/nav2_system_tests', 'merge_install': False, 'path': '/home/brilliant/ros2_ws/src/navigation2/nav2_system_tests', 'symlink_install': True, 'test_result_base': None}
[0.810s] INFO:colcon.colcon_core.executor:Executing jobs using 'parallel' executor
[0.811s] DEBUG:colcon.colcon_parallel_executor.executor.parallel:run_until_complete
[0.816s] INFO:colcon.colcon_ros.task.ament_cmake.build:Building ROS package in '/home/brilliant/ros2_ws/src/navigation2/nav2_common' with build type 'ament_cmake'
[0.816s] INFO:colcon.colcon_cmake.task.cmake.build:Building CMake package in '/home/brilliant/ros2_ws/src/navigation2/nav2_common'
[0.823s] INFO:colcon.colcon_core.plugin_system:Skipping extension 'colcon_core.shell.bat': Not used on non-Windows systems
[0.823s] INFO:colcon.colcon_core.shell:Skip shell extension 'powershell' for command environment: Not usable outside of PowerShell
[0.823s] DEBUG:colcon.colcon_core.shell:Skip shell extension 'dsv' for command environment
[0.832s] INFO:colcon.colcon_ros.task.ament_cmake.build:Building ROS package in '/home/brilliant/ros2_ws/src/navigation2/nav2_dwb_controller/nav_2d_msgs' with build type 'ament_cmake'
[0.832s] INFO:colcon.colcon_cmake.task.cmake.build:Building CMake package in '/home/brilliant/ros2_ws/src/navigation2/nav2_dwb_controller/nav_2d_msgs'
[0.832s] INFO:colcon.colcon_core.shell:Skip shell extension 'powershell' for command environment: Not usable outside of PowerShell
[0.833s] DEBUG:colcon.colcon_core.shell:Skip shell extension 'dsv' for command environment
[0.845s] INFO:colcon.colcon_ros.task.ament_cmake.build:Building ROS package in '/home/brilliant/ros2_ws/src/diffdrive_arduino' with build type 'ament_cmake'
[0.846s] INFO:colcon.colcon_cmake.task.cmake.build:Building CMake package in '/home/brilliant/ros2_ws/src/diffdrive_arduino'
[0.846s] INFO:colcon.colcon_core.shell:Skip shell extension 'powershell' for command environment: Not usable outside of PowerShell
[0.846s] DEBUG:colcon.colcon_core.shell:Skip shell extension 'dsv' for command environment
[0.860s] INFO:colcon.colcon_ros.task.ament_cmake.build:Building ROS package in '/home/brilliant/ros2_ws/src/minibot' with build type 'ament_cmake'
[0.861s] INFO:colcon.colcon_cmake.task.cmake.build:Building CMake package in '/home/brilliant/ros2_ws/src/minibot'
[0.861s] INFO:colcon.colcon_core.shell:Skip shell extension 'powershell' for command environment: Not usable outside of PowerShell
[0.862s] DEBUG:colcon.colcon_core.shell:Skip shell extension 'dsv' for command environment
[0.885s] DEBUG:colcon.colcon_core.event_handler.log_command:Invoking command in '/home/brilliant/ros2_ws/build/nav2_common': CMAKE_PREFIX_PATH=${CMAKE_PREFIX_PATH}:/home/brilliant/ros2_ws/install/twist_stamper:/opt/ros/jazzy DEBUGINFOD_URLS=https://debuginfod.ubuntu.com /usr/bin/cmake /home/brilliant/ros2_ws/src/navigation2/nav2_common -DAMENT_CMAKE_SYMLINK_INSTALL=1 -DCMAKE_INSTALL_PREFIX=/home/brilliant/ros2_ws/install/nav2_common
[0.890s] DEBUG:colcon.colcon_core.event_handler.log_command:Invoking command in '/home/brilliant/ros2_ws/build/nav_2d_msgs': CMAKE_PREFIX_PATH=${CMAKE_PREFIX_PATH}:/home/brilliant/ros2_ws/install/twist_stamper:/opt/ros/jazzy DEBUGINFOD_URLS=https://debuginfod.ubuntu.com /usr/bin/cmake /home/brilliant/ros2_ws/src/navigation2/nav2_dwb_controller/nav_2d_msgs -DAMENT_CMAKE_SYMLINK_INSTALL=1 -DCMAKE_INSTALL_PREFIX=/home/brilliant/ros2_ws/install/nav_2d_msgs
[0.897s] DEBUG:colcon.colcon_core.event_handler.log_command:Invoking command in '/home/brilliant/ros2_ws/build/diffdrive_arduino': CMAKE_PREFIX_PATH=${CMAKE_PREFIX_PATH}:/home/brilliant/ros2_ws/install/twist_stamper:/opt/ros/jazzy DEBUGINFOD_URLS=https://debuginfod.ubuntu.com /usr/bin/cmake --build /home/brilliant/ros2_ws/build/diffdrive_arduino -- -j4 -l4
[0.925s] DEBUG:colcon.colcon_core.event_handler.log_command:Invoking command in '/home/brilliant/ros2_ws/build/minibot': CMAKE_PREFIX_PATH=${CMAKE_PREFIX_PATH}:/home/brilliant/ros2_ws/install/twist_stamper:/opt/ros/jazzy DEBUGINFOD_URLS=https://debuginfod.ubuntu.com /usr/bin/cmake --build /home/brilliant/ros2_ws/build/minibot -- -j4 -l4
[1.173s] DEBUG:colcon.colcon_core.event_handler.log_command:Invoked command in '/home/brilliant/ros2_ws/build/diffdrive_arduino' returned '0': CMAKE_PREFIX_PATH=${CMAKE_PREFIX_PATH}:/home/brilliant/ros2_ws/install/twist_stamper:/opt/ros/jazzy DEBUGINFOD_URLS=https://debuginfod.ubuntu.com /usr/bin/cmake --build /home/brilliant/ros2_ws/build/diffdrive_arduino -- -j4 -l4
[1.226s] DEBUG:colcon.colcon_core.event_handler.log_command:Invoking command in '/home/brilliant/ros2_ws/build/diffdrive_arduino': CMAKE_PREFIX_PATH=${CMAKE_PREFIX_PATH}:/home/brilliant/ros2_ws/install/twist_stamper:/opt/ros/jazzy DEBUGINFOD_URLS=https://debuginfod.ubuntu.com /usr/bin/cmake --install /home/brilliant/ros2_ws/build/diffdrive_arduino
[1.227s] DEBUG:colcon.colcon_core.event_handler.log_command:Invoked command in '/home/brilliant/ros2_ws/build/minibot' returned '0': CMAKE_PREFIX_PATH=${CMAKE_PREFIX_PATH}:/home/brilliant/ros2_ws/install/twist_stamper:/opt/ros/jazzy DEBUGINFOD_URLS=https://debuginfod.ubuntu.com /usr/bin/cmake --build /home/brilliant/ros2_ws/build/minibot -- -j4 -l4
[1.231s] DEBUG:colcon.colcon_core.event_handler.log_command:Invoking command in '/home/brilliant/ros2_ws/build/minibot': CMAKE_PREFIX_PATH=${CMAKE_PREFIX_PATH}:/home/brilliant/ros2_ws/install/twist_stamper:/opt/ros/jazzy DEBUGINFOD_URLS=https://debuginfod.ubuntu.com /usr/bin/cmake --install /home/brilliant/ros2_ws/build/minibot
[1.301s] Level 1:colcon.colcon_core.environment:create_environment_scripts_only(diffdrive_arduino)
[1.313s] Level 1:colcon.colcon_core.environment:checking '/home/brilliant/ros2_ws/install/diffdrive_arduino' for CMake module files
[1.314s] Level 1:colcon.colcon_core.environment:checking '/home/brilliant/ros2_ws/install/diffdrive_arduino' for CMake config files
[1.326s] Level 1:colcon.colcon_core.shell:create_environment_hook('diffdrive_arduino', 'cmake_prefix_path')
[1.326s] INFO:colcon.colcon_core.shell:Creating environment hook '/home/brilliant/ros2_ws/install/diffdrive_arduino/share/diffdrive_arduino/hook/cmake_prefix_path.ps1'
[1.328s] INFO:colcon.colcon_core.shell:Creating environment descriptor '/home/brilliant/ros2_ws/install/diffdrive_arduino/share/diffdrive_arduino/hook/cmake_prefix_path.dsv'
[1.334s] INFO:colcon.colcon_core.shell:Creating environment hook '/home/brilliant/ros2_ws/install/diffdrive_arduino/share/diffdrive_arduino/hook/cmake_prefix_path.sh'
[1.337s] Level 1:colcon.colcon_core.environment:checking '/home/brilliant/ros2_ws/install/diffdrive_arduino/lib'
[1.338s] Level 1:colcon.colcon_core.shell:create_environment_hook('diffdrive_arduino', 'ld_library_path_lib')
[1.338s] INFO:colcon.colcon_core.shell:Creating environment hook '/home/brilliant/ros2_ws/install/diffdrive_arduino/share/diffdrive_arduino/hook/ld_library_path_lib.ps1'
[1.348s] INFO:colcon.colcon_core.shell:Creating environment descriptor '/home/brilliant/ros2_ws/install/diffdrive_arduino/share/diffdrive_arduino/hook/ld_library_path_lib.dsv'
[1.349s] INFO:colcon.colcon_core.shell:Creating environment hook '/home/brilliant/ros2_ws/install/diffdrive_arduino/share/diffdrive_arduino/hook/ld_library_path_lib.sh'
[1.347s] DEBUG:colcon.colcon_core.event_handler.log_command:Invoked command in '/home/brilliant/ros2_ws/build/diffdrive_arduino' returned '0': CMAKE_PREFIX_PATH=${CMAKE_PREFIX_PATH}:/home/brilliant/ros2_ws/install/twist_stamper:/opt/ros/jazzy DEBUGINFOD_URLS=https://debuginfod.ubuntu.com /usr/bin/cmake --install /home/brilliant/ros2_ws/build/diffdrive_arduino
[1.364s] Level 1:colcon.colcon_core.environment:checking '/home/brilliant/ros2_ws/install/diffdrive_arduino/bin'
[1.364s] Level 1:colcon.colcon_core.environment:checking '/home/brilliant/ros2_ws/install/diffdrive_arduino/lib/pkgconfig/diffdrive_arduino.pc'
[1.364s] Level 1:colcon.colcon_core.environment:checking '/home/brilliant/ros2_ws/install/diffdrive_arduino/lib/python3.12/site-packages'
[1.365s] Level 1:colcon.colcon_core.environment:checking '/home/brilliant/ros2_ws/install/diffdrive_arduino/bin'
[1.365s] INFO:colcon.colcon_core.shell:Creating package script '/home/brilliant/ros2_ws/install/diffdrive_arduino/share/diffdrive_arduino/package.ps1'
[1.370s] INFO:colcon.colcon_core.shell:Creating package descriptor '/home/brilliant/ros2_ws/install/diffdrive_arduino/share/diffdrive_arduino/package.dsv'
[1.371s] INFO:colcon.colcon_core.shell:Creating package script '/home/brilliant/ros2_ws/install/diffdrive_arduino/share/diffdrive_arduino/package.sh'
[1.375s] INFO:colcon.colcon_core.shell:Creating package script '/home/brilliant/ros2_ws/install/diffdrive_arduino/share/diffdrive_arduino/package.bash'
[1.376s] INFO:colcon.colcon_core.shell:Creating package script '/home/brilliant/ros2_ws/install/diffdrive_arduino/share/diffdrive_arduino/package.zsh'
[1.381s] Level 1:colcon.colcon_core.environment:create_file_with_runtime_dependencies(/home/brilliant/ros2_ws/install/diffdrive_arduino/share/colcon-core/packages/diffdrive_arduino)
[1.383s] Level 1:colcon.colcon_core.environment:create_environment_scripts_only(diffdrive_arduino)
[1.383s] Level 1:colcon.colcon_core.environment:checking '/home/brilliant/ros2_ws/install/diffdrive_arduino' for CMake module files
[1.385s] Level 1:colcon.colcon_core.environment:checking '/home/brilliant/ros2_ws/install/diffdrive_arduino' for CMake config files
[1.389s] Level 1:colcon.colcon_core.shell:create_environment_hook('diffdrive_arduino', 'cmake_prefix_path')
[1.389s] INFO:colcon.colcon_core.shell:Creating environment hook '/home/brilliant/ros2_ws/install/diffdrive_arduino/share/diffdrive_arduino/hook/cmake_prefix_path.ps1'
[1.391s] INFO:colcon.colcon_core.shell:Creating environment descriptor '/home/brilliant/ros2_ws/install/diffdrive_arduino/share/diffdrive_arduino/hook/cmake_prefix_path.dsv'
[1.392s] INFO:colcon.colcon_core.shell:Creating environment hook '/home/brilliant/ros2_ws/install/diffdrive_arduino/share/diffdrive_arduino/hook/cmake_prefix_path.sh'
[1.396s] Level 1:colcon.colcon_core.environment:checking '/home/brilliant/ros2_ws/install/diffdrive_arduino/lib'
[1.396s] Level 1:colcon.colcon_core.shell:create_environment_hook('diffdrive_arduino', 'ld_library_path_lib')
[1.397s] INFO:colcon.colcon_core.shell:Creating environment hook '/home/brilliant/ros2_ws/install/diffdrive_arduino/share/diffdrive_arduino/hook/ld_library_path_lib.ps1'
[1.398s] INFO:colcon.colcon_core.shell:Creating environment descriptor '/home/brilliant/ros2_ws/install/diffdrive_arduino/share/diffdrive_arduino/hook/ld_library_path_lib.dsv'
[1.401s] INFO:colcon.colcon_core.shell:Creating environment hook '/home/brilliant/ros2_ws/install/diffdrive_arduino/share/diffdrive_arduino/hook/ld_library_path_lib.sh'
[1.403s] Level 1:colcon.colcon_core.environment:checking '/home/brilliant/ros2_ws/install/diffdrive_arduino/bin'
[1.403s] Level 1:colcon.colcon_core.environment:checking '/home/brilliant/ros2_ws/install/diffdrive_arduino/lib/pkgconfig/diffdrive_arduino.pc'
[1.404s] Level 1:colcon.colcon_core.environment:checking '/home/brilliant/ros2_ws/install/diffdrive_arduino/lib/python3.12/site-packages'
[1.404s] Level 1:colcon.colcon_core.environment:checking '/home/brilliant/ros2_ws/install/diffdrive_arduino/bin'
[1.405s] INFO:colcon.colcon_core.shell:Creating package script '/home/brilliant/ros2_ws/install/diffdrive_arduino/share/diffdrive_arduino/package.ps1'
[1.407s] INFO:colcon.colcon_core.shell:Creating package descriptor '/home/brilliant/ros2_ws/install/diffdrive_arduino/share/diffdrive_arduino/package.dsv'
[1.408s] INFO:colcon.colcon_core.shell:Creating package script '/home/brilliant/ros2_ws/install/diffdrive_arduino/share/diffdrive_arduino/package.sh'
[1.409s] INFO:colcon.colcon_core.shell:Creating package script '/home/brilliant/ros2_ws/install/diffdrive_arduino/share/diffdrive_arduino/package.bash'
[1.411s] INFO:colcon.colcon_core.shell:Creating package script '/home/brilliant/ros2_ws/install/diffdrive_arduino/share/diffdrive_arduino/package.zsh'
[1.412s] Level 1:colcon.colcon_core.environment:create_file_with_runtime_dependencies(/home/brilliant/ros2_ws/install/diffdrive_arduino/share/colcon-core/packages/diffdrive_arduino)
[1.414s] INFO:colcon.colcon_ros.task.ament_python.build:Building ROS package in '/home/brilliant/ros2_ws/src/navigation2/nav2_loopback_sim' with build type 'ament_python'
[1.414s] Level 1:colcon.colcon_core.shell:create_environment_hook('nav2_loopback_sim', 'ament_prefix_path')
[1.414s] INFO:colcon.colcon_core.shell:Creating environment hook '/home/brilliant/ros2_ws/install/nav2_loopback_sim/share/nav2_loopback_sim/hook/ament_prefix_path.ps1'
[1.415s] INFO:colcon.colcon_core.shell:Creating environment descriptor '/home/brilliant/ros2_ws/install/nav2_loopback_sim/share/nav2_loopback_sim/hook/ament_prefix_path.dsv'
[1.420s] INFO:colcon.colcon_core.shell:Creating environment hook '/home/brilliant/ros2_ws/install/nav2_loopback_sim/share/nav2_loopback_sim/hook/ament_prefix_path.sh'
[1.421s] INFO:colcon.colcon_core.shell:Skip shell extension 'powershell' for command environment: Not usable outside of PowerShell
[1.421s] DEBUG:colcon.colcon_core.shell:Skip shell extension 'dsv' for command environment
[1.435s] Level 1:colcon.colcon_core.environment:create_environment_scripts_only(minibot)
[1.436s] Level 1:colcon.colcon_core.environment:checking '/home/brilliant/ros2_ws/install/minibot' for CMake module files
[1.436s] DEBUG:colcon.colcon_core.event_handler.log_command:Invoked command in '/home/brilliant/ros2_ws/build/minibot' returned '0': CMAKE_PREFIX_PATH=${CMAKE_PREFIX_PATH}:/home/brilliant/ros2_ws/install/twist_stamper:/opt/ros/jazzy DEBUGINFOD_URLS=https://debuginfod.ubuntu.com /usr/bin/cmake --install /home/brilliant/ros2_ws/build/minibot
[1.438s] Level 1:colcon.colcon_core.environment:checking '/home/brilliant/ros2_ws/install/minibot' for CMake config files
[1.440s] Level 1:colcon.colcon_core.shell:create_environment_hook('minibot', 'cmake_prefix_path')
[1.441s] INFO:colcon.colcon_core.shell:Creating environment hook '/home/brilliant/ros2_ws/install/minibot/share/minibot/hook/cmake_prefix_path.ps1'
[1.442s] INFO:colcon.colcon_core.shell:Creating environment descriptor '/home/brilliant/ros2_ws/install/minibot/share/minibot/hook/cmake_prefix_path.dsv'
[1.443s] INFO:colcon.colcon_core.shell:Creating environment hook '/home/brilliant/ros2_ws/install/minibot/share/minibot/hook/cmake_prefix_path.sh'
[1.444s] Level 1:colcon.colcon_core.environment:checking '/home/brilliant/ros2_ws/install/minibot/lib'
[1.444s] Level 1:colcon.colcon_core.environment:checking '/home/brilliant/ros2_ws/install/minibot/bin'
[1.445s] Level 1:colcon.colcon_core.environment:checking '/home/brilliant/ros2_ws/install/minibot/lib/pkgconfig/minibot.pc'
[1.445s] Level 1:colcon.colcon_core.environment:checking '/home/brilliant/ros2_ws/install/minibot/lib/python3.12/site-packages'
[1.445s] Level 1:colcon.colcon_core.environment:checking '/home/brilliant/ros2_ws/install/minibot/bin'
[1.446s] INFO:colcon.colcon_core.shell:Creating package script '/home/brilliant/ros2_ws/install/minibot/share/minibot/package.ps1'
[1.447s] INFO:colcon.colcon_core.shell:Creating package descriptor '/home/brilliant/ros2_ws/install/minibot/share/minibot/package.dsv'
[1.448s] INFO:colcon.colcon_core.shell:Creating package script '/home/brilliant/ros2_ws/install/minibot/share/minibot/package.sh'
[1.449s] INFO:colcon.colcon_core.shell:Creating package script '/home/brilliant/ros2_ws/install/minibot/share/minibot/package.bash'
[1.450s] INFO:colcon.colcon_core.shell:Creating package script '/home/brilliant/ros2_ws/install/minibot/share/minibot/package.zsh'
[1.450s] Level 1:colcon.colcon_core.environment:create_file_with_runtime_dependencies(/home/brilliant/ros2_ws/install/minibot/share/colcon-core/packages/minibot)
[1.452s] Level 1:colcon.colcon_core.environment:create_environment_scripts_only(minibot)
[1.452s] Level 1:colcon.colcon_core.environment:checking '/home/brilliant/ros2_ws/install/minibot' for CMake module files
[1.454s] Level 1:colcon.colcon_core.environment:checking '/home/brilliant/ros2_ws/install/minibot' for CMake config files
[1.455s] Level 1:colcon.colcon_core.shell:create_environment_hook('minibot', 'cmake_prefix_path')
[1.456s] INFO:colcon.colcon_core.shell:Creating environment hook '/home/brilliant/ros2_ws/install/minibot/share/minibot/hook/cmake_prefix_path.ps1'
[1.456s] INFO:colcon.colcon_core.shell:Creating environment descriptor '/home/brilliant/ros2_ws/install/minibot/share/minibot/hook/cmake_prefix_path.dsv'
[1.457s] INFO:colcon.colcon_core.shell:Creating environment hook '/home/brilliant/ros2_ws/install/minibot/share/minibot/hook/cmake_prefix_path.sh'
[1.459s] Level 1:colcon.colcon_core.environment:checking '/home/brilliant/ros2_ws/install/minibot/lib'
[1.459s] Level 1:colcon.colcon_core.environment:checking '/home/brilliant/ros2_ws/install/minibot/bin'
[1.459s] Level 1:colcon.colcon_core.environment:checking '/home/brilliant/ros2_ws/install/minibot/lib/pkgconfig/minibot.pc'
[1.459s] Level 1:colcon.colcon_core.environment:checking '/home/brilliant/ros2_ws/install/minibot/lib/python3.12/site-packages'
[1.460s] Level 1:colcon.colcon_core.environment:checking '/home/brilliant/ros2_ws/install/minibot/bin'
[1.460s] INFO:colcon.colcon_core.shell:Creating package script '/home/brilliant/ros2_ws/install/minibot/share/minibot/package.ps1'
[1.461s] INFO:colcon.colcon_core.shell:Creating package descriptor '/home/brilliant/ros2_ws/install/minibot/share/minibot/package.dsv'
[1.462s] INFO:colcon.colcon_core.shell:Creating package script '/home/brilliant/ros2_ws/install/minibot/share/minibot/package.sh'
[1.463s] INFO:colcon.colcon_core.shell:Creating package script '/home/brilliant/ros2_ws/install/minibot/share/minibot/package.bash'
[1.464s] INFO:colcon.colcon_core.shell:Creating package script '/home/brilliant/ros2_ws/install/minibot/share/minibot/package.zsh'
[1.464s] Level 1:colcon.colcon_core.environment:create_file_with_runtime_dependencies(/home/brilliant/ros2_ws/install/minibot/share/colcon-core/packages/minibot)
[1.466s] INFO:colcon.colcon_ros.task.ament_cmake.build:Building ROS package in '/home/brilliant/ros2_ws/src/serial' with build type 'ament_cmake'
[1.466s] INFO:colcon.colcon_cmake.task.cmake.build:Building CMake package in '/home/brilliant/ros2_ws/src/serial'
[1.466s] INFO:colcon.colcon_core.shell:Skip shell extension 'powershell' for command environment: Not usable outside of PowerShell
[1.466s] DEBUG:colcon.colcon_core.shell:Skip shell extension 'dsv' for command environment
[2.099s] INFO:colcon.colcon_core.task.python.build:Building Python package in '/home/brilliant/ros2_ws/src/navigation2/nav2_loopback_sim'
[2.100s] INFO:colcon.colcon_core.shell:Skip shell extension 'powershell' for command environment: Not usable outside of PowerShell
[2.100s] DEBUG:colcon.colcon_core.shell:Skip shell extension 'dsv' for command environment
[2.118s] DEBUG:colcon.colcon_core.event_handler.log_command:Invoking command in '/home/brilliant/ros2_ws/build/serial': CMAKE_PREFIX_PATH=${CMAKE_PREFIX_PATH}:/home/brilliant/ros2_ws/install/twist_stamper:/opt/ros/jazzy DEBUGINFOD_URLS=https://debuginfod.ubuntu.com /usr/bin/cmake --build /home/brilliant/ros2_ws/build/serial -- -j4 -l4
[2.446s] DEBUG:colcon.colcon_core.event_handler.log_command:Invoked command in '/home/brilliant/ros2_ws/build/serial' returned '0': CMAKE_PREFIX_PATH=${CMAKE_PREFIX_PATH}:/home/brilliant/ros2_ws/install/twist_stamper:/opt/ros/jazzy DEBUGINFOD_URLS=https://debuginfod.ubuntu.com /usr/bin/cmake --build /home/brilliant/ros2_ws/build/serial -- -j4 -l4
[2.452s] DEBUG:colcon.colcon_core.event_handler.log_command:Invoking command in '/home/brilliant/ros2_ws/build/serial': CMAKE_PREFIX_PATH=${CMAKE_PREFIX_PATH}:/home/brilliant/ros2_ws/install/twist_stamper:/opt/ros/jazzy DEBUGINFOD_URLS=https://debuginfod.ubuntu.com /usr/bin/cmake --install /home/brilliant/ros2_ws/build/serial
[2.552s] DEBUG:colcon.colcon_core.event_handler.log_command:Invoked command in '/home/brilliant/ros2_ws/build/nav2_common' returned '0': CMAKE_PREFIX_PATH=${CMAKE_PREFIX_PATH}:/home/brilliant/ros2_ws/install/twist_stamper:/opt/ros/jazzy DEBUGINFOD_URLS=https://debuginfod.ubuntu.com /usr/bin/cmake /home/brilliant/ros2_ws/src/navigation2/nav2_common -DAMENT_CMAKE_SYMLINK_INSTALL=1 -DCMAKE_INSTALL_PREFIX=/home/brilliant/ros2_ws/install/nav2_common
[2.552s] DEBUG:colcon.colcon_core.event_handler.log_command:Invoking command in '/home/brilliant/ros2_ws/build/nav2_common': CMAKE_PREFIX_PATH=${CMAKE_PREFIX_PATH}:/home/brilliant/ros2_ws/install/twist_stamper:/opt/ros/jazzy DEBUGINFOD_URLS=https://debuginfod.ubuntu.com /usr/bin/cmake --build /home/brilliant/ros2_ws/build/nav2_common -- -j4 -l4
[2.595s] Level 1:colcon.colcon_core.environment:create_environment_scripts_only(serial)
[2.595s] Level 1:colcon.colcon_core.environment:checking '/home/brilliant/ros2_ws/install/serial' for CMake module files
[2.597s] Level 1:colcon.colcon_core.environment:checking '/home/brilliant/ros2_ws/install/serial' for CMake config files
[2.598s] DEBUG:colcon.colcon_core.event_handler.log_command:Invoked command in '/home/brilliant/ros2_ws/build/serial' returned '0': CMAKE_PREFIX_PATH=${CMAKE_PREFIX_PATH}:/home/brilliant/ros2_ws/install/twist_stamper:/opt/ros/jazzy DEBUGINFOD_URLS=https://debuginfod.ubuntu.com /usr/bin/cmake --install /home/brilliant/ros2_ws/build/serial
[2.602s] Level 1:colcon.colcon_core.shell:create_environment_hook('serial', 'cmake_prefix_path')
[2.602s] INFO:colcon.colcon_core.shell:Creating environment hook '/home/brilliant/ros2_ws/install/serial/share/serial/hook/cmake_prefix_path.ps1'
[2.605s] INFO:colcon.colcon_core.shell:Creating environment descriptor '/home/brilliant/ros2_ws/install/serial/share/serial/hook/cmake_prefix_path.dsv'
[2.606s] INFO:colcon.colcon_core.shell:Creating environment hook '/home/brilliant/ros2_ws/install/serial/share/serial/hook/cmake_prefix_path.sh'
[2.608s] Level 1:colcon.colcon_core.environment:checking '/home/brilliant/ros2_ws/install/serial/lib'
[2.609s] Level 1:colcon.colcon_core.environment:checking '/home/brilliant/ros2_ws/install/serial/bin'
[2.609s] Level 1:colcon.colcon_core.environment:checking '/home/brilliant/ros2_ws/install/serial/lib/pkgconfig/serial.pc'
[2.610s] Level 1:colcon.colcon_core.environment:checking '/home/brilliant/ros2_ws/install/serial/lib/python3.12/site-packages'
[2.610s] Level 1:colcon.colcon_core.environment:checking '/home/brilliant/ros2_ws/install/serial/bin'
[2.611s] INFO:colcon.colcon_core.shell:Creating package script '/home/brilliant/ros2_ws/install/serial/share/serial/package.ps1'
[2.615s] INFO:colcon.colcon_core.shell:Creating package descriptor '/home/brilliant/ros2_ws/install/serial/share/serial/package.dsv'
[2.617s] INFO:colcon.colcon_core.shell:Creating package script '/home/brilliant/ros2_ws/install/serial/share/serial/package.sh'
[2.618s] INFO:colcon.colcon_core.shell:Creating package script '/home/brilliant/ros2_ws/install/serial/share/serial/package.bash'
[2.620s] INFO:colcon.colcon_core.shell:Creating package script '/home/brilliant/ros2_ws/install/serial/share/serial/package.zsh'
[2.622s] Level 1:colcon.colcon_core.environment:create_file_with_runtime_dependencies(/home/brilliant/ros2_ws/install/serial/share/colcon-core/packages/serial)
[2.625s] Level 1:colcon.colcon_core.environment:create_environment_scripts_only(serial)
[2.625s] Level 1:colcon.colcon_core.environment:checking '/home/brilliant/ros2_ws/install/serial' for CMake module files
[2.627s] Level 1:colcon.colcon_core.environment:checking '/home/brilliant/ros2_ws/install/serial' for CMake config files
[2.628s] Level 1:colcon.colcon_core.shell:create_environment_hook('serial', 'cmake_prefix_path')
[2.629s] INFO:colcon.colcon_core.shell:Creating environment hook '/home/brilliant/ros2_ws/install/serial/share/serial/hook/cmake_prefix_path.ps1'
[2.631s] INFO:colcon.colcon_core.shell:Creating environment descriptor '/home/brilliant/ros2_ws/install/serial/share/serial/hook/cmake_prefix_path.dsv'
[2.633s] INFO:colcon.colcon_core.shell:Creating environment hook '/home/brilliant/ros2_ws/install/serial/share/serial/hook/cmake_prefix_path.sh'
[2.639s] Level 1:colcon.colcon_core.environment:checking '/home/brilliant/ros2_ws/install/serial/lib'
[2.640s] Level 1:colcon.colcon_core.environment:checking '/home/brilliant/ros2_ws/install/serial/bin'
[2.640s] Level 1:colcon.colcon_core.environment:checking '/home/brilliant/ros2_ws/install/serial/lib/pkgconfig/serial.pc'
[2.641s] Level 1:colcon.colcon_core.environment:checking '/home/brilliant/ros2_ws/install/serial/lib/python3.12/site-packages'
[2.641s] Level 1:colcon.colcon_core.environment:checking '/home/brilliant/ros2_ws/install/serial/bin'
[2.642s] INFO:colcon.colcon_core.shell:Creating package script '/home/brilliant/ros2_ws/install/serial/share/serial/package.ps1'
[2.647s] INFO:colcon.colcon_core.shell:Creating package descriptor '/home/brilliant/ros2_ws/install/serial/share/serial/package.dsv'
[2.653s] INFO:colcon.colcon_core.shell:Creating package script '/home/brilliant/ros2_ws/install/serial/share/serial/package.sh'
[2.655s] INFO:colcon.colcon_core.shell:Creating package script '/home/brilliant/ros2_ws/install/serial/share/serial/package.bash'
[2.657s] INFO:colcon.colcon_core.shell:Creating package script '/home/brilliant/ros2_ws/install/serial/share/serial/package.zsh'
[2.661s] Level 1:colcon.colcon_core.environment:create_file_with_runtime_dependencies(/home/brilliant/ros2_ws/install/serial/share/colcon-core/packages/serial)
[2.662s] INFO:colcon.colcon_ros.task.ament_cmake.build:Building ROS package in '/home/brilliant/ros2_ws/src/sllidar_ros2' with build type 'ament_cmake'
[2.662s] INFO:colcon.colcon_cmake.task.cmake.build:Building CMake package in '/home/brilliant/ros2_ws/src/sllidar_ros2'
[2.663s] INFO:colcon.colcon_core.shell:Skip shell extension 'powershell' for command environment: Not usable outside of PowerShell
[2.663s] DEBUG:colcon.colcon_core.shell:Skip shell extension 'dsv' for command environment
[2.705s] DEBUG:colcon.colcon_core.event_handler.log_command:Invoking command in '/home/brilliant/ros2_ws/build/sllidar_ros2': CMAKE_PREFIX_PATH=${CMAKE_PREFIX_PATH}:/home/brilliant/ros2_ws/install/twist_stamper:/opt/ros/jazzy DEBUGINFOD_URLS=https://debuginfod.ubuntu.com /usr/bin/cmake --build /home/brilliant/ros2_ws/build/sllidar_ros2 -- -j4 -l4
[3.017s] DEBUG:colcon.colcon_core.event_handler.log_command:Invoked command in '/home/brilliant/ros2_ws/build/sllidar_ros2' returned '0': CMAKE_PREFIX_PATH=${CMAKE_PREFIX_PATH}:/home/brilliant/ros2_ws/install/twist_stamper:/opt/ros/jazzy DEBUGINFOD_URLS=https://debuginfod.ubuntu.com /usr/bin/cmake --build /home/brilliant/ros2_ws/build/sllidar_ros2 -- -j4 -l4
[3.025s] DEBUG:colcon.colcon_core.event_handler.log_command:Invoking command in '/home/brilliant/ros2_ws/build/sllidar_ros2': CMAKE_PREFIX_PATH=${CMAKE_PREFIX_PATH}:/home/brilliant/ros2_ws/install/twist_stamper:/opt/ros/jazzy DEBUGINFOD_URLS=https://debuginfod.ubuntu.com /usr/bin/cmake --install /home/brilliant/ros2_ws/build/sllidar_ros2
[3.126s] Level 1:colcon.colcon_core.environment:create_environment_scripts_only(sllidar_ros2)
[3.127s] Level 1:colcon.colcon_core.environment:checking '/home/brilliant/ros2_ws/install/sllidar_ros2' for CMake module files
[3.127s] DEBUG:colcon.colcon_core.event_handler.log_command:Invoked command in '/home/brilliant/ros2_ws/build/sllidar_ros2' returned '0': CMAKE_PREFIX_PATH=${CMAKE_PREFIX_PATH}:/home/brilliant/ros2_ws/install/twist_stamper:/opt/ros/jazzy DEBUGINFOD_URLS=https://debuginfod.ubuntu.com /usr/bin/cmake --install /home/brilliant/ros2_ws/build/sllidar_ros2
[3.129s] Level 1:colcon.colcon_core.environment:checking '/home/brilliant/ros2_ws/install/sllidar_ros2' for CMake config files
[3.134s] Level 1:colcon.colcon_core.shell:create_environment_hook('sllidar_ros2', 'cmake_prefix_path')
[3.135s] INFO:colcon.colcon_core.shell:Creating environment hook '/home/brilliant/ros2_ws/install/sllidar_ros2/share/sllidar_ros2/hook/cmake_prefix_path.ps1'
[3.136s] INFO:colcon.colcon_core.shell:Creating environment descriptor '/home/brilliant/ros2_ws/install/sllidar_ros2/share/sllidar_ros2/hook/cmake_prefix_path.dsv'
[3.136s] INFO:colcon.colcon_core.shell:Creating environment hook '/home/brilliant/ros2_ws/install/sllidar_ros2/share/sllidar_ros2/hook/cmake_prefix_path.sh'
[3.139s] Level 1:colcon.colcon_core.environment:checking '/home/brilliant/ros2_ws/install/sllidar_ros2/lib'
[3.140s] Level 1:colcon.colcon_core.environment:checking '/home/brilliant/ros2_ws/install/sllidar_ros2/bin'
[3.140s] Level 1:colcon.colcon_core.environment:checking '/home/brilliant/ros2_ws/install/sllidar_ros2/lib/pkgconfig/sllidar_ros2.pc'
[3.141s] Level 1:colcon.colcon_core.environment:checking '/home/brilliant/ros2_ws/install/sllidar_ros2/lib/python3.12/site-packages'
[3.141s] Level 1:colcon.colcon_core.environment:checking '/home/brilliant/ros2_ws/install/sllidar_ros2/bin'
[3.142s] INFO:colcon.colcon_core.shell:Creating package script '/home/brilliant/ros2_ws/install/sllidar_ros2/share/sllidar_ros2/package.ps1'
[3.144s] INFO:colcon.colcon_core.shell:Creating package descriptor '/home/brilliant/ros2_ws/install/sllidar_ros2/share/sllidar_ros2/package.dsv'
[3.145s] INFO:colcon.colcon_core.shell:Creating package script '/home/brilliant/ros2_ws/install/sllidar_ros2/share/sllidar_ros2/package.sh'
[3.148s] INFO:colcon.colcon_core.shell:Creating package script '/home/brilliant/ros2_ws/install/sllidar_ros2/share/sllidar_ros2/package.bash'
[3.148s] INFO:colcon.colcon_core.shell:Creating package script '/home/brilliant/ros2_ws/install/sllidar_ros2/share/sllidar_ros2/package.zsh'
[3.153s] Level 1:colcon.colcon_core.environment:create_file_with_runtime_dependencies(/home/brilliant/ros2_ws/install/sllidar_ros2/share/colcon-core/packages/sllidar_ros2)
[3.155s] Level 1:colcon.colcon_core.environment:create_environment_scripts_only(sllidar_ros2)
[3.157s] Level 1:colcon.colcon_core.environment:checking '/home/brilliant/ros2_ws/install/sllidar_ros2' for CMake module files
[3.159s] Level 1:colcon.colcon_core.environment:checking '/home/brilliant/ros2_ws/install/sllidar_ros2' for CMake config files
[3.160s] Level 1:colcon.colcon_core.shell:create_environment_hook('sllidar_ros2', 'cmake_prefix_path')
[3.160s] INFO:colcon.colcon_core.shell:Creating environment hook '/home/brilliant/ros2_ws/install/sllidar_ros2/share/sllidar_ros2/hook/cmake_prefix_path.ps1'
[3.163s] INFO:colcon.colcon_core.shell:Creating environment descriptor '/home/brilliant/ros2_ws/install/sllidar_ros2/share/sllidar_ros2/hook/cmake_prefix_path.dsv'
[3.165s] INFO:colcon.colcon_core.shell:Creating environment hook '/home/brilliant/ros2_ws/install/sllidar_ros2/share/sllidar_ros2/hook/cmake_prefix_path.sh'
[3.167s] Level 1:colcon.colcon_core.environment:checking '/home/brilliant/ros2_ws/install/sllidar_ros2/lib'
[3.167s] Level 1:colcon.colcon_core.environment:checking '/home/brilliant/ros2_ws/install/sllidar_ros2/bin'
[3.168s] Level 1:colcon.colcon_core.environment:checking '/home/brilliant/ros2_ws/install/sllidar_ros2/lib/pkgconfig/sllidar_ros2.pc'
[3.168s] Level 1:colcon.colcon_core.environment:checking '/home/brilliant/ros2_ws/install/sllidar_ros2/lib/python3.12/site-packages'
[3.169s] Level 1:colcon.colcon_core.environment:checking '/home/brilliant/ros2_ws/install/sllidar_ros2/bin'
[3.170s] INFO:colcon.colcon_core.shell:Creating package script '/home/brilliant/ros2_ws/install/sllidar_ros2/share/sllidar_ros2/package.ps1'
[3.171s] INFO:colcon.colcon_core.shell:Creating package descriptor '/home/brilliant/ros2_ws/install/sllidar_ros2/share/sllidar_ros2/package.dsv'
[3.173s] INFO:colcon.colcon_core.shell:Creating package script '/home/brilliant/ros2_ws/install/sllidar_ros2/share/sllidar_ros2/package.sh'
[3.175s] INFO:colcon.colcon_core.shell:Creating package script '/home/brilliant/ros2_ws/install/sllidar_ros2/share/sllidar_ros2/package.bash'
[3.177s] INFO:colcon.colcon_core.shell:Creating package script '/home/brilliant/ros2_ws/install/sllidar_ros2/share/sllidar_ros2/package.zsh'
[3.178s] Level 1:colcon.colcon_core.environment:create_file_with_runtime_dependencies(/home/brilliant/ros2_ws/install/sllidar_ros2/share/colcon-core/packages/sllidar_ros2)
[3.181s] INFO:colcon.colcon_ros.task.ament_python.build:Building ROS package in '/home/brilliant/ros2_ws/src/twist_stamper' with build type 'ament_python'
[3.181s] Level 1:colcon.colcon_core.shell:create_environment_hook('twist_stamper', 'ament_prefix_path')
[3.181s] INFO:colcon.colcon_core.shell:Creating environment hook '/home/brilliant/ros2_ws/install/twist_stamper/share/twist_stamper/hook/ament_prefix_path.ps1'
[3.184s] INFO:colcon.colcon_core.shell:Creating environment descriptor '/home/brilliant/ros2_ws/install/twist_stamper/share/twist_stamper/hook/ament_prefix_path.dsv'
[3.186s] INFO:colcon.colcon_core.shell:Creating environment hook '/home/brilliant/ros2_ws/install/twist_stamper/share/twist_stamper/hook/ament_prefix_path.sh'
[3.188s] INFO:colcon.colcon_core.shell:Skip shell extension 'powershell' for command environment: Not usable outside of PowerShell
[3.189s] DEBUG:colcon.colcon_core.shell:Skip shell extension 'dsv' for command environment
[3.926s] INFO:colcon.colcon_core.task.python.build:Building Python package in '/home/brilliant/ros2_ws/src/twist_stamper'
[3.926s] INFO:colcon.colcon_core.shell:Skip shell extension 'powershell' for command environment: Not usable outside of PowerShell
[3.926s] DEBUG:colcon.colcon_core.shell:Skip shell extension 'dsv' for command environment
[3.970s] DEBUG:colcon.colcon_core.event_handler.log_command:Invoked command in '/home/brilliant/ros2_ws/build/nav2_common' returned '0': CMAKE_PREFIX_PATH=${CMAKE_PREFIX_PATH}:/home/brilliant/ros2_ws/install/twist_stamper:/opt/ros/jazzy DEBUGINFOD_URLS=https://debuginfod.ubuntu.com /usr/bin/cmake --build /home/brilliant/ros2_ws/build/nav2_common -- -j4 -l4
[3.973s] DEBUG:colcon.colcon_core.event_handler.log_command:Invoking command in '/home/brilliant/ros2_ws/build/nav2_common': CMAKE_PREFIX_PATH=${CMAKE_PREFIX_PATH}:/home/brilliant/ros2_ws/install/twist_stamper:/opt/ros/jazzy DEBUGINFOD_URLS=https://debuginfod.ubuntu.com /usr/bin/cmake --install /home/brilliant/ros2_ws/build/nav2_common
[4.542s] DEBUG:colcon.colcon_core.event_handler.log_command:Invoking command in '/home/brilliant/ros2_ws/build/nav2_loopback_sim': DEBUGINFOD_URLS=https://debuginfod.ubuntu.com PYTHONPATH=/home/brilliant/ros2_ws/build/nav2_loopback_sim/prefix_override:/usr/lib/python3/dist-packages/colcon_core/task/python/colcon_distutils_commands:/home/brilliant/ros2_ws/install/nav2_loopback_sim/lib/python3.12/site-packages:${PYTHONPATH} /usr/bin/python3 -W ignore:setup.py install is deprecated -W ignore:easy_install command is deprecated setup.py develop --editable --build-directory /home/brilliant/ros2_ws/build/nav2_loopback_sim/build --no-deps symlink_data
[5.332s] Level 1:colcon.colcon_core.environment:create_environment_scripts_only(nav2_common)
[5.333s] Level 1:colcon.colcon_core.environment:checking '/home/brilliant/ros2_ws/install/nav2_common' for CMake module files
[5.334s] DEBUG:colcon.colcon_core.event_handler.log_command:Invoked command in '/home/brilliant/ros2_ws/build/nav2_common' returned '0': CMAKE_PREFIX_PATH=${CMAKE_PREFIX_PATH}:/home/brilliant/ros2_ws/install/twist_stamper:/opt/ros/jazzy DEBUGINFOD_URLS=https://debuginfod.ubuntu.com /usr/bin/cmake --install /home/brilliant/ros2_ws/build/nav2_common
[5.336s] Level 1:colcon.colcon_core.environment:checking '/home/brilliant/ros2_ws/install/nav2_common' for CMake config files
[5.337s] Level 1:colcon.colcon_core.shell:create_environment_hook('nav2_common', 'cmake_prefix_path')
[5.337s] INFO:colcon.colcon_core.shell:Creating environment hook '/home/brilliant/ros2_ws/install/nav2_common/share/nav2_common/hook/cmake_prefix_path.ps1'
[5.339s] INFO:colcon.colcon_core.shell:Creating environment descriptor '/home/brilliant/ros2_ws/install/nav2_common/share/nav2_common/hook/cmake_prefix_path.dsv'
[5.339s] INFO:colcon.colcon_core.shell:Creating environment hook '/home/brilliant/ros2_ws/install/nav2_common/share/nav2_common/hook/cmake_prefix_path.sh'
[5.341s] Level 1:colcon.colcon_core.environment:checking '/home/brilliant/ros2_ws/install/nav2_common/lib'
[5.342s] Level 1:colcon.colcon_core.environment:checking '/home/brilliant/ros2_ws/install/nav2_common/bin'
[5.342s] Level 1:colcon.colcon_core.environment:checking '/home/brilliant/ros2_ws/install/nav2_common/lib/pkgconfig/nav2_common.pc'
[5.343s] Level 1:colcon.colcon_core.environment:checking '/home/brilliant/ros2_ws/install/nav2_common/lib/python3.12/site-packages'
[5.343s] Level 1:colcon.colcon_core.shell:create_environment_hook('nav2_common', 'pythonpath')
[5.344s] INFO:colcon.colcon_core.shell:Creating environment hook '/home/brilliant/ros2_ws/install/nav2_common/share/nav2_common/hook/pythonpath.ps1'
[5.345s] INFO:colcon.colcon_core.shell:Creating environment descriptor '/home/brilliant/ros2_ws/install/nav2_common/share/nav2_common/hook/pythonpath.dsv'
[5.346s] INFO:colcon.colcon_core.shell:Creating environment hook '/home/brilliant/ros2_ws/install/nav2_common/share/nav2_common/hook/pythonpath.sh'
[5.348s] Level 1:colcon.colcon_core.environment:checking '/home/brilliant/ros2_ws/install/nav2_common/bin'
[5.349s] INFO:colcon.colcon_core.shell:Creating package script '/home/brilliant/ros2_ws/install/nav2_common/share/nav2_common/package.ps1'
[5.351s] INFO:colcon.colcon_core.shell:Creating package descriptor '/home/brilliant/ros2_ws/install/nav2_common/share/nav2_common/package.dsv'
[5.352s] INFO:colcon.colcon_core.shell:Creating package script '/home/brilliant/ros2_ws/install/nav2_common/share/nav2_common/package.sh'
[5.353s] INFO:colcon.colcon_core.shell:Creating package script '/home/brilliant/ros2_ws/install/nav2_common/share/nav2_common/package.bash'
[5.354s] INFO:colcon.colcon_core.shell:Creating package script '/home/brilliant/ros2_ws/install/nav2_common/share/nav2_common/package.zsh'
[5.356s] Level 1:colcon.colcon_core.environment:create_file_with_runtime_dependencies(/home/brilliant/ros2_ws/install/nav2_common/share/colcon-core/packages/nav2_common)
[5.357s] Level 1:colcon.colcon_core.environment:create_environment_scripts_only(nav2_common)
[5.358s] Level 1:colcon.colcon_core.environment:checking '/home/brilliant/ros2_ws/install/nav2_common' for CMake module files
[5.360s] Level 1:colcon.colcon_core.environment:checking '/home/brilliant/ros2_ws/install/nav2_common' for CMake config files
[5.361s] Level 1:colcon.colcon_core.shell:create_environment_hook('nav2_common', 'cmake_prefix_path')
[5.361s] INFO:colcon.colcon_core.shell:Creating environment hook '/home/brilliant/ros2_ws/install/nav2_common/share/nav2_common/hook/cmake_prefix_path.ps1'
[5.368s] INFO:colcon.colcon_core.shell:Creating environment descriptor '/home/brilliant/ros2_ws/install/nav2_common/share/nav2_common/hook/cmake_prefix_path.dsv'
[5.369s] INFO:colcon.colcon_core.shell:Creating environment hook '/home/brilliant/ros2_ws/install/nav2_common/share/nav2_common/hook/cmake_prefix_path.sh'
[5.370s] Level 1:colcon.colcon_core.environment:checking '/home/brilliant/ros2_ws/install/nav2_common/lib'
[5.370s] Level 1:colcon.colcon_core.environment:checking '/home/brilliant/ros2_ws/install/nav2_common/bin'
[5.370s] Level 1:colcon.colcon_core.environment:checking '/home/brilliant/ros2_ws/install/nav2_common/lib/pkgconfig/nav2_common.pc'
[5.371s] Level 1:colcon.colcon_core.environment:checking '/home/brilliant/ros2_ws/install/nav2_common/lib/python3.12/site-packages'
[5.375s] Level 1:colcon.colcon_core.shell:create_environment_hook('nav2_common', 'pythonpath')
[5.376s] INFO:colcon.colcon_core.shell:Creating environment hook '/home/brilliant/ros2_ws/install/nav2_common/share/nav2_common/hook/pythonpath.ps1'
[5.380s] INFO:colcon.colcon_core.shell:Creating environment descriptor '/home/brilliant/ros2_ws/install/nav2_common/share/nav2_common/hook/pythonpath.dsv'
[5.381s] INFO:colcon.colcon_core.shell:Creating environment hook '/home/brilliant/ros2_ws/install/nav2_common/share/nav2_common/hook/pythonpath.sh'
[5.384s] Level 1:colcon.colcon_core.environment:checking '/home/brilliant/ros2_ws/install/nav2_common/bin'
[5.387s] INFO:colcon.colcon_core.shell:Creating package script '/home/brilliant/ros2_ws/install/nav2_common/share/nav2_common/package.ps1'
[5.389s] INFO:colcon.colcon_core.shell:Creating package descriptor '/home/brilliant/ros2_ws/install/nav2_common/share/nav2_common/package.dsv'
[5.397s] INFO:colcon.colcon_core.shell:Creating package script '/home/brilliant/ros2_ws/install/nav2_common/share/nav2_common/package.sh'
[5.403s] INFO:colcon.colcon_core.shell:Creating package script '/home/brilliant/ros2_ws/install/nav2_common/share/nav2_common/package.bash'
[5.404s] INFO:colcon.colcon_core.shell:Creating package script '/home/brilliant/ros2_ws/install/nav2_common/share/nav2_common/package.zsh'
[5.405s] Level 1:colcon.colcon_core.environment:create_file_with_runtime_dependencies(/home/brilliant/ros2_ws/install/nav2_common/share/colcon-core/packages/nav2_common)
[5.411s] INFO:colcon.colcon_ros.task.ament_cmake.build:Building ROS package in '/home/brilliant/ros2_ws/src/navigation2/nav2_msgs' with build type 'ament_cmake'
[5.412s] INFO:colcon.colcon_cmake.task.cmake.build:Building CMake package in '/home/brilliant/ros2_ws/src/navigation2/nav2_msgs'
[5.412s] INFO:colcon.colcon_core.shell:Skip shell extension 'powershell' for command environment: Not usable outside of PowerShell
[5.413s] DEBUG:colcon.colcon_core.shell:Skip shell extension 'dsv' for command environment
[5.458s] DEBUG:colcon.colcon_core.event_handler.log_command:Invoking command in '/home/brilliant/ros2_ws/build/nav2_msgs': AMENT_PREFIX_PATH=/home/brilliant/ros2_ws/install/nav2_common:${AMENT_PREFIX_PATH} CMAKE_PREFIX_PATH=/home/brilliant/ros2_ws/install/nav2_common:/home/brilliant/ros2_ws/install/sllidar_ros2:/home/brilliant/ros2_ws/install/serial:/home/brilliant/ros2_ws/install/minibot:/home/brilliant/ros2_ws/install/diffdrive_arduino:/opt/ros/jazzy/opt/gz_sim_vendor:/opt/ros/jazzy/opt/gz_sensors_vendor:/opt/ros/jazzy/opt/gz_physics_vendor:/opt/ros/jazzy/opt/sdformat_vendor:/opt/ros/jazzy/opt/gz_gui_vendor:/opt/ros/jazzy/opt/gz_transport_vendor:/opt/ros/jazzy/opt/gz_rendering_vendor:/opt/ros/jazzy/opt/gz_plugin_vendor:/opt/ros/jazzy/opt/gz_fuel_tools_vendor:/opt/ros/jazzy/opt/gz_msgs_vendor:/opt/ros/jazzy/opt/gz_common_vendor:/opt/ros/jazzy/opt/gz_math_vendor:/opt/ros/jazzy/opt/gz_utils_vendor:/opt/ros/jazzy/opt/gz_tools_vendor:/opt/ros/jazzy/opt/gz_ogre_next_vendor:/opt/ros/jazzy/opt/gz_dartsim_vendor:/opt/ros/jazzy/opt/gz_cmake_vendor:/home/brilliant/ros2_ws/install/twist_stamper:/opt/ros/jazzy DEBUGINFOD_URLS=https://debuginfod.ubuntu.com PYTHONPATH=/home/brilliant/ros2_ws/install/nav2_common/lib/python3.12/site-packages:${PYTHONPATH} /usr/bin/cmake /home/brilliant/ros2_ws/src/navigation2/nav2_msgs -DAMENT_CMAKE_SYMLINK_INSTALL=1 -DCMAKE_INSTALL_PREFIX=/home/brilliant/ros2_ws/install/nav2_msgs
[6.601s] DEBUG:colcon.colcon_core.event_handler.log_command:Invoking command in '/home/brilliant/ros2_ws/build/twist_stamper': DEBUGINFOD_URLS=https://debuginfod.ubuntu.com PYTHONPATH=/home/brilliant/ros2_ws/build/twist_stamper/prefix_override:/usr/lib/python3/dist-packages/colcon_core/task/python/colcon_distutils_commands:/home/brilliant/ros2_ws/install/twist_stamper/lib/python3.12/site-packages:${PYTHONPATH} /usr/bin/python3 -W ignore:setup.py install is deprecated -W ignore:easy_install command is deprecated setup.py develop --editable --build-directory /home/brilliant/ros2_ws/build/twist_stamper/build --no-deps symlink_data
[8.011s] Level 1:colcon.colcon_core.shell:create_environment_hook('nav2_loopback_sim', 'pythonpath_develop')
[8.012s] DEBUG:colcon.colcon_core.event_handler.log_command:Invoked command in '/home/brilliant/ros2_ws/build/nav2_loopback_sim' returned '0': DEBUGINFOD_URLS=https://debuginfod.ubuntu.com PYTHONPATH=/home/brilliant/ros2_ws/build/nav2_loopback_sim/prefix_override:/usr/lib/python3/dist-packages/colcon_core/task/python/colcon_distutils_commands:/home/brilliant/ros2_ws/install/nav2_loopback_sim/lib/python3.12/site-packages:${PYTHONPATH} /usr/bin/python3 -W ignore:setup.py install is deprecated -W ignore:easy_install command is deprecated setup.py develop --editable --build-directory /home/brilliant/ros2_ws/build/nav2_loopback_sim/build --no-deps symlink_data
[8.013s] INFO:colcon.colcon_core.shell:Creating environment hook '/home/brilliant/ros2_ws/build/nav2_loopback_sim/share/nav2_loopback_sim/hook/pythonpath_develop.ps1'
[8.015s] INFO:colcon.colcon_core.shell:Creating environment descriptor '/home/brilliant/ros2_ws/build/nav2_loopback_sim/share/nav2_loopback_sim/hook/pythonpath_develop.dsv'
[8.016s] INFO:colcon.colcon_core.shell:Creating environment hook '/home/brilliant/ros2_ws/build/nav2_loopback_sim/share/nav2_loopback_sim/hook/pythonpath_develop.sh'
[8.018s] Level 1:colcon.colcon_core.environment:checking '/home/brilliant/ros2_ws/install/nav2_loopback_sim' for CMake module files
[8.019s] Level 1:colcon.colcon_core.environment:checking '/home/brilliant/ros2_ws/install/nav2_loopback_sim' for CMake config files
[8.021s] Level 1:colcon.colcon_core.environment:checking '/home/brilliant/ros2_ws/install/nav2_loopback_sim/lib'
[8.027s] Level 1:colcon.colcon_core.environment:checking '/home/brilliant/ros2_ws/install/nav2_loopback_sim/bin'
[8.027s] Level 1:colcon.colcon_core.environment:checking '/home/brilliant/ros2_ws/install/nav2_loopback_sim/lib/pkgconfig/nav2_loopback_sim.pc'
[8.028s] Level 1:colcon.colcon_core.environment:checking '/home/brilliant/ros2_ws/install/nav2_loopback_sim/lib/python3.12/site-packages'
[8.029s] Level 1:colcon.colcon_core.shell:create_environment_hook('nav2_loopback_sim', 'pythonpath')
[8.029s] INFO:colcon.colcon_core.shell:Creating environment hook '/home/brilliant/ros2_ws/install/nav2_loopback_sim/share/nav2_loopback_sim/hook/pythonpath.ps1'
[8.031s] INFO:colcon.colcon_core.shell:Creating environment descriptor '/home/brilliant/ros2_ws/install/nav2_loopback_sim/share/nav2_loopback_sim/hook/pythonpath.dsv'
[8.032s] INFO:colcon.colcon_core.shell:Creating environment hook '/home/brilliant/ros2_ws/install/nav2_loopback_sim/share/nav2_loopback_sim/hook/pythonpath.sh'
[8.033s] Level 1:colcon.colcon_core.environment:checking '/home/brilliant/ros2_ws/install/nav2_loopback_sim/bin'
[8.033s] Level 1:colcon.colcon_core.environment:create_environment_scripts_only(nav2_loopback_sim)
[8.034s] INFO:colcon.colcon_core.shell:Creating package script '/home/brilliant/ros2_ws/install/nav2_loopback_sim/share/nav2_loopback_sim/package.ps1'
[8.035s] INFO:colcon.colcon_core.shell:Creating package descriptor '/home/brilliant/ros2_ws/install/nav2_loopback_sim/share/nav2_loopback_sim/package.dsv'
[8.036s] INFO:colcon.colcon_core.shell:Creating package script '/home/brilliant/ros2_ws/install/nav2_loopback_sim/share/nav2_loopback_sim/package.sh'
[8.038s] INFO:colcon.colcon_core.shell:Creating package script '/home/brilliant/ros2_ws/install/nav2_loopback_sim/share/nav2_loopback_sim/package.bash'
[8.040s] INFO:colcon.colcon_core.shell:Creating package script '/home/brilliant/ros2_ws/install/nav2_loopback_sim/share/nav2_loopback_sim/package.zsh'
[8.042s] Level 1:colcon.colcon_core.environment:create_file_with_runtime_dependencies(/home/brilliant/ros2_ws/install/nav2_loopback_sim/share/colcon-core/packages/nav2_loopback_sim)
[8.043s] INFO:colcon.colcon_ros.task.ament_cmake.build:Building ROS package in '/home/brilliant/ros2_ws/src/navigation2/nav2_voxel_grid' with build type 'ament_cmake'
[8.043s] INFO:colcon.colcon_cmake.task.cmake.build:Building CMake package in '/home/brilliant/ros2_ws/src/navigation2/nav2_voxel_grid'
[8.044s] INFO:colcon.colcon_core.shell:Skip shell extension 'powershell' for command environment: Not usable outside of PowerShell
[8.044s] DEBUG:colcon.colcon_core.shell:Skip shell extension 'dsv' for command environment
[8.085s] DEBUG:colcon.colcon_core.event_handler.log_command:Invoking command in '/home/brilliant/ros2_ws/build/nav2_voxel_grid': AMENT_PREFIX_PATH=/home/brilliant/ros2_ws/install/nav2_common:${AMENT_PREFIX_PATH} CMAKE_PREFIX_PATH=/home/brilliant/ros2_ws/install/nav2_common:/home/brilliant/ros2_ws/install/sllidar_ros2:/home/brilliant/ros2_ws/install/serial:/home/brilliant/ros2_ws/install/minibot:/home/brilliant/ros2_ws/install/diffdrive_arduino:/opt/ros/jazzy/opt/gz_sim_vendor:/opt/ros/jazzy/opt/gz_sensors_vendor:/opt/ros/jazzy/opt/gz_physics_vendor:/opt/ros/jazzy/opt/sdformat_vendor:/opt/ros/jazzy/opt/gz_gui_vendor:/opt/ros/jazzy/opt/gz_transport_vendor:/opt/ros/jazzy/opt/gz_rendering_vendor:/opt/ros/jazzy/opt/gz_plugin_vendor:/opt/ros/jazzy/opt/gz_fuel_tools_vendor:/opt/ros/jazzy/opt/gz_msgs_vendor:/opt/ros/jazzy/opt/gz_common_vendor:/opt/ros/jazzy/opt/gz_math_vendor:/opt/ros/jazzy/opt/gz_utils_vendor:/opt/ros/jazzy/opt/gz_tools_vendor:/opt/ros/jazzy/opt/gz_ogre_next_vendor:/opt/ros/jazzy/opt/gz_dartsim_vendor:/opt/ros/jazzy/opt/gz_cmake_vendor:/home/brilliant/ros2_ws/install/twist_stamper:/opt/ros/jazzy DEBUGINFOD_URLS=https://debuginfod.ubuntu.com PYTHONPATH=/home/brilliant/ros2_ws/install/nav2_common/lib/python3.12/site-packages:${PYTHONPATH} /usr/bin/cmake /home/brilliant/ros2_ws/src/navigation2/nav2_voxel_grid -DAMENT_CMAKE_SYMLINK_INSTALL=1 -DCMAKE_INSTALL_PREFIX=/home/brilliant/ros2_ws/install/nav2_voxel_grid
[9.574s] Level 1:colcon.colcon_core.shell:create_environment_hook('twist_stamper', 'pythonpath_develop')
[9.575s] INFO:colcon.colcon_core.shell:Creating environment hook '/home/brilliant/ros2_ws/build/twist_stamper/share/twist_stamper/hook/pythonpath_develop.ps1'
[9.577s] DEBUG:colcon.colcon_core.event_handler.log_command:Invoked command in '/home/brilliant/ros2_ws/build/twist_stamper' returned '0': DEBUGINFOD_URLS=https://debuginfod.ubuntu.com PYTHONPATH=/home/brilliant/ros2_ws/build/twist_stamper/prefix_override:/usr/lib/python3/dist-packages/colcon_core/task/python/colcon_distutils_commands:/home/brilliant/ros2_ws/install/twist_stamper/lib/python3.12/site-packages:${PYTHONPATH} /usr/bin/python3 -W ignore:setup.py install is deprecated -W ignore:easy_install command is deprecated setup.py develop --editable --build-directory /home/brilliant/ros2_ws/build/twist_stamper/build --no-deps symlink_data
[9.580s] INFO:colcon.colcon_core.shell:Creating environment descriptor '/home/brilliant/ros2_ws/build/twist_stamper/share/twist_stamper/hook/pythonpath_develop.dsv'
[9.584s] INFO:colcon.colcon_core.shell:Creating environment hook '/home/brilliant/ros2_ws/build/twist_stamper/share/twist_stamper/hook/pythonpath_develop.sh'
[9.589s] Level 1:colcon.colcon_core.environment:checking '/home/brilliant/ros2_ws/install/twist_stamper' for CMake module files
[9.600s] Level 1:colcon.colcon_core.environment:checking '/home/brilliant/ros2_ws/install/twist_stamper' for CMake config files
[9.601s] Level 1:colcon.colcon_core.environment:checking '/home/brilliant/ros2_ws/install/twist_stamper/lib'
[9.601s] Level 1:colcon.colcon_core.environment:checking '/home/brilliant/ros2_ws/install/twist_stamper/bin'
[9.601s] Level 1:colcon.colcon_core.environment:checking '/home/brilliant/ros2_ws/install/twist_stamper/lib/pkgconfig/twist_stamper.pc'
[9.608s] Level 1:colcon.colcon_core.environment:checking '/home/brilliant/ros2_ws/install/twist_stamper/lib/python3.12/site-packages'
[9.608s] Level 1:colcon.colcon_core.shell:create_environment_hook('twist_stamper', 'pythonpath')
[9.610s] INFO:colcon.colcon_core.shell:Creating environment hook '/home/brilliant/ros2_ws/install/twist_stamper/share/twist_stamper/hook/pythonpath.ps1'
[9.616s] INFO:colcon.colcon_core.shell:Creating environment descriptor '/home/brilliant/ros2_ws/install/twist_stamper/share/twist_stamper/hook/pythonpath.dsv'
[9.623s] INFO:colcon.colcon_core.shell:Creating environment hook '/home/brilliant/ros2_ws/install/twist_stamper/share/twist_stamper/hook/pythonpath.sh'
[9.624s] Level 1:colcon.colcon_core.environment:checking '/home/brilliant/ros2_ws/install/twist_stamper/bin'
[9.625s] Level 1:colcon.colcon_core.environment:create_environment_scripts_only(twist_stamper)
[9.637s] INFO:colcon.colcon_core.shell:Creating package script '/home/brilliant/ros2_ws/install/twist_stamper/share/twist_stamper/package.ps1'
[9.639s] INFO:colcon.colcon_core.shell:Creating package descriptor '/home/brilliant/ros2_ws/install/twist_stamper/share/twist_stamper/package.dsv'
[9.654s] INFO:colcon.colcon_core.shell:Creating package script '/home/brilliant/ros2_ws/install/twist_stamper/share/twist_stamper/package.sh'
[9.655s] INFO:colcon.colcon_core.shell:Creating package script '/home/brilliant/ros2_ws/install/twist_stamper/share/twist_stamper/package.bash'
[9.674s] INFO:colcon.colcon_core.shell:Creating package script '/home/brilliant/ros2_ws/install/twist_stamper/share/twist_stamper/package.zsh'
[9.675s] Level 1:colcon.colcon_core.environment:create_file_with_runtime_dependencies(/home/brilliant/ros2_ws/install/twist_stamper/share/colcon-core/packages/twist_stamper)
[13.839s] DEBUG:colcon.colcon_core.event_handler.log_command:Invoked command in '/home/brilliant/ros2_ws/build/nav2_voxel_grid' returned '0': AMENT_PREFIX_PATH=/home/brilliant/ros2_ws/install/nav2_common:${AMENT_PREFIX_PATH} CMAKE_PREFIX_PATH=/home/brilliant/ros2_ws/install/nav2_common:/home/brilliant/ros2_ws/install/sllidar_ros2:/home/brilliant/ros2_ws/install/serial:/home/brilliant/ros2_ws/install/minibot:/home/brilliant/ros2_ws/install/diffdrive_arduino:/opt/ros/jazzy/opt/gz_sim_vendor:/opt/ros/jazzy/opt/gz_sensors_vendor:/opt/ros/jazzy/opt/gz_physics_vendor:/opt/ros/jazzy/opt/sdformat_vendor:/opt/ros/jazzy/opt/gz_gui_vendor:/opt/ros/jazzy/opt/gz_transport_vendor:/opt/ros/jazzy/opt/gz_rendering_vendor:/opt/ros/jazzy/opt/gz_plugin_vendor:/opt/ros/jazzy/opt/gz_fuel_tools_vendor:/opt/ros/jazzy/opt/gz_msgs_vendor:/opt/ros/jazzy/opt/gz_common_vendor:/opt/ros/jazzy/opt/gz_math_vendor:/opt/ros/jazzy/opt/gz_utils_vendor:/opt/ros/jazzy/opt/gz_tools_vendor:/opt/ros/jazzy/opt/gz_ogre_next_vendor:/opt/ros/jazzy/opt/gz_dartsim_vendor:/opt/ros/jazzy/opt/gz_cmake_vendor:/home/brilliant/ros2_ws/install/twist_stamper:/opt/ros/jazzy DEBUGINFOD_URLS=https://debuginfod.ubuntu.com PYTHONPATH=/home/brilliant/ros2_ws/install/nav2_common/lib/python3.12/site-packages:${PYTHONPATH} /usr/bin/cmake /home/brilliant/ros2_ws/src/navigation2/nav2_voxel_grid -DAMENT_CMAKE_SYMLINK_INSTALL=1 -DCMAKE_INSTALL_PREFIX=/home/brilliant/ros2_ws/install/nav2_voxel_grid
[13.842s] DEBUG:colcon.colcon_core.event_handler.log_command:Invoking command in '/home/brilliant/ros2_ws/build/nav2_voxel_grid': AMENT_PREFIX_PATH=/home/brilliant/ros2_ws/install/nav2_common:${AMENT_PREFIX_PATH} CMAKE_PREFIX_PATH=/home/brilliant/ros2_ws/install/nav2_common:/home/brilliant/ros2_ws/install/sllidar_ros2:/home/brilliant/ros2_ws/install/serial:/home/brilliant/ros2_ws/install/minibot:/home/brilliant/ros2_ws/install/diffdrive_arduino:/opt/ros/jazzy/opt/gz_sim_vendor:/opt/ros/jazzy/opt/gz_sensors_vendor:/opt/ros/jazzy/opt/gz_physics_vendor:/opt/ros/jazzy/opt/sdformat_vendor:/opt/ros/jazzy/opt/gz_gui_vendor:/opt/ros/jazzy/opt/gz_transport_vendor:/opt/ros/jazzy/opt/gz_rendering_vendor:/opt/ros/jazzy/opt/gz_plugin_vendor:/opt/ros/jazzy/opt/gz_fuel_tools_vendor:/opt/ros/jazzy/opt/gz_msgs_vendor:/opt/ros/jazzy/opt/gz_common_vendor:/opt/ros/jazzy/opt/gz_math_vendor:/opt/ros/jazzy/opt/gz_utils_vendor:/opt/ros/jazzy/opt/gz_tools_vendor:/opt/ros/jazzy/opt/gz_ogre_next_vendor:/opt/ros/jazzy/opt/gz_dartsim_vendor:/opt/ros/jazzy/opt/gz_cmake_vendor:/home/brilliant/ros2_ws/install/twist_stamper:/opt/ros/jazzy DEBUGINFOD_URLS=https://debuginfod.ubuntu.com PYTHONPATH=/home/brilliant/ros2_ws/install/nav2_common/lib/python3.12/site-packages:${PYTHONPATH} /usr/bin/cmake --build /home/brilliant/ros2_ws/build/nav2_voxel_grid -- -j4 -l4
[15.308s] DEBUG:colcon.colcon_core.event_handler.log_command:Invoked command in '/home/brilliant/ros2_ws/build/nav_2d_msgs' returned '0': CMAKE_PREFIX_PATH=${CMAKE_PREFIX_PATH}:/home/brilliant/ros2_ws/install/twist_stamper:/opt/ros/jazzy DEBUGINFOD_URLS=https://debuginfod.ubuntu.com /usr/bin/cmake /home/brilliant/ros2_ws/src/navigation2/nav2_dwb_controller/nav_2d_msgs -DAMENT_CMAKE_SYMLINK_INSTALL=1 -DCMAKE_INSTALL_PREFIX=/home/brilliant/ros2_ws/install/nav_2d_msgs
[15.313s] DEBUG:colcon.colcon_core.event_handler.log_command:Invoking command in '/home/brilliant/ros2_ws/build/nav_2d_msgs': CMAKE_PREFIX_PATH=${CMAKE_PREFIX_PATH}:/home/brilliant/ros2_ws/install/twist_stamper:/opt/ros/jazzy DEBUGINFOD_URLS=https://debuginfod.ubuntu.com /usr/bin/cmake --build /home/brilliant/ros2_ws/build/nav_2d_msgs -- -j4 -l4
[27.648s] DEBUG:colcon.colcon_core.event_handler.log_command:Invoked command in '/home/brilliant/ros2_ws/build/nav2_msgs' returned '0': AMENT_PREFIX_PATH=/home/brilliant/ros2_ws/install/nav2_common:${AMENT_PREFIX_PATH} CMAKE_PREFIX_PATH=/home/brilliant/ros2_ws/install/nav2_common:/home/brilliant/ros2_ws/install/sllidar_ros2:/home/brilliant/ros2_ws/install/serial:/home/brilliant/ros2_ws/install/minibot:/home/brilliant/ros2_ws/install/diffdrive_arduino:/opt/ros/jazzy/opt/gz_sim_vendor:/opt/ros/jazzy/opt/gz_sensors_vendor:/opt/ros/jazzy/opt/gz_physics_vendor:/opt/ros/jazzy/opt/sdformat_vendor:/opt/ros/jazzy/opt/gz_gui_vendor:/opt/ros/jazzy/opt/gz_transport_vendor:/opt/ros/jazzy/opt/gz_rendering_vendor:/opt/ros/jazzy/opt/gz_plugin_vendor:/opt/ros/jazzy/opt/gz_fuel_tools_vendor:/opt/ros/jazzy/opt/gz_msgs_vendor:/opt/ros/jazzy/opt/gz_common_vendor:/opt/ros/jazzy/opt/gz_math_vendor:/opt/ros/jazzy/opt/gz_utils_vendor:/opt/ros/jazzy/opt/gz_tools_vendor:/opt/ros/jazzy/opt/gz_ogre_next_vendor:/opt/ros/jazzy/opt/gz_dartsim_vendor:/opt/ros/jazzy/opt/gz_cmake_vendor:/home/brilliant/ros2_ws/install/twist_stamper:/opt/ros/jazzy DEBUGINFOD_URLS=https://debuginfod.ubuntu.com PYTHONPATH=/home/brilliant/ros2_ws/install/nav2_common/lib/python3.12/site-packages:${PYTHONPATH} /usr/bin/cmake /home/brilliant/ros2_ws/src/navigation2/nav2_msgs -DAMENT_CMAKE_SYMLINK_INSTALL=1 -DCMAKE_INSTALL_PREFIX=/home/brilliant/ros2_ws/install/nav2_msgs
[27.649s] DEBUG:colcon.colcon_core.event_handler.log_command:Invoking command in '/home/brilliant/ros2_ws/build/nav2_msgs': AMENT_PREFIX_PATH=/home/brilliant/ros2_ws/install/nav2_common:${AMENT_PREFIX_PATH} CMAKE_PREFIX_PATH=/home/brilliant/ros2_ws/install/nav2_common:/home/brilliant/ros2_ws/install/sllidar_ros2:/home/brilliant/ros2_ws/install/serial:/home/brilliant/ros2_ws/install/minibot:/home/brilliant/ros2_ws/install/diffdrive_arduino:/opt/ros/jazzy/opt/gz_sim_vendor:/opt/ros/jazzy/opt/gz_sensors_vendor:/opt/ros/jazzy/opt/gz_physics_vendor:/opt/ros/jazzy/opt/sdformat_vendor:/opt/ros/jazzy/opt/gz_gui_vendor:/opt/ros/jazzy/opt/gz_transport_vendor:/opt/ros/jazzy/opt/gz_rendering_vendor:/opt/ros/jazzy/opt/gz_plugin_vendor:/opt/ros/jazzy/opt/gz_fuel_tools_vendor:/opt/ros/jazzy/opt/gz_msgs_vendor:/opt/ros/jazzy/opt/gz_common_vendor:/opt/ros/jazzy/opt/gz_math_vendor:/opt/ros/jazzy/opt/gz_utils_vendor:/opt/ros/jazzy/opt/gz_tools_vendor:/opt/ros/jazzy/opt/gz_ogre_next_vendor:/opt/ros/jazzy/opt/gz_dartsim_vendor:/opt/ros/jazzy/opt/gz_cmake_vendor:/home/brilliant/ros2_ws/install/twist_stamper:/opt/ros/jazzy DEBUGINFOD_URLS=https://debuginfod.ubuntu.com PYTHONPATH=/home/brilliant/ros2_ws/install/nav2_common/lib/python3.12/site-packages:${PYTHONPATH} /usr/bin/cmake --build /home/brilliant/ros2_ws/build/nav2_msgs -- -j4 -l4
[69.509s] DEBUG:colcon.colcon_core.event_handler.log_command:Invoked command in '/home/brilliant/ros2_ws/build/nav2_voxel_grid' returned '0': AMENT_PREFIX_PATH=/home/brilliant/ros2_ws/install/nav2_common:${AMENT_PREFIX_PATH} CMAKE_PREFIX_PATH=/home/brilliant/ros2_ws/install/nav2_common:/home/brilliant/ros2_ws/install/sllidar_ros2:/home/brilliant/ros2_ws/install/serial:/home/brilliant/ros2_ws/install/minibot:/home/brilliant/ros2_ws/install/diffdrive_arduino:/opt/ros/jazzy/opt/gz_sim_vendor:/opt/ros/jazzy/opt/gz_sensors_vendor:/opt/ros/jazzy/opt/gz_physics_vendor:/opt/ros/jazzy/opt/sdformat_vendor:/opt/ros/jazzy/opt/gz_gui_vendor:/opt/ros/jazzy/opt/gz_transport_vendor:/opt/ros/jazzy/opt/gz_rendering_vendor:/opt/ros/jazzy/opt/gz_plugin_vendor:/opt/ros/jazzy/opt/gz_fuel_tools_vendor:/opt/ros/jazzy/opt/gz_msgs_vendor:/opt/ros/jazzy/opt/gz_common_vendor:/opt/ros/jazzy/opt/gz_math_vendor:/opt/ros/jazzy/opt/gz_utils_vendor:/opt/ros/jazzy/opt/gz_tools_vendor:/opt/ros/jazzy/opt/gz_ogre_next_vendor:/opt/ros/jazzy/opt/gz_dartsim_vendor:/opt/ros/jazzy/opt/gz_cmake_vendor:/home/brilliant/ros2_ws/install/twist_stamper:/opt/ros/jazzy DEBUGINFOD_URLS=https://debuginfod.ubuntu.com PYTHONPATH=/home/brilliant/ros2_ws/install/nav2_common/lib/python3.12/site-packages:${PYTHONPATH} /usr/bin/cmake --build /home/brilliant/ros2_ws/build/nav2_voxel_grid -- -j4 -l4
[69.528s] DEBUG:colcon.colcon_core.event_handler.log_command:Invoking command in '/home/brilliant/ros2_ws/build/nav2_voxel_grid': AMENT_PREFIX_PATH=/home/brilliant/ros2_ws/install/nav2_common:${AMENT_PREFIX_PATH} CMAKE_PREFIX_PATH=/home/brilliant/ros2_ws/install/nav2_common:/home/brilliant/ros2_ws/install/sllidar_ros2:/home/brilliant/ros2_ws/install/serial:/home/brilliant/ros2_ws/install/minibot:/home/brilliant/ros2_ws/install/diffdrive_arduino:/opt/ros/jazzy/opt/gz_sim_vendor:/opt/ros/jazzy/opt/gz_sensors_vendor:/opt/ros/jazzy/opt/gz_physics_vendor:/opt/ros/jazzy/opt/sdformat_vendor:/opt/ros/jazzy/opt/gz_gui_vendor:/opt/ros/jazzy/opt/gz_transport_vendor:/opt/ros/jazzy/opt/gz_rendering_vendor:/opt/ros/jazzy/opt/gz_plugin_vendor:/opt/ros/jazzy/opt/gz_fuel_tools_vendor:/opt/ros/jazzy/opt/gz_msgs_vendor:/opt/ros/jazzy/opt/gz_common_vendor:/opt/ros/jazzy/opt/gz_math_vendor:/opt/ros/jazzy/opt/gz_utils_vendor:/opt/ros/jazzy/opt/gz_tools_vendor:/opt/ros/jazzy/opt/gz_ogre_next_vendor:/opt/ros/jazzy/opt/gz_dartsim_vendor:/opt/ros/jazzy/opt/gz_cmake_vendor:/home/brilliant/ros2_ws/install/twist_stamper:/opt/ros/jazzy DEBUGINFOD_URLS=https://debuginfod.ubuntu.com PYTHONPATH=/home/brilliant/ros2_ws/install/nav2_common/lib/python3.12/site-packages:${PYTHONPATH} /usr/bin/cmake --install /home/brilliant/ros2_ws/build/nav2_voxel_grid
[70.547s] Level 1:colcon.colcon_core.environment:create_environment_scripts_only(nav2_voxel_grid)
[70.556s] Level 1:colcon.colcon_core.environment:checking '/home/brilliant/ros2_ws/install/nav2_voxel_grid' for CMake module files
[70.564s] DEBUG:colcon.colcon_core.event_handler.log_command:Invoked command in '/home/brilliant/ros2_ws/build/nav2_voxel_grid' returned '0': AMENT_PREFIX_PATH=/home/brilliant/ros2_ws/install/nav2_common:${AMENT_PREFIX_PATH} CMAKE_PREFIX_PATH=/home/brilliant/ros2_ws/install/nav2_common:/home/brilliant/ros2_ws/install/sllidar_ros2:/home/brilliant/ros2_ws/install/serial:/home/brilliant/ros2_ws/install/minibot:/home/brilliant/ros2_ws/install/diffdrive_arduino:/opt/ros/jazzy/opt/gz_sim_vendor:/opt/ros/jazzy/opt/gz_sensors_vendor:/opt/ros/jazzy/opt/gz_physics_vendor:/opt/ros/jazzy/opt/sdformat_vendor:/opt/ros/jazzy/opt/gz_gui_vendor:/opt/ros/jazzy/opt/gz_transport_vendor:/opt/ros/jazzy/opt/gz_rendering_vendor:/opt/ros/jazzy/opt/gz_plugin_vendor:/opt/ros/jazzy/opt/gz_fuel_tools_vendor:/opt/ros/jazzy/opt/gz_msgs_vendor:/opt/ros/jazzy/opt/gz_common_vendor:/opt/ros/jazzy/opt/gz_math_vendor:/opt/ros/jazzy/opt/gz_utils_vendor:/opt/ros/jazzy/opt/gz_tools_vendor:/opt/ros/jazzy/opt/gz_ogre_next_vendor:/opt/ros/jazzy/opt/gz_dartsim_vendor:/opt/ros/jazzy/opt/gz_cmake_vendor:/home/brilliant/ros2_ws/install/twist_stamper:/opt/ros/jazzy DEBUGINFOD_URLS=https://debuginfod.ubuntu.com PYTHONPATH=/home/brilliant/ros2_ws/install/nav2_common/lib/python3.12/site-packages:${PYTHONPATH} /usr/bin/cmake --install /home/brilliant/ros2_ws/build/nav2_voxel_grid
[70.565s] Level 1:colcon.colcon_core.environment:checking '/home/brilliant/ros2_ws/install/nav2_voxel_grid' for CMake config files
[70.570s] Level 1:colcon.colcon_core.shell:create_environment_hook('nav2_voxel_grid', 'cmake_prefix_path')
[70.573s] INFO:colcon.colcon_core.shell:Creating environment hook '/home/brilliant/ros2_ws/install/nav2_voxel_grid/share/nav2_voxel_grid/hook/cmake_prefix_path.ps1'
[70.587s] INFO:colcon.colcon_core.shell:Creating environment descriptor '/home/brilliant/ros2_ws/install/nav2_voxel_grid/share/nav2_voxel_grid/hook/cmake_prefix_path.dsv'
[70.589s] INFO:colcon.colcon_core.shell:Creating environment hook '/home/brilliant/ros2_ws/install/nav2_voxel_grid/share/nav2_voxel_grid/hook/cmake_prefix_path.sh'
[70.606s] Level 1:colcon.colcon_core.environment:checking '/home/brilliant/ros2_ws/install/nav2_voxel_grid/lib'
[70.609s] Level 1:colcon.colcon_core.shell:create_environment_hook('nav2_voxel_grid', 'ld_library_path_lib')
[70.613s] INFO:colcon.colcon_core.shell:Creating environment hook '/home/brilliant/ros2_ws/install/nav2_voxel_grid/share/nav2_voxel_grid/hook/ld_library_path_lib.ps1'
[70.614s] INFO:colcon.colcon_core.shell:Creating environment descriptor '/home/brilliant/ros2_ws/install/nav2_voxel_grid/share/nav2_voxel_grid/hook/ld_library_path_lib.dsv'
[70.618s] INFO:colcon.colcon_core.shell:Creating environment hook '/home/brilliant/ros2_ws/install/nav2_voxel_grid/share/nav2_voxel_grid/hook/ld_library_path_lib.sh'
[70.627s] Level 1:colcon.colcon_core.environment:checking '/home/brilliant/ros2_ws/install/nav2_voxel_grid/bin'
[70.627s] Level 1:colcon.colcon_core.environment:checking '/home/brilliant/ros2_ws/install/nav2_voxel_grid/lib/pkgconfig/nav2_voxel_grid.pc'
[70.636s] Level 1:colcon.colcon_core.environment:checking '/home/brilliant/ros2_ws/install/nav2_voxel_grid/lib/python3.12/site-packages'
[70.637s] Level 1:colcon.colcon_core.environment:checking '/home/brilliant/ros2_ws/install/nav2_voxel_grid/bin'
[70.649s] INFO:colcon.colcon_core.shell:Creating package script '/home/brilliant/ros2_ws/install/nav2_voxel_grid/share/nav2_voxel_grid/package.ps1'
[70.658s] INFO:colcon.colcon_core.shell:Creating package descriptor '/home/brilliant/ros2_ws/install/nav2_voxel_grid/share/nav2_voxel_grid/package.dsv'
[70.663s] INFO:colcon.colcon_core.shell:Creating package script '/home/brilliant/ros2_ws/install/nav2_voxel_grid/share/nav2_voxel_grid/package.sh'
[70.664s] INFO:colcon.colcon_core.shell:Creating package script '/home/brilliant/ros2_ws/install/nav2_voxel_grid/share/nav2_voxel_grid/package.bash'
[70.665s] INFO:colcon.colcon_core.shell:Creating package script '/home/brilliant/ros2_ws/install/nav2_voxel_grid/share/nav2_voxel_grid/package.zsh'
[70.676s] Level 1:colcon.colcon_core.environment:create_file_with_runtime_dependencies(/home/brilliant/ros2_ws/install/nav2_voxel_grid/share/colcon-core/packages/nav2_voxel_grid)
[70.679s] Level 1:colcon.colcon_core.environment:create_environment_scripts_only(nav2_voxel_grid)
[70.683s] Level 1:colcon.colcon_core.environment:checking '/home/brilliant/ros2_ws/install/nav2_voxel_grid' for CMake module files
[70.684s] Level 1:colcon.colcon_core.environment:checking '/home/brilliant/ros2_ws/install/nav2_voxel_grid' for CMake config files
[70.687s] Level 1:colcon.colcon_core.shell:create_environment_hook('nav2_voxel_grid', 'cmake_prefix_path')
[70.688s] INFO:colcon.colcon_core.shell:Creating environment hook '/home/brilliant/ros2_ws/install/nav2_voxel_grid/share/nav2_voxel_grid/hook/cmake_prefix_path.ps1'
[70.692s] INFO:colcon.colcon_core.shell:Creating environment descriptor '/home/brilliant/ros2_ws/install/nav2_voxel_grid/share/nav2_voxel_grid/hook/cmake_prefix_path.dsv'
[70.694s] INFO:colcon.colcon_core.shell:Creating environment hook '/home/brilliant/ros2_ws/install/nav2_voxel_grid/share/nav2_voxel_grid/hook/cmake_prefix_path.sh'
[70.696s] Level 1:colcon.colcon_core.environment:checking '/home/brilliant/ros2_ws/install/nav2_voxel_grid/lib'
[70.697s] Level 1:colcon.colcon_core.shell:create_environment_hook('nav2_voxel_grid', 'ld_library_path_lib')
[70.697s] INFO:colcon.colcon_core.shell:Creating environment hook '/home/brilliant/ros2_ws/install/nav2_voxel_grid/share/nav2_voxel_grid/hook/ld_library_path_lib.ps1'
[70.702s] INFO:colcon.colcon_core.shell:Creating environment descriptor '/home/brilliant/ros2_ws/install/nav2_voxel_grid/share/nav2_voxel_grid/hook/ld_library_path_lib.dsv'
[70.703s] INFO:colcon.colcon_core.shell:Creating environment hook '/home/brilliant/ros2_ws/install/nav2_voxel_grid/share/nav2_voxel_grid/hook/ld_library_path_lib.sh'
[70.705s] Level 1:colcon.colcon_core.environment:checking '/home/brilliant/ros2_ws/install/nav2_voxel_grid/bin'
[70.706s] Level 1:colcon.colcon_core.environment:checking '/home/brilliant/ros2_ws/install/nav2_voxel_grid/lib/pkgconfig/nav2_voxel_grid.pc'
[70.706s] Level 1:colcon.colcon_core.environment:checking '/home/brilliant/ros2_ws/install/nav2_voxel_grid/lib/python3.12/site-packages'
[70.707s] Level 1:colcon.colcon_core.environment:checking '/home/brilliant/ros2_ws/install/nav2_voxel_grid/bin'
[70.707s] INFO:colcon.colcon_core.shell:Creating package script '/home/brilliant/ros2_ws/install/nav2_voxel_grid/share/nav2_voxel_grid/package.ps1'
[70.712s] INFO:colcon.colcon_core.shell:Creating package descriptor '/home/brilliant/ros2_ws/install/nav2_voxel_grid/share/nav2_voxel_grid/package.dsv'
[70.716s] INFO:colcon.colcon_core.shell:Creating package script '/home/brilliant/ros2_ws/install/nav2_voxel_grid/share/nav2_voxel_grid/package.sh'
[70.719s] INFO:colcon.colcon_core.shell:Creating package script '/home/brilliant/ros2_ws/install/nav2_voxel_grid/share/nav2_voxel_grid/package.bash'
[70.727s] INFO:colcon.colcon_core.shell:Creating package script '/home/brilliant/ros2_ws/install/nav2_voxel_grid/share/nav2_voxel_grid/package.zsh'
[70.728s] Level 1:colcon.colcon_core.environment:create_file_with_runtime_dependencies(/home/brilliant/ros2_ws/install/nav2_voxel_grid/share/colcon-core/packages/nav2_voxel_grid)
[73.864s] DEBUG:colcon.colcon_core.event_handler.log_command:Invoked command in '/home/brilliant/ros2_ws/build/nav_2d_msgs' returned '0': CMAKE_PREFIX_PATH=${CMAKE_PREFIX_PATH}:/home/brilliant/ros2_ws/install/twist_stamper:/opt/ros/jazzy DEBUGINFOD_URLS=https://debuginfod.ubuntu.com /usr/bin/cmake --build /home/brilliant/ros2_ws/build/nav_2d_msgs -- -j4 -l4
[73.867s] DEBUG:colcon.colcon_core.event_handler.log_command:Invoking command in '/home/brilliant/ros2_ws/build/nav_2d_msgs': CMAKE_PREFIX_PATH=${CMAKE_PREFIX_PATH}:/home/brilliant/ros2_ws/install/twist_stamper:/opt/ros/jazzy DEBUGINFOD_URLS=https://debuginfod.ubuntu.com /usr/bin/cmake --install /home/brilliant/ros2_ws/build/nav_2d_msgs
[77.790s] Level 1:colcon.colcon_core.environment:create_environment_scripts_only(nav_2d_msgs)
[77.791s] Level 1:colcon.colcon_core.environment:checking '/home/brilliant/ros2_ws/install/nav_2d_msgs' for CMake module files
[77.793s] DEBUG:colcon.colcon_core.event_handler.log_command:Invoked command in '/home/brilliant/ros2_ws/build/nav_2d_msgs' returned '0': CMAKE_PREFIX_PATH=${CMAKE_PREFIX_PATH}:/home/brilliant/ros2_ws/install/twist_stamper:/opt/ros/jazzy DEBUGINFOD_URLS=https://debuginfod.ubuntu.com /usr/bin/cmake --install /home/brilliant/ros2_ws/build/nav_2d_msgs
[77.794s] Level 1:colcon.colcon_core.environment:checking '/home/brilliant/ros2_ws/install/nav_2d_msgs' for CMake config files
[77.797s] Level 1:colcon.colcon_core.shell:create_environment_hook('nav_2d_msgs', 'cmake_prefix_path')
[77.798s] INFO:colcon.colcon_core.shell:Creating environment hook '/home/brilliant/ros2_ws/install/nav_2d_msgs/share/nav_2d_msgs/hook/cmake_prefix_path.ps1'
[77.799s] INFO:colcon.colcon_core.shell:Creating environment descriptor '/home/brilliant/ros2_ws/install/nav_2d_msgs/share/nav_2d_msgs/hook/cmake_prefix_path.dsv'
[77.806s] INFO:colcon.colcon_core.shell:Creating environment hook '/home/brilliant/ros2_ws/install/nav_2d_msgs/share/nav_2d_msgs/hook/cmake_prefix_path.sh'
[77.808s] Level 1:colcon.colcon_core.environment:checking '/home/brilliant/ros2_ws/install/nav_2d_msgs/lib'
[77.808s] Level 1:colcon.colcon_core.shell:create_environment_hook('nav_2d_msgs', 'ld_library_path_lib')
[77.809s] INFO:colcon.colcon_core.shell:Creating environment hook '/home/brilliant/ros2_ws/install/nav_2d_msgs/share/nav_2d_msgs/hook/ld_library_path_lib.ps1'
[77.810s] INFO:colcon.colcon_core.shell:Creating environment descriptor '/home/brilliant/ros2_ws/install/nav_2d_msgs/share/nav_2d_msgs/hook/ld_library_path_lib.dsv'
[77.811s] INFO:colcon.colcon_core.shell:Creating environment hook '/home/brilliant/ros2_ws/install/nav_2d_msgs/share/nav_2d_msgs/hook/ld_library_path_lib.sh'
[77.812s] Level 1:colcon.colcon_core.environment:checking '/home/brilliant/ros2_ws/install/nav_2d_msgs/bin'
[77.813s] Level 1:colcon.colcon_core.environment:checking '/home/brilliant/ros2_ws/install/nav_2d_msgs/lib/pkgconfig/nav_2d_msgs.pc'
[77.814s] Level 1:colcon.colcon_core.environment:checking '/home/brilliant/ros2_ws/install/nav_2d_msgs/lib/python3.12/site-packages'
[77.815s] Level 1:colcon.colcon_core.shell:create_environment_hook('nav_2d_msgs', 'pythonpath')
[77.817s] INFO:colcon.colcon_core.shell:Creating environment hook '/home/brilliant/ros2_ws/install/nav_2d_msgs/share/nav_2d_msgs/hook/pythonpath.ps1'
[77.818s] INFO:colcon.colcon_core.shell:Creating environment descriptor '/home/brilliant/ros2_ws/install/nav_2d_msgs/share/nav_2d_msgs/hook/pythonpath.dsv'
[77.819s] INFO:colcon.colcon_core.shell:Creating environment hook '/home/brilliant/ros2_ws/install/nav_2d_msgs/share/nav_2d_msgs/hook/pythonpath.sh'
[77.821s] Level 1:colcon.colcon_core.environment:checking '/home/brilliant/ros2_ws/install/nav_2d_msgs/bin'
[77.822s] INFO:colcon.colcon_core.shell:Creating package script '/home/brilliant/ros2_ws/install/nav_2d_msgs/share/nav_2d_msgs/package.ps1'
[77.824s] INFO:colcon.colcon_core.shell:Creating package descriptor '/home/brilliant/ros2_ws/install/nav_2d_msgs/share/nav_2d_msgs/package.dsv'
[77.826s] INFO:colcon.colcon_core.shell:Creating package script '/home/brilliant/ros2_ws/install/nav_2d_msgs/share/nav_2d_msgs/package.sh'
[77.827s] INFO:colcon.colcon_core.shell:Creating package script '/home/brilliant/ros2_ws/install/nav_2d_msgs/share/nav_2d_msgs/package.bash'
[77.828s] INFO:colcon.colcon_core.shell:Creating package script '/home/brilliant/ros2_ws/install/nav_2d_msgs/share/nav_2d_msgs/package.zsh'
[77.829s] Level 1:colcon.colcon_core.environment:create_file_with_runtime_dependencies(/home/brilliant/ros2_ws/install/nav_2d_msgs/share/colcon-core/packages/nav_2d_msgs)
[77.833s] Level 1:colcon.colcon_core.environment:create_environment_scripts_only(nav_2d_msgs)
[77.833s] Level 1:colcon.colcon_core.environment:checking '/home/brilliant/ros2_ws/install/nav_2d_msgs' for CMake module files
[77.836s] Level 1:colcon.colcon_core.environment:checking '/home/brilliant/ros2_ws/install/nav_2d_msgs' for CMake config files
[77.839s] Level 1:colcon.colcon_core.shell:create_environment_hook('nav_2d_msgs', 'cmake_prefix_path')
[77.839s] INFO:colcon.colcon_core.shell:Creating environment hook '/home/brilliant/ros2_ws/install/nav_2d_msgs/share/nav_2d_msgs/hook/cmake_prefix_path.ps1'
[77.840s] INFO:colcon.colcon_core.shell:Creating environment descriptor '/home/brilliant/ros2_ws/install/nav_2d_msgs/share/nav_2d_msgs/hook/cmake_prefix_path.dsv'
[77.841s] INFO:colcon.colcon_core.shell:Creating environment hook '/home/brilliant/ros2_ws/install/nav_2d_msgs/share/nav_2d_msgs/hook/cmake_prefix_path.sh'
[77.843s] Level 1:colcon.colcon_core.environment:checking '/home/brilliant/ros2_ws/install/nav_2d_msgs/lib'
[77.843s] Level 1:colcon.colcon_core.shell:create_environment_hook('nav_2d_msgs', 'ld_library_path_lib')
[77.844s] INFO:colcon.colcon_core.shell:Creating environment hook '/home/brilliant/ros2_ws/install/nav_2d_msgs/share/nav_2d_msgs/hook/ld_library_path_lib.ps1'
[77.845s] INFO:colcon.colcon_core.shell:Creating environment descriptor '/home/brilliant/ros2_ws/install/nav_2d_msgs/share/nav_2d_msgs/hook/ld_library_path_lib.dsv'
[77.846s] INFO:colcon.colcon_core.shell:Creating environment hook '/home/brilliant/ros2_ws/install/nav_2d_msgs/share/nav_2d_msgs/hook/ld_library_path_lib.sh'
[77.847s] Level 1:colcon.colcon_core.environment:checking '/home/brilliant/ros2_ws/install/nav_2d_msgs/bin'
[77.847s] Level 1:colcon.colcon_core.environment:checking '/home/brilliant/ros2_ws/install/nav_2d_msgs/lib/pkgconfig/nav_2d_msgs.pc'
[77.848s] Level 1:colcon.colcon_core.environment:checking '/home/brilliant/ros2_ws/install/nav_2d_msgs/lib/python3.12/site-packages'
[77.848s] Level 1:colcon.colcon_core.shell:create_environment_hook('nav_2d_msgs', 'pythonpath')
[77.849s] INFO:colcon.colcon_core.shell:Creating environment hook '/home/brilliant/ros2_ws/install/nav_2d_msgs/share/nav_2d_msgs/hook/pythonpath.ps1'
[77.850s] INFO:colcon.colcon_core.shell:Creating environment descriptor '/home/brilliant/ros2_ws/install/nav_2d_msgs/share/nav_2d_msgs/hook/pythonpath.dsv'
[77.852s] INFO:colcon.colcon_core.shell:Creating environment hook '/home/brilliant/ros2_ws/install/nav_2d_msgs/share/nav_2d_msgs/hook/pythonpath.sh'
[77.854s] Level 1:colcon.colcon_core.environment:checking '/home/brilliant/ros2_ws/install/nav_2d_msgs/bin'
[77.855s] INFO:colcon.colcon_core.shell:Creating package script '/home/brilliant/ros2_ws/install/nav_2d_msgs/share/nav_2d_msgs/package.ps1'
[77.857s] INFO:colcon.colcon_core.shell:Creating package descriptor '/home/brilliant/ros2_ws/install/nav_2d_msgs/share/nav_2d_msgs/package.dsv'
[77.859s] INFO:colcon.colcon_core.shell:Creating package script '/home/brilliant/ros2_ws/install/nav_2d_msgs/share/nav_2d_msgs/package.sh'
[77.860s] INFO:colcon.colcon_core.shell:Creating package script '/home/brilliant/ros2_ws/install/nav_2d_msgs/share/nav_2d_msgs/package.bash'
[77.861s] INFO:colcon.colcon_core.shell:Creating package script '/home/brilliant/ros2_ws/install/nav_2d_msgs/share/nav_2d_msgs/package.zsh'
[77.863s] Level 1:colcon.colcon_core.environment:create_file_with_runtime_dependencies(/home/brilliant/ros2_ws/install/nav_2d_msgs/share/colcon-core/packages/nav_2d_msgs)
[77.867s] INFO:colcon.colcon_ros.task.ament_cmake.build:Building ROS package in '/home/brilliant/ros2_ws/src/navigation2/nav2_dwb_controller/dwb_msgs' with build type 'ament_cmake'
[77.869s] INFO:colcon.colcon_cmake.task.cmake.build:Building CMake package in '/home/brilliant/ros2_ws/src/navigation2/nav2_dwb_controller/dwb_msgs'
[77.870s] INFO:colcon.colcon_core.shell:Skip shell extension 'powershell' for command environment: Not usable outside of PowerShell
[77.871s] DEBUG:colcon.colcon_core.shell:Skip shell extension 'dsv' for command environment
[77.905s] DEBUG:colcon.colcon_core.event_handler.log_command:Invoking command in '/home/brilliant/ros2_ws/build/dwb_msgs': AMENT_PREFIX_PATH=/home/brilliant/ros2_ws/install/nav_2d_msgs:${AMENT_PREFIX_PATH} CMAKE_PREFIX_PATH=/home/brilliant/ros2_ws/install/nav_2d_msgs:/home/brilliant/ros2_ws/install/sllidar_ros2:/home/brilliant/ros2_ws/install/serial:/home/brilliant/ros2_ws/install/minibot:/home/brilliant/ros2_ws/install/diffdrive_arduino:/opt/ros/jazzy/opt/gz_sim_vendor:/opt/ros/jazzy/opt/gz_sensors_vendor:/opt/ros/jazzy/opt/gz_physics_vendor:/opt/ros/jazzy/opt/sdformat_vendor:/opt/ros/jazzy/opt/gz_gui_vendor:/opt/ros/jazzy/opt/gz_transport_vendor:/opt/ros/jazzy/opt/gz_rendering_vendor:/opt/ros/jazzy/opt/gz_plugin_vendor:/opt/ros/jazzy/opt/gz_fuel_tools_vendor:/opt/ros/jazzy/opt/gz_msgs_vendor:/opt/ros/jazzy/opt/gz_common_vendor:/opt/ros/jazzy/opt/gz_math_vendor:/opt/ros/jazzy/opt/gz_utils_vendor:/opt/ros/jazzy/opt/gz_tools_vendor:/opt/ros/jazzy/opt/gz_ogre_next_vendor:/opt/ros/jazzy/opt/gz_dartsim_vendor:/opt/ros/jazzy/opt/gz_cmake_vendor:/home/brilliant/ros2_ws/install/twist_stamper:/opt/ros/jazzy DEBUGINFOD_URLS=https://debuginfod.ubuntu.com LD_LIBRARY_PATH=/home/brilliant/ros2_ws/install/nav_2d_msgs/lib:${LD_LIBRARY_PATH} PYTHONPATH=/home/brilliant/ros2_ws/install/nav_2d_msgs/lib/python3.12/site-packages:${PYTHONPATH} /usr/bin/cmake /home/brilliant/ros2_ws/src/navigation2/nav2_dwb_controller/dwb_msgs -DAMENT_CMAKE_SYMLINK_INSTALL=1 -DCMAKE_INSTALL_PREFIX=/home/brilliant/ros2_ws/install/dwb_msgs
[87.417s] DEBUG:colcon.colcon_core.event_handler.log_command:Invoked command in '/home/brilliant/ros2_ws/build/dwb_msgs' returned '0': AMENT_PREFIX_PATH=/home/brilliant/ros2_ws/install/nav_2d_msgs:${AMENT_PREFIX_PATH} CMAKE_PREFIX_PATH=/home/brilliant/ros2_ws/install/nav_2d_msgs:/home/brilliant/ros2_ws/install/sllidar_ros2:/home/brilliant/ros2_ws/install/serial:/home/brilliant/ros2_ws/install/minibot:/home/brilliant/ros2_ws/install/diffdrive_arduino:/opt/ros/jazzy/opt/gz_sim_vendor:/opt/ros/jazzy/opt/gz_sensors_vendor:/opt/ros/jazzy/opt/gz_physics_vendor:/opt/ros/jazzy/opt/sdformat_vendor:/opt/ros/jazzy/opt/gz_gui_vendor:/opt/ros/jazzy/opt/gz_transport_vendor:/opt/ros/jazzy/opt/gz_rendering_vendor:/opt/ros/jazzy/opt/gz_plugin_vendor:/opt/ros/jazzy/opt/gz_fuel_tools_vendor:/opt/ros/jazzy/opt/gz_msgs_vendor:/opt/ros/jazzy/opt/gz_common_vendor:/opt/ros/jazzy/opt/gz_math_vendor:/opt/ros/jazzy/opt/gz_utils_vendor:/opt/ros/jazzy/opt/gz_tools_vendor:/opt/ros/jazzy/opt/gz_ogre_next_vendor:/opt/ros/jazzy/opt/gz_dartsim_vendor:/opt/ros/jazzy/opt/gz_cmake_vendor:/home/brilliant/ros2_ws/install/twist_stamper:/opt/ros/jazzy DEBUGINFOD_URLS=https://debuginfod.ubuntu.com LD_LIBRARY_PATH=/home/brilliant/ros2_ws/install/nav_2d_msgs/lib:${LD_LIBRARY_PATH} PYTHONPATH=/home/brilliant/ros2_ws/install/nav_2d_msgs/lib/python3.12/site-packages:${PYTHONPATH} /usr/bin/cmake /home/brilliant/ros2_ws/src/navigation2/nav2_dwb_controller/dwb_msgs -DAMENT_CMAKE_SYMLINK_INSTALL=1 -DCMAKE_INSTALL_PREFIX=/home/brilliant/ros2_ws/install/dwb_msgs
[87.422s] DEBUG:colcon.colcon_core.event_handler.log_command:Invoking command in '/home/brilliant/ros2_ws/build/dwb_msgs': AMENT_PREFIX_PATH=/home/brilliant/ros2_ws/install/nav_2d_msgs:${AMENT_PREFIX_PATH} CMAKE_PREFIX_PATH=/home/brilliant/ros2_ws/install/nav_2d_msgs:/home/brilliant/ros2_ws/install/sllidar_ros2:/home/brilliant/ros2_ws/install/serial:/home/brilliant/ros2_ws/install/minibot:/home/brilliant/ros2_ws/install/diffdrive_arduino:/opt/ros/jazzy/opt/gz_sim_vendor:/opt/ros/jazzy/opt/gz_sensors_vendor:/opt/ros/jazzy/opt/gz_physics_vendor:/opt/ros/jazzy/opt/sdformat_vendor:/opt/ros/jazzy/opt/gz_gui_vendor:/opt/ros/jazzy/opt/gz_transport_vendor:/opt/ros/jazzy/opt/gz_rendering_vendor:/opt/ros/jazzy/opt/gz_plugin_vendor:/opt/ros/jazzy/opt/gz_fuel_tools_vendor:/opt/ros/jazzy/opt/gz_msgs_vendor:/opt/ros/jazzy/opt/gz_common_vendor:/opt/ros/jazzy/opt/gz_math_vendor:/opt/ros/jazzy/opt/gz_utils_vendor:/opt/ros/jazzy/opt/gz_tools_vendor:/opt/ros/jazzy/opt/gz_ogre_next_vendor:/opt/ros/jazzy/opt/gz_dartsim_vendor:/opt/ros/jazzy/opt/gz_cmake_vendor:/home/brilliant/ros2_ws/install/twist_stamper:/opt/ros/jazzy DEBUGINFOD_URLS=https://debuginfod.ubuntu.com LD_LIBRARY_PATH=/home/brilliant/ros2_ws/install/nav_2d_msgs/lib:${LD_LIBRARY_PATH} PYTHONPATH=/home/brilliant/ros2_ws/install/nav_2d_msgs/lib/python3.12/site-packages:${PYTHONPATH} /usr/bin/cmake --build /home/brilliant/ros2_ws/build/dwb_msgs -- -j4 -l4
[168.498s] DEBUG:colcon.colcon_core.event_handler.log_command:Invoked command in '/home/brilliant/ros2_ws/build/dwb_msgs' returned '0': AMENT_PREFIX_PATH=/home/brilliant/ros2_ws/install/nav_2d_msgs:${AMENT_PREFIX_PATH} CMAKE_PREFIX_PATH=/home/brilliant/ros2_ws/install/nav_2d_msgs:/home/brilliant/ros2_ws/install/sllidar_ros2:/home/brilliant/ros2_ws/install/serial:/home/brilliant/ros2_ws/install/minibot:/home/brilliant/ros2_ws/install/diffdrive_arduino:/opt/ros/jazzy/opt/gz_sim_vendor:/opt/ros/jazzy/opt/gz_sensors_vendor:/opt/ros/jazzy/opt/gz_physics_vendor:/opt/ros/jazzy/opt/sdformat_vendor:/opt/ros/jazzy/opt/gz_gui_vendor:/opt/ros/jazzy/opt/gz_transport_vendor:/opt/ros/jazzy/opt/gz_rendering_vendor:/opt/ros/jazzy/opt/gz_plugin_vendor:/opt/ros/jazzy/opt/gz_fuel_tools_vendor:/opt/ros/jazzy/opt/gz_msgs_vendor:/opt/ros/jazzy/opt/gz_common_vendor:/opt/ros/jazzy/opt/gz_math_vendor:/opt/ros/jazzy/opt/gz_utils_vendor:/opt/ros/jazzy/opt/gz_tools_vendor:/opt/ros/jazzy/opt/gz_ogre_next_vendor:/opt/ros/jazzy/opt/gz_dartsim_vendor:/opt/ros/jazzy/opt/gz_cmake_vendor:/home/brilliant/ros2_ws/install/twist_stamper:/opt/ros/jazzy DEBUGINFOD_URLS=https://debuginfod.ubuntu.com LD_LIBRARY_PATH=/home/brilliant/ros2_ws/install/nav_2d_msgs/lib:${LD_LIBRARY_PATH} PYTHONPATH=/home/brilliant/ros2_ws/install/nav_2d_msgs/lib/python3.12/site-packages:${PYTHONPATH} /usr/bin/cmake --build /home/brilliant/ros2_ws/build/dwb_msgs -- -j4 -l4
[168.501s] DEBUG:colcon.colcon_core.event_handler.log_command:Invoking command in '/home/brilliant/ros2_ws/build/dwb_msgs': AMENT_PREFIX_PATH=/home/brilliant/ros2_ws/install/nav_2d_msgs:${AMENT_PREFIX_PATH} CMAKE_PREFIX_PATH=/home/brilliant/ros2_ws/install/nav_2d_msgs:/home/brilliant/ros2_ws/install/sllidar_ros2:/home/brilliant/ros2_ws/install/serial:/home/brilliant/ros2_ws/install/minibot:/home/brilliant/ros2_ws/install/diffdrive_arduino:/opt/ros/jazzy/opt/gz_sim_vendor:/opt/ros/jazzy/opt/gz_sensors_vendor:/opt/ros/jazzy/opt/gz_physics_vendor:/opt/ros/jazzy/opt/sdformat_vendor:/opt/ros/jazzy/opt/gz_gui_vendor:/opt/ros/jazzy/opt/gz_transport_vendor:/opt/ros/jazzy/opt/gz_rendering_vendor:/opt/ros/jazzy/opt/gz_plugin_vendor:/opt/ros/jazzy/opt/gz_fuel_tools_vendor:/opt/ros/jazzy/opt/gz_msgs_vendor:/opt/ros/jazzy/opt/gz_common_vendor:/opt/ros/jazzy/opt/gz_math_vendor:/opt/ros/jazzy/opt/gz_utils_vendor:/opt/ros/jazzy/opt/gz_tools_vendor:/opt/ros/jazzy/opt/gz_ogre_next_vendor:/opt/ros/jazzy/opt/gz_dartsim_vendor:/opt/ros/jazzy/opt/gz_cmake_vendor:/home/brilliant/ros2_ws/install/twist_stamper:/opt/ros/jazzy DEBUGINFOD_URLS=https://debuginfod.ubuntu.com LD_LIBRARY_PATH=/home/brilliant/ros2_ws/install/nav_2d_msgs/lib:${LD_LIBRARY_PATH} PYTHONPATH=/home/brilliant/ros2_ws/install/nav_2d_msgs/lib/python3.12/site-packages:${PYTHONPATH} /usr/bin/cmake --install /home/brilliant/ros2_ws/build/dwb_msgs
[173.903s] Level 1:colcon.colcon_core.environment:create_environment_scripts_only(dwb_msgs)
[173.904s] Level 1:colcon.colcon_core.environment:checking '/home/brilliant/ros2_ws/install/dwb_msgs' for CMake module files
[173.906s] DEBUG:colcon.colcon_core.event_handler.log_command:Invoked command in '/home/brilliant/ros2_ws/build/dwb_msgs' returned '0': AMENT_PREFIX_PATH=/home/brilliant/ros2_ws/install/nav_2d_msgs:${AMENT_PREFIX_PATH} CMAKE_PREFIX_PATH=/home/brilliant/ros2_ws/install/nav_2d_msgs:/home/brilliant/ros2_ws/install/sllidar_ros2:/home/brilliant/ros2_ws/install/serial:/home/brilliant/ros2_ws/install/minibot:/home/brilliant/ros2_ws/install/diffdrive_arduino:/opt/ros/jazzy/opt/gz_sim_vendor:/opt/ros/jazzy/opt/gz_sensors_vendor:/opt/ros/jazzy/opt/gz_physics_vendor:/opt/ros/jazzy/opt/sdformat_vendor:/opt/ros/jazzy/opt/gz_gui_vendor:/opt/ros/jazzy/opt/gz_transport_vendor:/opt/ros/jazzy/opt/gz_rendering_vendor:/opt/ros/jazzy/opt/gz_plugin_vendor:/opt/ros/jazzy/opt/gz_fuel_tools_vendor:/opt/ros/jazzy/opt/gz_msgs_vendor:/opt/ros/jazzy/opt/gz_common_vendor:/opt/ros/jazzy/opt/gz_math_vendor:/opt/ros/jazzy/opt/gz_utils_vendor:/opt/ros/jazzy/opt/gz_tools_vendor:/opt/ros/jazzy/opt/gz_ogre_next_vendor:/opt/ros/jazzy/opt/gz_dartsim_vendor:/opt/ros/jazzy/opt/gz_cmake_vendor:/home/brilliant/ros2_ws/install/twist_stamper:/opt/ros/jazzy DEBUGINFOD_URLS=https://debuginfod.ubuntu.com LD_LIBRARY_PATH=/home/brilliant/ros2_ws/install/nav_2d_msgs/lib:${LD_LIBRARY_PATH} PYTHONPATH=/home/brilliant/ros2_ws/install/nav_2d_msgs/lib/python3.12/site-packages:${PYTHONPATH} /usr/bin/cmake --install /home/brilliant/ros2_ws/build/dwb_msgs
[173.907s] Level 1:colcon.colcon_core.environment:checking '/home/brilliant/ros2_ws/install/dwb_msgs' for CMake config files
[173.911s] Level 1:colcon.colcon_core.shell:create_environment_hook('dwb_msgs', 'cmake_prefix_path')
[173.912s] INFO:colcon.colcon_core.shell:Creating environment hook '/home/brilliant/ros2_ws/install/dwb_msgs/share/dwb_msgs/hook/cmake_prefix_path.ps1'
[173.913s] INFO:colcon.colcon_core.shell:Creating environment descriptor '/home/brilliant/ros2_ws/install/dwb_msgs/share/dwb_msgs/hook/cmake_prefix_path.dsv'
[173.914s] INFO:colcon.colcon_core.shell:Creating environment hook '/home/brilliant/ros2_ws/install/dwb_msgs/share/dwb_msgs/hook/cmake_prefix_path.sh'
[173.916s] Level 1:colcon.colcon_core.environment:checking '/home/brilliant/ros2_ws/install/dwb_msgs/lib'
[173.918s] Level 1:colcon.colcon_core.shell:create_environment_hook('dwb_msgs', 'ld_library_path_lib')
[173.919s] INFO:colcon.colcon_core.shell:Creating environment hook '/home/brilliant/ros2_ws/install/dwb_msgs/share/dwb_msgs/hook/ld_library_path_lib.ps1'
[173.920s] INFO:colcon.colcon_core.shell:Creating environment descriptor '/home/brilliant/ros2_ws/install/dwb_msgs/share/dwb_msgs/hook/ld_library_path_lib.dsv'
[173.921s] INFO:colcon.colcon_core.shell:Creating environment hook '/home/brilliant/ros2_ws/install/dwb_msgs/share/dwb_msgs/hook/ld_library_path_lib.sh'
[173.923s] Level 1:colcon.colcon_core.environment:checking '/home/brilliant/ros2_ws/install/dwb_msgs/bin'
[173.924s] Level 1:colcon.colcon_core.environment:checking '/home/brilliant/ros2_ws/install/dwb_msgs/lib/pkgconfig/dwb_msgs.pc'
[173.925s] Level 1:colcon.colcon_core.environment:checking '/home/brilliant/ros2_ws/install/dwb_msgs/lib/python3.12/site-packages'
[173.925s] Level 1:colcon.colcon_core.shell:create_environment_hook('dwb_msgs', 'pythonpath')
[173.926s] INFO:colcon.colcon_core.shell:Creating environment hook '/home/brilliant/ros2_ws/install/dwb_msgs/share/dwb_msgs/hook/pythonpath.ps1'
[173.927s] INFO:colcon.colcon_core.shell:Creating environment descriptor '/home/brilliant/ros2_ws/install/dwb_msgs/share/dwb_msgs/hook/pythonpath.dsv'
[173.928s] INFO:colcon.colcon_core.shell:Creating environment hook '/home/brilliant/ros2_ws/install/dwb_msgs/share/dwb_msgs/hook/pythonpath.sh'
[173.929s] Level 1:colcon.colcon_core.environment:checking '/home/brilliant/ros2_ws/install/dwb_msgs/bin'
[173.930s] INFO:colcon.colcon_core.shell:Creating package script '/home/brilliant/ros2_ws/install/dwb_msgs/share/dwb_msgs/package.ps1'
[173.931s] INFO:colcon.colcon_core.shell:Creating package descriptor '/home/brilliant/ros2_ws/install/dwb_msgs/share/dwb_msgs/package.dsv'
[173.932s] INFO:colcon.colcon_core.shell:Creating package script '/home/brilliant/ros2_ws/install/dwb_msgs/share/dwb_msgs/package.sh'
[173.934s] INFO:colcon.colcon_core.shell:Creating package script '/home/brilliant/ros2_ws/install/dwb_msgs/share/dwb_msgs/package.bash'
[173.935s] INFO:colcon.colcon_core.shell:Creating package script '/home/brilliant/ros2_ws/install/dwb_msgs/share/dwb_msgs/package.zsh'
[173.936s] Level 1:colcon.colcon_core.environment:create_file_with_runtime_dependencies(/home/brilliant/ros2_ws/install/dwb_msgs/share/colcon-core/packages/dwb_msgs)
[173.937s] Level 1:colcon.colcon_core.environment:create_environment_scripts_only(dwb_msgs)
[173.937s] Level 1:colcon.colcon_core.environment:checking '/home/brilliant/ros2_ws/install/dwb_msgs' for CMake module files
[173.939s] Level 1:colcon.colcon_core.environment:checking '/home/brilliant/ros2_ws/install/dwb_msgs' for CMake config files
[173.944s] Level 1:colcon.colcon_core.shell:create_environment_hook('dwb_msgs', 'cmake_prefix_path')
[173.945s] INFO:colcon.colcon_core.shell:Creating environment hook '/home/brilliant/ros2_ws/install/dwb_msgs/share/dwb_msgs/hook/cmake_prefix_path.ps1'
[173.948s] INFO:colcon.colcon_core.shell:Creating environment descriptor '/home/brilliant/ros2_ws/install/dwb_msgs/share/dwb_msgs/hook/cmake_prefix_path.dsv'
[173.949s] INFO:colcon.colcon_core.shell:Creating environment hook '/home/brilliant/ros2_ws/install/dwb_msgs/share/dwb_msgs/hook/cmake_prefix_path.sh'
[173.951s] Level 1:colcon.colcon_core.environment:checking '/home/brilliant/ros2_ws/install/dwb_msgs/lib'
[173.951s] Level 1:colcon.colcon_core.shell:create_environment_hook('dwb_msgs', 'ld_library_path_lib')
[173.951s] INFO:colcon.colcon_core.shell:Creating environment hook '/home/brilliant/ros2_ws/install/dwb_msgs/share/dwb_msgs/hook/ld_library_path_lib.ps1'
[173.953s] INFO:colcon.colcon_core.shell:Creating environment descriptor '/home/brilliant/ros2_ws/install/dwb_msgs/share/dwb_msgs/hook/ld_library_path_lib.dsv'
[173.954s] INFO:colcon.colcon_core.shell:Creating environment hook '/home/brilliant/ros2_ws/install/dwb_msgs/share/dwb_msgs/hook/ld_library_path_lib.sh'
[173.955s] Level 1:colcon.colcon_core.environment:checking '/home/brilliant/ros2_ws/install/dwb_msgs/bin'
[173.956s] Level 1:colcon.colcon_core.environment:checking '/home/brilliant/ros2_ws/install/dwb_msgs/lib/pkgconfig/dwb_msgs.pc'
[173.956s] Level 1:colcon.colcon_core.environment:checking '/home/brilliant/ros2_ws/install/dwb_msgs/lib/python3.12/site-packages'
[173.957s] Level 1:colcon.colcon_core.shell:create_environment_hook('dwb_msgs', 'pythonpath')
[173.958s] INFO:colcon.colcon_core.shell:Creating environment hook '/home/brilliant/ros2_ws/install/dwb_msgs/share/dwb_msgs/hook/pythonpath.ps1'
[173.959s] INFO:colcon.colcon_core.shell:Creating environment descriptor '/home/brilliant/ros2_ws/install/dwb_msgs/share/dwb_msgs/hook/pythonpath.dsv'
[173.960s] INFO:colcon.colcon_core.shell:Creating environment hook '/home/brilliant/ros2_ws/install/dwb_msgs/share/dwb_msgs/hook/pythonpath.sh'
[173.962s] Level 1:colcon.colcon_core.environment:checking '/home/brilliant/ros2_ws/install/dwb_msgs/bin'
[173.963s] INFO:colcon.colcon_core.shell:Creating package script '/home/brilliant/ros2_ws/install/dwb_msgs/share/dwb_msgs/package.ps1'
[173.966s] INFO:colcon.colcon_core.shell:Creating package descriptor '/home/brilliant/ros2_ws/install/dwb_msgs/share/dwb_msgs/package.dsv'
[173.967s] INFO:colcon.colcon_core.shell:Creating package script '/home/brilliant/ros2_ws/install/dwb_msgs/share/dwb_msgs/package.sh'
[173.969s] INFO:colcon.colcon_core.shell:Creating package script '/home/brilliant/ros2_ws/install/dwb_msgs/share/dwb_msgs/package.bash'
[173.970s] INFO:colcon.colcon_core.shell:Creating package script '/home/brilliant/ros2_ws/install/dwb_msgs/share/dwb_msgs/package.zsh'
[173.971s] Level 1:colcon.colcon_core.environment:create_file_with_runtime_dependencies(/home/brilliant/ros2_ws/install/dwb_msgs/share/colcon-core/packages/dwb_msgs)
[409.802s] DEBUG:colcon.colcon_core.event_handler.log_command:Invoked command in '/home/brilliant/ros2_ws/build/nav2_msgs' returned '0': AMENT_PREFIX_PATH=/home/brilliant/ros2_ws/install/nav2_common:${AMENT_PREFIX_PATH} CMAKE_PREFIX_PATH=/home/brilliant/ros2_ws/install/nav2_common:/home/brilliant/ros2_ws/install/sllidar_ros2:/home/brilliant/ros2_ws/install/serial:/home/brilliant/ros2_ws/install/minibot:/home/brilliant/ros2_ws/install/diffdrive_arduino:/opt/ros/jazzy/opt/gz_sim_vendor:/opt/ros/jazzy/opt/gz_sensors_vendor:/opt/ros/jazzy/opt/gz_physics_vendor:/opt/ros/jazzy/opt/sdformat_vendor:/opt/ros/jazzy/opt/gz_gui_vendor:/opt/ros/jazzy/opt/gz_transport_vendor:/opt/ros/jazzy/opt/gz_rendering_vendor:/opt/ros/jazzy/opt/gz_plugin_vendor:/opt/ros/jazzy/opt/gz_fuel_tools_vendor:/opt/ros/jazzy/opt/gz_msgs_vendor:/opt/ros/jazzy/opt/gz_common_vendor:/opt/ros/jazzy/opt/gz_math_vendor:/opt/ros/jazzy/opt/gz_utils_vendor:/opt/ros/jazzy/opt/gz_tools_vendor:/opt/ros/jazzy/opt/gz_ogre_next_vendor:/opt/ros/jazzy/opt/gz_dartsim_vendor:/opt/ros/jazzy/opt/gz_cmake_vendor:/home/brilliant/ros2_ws/install/twist_stamper:/opt/ros/jazzy DEBUGINFOD_URLS=https://debuginfod.ubuntu.com PYTHONPATH=/home/brilliant/ros2_ws/install/nav2_common/lib/python3.12/site-packages:${PYTHONPATH} /usr/bin/cmake --build /home/brilliant/ros2_ws/build/nav2_msgs -- -j4 -l4
[409.804s] DEBUG:colcon.colcon_core.event_handler.log_command:Invoking command in '/home/brilliant/ros2_ws/build/nav2_msgs': AMENT_PREFIX_PATH=/home/brilliant/ros2_ws/install/nav2_common:${AMENT_PREFIX_PATH} CMAKE_PREFIX_PATH=/home/brilliant/ros2_ws/install/nav2_common:/home/brilliant/ros2_ws/install/sllidar_ros2:/home/brilliant/ros2_ws/install/serial:/home/brilliant/ros2_ws/install/minibot:/home/brilliant/ros2_ws/install/diffdrive_arduino:/opt/ros/jazzy/opt/gz_sim_vendor:/opt/ros/jazzy/opt/gz_sensors_vendor:/opt/ros/jazzy/opt/gz_physics_vendor:/opt/ros/jazzy/opt/sdformat_vendor:/opt/ros/jazzy/opt/gz_gui_vendor:/opt/ros/jazzy/opt/gz_transport_vendor:/opt/ros/jazzy/opt/gz_rendering_vendor:/opt/ros/jazzy/opt/gz_plugin_vendor:/opt/ros/jazzy/opt/gz_fuel_tools_vendor:/opt/ros/jazzy/opt/gz_msgs_vendor:/opt/ros/jazzy/opt/gz_common_vendor:/opt/ros/jazzy/opt/gz_math_vendor:/opt/ros/jazzy/opt/gz_utils_vendor:/opt/ros/jazzy/opt/gz_tools_vendor:/opt/ros/jazzy/opt/gz_ogre_next_vendor:/opt/ros/jazzy/opt/gz_dartsim_vendor:/opt/ros/jazzy/opt/gz_cmake_vendor:/home/brilliant/ros2_ws/install/twist_stamper:/opt/ros/jazzy DEBUGINFOD_URLS=https://debuginfod.ubuntu.com PYTHONPATH=/home/brilliant/ros2_ws/install/nav2_common/lib/python3.12/site-packages:${PYTHONPATH} /usr/bin/cmake --install /home/brilliant/ros2_ws/build/nav2_msgs
[427.593s] Level 1:colcon.colcon_core.environment:create_environment_scripts_only(nav2_msgs)
[427.594s] Level 1:colcon.colcon_core.environment:checking '/home/brilliant/ros2_ws/install/nav2_msgs' for CMake module files
[427.594s] DEBUG:colcon.colcon_core.event_handler.log_command:Invoked command in '/home/brilliant/ros2_ws/build/nav2_msgs' returned '0': AMENT_PREFIX_PATH=/home/brilliant/ros2_ws/install/nav2_common:${AMENT_PREFIX_PATH} CMAKE_PREFIX_PATH=/home/brilliant/ros2_ws/install/nav2_common:/home/brilliant/ros2_ws/install/sllidar_ros2:/home/brilliant/ros2_ws/install/serial:/home/brilliant/ros2_ws/install/minibot:/home/brilliant/ros2_ws/install/diffdrive_arduino:/opt/ros/jazzy/opt/gz_sim_vendor:/opt/ros/jazzy/opt/gz_sensors_vendor:/opt/ros/jazzy/opt/gz_physics_vendor:/opt/ros/jazzy/opt/sdformat_vendor:/opt/ros/jazzy/opt/gz_gui_vendor:/opt/ros/jazzy/opt/gz_transport_vendor:/opt/ros/jazzy/opt/gz_rendering_vendor:/opt/ros/jazzy/opt/gz_plugin_vendor:/opt/ros/jazzy/opt/gz_fuel_tools_vendor:/opt/ros/jazzy/opt/gz_msgs_vendor:/opt/ros/jazzy/opt/gz_common_vendor:/opt/ros/jazzy/opt/gz_math_vendor:/opt/ros/jazzy/opt/gz_utils_vendor:/opt/ros/jazzy/opt/gz_tools_vendor:/opt/ros/jazzy/opt/gz_ogre_next_vendor:/opt/ros/jazzy/opt/gz_dartsim_vendor:/opt/ros/jazzy/opt/gz_cmake_vendor:/home/brilliant/ros2_ws/install/twist_stamper:/opt/ros/jazzy DEBUGINFOD_URLS=https://debuginfod.ubuntu.com PYTHONPATH=/home/brilliant/ros2_ws/install/nav2_common/lib/python3.12/site-packages:${PYTHONPATH} /usr/bin/cmake --install /home/brilliant/ros2_ws/build/nav2_msgs
[427.596s] Level 1:colcon.colcon_core.environment:checking '/home/brilliant/ros2_ws/install/nav2_msgs' for CMake config files
[427.603s] Level 1:colcon.colcon_core.shell:create_environment_hook('nav2_msgs', 'cmake_prefix_path')
[427.603s] INFO:colcon.colcon_core.shell:Creating environment hook '/home/brilliant/ros2_ws/install/nav2_msgs/share/nav2_msgs/hook/cmake_prefix_path.ps1'
[427.604s] INFO:colcon.colcon_core.shell:Creating environment descriptor '/home/brilliant/ros2_ws/install/nav2_msgs/share/nav2_msgs/hook/cmake_prefix_path.dsv'
[427.605s] INFO:colcon.colcon_core.shell:Creating environment hook '/home/brilliant/ros2_ws/install/nav2_msgs/share/nav2_msgs/hook/cmake_prefix_path.sh'
[427.606s] Level 1:colcon.colcon_core.environment:checking '/home/brilliant/ros2_ws/install/nav2_msgs/lib'
[427.606s] Level 1:colcon.colcon_core.shell:create_environment_hook('nav2_msgs', 'ld_library_path_lib')
[427.606s] INFO:colcon.colcon_core.shell:Creating environment hook '/home/brilliant/ros2_ws/install/nav2_msgs/share/nav2_msgs/hook/ld_library_path_lib.ps1'
[427.607s] INFO:colcon.colcon_core.shell:Creating environment descriptor '/home/brilliant/ros2_ws/install/nav2_msgs/share/nav2_msgs/hook/ld_library_path_lib.dsv'
[427.607s] INFO:colcon.colcon_core.shell:Creating environment hook '/home/brilliant/ros2_ws/install/nav2_msgs/share/nav2_msgs/hook/ld_library_path_lib.sh'
[427.608s] Level 1:colcon.colcon_core.environment:checking '/home/brilliant/ros2_ws/install/nav2_msgs/bin'
[427.608s] Level 1:colcon.colcon_core.environment:checking '/home/brilliant/ros2_ws/install/nav2_msgs/lib/pkgconfig/nav2_msgs.pc'
[427.608s] Level 1:colcon.colcon_core.environment:checking '/home/brilliant/ros2_ws/install/nav2_msgs/lib/python3.12/site-packages'
[427.608s] Level 1:colcon.colcon_core.shell:create_environment_hook('nav2_msgs', 'pythonpath')
[427.609s] INFO:colcon.colcon_core.shell:Creating environment hook '/home/brilliant/ros2_ws/install/nav2_msgs/share/nav2_msgs/hook/pythonpath.ps1'
[427.609s] INFO:colcon.colcon_core.shell:Creating environment descriptor '/home/brilliant/ros2_ws/install/nav2_msgs/share/nav2_msgs/hook/pythonpath.dsv'
[427.610s] INFO:colcon.colcon_core.shell:Creating environment hook '/home/brilliant/ros2_ws/install/nav2_msgs/share/nav2_msgs/hook/pythonpath.sh'
[427.611s] Level 1:colcon.colcon_core.environment:checking '/home/brilliant/ros2_ws/install/nav2_msgs/bin'
[427.611s] INFO:colcon.colcon_core.shell:Creating package script '/home/brilliant/ros2_ws/install/nav2_msgs/share/nav2_msgs/package.ps1'
[427.612s] INFO:colcon.colcon_core.shell:Creating package descriptor '/home/brilliant/ros2_ws/install/nav2_msgs/share/nav2_msgs/package.dsv'
[427.613s] INFO:colcon.colcon_core.shell:Creating package script '/home/brilliant/ros2_ws/install/nav2_msgs/share/nav2_msgs/package.sh'
[427.613s] INFO:colcon.colcon_core.shell:Creating package script '/home/brilliant/ros2_ws/install/nav2_msgs/share/nav2_msgs/package.bash'
[427.614s] INFO:colcon.colcon_core.shell:Creating package script '/home/brilliant/ros2_ws/install/nav2_msgs/share/nav2_msgs/package.zsh'
[427.614s] Level 1:colcon.colcon_core.environment:create_file_with_runtime_dependencies(/home/brilliant/ros2_ws/install/nav2_msgs/share/colcon-core/packages/nav2_msgs)
[427.616s] Level 1:colcon.colcon_core.environment:create_environment_scripts_only(nav2_msgs)
[427.616s] Level 1:colcon.colcon_core.environment:checking '/home/brilliant/ros2_ws/install/nav2_msgs' for CMake module files
[427.617s] Level 1:colcon.colcon_core.environment:checking '/home/brilliant/ros2_ws/install/nav2_msgs' for CMake config files
[427.625s] Level 1:colcon.colcon_core.shell:create_environment_hook('nav2_msgs', 'cmake_prefix_path')
[427.625s] INFO:colcon.colcon_core.shell:Creating environment hook '/home/brilliant/ros2_ws/install/nav2_msgs/share/nav2_msgs/hook/cmake_prefix_path.ps1'
[427.626s] INFO:colcon.colcon_core.shell:Creating environment descriptor '/home/brilliant/ros2_ws/install/nav2_msgs/share/nav2_msgs/hook/cmake_prefix_path.dsv'
[427.626s] INFO:colcon.colcon_core.shell:Creating environment hook '/home/brilliant/ros2_ws/install/nav2_msgs/share/nav2_msgs/hook/cmake_prefix_path.sh'
[427.627s] Level 1:colcon.colcon_core.environment:checking '/home/brilliant/ros2_ws/install/nav2_msgs/lib'
[427.627s] Level 1:colcon.colcon_core.shell:create_environment_hook('nav2_msgs', 'ld_library_path_lib')
[427.628s] INFO:colcon.colcon_core.shell:Creating environment hook '/home/brilliant/ros2_ws/install/nav2_msgs/share/nav2_msgs/hook/ld_library_path_lib.ps1'
[427.629s] INFO:colcon.colcon_core.shell:Creating environment descriptor '/home/brilliant/ros2_ws/install/nav2_msgs/share/nav2_msgs/hook/ld_library_path_lib.dsv'
[427.630s] INFO:colcon.colcon_core.shell:Creating environment hook '/home/brilliant/ros2_ws/install/nav2_msgs/share/nav2_msgs/hook/ld_library_path_lib.sh'
[427.630s] Level 1:colcon.colcon_core.environment:checking '/home/brilliant/ros2_ws/install/nav2_msgs/bin'
[427.630s] Level 1:colcon.colcon_core.environment:checking '/home/brilliant/ros2_ws/install/nav2_msgs/lib/pkgconfig/nav2_msgs.pc'
[427.631s] Level 1:colcon.colcon_core.environment:checking '/home/brilliant/ros2_ws/install/nav2_msgs/lib/python3.12/site-packages'
[427.631s] Level 1:colcon.colcon_core.shell:create_environment_hook('nav2_msgs', 'pythonpath')
[427.631s] INFO:colcon.colcon_core.shell:Creating environment hook '/home/brilliant/ros2_ws/install/nav2_msgs/share/nav2_msgs/hook/pythonpath.ps1'
[427.632s] INFO:colcon.colcon_core.shell:Creating environment descriptor '/home/brilliant/ros2_ws/install/nav2_msgs/share/nav2_msgs/hook/pythonpath.dsv'
[427.633s] INFO:colcon.colcon_core.shell:Creating environment hook '/home/brilliant/ros2_ws/install/nav2_msgs/share/nav2_msgs/hook/pythonpath.sh'
[427.633s] Level 1:colcon.colcon_core.environment:checking '/home/brilliant/ros2_ws/install/nav2_msgs/bin'
[427.634s] INFO:colcon.colcon_core.shell:Creating package script '/home/brilliant/ros2_ws/install/nav2_msgs/share/nav2_msgs/package.ps1'
[427.635s] INFO:colcon.colcon_core.shell:Creating package descriptor '/home/brilliant/ros2_ws/install/nav2_msgs/share/nav2_msgs/package.dsv'
[427.636s] INFO:colcon.colcon_core.shell:Creating package script '/home/brilliant/ros2_ws/install/nav2_msgs/share/nav2_msgs/package.sh'
[427.637s] INFO:colcon.colcon_core.shell:Creating package script '/home/brilliant/ros2_ws/install/nav2_msgs/share/nav2_msgs/package.bash'
[427.637s] INFO:colcon.colcon_core.shell:Creating package script '/home/brilliant/ros2_ws/install/nav2_msgs/share/nav2_msgs/package.zsh'
[427.638s] Level 1:colcon.colcon_core.environment:create_file_with_runtime_dependencies(/home/brilliant/ros2_ws/install/nav2_msgs/share/colcon-core/packages/nav2_msgs)
[427.639s] INFO:colcon.colcon_ros.task.ament_cmake.build:Building ROS package in '/home/brilliant/ros2_ws/src/navigation2/nav2_util' with build type 'ament_cmake'
[427.640s] INFO:colcon.colcon_cmake.task.cmake.build:Building CMake package in '/home/brilliant/ros2_ws/src/navigation2/nav2_util'
[427.640s] INFO:colcon.colcon_core.shell:Skip shell extension 'powershell' for command environment: Not usable outside of PowerShell
[427.640s] DEBUG:colcon.colcon_core.shell:Skip shell extension 'dsv' for command environment
[427.652s] INFO:colcon.colcon_ros.task.ament_python.build:Building ROS package in '/home/brilliant/ros2_ws/src/navigation2/nav2_simple_commander' with build type 'ament_python'
[427.653s] Level 1:colcon.colcon_core.shell:create_environment_hook('nav2_simple_commander', 'ament_prefix_path')
[427.653s] INFO:colcon.colcon_core.shell:Creating environment hook '/home/brilliant/ros2_ws/install/nav2_simple_commander/share/nav2_simple_commander/hook/ament_prefix_path.ps1'
[427.655s] INFO:colcon.colcon_core.shell:Creating environment descriptor '/home/brilliant/ros2_ws/install/nav2_simple_commander/share/nav2_simple_commander/hook/ament_prefix_path.dsv'
[427.656s] INFO:colcon.colcon_core.shell:Creating environment hook '/home/brilliant/ros2_ws/install/nav2_simple_commander/share/nav2_simple_commander/hook/ament_prefix_path.sh'
[427.657s] INFO:colcon.colcon_core.shell:Skip shell extension 'powershell' for command environment: Not usable outside of PowerShell
[427.657s] DEBUG:colcon.colcon_core.shell:Skip shell extension 'dsv' for command environment
[427.674s] DEBUG:colcon.colcon_core.event_handler.log_command:Invoking command in '/home/brilliant/ros2_ws/build/nav2_util': AMENT_PREFIX_PATH=/home/brilliant/ros2_ws/install/nav2_msgs:/home/brilliant/ros2_ws/install/nav2_common:${AMENT_PREFIX_PATH} CMAKE_PREFIX_PATH=/home/brilliant/ros2_ws/install/nav2_msgs:/home/brilliant/ros2_ws/install/nav2_common:/home/brilliant/ros2_ws/install/sllidar_ros2:/home/brilliant/ros2_ws/install/serial:/home/brilliant/ros2_ws/install/minibot:/home/brilliant/ros2_ws/install/diffdrive_arduino:/opt/ros/jazzy/opt/gz_sim_vendor:/opt/ros/jazzy/opt/gz_sensors_vendor:/opt/ros/jazzy/opt/gz_physics_vendor:/opt/ros/jazzy/opt/sdformat_vendor:/opt/ros/jazzy/opt/gz_gui_vendor:/opt/ros/jazzy/opt/gz_transport_vendor:/opt/ros/jazzy/opt/gz_rendering_vendor:/opt/ros/jazzy/opt/gz_plugin_vendor:/opt/ros/jazzy/opt/gz_fuel_tools_vendor:/opt/ros/jazzy/opt/gz_msgs_vendor:/opt/ros/jazzy/opt/gz_common_vendor:/opt/ros/jazzy/opt/gz_math_vendor:/opt/ros/jazzy/opt/gz_utils_vendor:/opt/ros/jazzy/opt/gz_tools_vendor:/opt/ros/jazzy/opt/gz_ogre_next_vendor:/opt/ros/jazzy/opt/gz_dartsim_vendor:/opt/ros/jazzy/opt/gz_cmake_vendor:/home/brilliant/ros2_ws/install/twist_stamper:/opt/ros/jazzy DEBUGINFOD_URLS=https://debuginfod.ubuntu.com LD_LIBRARY_PATH=/home/brilliant/ros2_ws/install/nav2_msgs/lib:${LD_LIBRARY_PATH} PYTHONPATH=/home/brilliant/ros2_ws/install/nav2_msgs/lib/python3.12/site-packages:/home/brilliant/ros2_ws/install/nav2_common/lib/python3.12/site-packages:${PYTHONPATH} /usr/bin/cmake /home/brilliant/ros2_ws/src/navigation2/nav2_util -DAMENT_CMAKE_SYMLINK_INSTALL=1 -DCMAKE_INSTALL_PREFIX=/home/brilliant/ros2_ws/install/nav2_util
[428.199s] INFO:colcon.colcon_core.task.python.build:Building Python package in '/home/brilliant/ros2_ws/src/navigation2/nav2_simple_commander'
[428.200s] INFO:colcon.colcon_core.shell:Skip shell extension 'powershell' for command environment: Not usable outside of PowerShell
[428.200s] DEBUG:colcon.colcon_core.shell:Skip shell extension 'dsv' for command environment
[429.874s] DEBUG:colcon.colcon_core.event_handler.log_command:Invoking command in '/home/brilliant/ros2_ws/build/nav2_simple_commander': AMENT_PREFIX_PATH=/home/brilliant/ros2_ws/install/nav2_msgs:/home/brilliant/ros2_ws/install/nav2_common:${AMENT_PREFIX_PATH} CMAKE_PREFIX_PATH=/home/brilliant/ros2_ws/install/nav2_msgs:/home/brilliant/ros2_ws/install/nav2_common:${CMAKE_PREFIX_PATH} DEBUGINFOD_URLS=https://debuginfod.ubuntu.com LD_LIBRARY_PATH=/home/brilliant/ros2_ws/install/nav2_msgs/lib:${LD_LIBRARY_PATH} PYTHONPATH=/home/brilliant/ros2_ws/build/nav2_simple_commander/prefix_override:/usr/lib/python3/dist-packages/colcon_core/task/python/colcon_distutils_commands:/home/brilliant/ros2_ws/install/nav2_simple_commander/lib/python3.12/site-packages:/home/brilliant/ros2_ws/install/nav2_msgs/lib/python3.12/site-packages:/home/brilliant/ros2_ws/install/nav2_common/lib/python3.12/site-packages:${PYTHONPATH} /usr/bin/python3 -W ignore:setup.py install is deprecated -W ignore:easy_install command is deprecated setup.py develop --editable --build-directory /home/brilliant/ros2_ws/build/nav2_simple_commander/build --no-deps symlink_data
[431.821s] Level 1:colcon.colcon_core.shell:create_environment_hook('nav2_simple_commander', 'pythonpath_develop')
[431.822s] INFO:colcon.colcon_core.shell:Creating environment hook '/home/brilliant/ros2_ws/build/nav2_simple_commander/share/nav2_simple_commander/hook/pythonpath_develop.ps1'
[431.823s] DEBUG:colcon.colcon_core.event_handler.log_command:Invoked command in '/home/brilliant/ros2_ws/build/nav2_simple_commander' returned '0': AMENT_PREFIX_PATH=/home/brilliant/ros2_ws/install/nav2_msgs:/home/brilliant/ros2_ws/install/nav2_common:${AMENT_PREFIX_PATH} CMAKE_PREFIX_PATH=/home/brilliant/ros2_ws/install/nav2_msgs:/home/brilliant/ros2_ws/install/nav2_common:${CMAKE_PREFIX_PATH} DEBUGINFOD_URLS=https://debuginfod.ubuntu.com LD_LIBRARY_PATH=/home/brilliant/ros2_ws/install/nav2_msgs/lib:${LD_LIBRARY_PATH} PYTHONPATH=/home/brilliant/ros2_ws/build/nav2_simple_commander/prefix_override:/usr/lib/python3/dist-packages/colcon_core/task/python/colcon_distutils_commands:/home/brilliant/ros2_ws/install/nav2_simple_commander/lib/python3.12/site-packages:/home/brilliant/ros2_ws/install/nav2_msgs/lib/python3.12/site-packages:/home/brilliant/ros2_ws/install/nav2_common/lib/python3.12/site-packages:${PYTHONPATH} /usr/bin/python3 -W ignore:setup.py install is deprecated -W ignore:easy_install command is deprecated setup.py develop --editable --build-directory /home/brilliant/ros2_ws/build/nav2_simple_commander/build --no-deps symlink_data
[431.823s] INFO:colcon.colcon_core.shell:Creating environment descriptor '/home/brilliant/ros2_ws/build/nav2_simple_commander/share/nav2_simple_commander/hook/pythonpath_develop.dsv'
[431.824s] INFO:colcon.colcon_core.shell:Creating environment hook '/home/brilliant/ros2_ws/build/nav2_simple_commander/share/nav2_simple_commander/hook/pythonpath_develop.sh'
[431.828s] Level 1:colcon.colcon_core.environment:checking '/home/brilliant/ros2_ws/install/nav2_simple_commander' for CMake module files
[431.830s] Level 1:colcon.colcon_core.environment:checking '/home/brilliant/ros2_ws/install/nav2_simple_commander' for CMake config files
[431.831s] Level 1:colcon.colcon_core.environment:checking '/home/brilliant/ros2_ws/install/nav2_simple_commander/lib'
[431.831s] Level 1:colcon.colcon_core.environment:checking '/home/brilliant/ros2_ws/install/nav2_simple_commander/bin'
[431.832s] Level 1:colcon.colcon_core.environment:checking '/home/brilliant/ros2_ws/install/nav2_simple_commander/lib/pkgconfig/nav2_simple_commander.pc'
[431.833s] Level 1:colcon.colcon_core.environment:checking '/home/brilliant/ros2_ws/install/nav2_simple_commander/lib/python3.12/site-packages'
[431.833s] Level 1:colcon.colcon_core.shell:create_environment_hook('nav2_simple_commander', 'pythonpath')
[431.833s] INFO:colcon.colcon_core.shell:Creating environment hook '/home/brilliant/ros2_ws/install/nav2_simple_commander/share/nav2_simple_commander/hook/pythonpath.ps1'
[431.834s] INFO:colcon.colcon_core.shell:Creating environment descriptor '/home/brilliant/ros2_ws/install/nav2_simple_commander/share/nav2_simple_commander/hook/pythonpath.dsv'
[431.835s] INFO:colcon.colcon_core.shell:Creating environment hook '/home/brilliant/ros2_ws/install/nav2_simple_commander/share/nav2_simple_commander/hook/pythonpath.sh'
[431.839s] Level 1:colcon.colcon_core.environment:checking '/home/brilliant/ros2_ws/install/nav2_simple_commander/bin'
[431.839s] Level 1:colcon.colcon_core.environment:create_environment_scripts_only(nav2_simple_commander)
[431.839s] INFO:colcon.colcon_core.shell:Creating package script '/home/brilliant/ros2_ws/install/nav2_simple_commander/share/nav2_simple_commander/package.ps1'
[431.841s] INFO:colcon.colcon_core.shell:Creating package descriptor '/home/brilliant/ros2_ws/install/nav2_simple_commander/share/nav2_simple_commander/package.dsv'
[431.842s] INFO:colcon.colcon_core.shell:Creating package script '/home/brilliant/ros2_ws/install/nav2_simple_commander/share/nav2_simple_commander/package.sh'
[431.843s] INFO:colcon.colcon_core.shell:Creating package script '/home/brilliant/ros2_ws/install/nav2_simple_commander/share/nav2_simple_commander/package.bash'
[431.844s] INFO:colcon.colcon_core.shell:Creating package script '/home/brilliant/ros2_ws/install/nav2_simple_commander/share/nav2_simple_commander/package.zsh'
[431.845s] Level 1:colcon.colcon_core.environment:create_file_with_runtime_dependencies(/home/brilliant/ros2_ws/install/nav2_simple_commander/share/colcon-core/packages/nav2_simple_commander)
[432.724s] DEBUG:colcon.colcon_core.event_handler.log_command:Invoked command in '/home/brilliant/ros2_ws/build/nav2_util' returned '1': AMENT_PREFIX_PATH=/home/brilliant/ros2_ws/install/nav2_msgs:/home/brilliant/ros2_ws/install/nav2_common:${AMENT_PREFIX_PATH} CMAKE_PREFIX_PATH=/home/brilliant/ros2_ws/install/nav2_msgs:/home/brilliant/ros2_ws/install/nav2_common:/home/brilliant/ros2_ws/install/sllidar_ros2:/home/brilliant/ros2_ws/install/serial:/home/brilliant/ros2_ws/install/minibot:/home/brilliant/ros2_ws/install/diffdrive_arduino:/opt/ros/jazzy/opt/gz_sim_vendor:/opt/ros/jazzy/opt/gz_sensors_vendor:/opt/ros/jazzy/opt/gz_physics_vendor:/opt/ros/jazzy/opt/sdformat_vendor:/opt/ros/jazzy/opt/gz_gui_vendor:/opt/ros/jazzy/opt/gz_transport_vendor:/opt/ros/jazzy/opt/gz_rendering_vendor:/opt/ros/jazzy/opt/gz_plugin_vendor:/opt/ros/jazzy/opt/gz_fuel_tools_vendor:/opt/ros/jazzy/opt/gz_msgs_vendor:/opt/ros/jazzy/opt/gz_common_vendor:/opt/ros/jazzy/opt/gz_math_vendor:/opt/ros/jazzy/opt/gz_utils_vendor:/opt/ros/jazzy/opt/gz_tools_vendor:/opt/ros/jazzy/opt/gz_ogre_next_vendor:/opt/ros/jazzy/opt/gz_dartsim_vendor:/opt/ros/jazzy/opt/gz_cmake_vendor:/home/brilliant/ros2_ws/install/twist_stamper:/opt/ros/jazzy DEBUGINFOD_URLS=https://debuginfod.ubuntu.com LD_LIBRARY_PATH=/home/brilliant/ros2_ws/install/nav2_msgs/lib:${LD_LIBRARY_PATH} PYTHONPATH=/home/brilliant/ros2_ws/install/nav2_msgs/lib/python3.12/site-packages:/home/brilliant/ros2_ws/install/nav2_common/lib/python3.12/site-packages:${PYTHONPATH} /usr/bin/cmake /home/brilliant/ros2_ws/src/navigation2/nav2_util -DAMENT_CMAKE_SYMLINK_INSTALL=1 -DCMAKE_INSTALL_PREFIX=/home/brilliant/ros2_ws/install/nav2_util
[432.791s] Level 1:colcon.colcon_core.environment:create_environment_scripts_only(nav2_util)
[432.792s] Level 1:colcon.colcon_core.environment:checking '/home/brilliant/ros2_ws/install/nav2_util' for CMake module files
[432.793s] Level 1:colcon.colcon_core.environment:checking '/home/brilliant/ros2_ws/install/nav2_util' for CMake config files
[432.794s] Level 1:colcon.colcon_core.environment:checking '/home/brilliant/ros2_ws/install/nav2_util/bin'
[432.794s] Level 1:colcon.colcon_core.environment:checking '/home/brilliant/ros2_ws/install/nav2_util/lib/pkgconfig/nav2_util.pc'
[432.795s] Level 1:colcon.colcon_core.environment:checking '/home/brilliant/ros2_ws/install/nav2_util/lib/python3.12/site-packages'
[432.795s] Level 1:colcon.colcon_core.environment:checking '/home/brilliant/ros2_ws/install/nav2_util/bin'
[432.796s] INFO:colcon.colcon_core.shell:Creating package script '/home/brilliant/ros2_ws/install/nav2_util/share/nav2_util/package.ps1'
[432.797s] INFO:colcon.colcon_core.shell:Creating package descriptor '/home/brilliant/ros2_ws/install/nav2_util/share/nav2_util/package.dsv'
[432.798s] INFO:colcon.colcon_core.shell:Creating package script '/home/brilliant/ros2_ws/install/nav2_util/share/nav2_util/package.sh'
[432.799s] INFO:colcon.colcon_core.shell:Creating package script '/home/brilliant/ros2_ws/install/nav2_util/share/nav2_util/package.bash'
[432.800s] INFO:colcon.colcon_core.shell:Creating package script '/home/brilliant/ros2_ws/install/nav2_util/share/nav2_util/package.zsh'
[432.801s] Level 1:colcon.colcon_core.environment:create_file_with_runtime_dependencies(/home/brilliant/ros2_ws/install/nav2_util/share/colcon-core/packages/nav2_util)
[432.814s] DEBUG:colcon.colcon_parallel_executor.executor.parallel:closing loop
[432.819s] DEBUG:colcon.colcon_parallel_executor.executor.parallel:loop closed
[432.823s] DEBUG:colcon.colcon_parallel_executor.executor.parallel:run_until_complete finished with '1'
[432.826s] DEBUG:colcon.colcon_core.event_reactor:joining thread
[432.892s] INFO:colcon.colcon_core.plugin_system:Skipping extension 'colcon_notification.desktop_notification.terminal_notifier': Not used on non-Darwin systems
[432.892s] INFO:colcon.colcon_core.plugin_system:Skipping extension 'colcon_notification.desktop_notification.win32': Not used on non-Windows systems
[432.892s] INFO:colcon.colcon_notification.desktop_notification:Sending desktop notification using 'notify2'
[432.942s] DEBUG:colcon.colcon_core.event_reactor:joined thread
[432.945s] INFO:colcon.colcon_core.shell:Creating prefix script '/home/brilliant/ros2_ws/install/local_setup.ps1'
[432.952s] INFO:colcon.colcon_core.shell:Creating prefix util module '/home/brilliant/ros2_ws/install/_local_setup_util_ps1.py'
[432.962s] INFO:colcon.colcon_core.shell:Creating prefix chain script '/home/brilliant/ros2_ws/install/setup.ps1'
[432.971s] INFO:colcon.colcon_core.shell:Creating prefix script '/home/brilliant/ros2_ws/install/local_setup.sh'
[432.976s] INFO:colcon.colcon_core.shell:Creating prefix util module '/home/brilliant/ros2_ws/install/_local_setup_util_sh.py'
[432.980s] INFO:colcon.colcon_core.shell:Creating prefix chain script '/home/brilliant/ros2_ws/install/setup.sh'
[432.985s] INFO:colcon.colcon_core.shell:Creating prefix script '/home/brilliant/ros2_ws/install/local_setup.bash'
[432.988s] INFO:colcon.colcon_core.shell:Creating prefix chain script '/home/brilliant/ros2_ws/install/setup.bash'
[432.996s] INFO:colcon.colcon_core.shell:Creating prefix script '/home/brilliant/ros2_ws/install/local_setup.zsh'
[432.999s] INFO:colcon.colcon_core.shell:Creating prefix chain script '/home/brilliant/ros2_ws/install/setup.zsh'
