[0.099s] Invoking command in '/home/brilliant/ros2_ws/build/nav2_msgs': CMAKE_PREFIX_PATH=/home/brilliant/ros2_ws/install/nav2_common:/home/brilliant/ros2_ws/install/sllidar_ros2:/home/brilliant/ros2_ws/install/serial:/home/brilliant/ros2_ws/install/nav2_system_tests:/home/brilliant/ros2_ws/install/nav2_bringup:/home/brilliant/ros2_ws/install/navigation2:/home/brilliant/ros2_ws/install/opennav_docking:/home/brilliant/ros2_ws/install/opennav_docking_core:/home/brilliant/ros2_ws/install/opennav_docking_bt:/home/brilliant/ros2_ws/install/nav2_smoother:/home/brilliant/ros2_ws/install/nav2_rotation_shim_controller:/home/brilliant/ros2_ws/install/nav2_graceful_controller:/home/brilliant/ros2_ws/install/nav2_dwb_controller:/home/brilliant/ros2_ws/install/nav2_controller:/home/brilliant/ros2_ws/install/dwb_plugins:/home/brilliant/ros2_ws/install/dwb_critics:/home/brilliant/ros2_ws/install/dwb_core:/home/brilliant/ros2_ws/install/nav_2d_utils:/home/brilliant/ros2_ws/install/dwb_msgs:/home/brilliant/ros2_ws/install/nav_2d_msgs:/home/brilliant/ros2_ws/install/nav2_waypoint_follower:/home/brilliant/ros2_ws/install/nav2_theta_star_planner:/home/brilliant/ros2_ws/install/nav2_smac_planner:/home/brilliant/ros2_ws/install/nav2_regulated_pure_pursuit_controller:/home/brilliant/ros2_ws/install/nav2_planner:/home/brilliant/ros2_ws/install/nav2_navfn_planner:/home/brilliant/ros2_ws/install/nav2_mppi_controller:/home/brilliant/ros2_ws/install/nav2_constrained_smoother:/home/brilliant/ros2_ws/install/nav2_bt_navigator:/home/brilliant/ros2_ws/install/nav2_behaviors:/home/brilliant/ros2_ws/install/nav2_core:/home/brilliant/ros2_ws/install/nav2_collision_monitor:/home/brilliant/ros2_ws/install/costmap_queue:/home/brilliant/ros2_ws/install/nav2_costmap_2d:/home/brilliant/ros2_ws/install/nav2_voxel_grid:/home/brilliant/ros2_ws/install/nav2_velocity_smoother:/home/brilliant/ros2_ws/install/nav2_rviz_plugins:/home/brilliant/ros2_ws/install/nav2_map_server:/home/brilliant/ros2_ws/install/nav2_lifecycle_manager:/home/brilliant/ros2_ws/install/nav2_behavior_tree:/home/brilliant/ros2_ws/install/nav2_amcl:/home/brilliant/ros2_ws/install/nav2_util:/home/brilliant/ros2_ws/install/nav2_msgs:/home/brilliant/ros2_ws/install/minibot:/home/brilliant/ros2_ws/install/diffdrive_arduino:/opt/ros/jazzy/opt/gz_sim_vendor:/opt/ros/jazzy/opt/gz_sensors_vendor:/opt/ros/jazzy/opt/gz_physics_vendor:/opt/ros/jazzy/opt/sdformat_vendor:/opt/ros/jazzy/opt/gz_gui_vendor:/opt/ros/jazzy/opt/gz_transport_vendor:/opt/ros/jazzy/opt/gz_rendering_vendor:/opt/ros/jazzy/opt/gz_plugin_vendor:/opt/ros/jazzy/opt/gz_fuel_tools_vendor:/opt/ros/jazzy/opt/gz_msgs_vendor:/opt/ros/jazzy/opt/gz_common_vendor:/opt/ros/jazzy/opt/gz_math_vendor:/opt/ros/jazzy/opt/gz_utils_vendor:/opt/ros/jazzy/opt/gz_tools_vendor:/opt/ros/jazzy/opt/gz_ogre_next_vendor:/opt/ros/jazzy/opt/gz_dartsim_vendor:/opt/ros/jazzy/opt/gz_cmake_vendor:/home/brilliant/ros2_ws/install/twist_stamper:/home/brilliant/ros2_ws/install/nav2_simple_commander:/home/brilliant/ros2_ws/install/nav2_loopback_sim:/opt/ros/jazzy DEBUGINFOD_URLS=https://debuginfod.ubuntu.com PYTHONPATH=/home/brilliant/ros2_ws/install/nav2_common/lib/python3.12/site-packages:/home/brilliant/ros2_ws/build/twist_stamper:/home/brilliant/ros2_ws/install/twist_stamper/lib/python3.12/site-packages:/home/brilliant/ros2_ws/install/dwb_msgs/lib/python3.12/site-packages:/home/brilliant/ros2_ws/install/nav_2d_msgs/lib/python3.12/site-packages:/home/brilliant/ros2_ws/build/nav2_simple_commander:/home/brilliant/ros2_ws/install/nav2_simple_commander/lib/python3.12/site-packages:/home/brilliant/ros2_ws/install/nav2_msgs/lib/python3.12/site-packages:/home/brilliant/ros2_ws/build/nav2_loopback_sim:/home/brilliant/ros2_ws/install/nav2_loopback_sim/lib/python3.12/site-packages:/opt/ros/jazzy/lib/python3.12/site-packages /usr/bin/cmake --build /home/brilliant/ros2_ws/build/nav2_msgs -- -j4 -l4
[0.852s] [  1%] Built target nav2_msgs__rosidl_generator_type_description
[1.101s] [  1%] Built target ament_cmake_python_symlink_nav2_msgs
[1.601s] [ 30%] Built target nav2_msgs__rosidl_generator_c
[3.782s] running egg_info
[3.941s] writing nav2_msgs.egg-info/PKG-INFO
[3.950s] writing dependency_links to nav2_msgs.egg-info/dependency_links.txt
[3.950s] writing top-level names to nav2_msgs.egg-info/top_level.txt
[4.434s] reading manifest file 'nav2_msgs.egg-info/SOURCES.txt'
[4.447s] writing manifest file 'nav2_msgs.egg-info/SOURCES.txt'
[4.674s] [ 30%] Built target ament_cmake_python_build_nav2_msgs_egg
[5.030s] [ 40%] Built target nav2_msgs__rosidl_typesupport_introspection_c
[5.331s] [ 50%] Built target nav2_msgs__rosidl_typesupport_c
[5.764s] [ 60%] Built target nav2_msgs__rosidl_typesupport_fastrtps_c
[6.089s] [ 60%] Built target nav2_msgs__cpp
[6.581s] [ 69%] Built target nav2_msgs__rosidl_typesupport_cpp
[7.005s] [ 79%] Built target nav2_msgs__rosidl_typesupport_introspection_cpp
[7.545s] [ 89%] Built target nav2_msgs__rosidl_typesupport_fastrtps_cpp
[7.838s] [ 89%] Built target nav2_msgs
[8.112s] [ 89%] Built target nav2_msgs__py
[8.612s] [ 98%] Built target nav2_msgs__rosidl_generator_py
[8.957s] [ 98%] Built target nav2_msgs_s__rosidl_typesupport_fastrtps_c
[9.234s] [ 99%] Built target nav2_msgs_s__rosidl_typesupport_c
[9.595s] [100%] Built target nav2_msgs_s__rosidl_typesupport_introspection_c
[9.736s] Invoked command in '/home/brilliant/ros2_ws/build/nav2_msgs' returned '0': CMAKE_PREFIX_PATH=/home/brilliant/ros2_ws/install/nav2_common:/home/brilliant/ros2_ws/install/sllidar_ros2:/home/brilliant/ros2_ws/install/serial:/home/brilliant/ros2_ws/install/nav2_system_tests:/home/brilliant/ros2_ws/install/nav2_bringup:/home/brilliant/ros2_ws/install/navigation2:/home/brilliant/ros2_ws/install/opennav_docking:/home/brilliant/ros2_ws/install/opennav_docking_core:/home/brilliant/ros2_ws/install/opennav_docking_bt:/home/brilliant/ros2_ws/install/nav2_smoother:/home/brilliant/ros2_ws/install/nav2_rotation_shim_controller:/home/brilliant/ros2_ws/install/nav2_graceful_controller:/home/brilliant/ros2_ws/install/nav2_dwb_controller:/home/brilliant/ros2_ws/install/nav2_controller:/home/brilliant/ros2_ws/install/dwb_plugins:/home/brilliant/ros2_ws/install/dwb_critics:/home/brilliant/ros2_ws/install/dwb_core:/home/brilliant/ros2_ws/install/nav_2d_utils:/home/brilliant/ros2_ws/install/dwb_msgs:/home/brilliant/ros2_ws/install/nav_2d_msgs:/home/brilliant/ros2_ws/install/nav2_waypoint_follower:/home/brilliant/ros2_ws/install/nav2_theta_star_planner:/home/brilliant/ros2_ws/install/nav2_smac_planner:/home/brilliant/ros2_ws/install/nav2_regulated_pure_pursuit_controller:/home/brilliant/ros2_ws/install/nav2_planner:/home/brilliant/ros2_ws/install/nav2_navfn_planner:/home/brilliant/ros2_ws/install/nav2_mppi_controller:/home/brilliant/ros2_ws/install/nav2_constrained_smoother:/home/brilliant/ros2_ws/install/nav2_bt_navigator:/home/brilliant/ros2_ws/install/nav2_behaviors:/home/brilliant/ros2_ws/install/nav2_core:/home/brilliant/ros2_ws/install/nav2_collision_monitor:/home/brilliant/ros2_ws/install/costmap_queue:/home/brilliant/ros2_ws/install/nav2_costmap_2d:/home/brilliant/ros2_ws/install/nav2_voxel_grid:/home/brilliant/ros2_ws/install/nav2_velocity_smoother:/home/brilliant/ros2_ws/install/nav2_rviz_plugins:/home/brilliant/ros2_ws/install/nav2_map_server:/home/brilliant/ros2_ws/install/nav2_lifecycle_manager:/home/brilliant/ros2_ws/install/nav2_behavior_tree:/home/brilliant/ros2_ws/install/nav2_amcl:/home/brilliant/ros2_ws/install/nav2_util:/home/brilliant/ros2_ws/install/nav2_msgs:/home/brilliant/ros2_ws/install/minibot:/home/brilliant/ros2_ws/install/diffdrive_arduino:/opt/ros/jazzy/opt/gz_sim_vendor:/opt/ros/jazzy/opt/gz_sensors_vendor:/opt/ros/jazzy/opt/gz_physics_vendor:/opt/ros/jazzy/opt/sdformat_vendor:/opt/ros/jazzy/opt/gz_gui_vendor:/opt/ros/jazzy/opt/gz_transport_vendor:/opt/ros/jazzy/opt/gz_rendering_vendor:/opt/ros/jazzy/opt/gz_plugin_vendor:/opt/ros/jazzy/opt/gz_fuel_tools_vendor:/opt/ros/jazzy/opt/gz_msgs_vendor:/opt/ros/jazzy/opt/gz_common_vendor:/opt/ros/jazzy/opt/gz_math_vendor:/opt/ros/jazzy/opt/gz_utils_vendor:/opt/ros/jazzy/opt/gz_tools_vendor:/opt/ros/jazzy/opt/gz_ogre_next_vendor:/opt/ros/jazzy/opt/gz_dartsim_vendor:/opt/ros/jazzy/opt/gz_cmake_vendor:/home/brilliant/ros2_ws/install/twist_stamper:/home/brilliant/ros2_ws/install/nav2_simple_commander:/home/brilliant/ros2_ws/install/nav2_loopback_sim:/opt/ros/jazzy DEBUGINFOD_URLS=https://debuginfod.ubuntu.com PYTHONPATH=/home/brilliant/ros2_ws/install/nav2_common/lib/python3.12/site-packages:/home/brilliant/ros2_ws/build/twist_stamper:/home/brilliant/ros2_ws/install/twist_stamper/lib/python3.12/site-packages:/home/brilliant/ros2_ws/install/dwb_msgs/lib/python3.12/site-packages:/home/brilliant/ros2_ws/install/nav_2d_msgs/lib/python3.12/site-packages:/home/brilliant/ros2_ws/build/nav2_simple_commander:/home/brilliant/ros2_ws/install/nav2_simple_commander/lib/python3.12/site-packages:/home/brilliant/ros2_ws/install/nav2_msgs/lib/python3.12/site-packages:/home/brilliant/ros2_ws/build/nav2_loopback_sim:/home/brilliant/ros2_ws/install/nav2_loopback_sim/lib/python3.12/site-packages:/opt/ros/jazzy/lib/python3.12/site-packages /usr/bin/cmake --build /home/brilliant/ros2_ws/build/nav2_msgs -- -j4 -l4
[9.751s] Invoking command in '/home/brilliant/ros2_ws/build/nav2_msgs': CMAKE_PREFIX_PATH=/home/brilliant/ros2_ws/install/nav2_common:/home/brilliant/ros2_ws/install/sllidar_ros2:/home/brilliant/ros2_ws/install/serial:/home/brilliant/ros2_ws/install/nav2_system_tests:/home/brilliant/ros2_ws/install/nav2_bringup:/home/brilliant/ros2_ws/install/navigation2:/home/brilliant/ros2_ws/install/opennav_docking:/home/brilliant/ros2_ws/install/opennav_docking_core:/home/brilliant/ros2_ws/install/opennav_docking_bt:/home/brilliant/ros2_ws/install/nav2_smoother:/home/brilliant/ros2_ws/install/nav2_rotation_shim_controller:/home/brilliant/ros2_ws/install/nav2_graceful_controller:/home/brilliant/ros2_ws/install/nav2_dwb_controller:/home/brilliant/ros2_ws/install/nav2_controller:/home/brilliant/ros2_ws/install/dwb_plugins:/home/brilliant/ros2_ws/install/dwb_critics:/home/brilliant/ros2_ws/install/dwb_core:/home/brilliant/ros2_ws/install/nav_2d_utils:/home/brilliant/ros2_ws/install/dwb_msgs:/home/brilliant/ros2_ws/install/nav_2d_msgs:/home/brilliant/ros2_ws/install/nav2_waypoint_follower:/home/brilliant/ros2_ws/install/nav2_theta_star_planner:/home/brilliant/ros2_ws/install/nav2_smac_planner:/home/brilliant/ros2_ws/install/nav2_regulated_pure_pursuit_controller:/home/brilliant/ros2_ws/install/nav2_planner:/home/brilliant/ros2_ws/install/nav2_navfn_planner:/home/brilliant/ros2_ws/install/nav2_mppi_controller:/home/brilliant/ros2_ws/install/nav2_constrained_smoother:/home/brilliant/ros2_ws/install/nav2_bt_navigator:/home/brilliant/ros2_ws/install/nav2_behaviors:/home/brilliant/ros2_ws/install/nav2_core:/home/brilliant/ros2_ws/install/nav2_collision_monitor:/home/brilliant/ros2_ws/install/costmap_queue:/home/brilliant/ros2_ws/install/nav2_costmap_2d:/home/brilliant/ros2_ws/install/nav2_voxel_grid:/home/brilliant/ros2_ws/install/nav2_velocity_smoother:/home/brilliant/ros2_ws/install/nav2_rviz_plugins:/home/brilliant/ros2_ws/install/nav2_map_server:/home/brilliant/ros2_ws/install/nav2_lifecycle_manager:/home/brilliant/ros2_ws/install/nav2_behavior_tree:/home/brilliant/ros2_ws/install/nav2_amcl:/home/brilliant/ros2_ws/install/nav2_util:/home/brilliant/ros2_ws/install/nav2_msgs:/home/brilliant/ros2_ws/install/minibot:/home/brilliant/ros2_ws/install/diffdrive_arduino:/opt/ros/jazzy/opt/gz_sim_vendor:/opt/ros/jazzy/opt/gz_sensors_vendor:/opt/ros/jazzy/opt/gz_physics_vendor:/opt/ros/jazzy/opt/sdformat_vendor:/opt/ros/jazzy/opt/gz_gui_vendor:/opt/ros/jazzy/opt/gz_transport_vendor:/opt/ros/jazzy/opt/gz_rendering_vendor:/opt/ros/jazzy/opt/gz_plugin_vendor:/opt/ros/jazzy/opt/gz_fuel_tools_vendor:/opt/ros/jazzy/opt/gz_msgs_vendor:/opt/ros/jazzy/opt/gz_common_vendor:/opt/ros/jazzy/opt/gz_math_vendor:/opt/ros/jazzy/opt/gz_utils_vendor:/opt/ros/jazzy/opt/gz_tools_vendor:/opt/ros/jazzy/opt/gz_ogre_next_vendor:/opt/ros/jazzy/opt/gz_dartsim_vendor:/opt/ros/jazzy/opt/gz_cmake_vendor:/home/brilliant/ros2_ws/install/twist_stamper:/home/brilliant/ros2_ws/install/nav2_simple_commander:/home/brilliant/ros2_ws/install/nav2_loopback_sim:/opt/ros/jazzy DEBUGINFOD_URLS=https://debuginfod.ubuntu.com PYTHONPATH=/home/brilliant/ros2_ws/install/nav2_common/lib/python3.12/site-packages:/home/brilliant/ros2_ws/build/twist_stamper:/home/brilliant/ros2_ws/install/twist_stamper/lib/python3.12/site-packages:/home/brilliant/ros2_ws/install/dwb_msgs/lib/python3.12/site-packages:/home/brilliant/ros2_ws/install/nav_2d_msgs/lib/python3.12/site-packages:/home/brilliant/ros2_ws/build/nav2_simple_commander:/home/brilliant/ros2_ws/install/nav2_simple_commander/lib/python3.12/site-packages:/home/brilliant/ros2_ws/install/nav2_msgs/lib/python3.12/site-packages:/home/brilliant/ros2_ws/build/nav2_loopback_sim:/home/brilliant/ros2_ws/install/nav2_loopback_sim/lib/python3.12/site-packages:/opt/ros/jazzy/lib/python3.12/site-packages /usr/bin/cmake --install /home/brilliant/ros2_ws/build/nav2_msgs
[9.832s] -- Install configuration: "Release"
[9.843s] -- Execute custom install script
[9.846s] -- Up-to-date symlink: /home/brilliant/ros2_ws/install/nav2_msgs/share/ament_index/resource_index/rosidl_interfaces/nav2_msgs
[9.851s] -- Up-to-date symlink: /home/brilliant/ros2_ws/install/nav2_msgs/share/nav2_msgs/msg/CollisionMonitorState.json
[9.853s] -- Up-to-date symlink: /home/brilliant/ros2_ws/install/nav2_msgs/share/nav2_msgs/msg/CollisionDetectorState.json
[9.853s] -- Up-to-date symlink: /home/brilliant/ros2_ws/install/nav2_msgs/share/nav2_msgs/msg/Costmap.json
[9.857s] -- Up-to-date symlink: /home/brilliant/ros2_ws/install/nav2_msgs/share/nav2_msgs/msg/CostmapMetaData.json
[9.857s] -- Up-to-date symlink: /home/brilliant/ros2_ws/install/nav2_msgs/share/nav2_msgs/msg/CostmapUpdate.json
[9.859s] -- Up-to-date symlink: /home/brilliant/ros2_ws/install/nav2_msgs/share/nav2_msgs/msg/CostmapFilterInfo.json
[9.862s] -- Up-to-date symlink: /home/brilliant/ros2_ws/install/nav2_msgs/share/nav2_msgs/msg/SpeedLimit.json
[9.863s] -- Up-to-date symlink: /home/brilliant/ros2_ws/install/nav2_msgs/share/nav2_msgs/msg/VoxelGrid.json
[9.865s] -- Up-to-date symlink: /home/brilliant/ros2_ws/install/nav2_msgs/share/nav2_msgs/msg/BehaviorTreeStatusChange.json
[9.868s] -- Up-to-date symlink: /home/brilliant/ros2_ws/install/nav2_msgs/share/nav2_msgs/msg/BehaviorTreeLog.json
[9.872s] -- Up-to-date symlink: /home/brilliant/ros2_ws/install/nav2_msgs/share/nav2_msgs/msg/Particle.json
[9.875s] -- Up-to-date symlink: /home/brilliant/ros2_ws/install/nav2_msgs/share/nav2_msgs/msg/ParticleCloud.json
[9.880s] -- Up-to-date symlink: /home/brilliant/ros2_ws/install/nav2_msgs/share/nav2_msgs/msg/MissedWaypoint.json
[9.880s] -- Up-to-date symlink: /home/brilliant/ros2_ws/install/nav2_msgs/share/nav2_msgs/srv/GetCost.json
[9.880s] -- Up-to-date symlink: /home/brilliant/ros2_ws/install/nav2_msgs/share/nav2_msgs/srv/GetCostmap.json
[9.881s] -- Up-to-date symlink: /home/brilliant/ros2_ws/install/nav2_msgs/share/nav2_msgs/srv/IsPathValid.json
[9.885s] -- Up-to-date symlink: /home/brilliant/ros2_ws/install/nav2_msgs/share/nav2_msgs/srv/ClearCostmapExceptRegion.json
[9.885s] -- Up-to-date symlink: /home/brilliant/ros2_ws/install/nav2_msgs/share/nav2_msgs/srv/ClearCostmapAroundRobot.json
[9.888s] -- Up-to-date symlink: /home/brilliant/ros2_ws/install/nav2_msgs/share/nav2_msgs/srv/ClearCostmapAroundPose.json
[9.894s] -- Up-to-date symlink: /home/brilliant/ros2_ws/install/nav2_msgs/share/nav2_msgs/srv/ClearEntireCostmap.json
[9.894s] -- Up-to-date symlink: /home/brilliant/ros2_ws/install/nav2_msgs/share/nav2_msgs/srv/ManageLifecycleNodes.json
[9.900s] -- Up-to-date symlink: /home/brilliant/ros2_ws/install/nav2_msgs/share/nav2_msgs/srv/LoadMap.json
[9.901s] -- Up-to-date symlink: /home/brilliant/ros2_ws/install/nav2_msgs/share/nav2_msgs/srv/SaveMap.json
[9.901s] -- Up-to-date symlink: /home/brilliant/ros2_ws/install/nav2_msgs/share/nav2_msgs/srv/SetInitialPose.json
[9.901s] -- Up-to-date symlink: /home/brilliant/ros2_ws/install/nav2_msgs/share/nav2_msgs/srv/ReloadDockDatabase.json
[9.905s] -- Up-to-date symlink: /home/brilliant/ros2_ws/install/nav2_msgs/share/nav2_msgs/action/AssistedTeleop.json
[9.909s] -- Up-to-date symlink: /home/brilliant/ros2_ws/install/nav2_msgs/share/nav2_msgs/action/BackUp.json
[9.909s] -- Up-to-date symlink: /home/brilliant/ros2_ws/install/nav2_msgs/share/nav2_msgs/action/ComputePathToPose.json
[9.910s] -- Up-to-date symlink: /home/brilliant/ros2_ws/install/nav2_msgs/share/nav2_msgs/action/ComputePathThroughPoses.json
[9.910s] -- Up-to-date symlink: /home/brilliant/ros2_ws/install/nav2_msgs/share/nav2_msgs/action/DriveOnHeading.json
[9.916s] -- Up-to-date symlink: /home/brilliant/ros2_ws/install/nav2_msgs/share/nav2_msgs/action/SmoothPath.json
[9.916s] -- Up-to-date symlink: /home/brilliant/ros2_ws/install/nav2_msgs/share/nav2_msgs/action/FollowPath.json
[9.922s] -- Up-to-date symlink: /home/brilliant/ros2_ws/install/nav2_msgs/share/nav2_msgs/action/NavigateToPose.json
[9.922s] -- Up-to-date symlink: /home/brilliant/ros2_ws/install/nav2_msgs/share/nav2_msgs/action/NavigateThroughPoses.json
[9.922s] -- Up-to-date symlink: /home/brilliant/ros2_ws/install/nav2_msgs/share/nav2_msgs/action/Wait.json
[9.929s] -- Up-to-date symlink: /home/brilliant/ros2_ws/install/nav2_msgs/share/nav2_msgs/action/Spin.json
[9.932s] -- Up-to-date symlink: /home/brilliant/ros2_ws/install/nav2_msgs/share/nav2_msgs/action/DummyBehavior.json
[9.932s] -- Up-to-date symlink: /home/brilliant/ros2_ws/install/nav2_msgs/share/nav2_msgs/action/FollowWaypoints.json
[9.933s] -- Up-to-date symlink: /home/brilliant/ros2_ws/install/nav2_msgs/share/nav2_msgs/action/FollowGPSWaypoints.json
[9.933s] -- Up-to-date symlink: /home/brilliant/ros2_ws/install/nav2_msgs/share/nav2_msgs/action/DockRobot.json
[9.933s] -- Up-to-date symlink: /home/brilliant/ros2_ws/install/nav2_msgs/share/nav2_msgs/action/UndockRobot.json
[9.956s] -- Up-to-date symlink: /home/brilliant/ros2_ws/install/nav2_msgs/include/nav2_msgs/nav2_msgs/action/assisted_teleop.h
[9.960s] -- Up-to-date symlink: /home/brilliant/ros2_ws/install/nav2_msgs/include/nav2_msgs/nav2_msgs/action/back_up.h
[9.960s] -- Up-to-date symlink: /home/brilliant/ros2_ws/install/nav2_msgs/include/nav2_msgs/nav2_msgs/action/compute_path_through_poses.h
[9.960s] -- Up-to-date symlink: /home/brilliant/ros2_ws/install/nav2_msgs/include/nav2_msgs/nav2_msgs/action/compute_path_to_pose.h
[9.965s] -- Up-to-date symlink: /home/brilliant/ros2_ws/install/nav2_msgs/include/nav2_msgs/nav2_msgs/action/detail/assisted_teleop__functions.h
[9.965s] -- Up-to-date symlink: /home/brilliant/ros2_ws/install/nav2_msgs/include/nav2_msgs/nav2_msgs/action/detail/assisted_teleop__struct.h
[9.966s] -- Up-to-date symlink: /home/brilliant/ros2_ws/install/nav2_msgs/include/nav2_msgs/nav2_msgs/action/detail/assisted_teleop__type_support.h
[9.971s] -- Up-to-date symlink: /home/brilliant/ros2_ws/install/nav2_msgs/include/nav2_msgs/nav2_msgs/action/detail/back_up__functions.h
[9.974s] -- Up-to-date symlink: /home/brilliant/ros2_ws/install/nav2_msgs/include/nav2_msgs/nav2_msgs/action/detail/back_up__struct.h
[9.974s] -- Up-to-date symlink: /home/brilliant/ros2_ws/install/nav2_msgs/include/nav2_msgs/nav2_msgs/action/detail/back_up__type_support.h
[9.975s] -- Up-to-date symlink: /home/brilliant/ros2_ws/install/nav2_msgs/include/nav2_msgs/nav2_msgs/action/detail/compute_path_through_poses__functions.h
[9.975s] -- Up-to-date symlink: /home/brilliant/ros2_ws/install/nav2_msgs/include/nav2_msgs/nav2_msgs/action/detail/compute_path_through_poses__struct.h
[9.978s] -- Up-to-date symlink: /home/brilliant/ros2_ws/install/nav2_msgs/include/nav2_msgs/nav2_msgs/action/detail/compute_path_through_poses__type_support.h
[9.980s] -- Up-to-date symlink: /home/brilliant/ros2_ws/install/nav2_msgs/include/nav2_msgs/nav2_msgs/action/detail/compute_path_to_pose__functions.h
[9.985s] -- Up-to-date symlink: /home/brilliant/ros2_ws/install/nav2_msgs/include/nav2_msgs/nav2_msgs/action/detail/compute_path_to_pose__struct.h
[9.986s] -- Up-to-date symlink: /home/brilliant/ros2_ws/install/nav2_msgs/include/nav2_msgs/nav2_msgs/action/detail/compute_path_to_pose__type_support.h
[9.986s] -- Up-to-date symlink: /home/brilliant/ros2_ws/install/nav2_msgs/include/nav2_msgs/nav2_msgs/action/detail/dock_robot__functions.h
[9.990s] -- Up-to-date symlink: /home/brilliant/ros2_ws/install/nav2_msgs/include/nav2_msgs/nav2_msgs/action/detail/dock_robot__struct.h
[9.994s] -- Up-to-date symlink: /home/brilliant/ros2_ws/install/nav2_msgs/include/nav2_msgs/nav2_msgs/action/detail/dock_robot__type_support.h
[9.994s] -- Up-to-date symlink: /home/brilliant/ros2_ws/install/nav2_msgs/include/nav2_msgs/nav2_msgs/action/detail/drive_on_heading__functions.h
[9.994s] -- Up-to-date symlink: /home/brilliant/ros2_ws/install/nav2_msgs/include/nav2_msgs/nav2_msgs/action/detail/drive_on_heading__struct.h
[9.995s] -- Up-to-date symlink: /home/brilliant/ros2_ws/install/nav2_msgs/include/nav2_msgs/nav2_msgs/action/detail/drive_on_heading__type_support.h
[9.995s] -- Up-to-date symlink: /home/brilliant/ros2_ws/install/nav2_msgs/include/nav2_msgs/nav2_msgs/action/detail/dummy_behavior__functions.h
[9.996s] -- Up-to-date symlink: /home/brilliant/ros2_ws/install/nav2_msgs/include/nav2_msgs/nav2_msgs/action/detail/dummy_behavior__struct.h
[9.996s] -- Up-to-date symlink: /home/brilliant/ros2_ws/install/nav2_msgs/include/nav2_msgs/nav2_msgs/action/detail/dummy_behavior__type_support.h
[9.996s] -- Up-to-date symlink: /home/brilliant/ros2_ws/install/nav2_msgs/include/nav2_msgs/nav2_msgs/action/detail/follow_gps_waypoints__functions.h
[9.997s] -- Up-to-date symlink: /home/brilliant/ros2_ws/install/nav2_msgs/include/nav2_msgs/nav2_msgs/action/detail/follow_gps_waypoints__struct.h
[9.997s] -- Up-to-date symlink: /home/brilliant/ros2_ws/install/nav2_msgs/include/nav2_msgs/nav2_msgs/action/detail/follow_gps_waypoints__type_support.h
[10.002s] -- Up-to-date symlink: /home/brilliant/ros2_ws/install/nav2_msgs/include/nav2_msgs/nav2_msgs/action/detail/follow_path__functions.h
[10.003s] -- Up-to-date symlink: /home/brilliant/ros2_ws/install/nav2_msgs/include/nav2_msgs/nav2_msgs/action/detail/follow_path__struct.h
[10.005s] -- Up-to-date symlink: /home/brilliant/ros2_ws/install/nav2_msgs/include/nav2_msgs/nav2_msgs/action/detail/follow_path__type_support.h
[10.012s] -- Up-to-date symlink: /home/brilliant/ros2_ws/install/nav2_msgs/include/nav2_msgs/nav2_msgs/action/detail/follow_waypoints__functions.h
[10.012s] -- Up-to-date symlink: /home/brilliant/ros2_ws/install/nav2_msgs/include/nav2_msgs/nav2_msgs/action/detail/follow_waypoints__struct.h
[10.012s] -- Up-to-date symlink: /home/brilliant/ros2_ws/install/nav2_msgs/include/nav2_msgs/nav2_msgs/action/detail/follow_waypoints__type_support.h
[10.012s] -- Up-to-date symlink: /home/brilliant/ros2_ws/install/nav2_msgs/include/nav2_msgs/nav2_msgs/action/detail/navigate_through_poses__functions.h
[10.013s] -- Up-to-date symlink: /home/brilliant/ros2_ws/install/nav2_msgs/include/nav2_msgs/nav2_msgs/action/detail/navigate_through_poses__struct.h
[10.014s] -- Up-to-date symlink: /home/brilliant/ros2_ws/install/nav2_msgs/include/nav2_msgs/nav2_msgs/action/detail/navigate_through_poses__type_support.h
[10.019s] -- Up-to-date symlink: /home/brilliant/ros2_ws/install/nav2_msgs/include/nav2_msgs/nav2_msgs/action/detail/navigate_to_pose__functions.h
[10.019s] -- Up-to-date symlink: /home/brilliant/ros2_ws/install/nav2_msgs/include/nav2_msgs/nav2_msgs/action/detail/navigate_to_pose__struct.h
[10.024s] -- Up-to-date symlink: /home/brilliant/ros2_ws/install/nav2_msgs/include/nav2_msgs/nav2_msgs/action/detail/navigate_to_pose__type_support.h
[10.025s] -- Up-to-date symlink: /home/brilliant/ros2_ws/install/nav2_msgs/include/nav2_msgs/nav2_msgs/action/detail/smooth_path__functions.h
[10.025s] -- Up-to-date symlink: /home/brilliant/ros2_ws/install/nav2_msgs/include/nav2_msgs/nav2_msgs/action/detail/smooth_path__struct.h
[10.029s] -- Up-to-date symlink: /home/brilliant/ros2_ws/install/nav2_msgs/include/nav2_msgs/nav2_msgs/action/detail/smooth_path__type_support.h
[10.032s] -- Up-to-date symlink: /home/brilliant/ros2_ws/install/nav2_msgs/include/nav2_msgs/nav2_msgs/action/detail/spin__functions.h
[10.032s] -- Up-to-date symlink: /home/brilliant/ros2_ws/install/nav2_msgs/include/nav2_msgs/nav2_msgs/action/detail/spin__struct.h
[10.032s] -- Up-to-date symlink: /home/brilliant/ros2_ws/install/nav2_msgs/include/nav2_msgs/nav2_msgs/action/detail/spin__type_support.h
[10.034s] -- Up-to-date symlink: /home/brilliant/ros2_ws/install/nav2_msgs/include/nav2_msgs/nav2_msgs/action/detail/undock_robot__functions.h
[10.038s] -- Up-to-date symlink: /home/brilliant/ros2_ws/install/nav2_msgs/include/nav2_msgs/nav2_msgs/action/detail/undock_robot__struct.h
[10.038s] -- Up-to-date symlink: /home/brilliant/ros2_ws/install/nav2_msgs/include/nav2_msgs/nav2_msgs/action/detail/undock_robot__type_support.h
[10.047s] -- Up-to-date symlink: /home/brilliant/ros2_ws/install/nav2_msgs/include/nav2_msgs/nav2_msgs/action/detail/wait__functions.h
[10.048s] -- Up-to-date symlink: /home/brilliant/ros2_ws/install/nav2_msgs/include/nav2_msgs/nav2_msgs/action/detail/wait__struct.h
[10.048s] -- Up-to-date symlink: /home/brilliant/ros2_ws/install/nav2_msgs/include/nav2_msgs/nav2_msgs/action/detail/wait__type_support.h
[10.051s] -- Up-to-date symlink: /home/brilliant/ros2_ws/install/nav2_msgs/include/nav2_msgs/nav2_msgs/action/dock_robot.h
[10.059s] -- Up-to-date symlink: /home/brilliant/ros2_ws/install/nav2_msgs/include/nav2_msgs/nav2_msgs/action/drive_on_heading.h
[10.059s] -- Up-to-date symlink: /home/brilliant/ros2_ws/install/nav2_msgs/include/nav2_msgs/nav2_msgs/action/dummy_behavior.h
[10.059s] -- Up-to-date symlink: /home/brilliant/ros2_ws/install/nav2_msgs/include/nav2_msgs/nav2_msgs/action/follow_gps_waypoints.h
[10.060s] -- Up-to-date symlink: /home/brilliant/ros2_ws/install/nav2_msgs/include/nav2_msgs/nav2_msgs/action/follow_path.h
[10.060s] -- Up-to-date symlink: /home/brilliant/ros2_ws/install/nav2_msgs/include/nav2_msgs/nav2_msgs/action/follow_waypoints.h
[10.060s] -- Up-to-date symlink: /home/brilliant/ros2_ws/install/nav2_msgs/include/nav2_msgs/nav2_msgs/action/navigate_through_poses.h
[10.061s] -- Up-to-date symlink: /home/brilliant/ros2_ws/install/nav2_msgs/include/nav2_msgs/nav2_msgs/action/navigate_to_pose.h
[10.061s] -- Up-to-date symlink: /home/brilliant/ros2_ws/install/nav2_msgs/include/nav2_msgs/nav2_msgs/action/smooth_path.h
[10.061s] -- Up-to-date symlink: /home/brilliant/ros2_ws/install/nav2_msgs/include/nav2_msgs/nav2_msgs/action/spin.h
[10.061s] -- Up-to-date symlink: /home/brilliant/ros2_ws/install/nav2_msgs/include/nav2_msgs/nav2_msgs/action/undock_robot.h
[10.061s] -- Up-to-date symlink: /home/brilliant/ros2_ws/install/nav2_msgs/include/nav2_msgs/nav2_msgs/action/wait.h
[10.062s] -- Up-to-date symlink: /home/brilliant/ros2_ws/install/nav2_msgs/include/nav2_msgs/nav2_msgs/msg/behavior_tree_log.h
[10.062s] -- Up-to-date symlink: /home/brilliant/ros2_ws/install/nav2_msgs/include/nav2_msgs/nav2_msgs/msg/behavior_tree_status_change.h
[10.062s] -- Up-to-date symlink: /home/brilliant/ros2_ws/install/nav2_msgs/include/nav2_msgs/nav2_msgs/msg/collision_detector_state.h
[10.062s] -- Up-to-date symlink: /home/brilliant/ros2_ws/install/nav2_msgs/include/nav2_msgs/nav2_msgs/msg/collision_monitor_state.h
[10.063s] -- Up-to-date symlink: /home/brilliant/ros2_ws/install/nav2_msgs/include/nav2_msgs/nav2_msgs/msg/costmap.h
[10.065s] -- Up-to-date symlink: /home/brilliant/ros2_ws/install/nav2_msgs/include/nav2_msgs/nav2_msgs/msg/costmap_filter_info.h
[10.065s] -- Up-to-date symlink: /home/brilliant/ros2_ws/install/nav2_msgs/include/nav2_msgs/nav2_msgs/msg/costmap_meta_data.h
[10.066s] -- Up-to-date symlink: /home/brilliant/ros2_ws/install/nav2_msgs/include/nav2_msgs/nav2_msgs/msg/costmap_update.h
[10.066s] -- Up-to-date symlink: /home/brilliant/ros2_ws/install/nav2_msgs/include/nav2_msgs/nav2_msgs/msg/detail/behavior_tree_log__functions.h
[10.066s] -- Up-to-date symlink: /home/brilliant/ros2_ws/install/nav2_msgs/include/nav2_msgs/nav2_msgs/msg/detail/behavior_tree_log__struct.h
[10.066s] -- Up-to-date symlink: /home/brilliant/ros2_ws/install/nav2_msgs/include/nav2_msgs/nav2_msgs/msg/detail/behavior_tree_log__type_support.h
[10.067s] -- Up-to-date symlink: /home/brilliant/ros2_ws/install/nav2_msgs/include/nav2_msgs/nav2_msgs/msg/detail/behavior_tree_status_change__functions.h
[10.067s] -- Up-to-date symlink: /home/brilliant/ros2_ws/install/nav2_msgs/include/nav2_msgs/nav2_msgs/msg/detail/behavior_tree_status_change__struct.h
[10.067s] -- Up-to-date symlink: /home/brilliant/ros2_ws/install/nav2_msgs/include/nav2_msgs/nav2_msgs/msg/detail/behavior_tree_status_change__type_support.h
[10.073s] -- Up-to-date symlink: /home/brilliant/ros2_ws/install/nav2_msgs/include/nav2_msgs/nav2_msgs/msg/detail/collision_detector_state__functions.h
[10.073s] -- Up-to-date symlink: /home/brilliant/ros2_ws/install/nav2_msgs/include/nav2_msgs/nav2_msgs/msg/detail/collision_detector_state__struct.h
[10.074s] -- Up-to-date symlink: /home/brilliant/ros2_ws/install/nav2_msgs/include/nav2_msgs/nav2_msgs/msg/detail/collision_detector_state__type_support.h
[10.074s] -- Up-to-date symlink: /home/brilliant/ros2_ws/install/nav2_msgs/include/nav2_msgs/nav2_msgs/msg/detail/collision_monitor_state__functions.h
[10.074s] -- Up-to-date symlink: /home/brilliant/ros2_ws/install/nav2_msgs/include/nav2_msgs/nav2_msgs/msg/detail/collision_monitor_state__struct.h
[10.074s] -- Up-to-date symlink: /home/brilliant/ros2_ws/install/nav2_msgs/include/nav2_msgs/nav2_msgs/msg/detail/collision_monitor_state__type_support.h
[10.076s] -- Up-to-date symlink: /home/brilliant/ros2_ws/install/nav2_msgs/include/nav2_msgs/nav2_msgs/msg/detail/costmap__functions.h
[10.076s] -- Up-to-date symlink: /home/brilliant/ros2_ws/install/nav2_msgs/include/nav2_msgs/nav2_msgs/msg/detail/costmap__struct.h
[10.077s] -- Up-to-date symlink: /home/brilliant/ros2_ws/install/nav2_msgs/include/nav2_msgs/nav2_msgs/msg/detail/costmap__type_support.h
[10.077s] -- Up-to-date symlink: /home/brilliant/ros2_ws/install/nav2_msgs/include/nav2_msgs/nav2_msgs/msg/detail/costmap_filter_info__functions.h
[10.079s] -- Up-to-date symlink: /home/brilliant/ros2_ws/install/nav2_msgs/include/nav2_msgs/nav2_msgs/msg/detail/costmap_filter_info__struct.h
[10.079s] -- Up-to-date symlink: /home/brilliant/ros2_ws/install/nav2_msgs/include/nav2_msgs/nav2_msgs/msg/detail/costmap_filter_info__type_support.h
[10.080s] -- Up-to-date symlink: /home/brilliant/ros2_ws/install/nav2_msgs/include/nav2_msgs/nav2_msgs/msg/detail/costmap_meta_data__functions.h
[10.082s] -- Up-to-date symlink: /home/brilliant/ros2_ws/install/nav2_msgs/include/nav2_msgs/nav2_msgs/msg/detail/costmap_meta_data__struct.h
[10.083s] -- Up-to-date symlink: /home/brilliant/ros2_ws/install/nav2_msgs/include/nav2_msgs/nav2_msgs/msg/detail/costmap_meta_data__type_support.h
[10.084s] -- Up-to-date symlink: /home/brilliant/ros2_ws/install/nav2_msgs/include/nav2_msgs/nav2_msgs/msg/detail/costmap_update__functions.h
[10.086s] -- Up-to-date symlink: /home/brilliant/ros2_ws/install/nav2_msgs/include/nav2_msgs/nav2_msgs/msg/detail/costmap_update__struct.h
[10.087s] -- Up-to-date symlink: /home/brilliant/ros2_ws/install/nav2_msgs/include/nav2_msgs/nav2_msgs/msg/detail/costmap_update__type_support.h
[10.087s] -- Up-to-date symlink: /home/brilliant/ros2_ws/install/nav2_msgs/include/nav2_msgs/nav2_msgs/msg/detail/missed_waypoint__functions.h
[10.087s] -- Up-to-date symlink: /home/brilliant/ros2_ws/install/nav2_msgs/include/nav2_msgs/nav2_msgs/msg/detail/missed_waypoint__struct.h
[10.088s] -- Up-to-date symlink: /home/brilliant/ros2_ws/install/nav2_msgs/include/nav2_msgs/nav2_msgs/msg/detail/missed_waypoint__type_support.h
[10.089s] -- Up-to-date symlink: /home/brilliant/ros2_ws/install/nav2_msgs/include/nav2_msgs/nav2_msgs/msg/detail/particle__functions.h
[10.091s] -- Up-to-date symlink: /home/brilliant/ros2_ws/install/nav2_msgs/include/nav2_msgs/nav2_msgs/msg/detail/particle__struct.h
[10.091s] -- Up-to-date symlink: /home/brilliant/ros2_ws/install/nav2_msgs/include/nav2_msgs/nav2_msgs/msg/detail/particle__type_support.h
[10.092s] -- Up-to-date symlink: /home/brilliant/ros2_ws/install/nav2_msgs/include/nav2_msgs/nav2_msgs/msg/detail/particle_cloud__functions.h
[10.092s] -- Up-to-date symlink: /home/brilliant/ros2_ws/install/nav2_msgs/include/nav2_msgs/nav2_msgs/msg/detail/particle_cloud__struct.h
[10.093s] -- Up-to-date symlink: /home/brilliant/ros2_ws/install/nav2_msgs/include/nav2_msgs/nav2_msgs/msg/detail/particle_cloud__type_support.h
[10.095s] -- Up-to-date symlink: /home/brilliant/ros2_ws/install/nav2_msgs/include/nav2_msgs/nav2_msgs/msg/detail/speed_limit__functions.h
[10.095s] -- Up-to-date symlink: /home/brilliant/ros2_ws/install/nav2_msgs/include/nav2_msgs/nav2_msgs/msg/detail/speed_limit__struct.h
[10.099s] -- Up-to-date symlink: /home/brilliant/ros2_ws/install/nav2_msgs/include/nav2_msgs/nav2_msgs/msg/detail/speed_limit__type_support.h
[10.100s] -- Up-to-date symlink: /home/brilliant/ros2_ws/install/nav2_msgs/include/nav2_msgs/nav2_msgs/msg/detail/voxel_grid__functions.h
[10.100s] -- Up-to-date symlink: /home/brilliant/ros2_ws/install/nav2_msgs/include/nav2_msgs/nav2_msgs/msg/detail/voxel_grid__struct.h
[10.101s] -- Up-to-date symlink: /home/brilliant/ros2_ws/install/nav2_msgs/include/nav2_msgs/nav2_msgs/msg/detail/voxel_grid__type_support.h
[10.104s] -- Up-to-date symlink: /home/brilliant/ros2_ws/install/nav2_msgs/include/nav2_msgs/nav2_msgs/msg/missed_waypoint.h
[10.108s] -- Up-to-date symlink: /home/brilliant/ros2_ws/install/nav2_msgs/include/nav2_msgs/nav2_msgs/msg/particle.h
[10.111s] -- Up-to-date symlink: /home/brilliant/ros2_ws/install/nav2_msgs/include/nav2_msgs/nav2_msgs/msg/particle_cloud.h
[10.111s] -- Up-to-date symlink: /home/brilliant/ros2_ws/install/nav2_msgs/include/nav2_msgs/nav2_msgs/msg/rosidl_generator_c__visibility_control.h
[10.111s] -- Up-to-date symlink: /home/brilliant/ros2_ws/install/nav2_msgs/include/nav2_msgs/nav2_msgs/msg/speed_limit.h
[10.111s] -- Up-to-date symlink: /home/brilliant/ros2_ws/install/nav2_msgs/include/nav2_msgs/nav2_msgs/msg/voxel_grid.h
[10.115s] -- Up-to-date symlink: /home/brilliant/ros2_ws/install/nav2_msgs/include/nav2_msgs/nav2_msgs/srv/clear_costmap_around_pose.h
[10.117s] -- Up-to-date symlink: /home/brilliant/ros2_ws/install/nav2_msgs/include/nav2_msgs/nav2_msgs/srv/clear_costmap_around_robot.h
[10.118s] -- Up-to-date symlink: /home/brilliant/ros2_ws/install/nav2_msgs/include/nav2_msgs/nav2_msgs/srv/clear_costmap_except_region.h
[10.119s] -- Up-to-date symlink: /home/brilliant/ros2_ws/install/nav2_msgs/include/nav2_msgs/nav2_msgs/srv/clear_entire_costmap.h
[10.121s] -- Up-to-date symlink: /home/brilliant/ros2_ws/install/nav2_msgs/include/nav2_msgs/nav2_msgs/srv/detail/clear_costmap_around_pose__functions.h
[10.121s] -- Up-to-date symlink: /home/brilliant/ros2_ws/install/nav2_msgs/include/nav2_msgs/nav2_msgs/srv/detail/clear_costmap_around_pose__struct.h
[10.122s] -- Up-to-date symlink: /home/brilliant/ros2_ws/install/nav2_msgs/include/nav2_msgs/nav2_msgs/srv/detail/clear_costmap_around_pose__type_support.h
[10.122s] -- Up-to-date symlink: /home/brilliant/ros2_ws/install/nav2_msgs/include/nav2_msgs/nav2_msgs/srv/detail/clear_costmap_around_robot__functions.h
[10.122s] -- Up-to-date symlink: /home/brilliant/ros2_ws/install/nav2_msgs/include/nav2_msgs/nav2_msgs/srv/detail/clear_costmap_around_robot__struct.h
[10.122s] -- Up-to-date symlink: /home/brilliant/ros2_ws/install/nav2_msgs/include/nav2_msgs/nav2_msgs/srv/detail/clear_costmap_around_robot__type_support.h
[10.123s] -- Up-to-date symlink: /home/brilliant/ros2_ws/install/nav2_msgs/include/nav2_msgs/nav2_msgs/srv/detail/clear_costmap_except_region__functions.h
[10.125s] -- Up-to-date symlink: /home/brilliant/ros2_ws/install/nav2_msgs/include/nav2_msgs/nav2_msgs/srv/detail/clear_costmap_except_region__struct.h
[10.125s] -- Up-to-date symlink: /home/brilliant/ros2_ws/install/nav2_msgs/include/nav2_msgs/nav2_msgs/srv/detail/clear_costmap_except_region__type_support.h
[10.126s] -- Up-to-date symlink: /home/brilliant/ros2_ws/install/nav2_msgs/include/nav2_msgs/nav2_msgs/srv/detail/clear_entire_costmap__functions.h
[10.126s] -- Up-to-date symlink: /home/brilliant/ros2_ws/install/nav2_msgs/include/nav2_msgs/nav2_msgs/srv/detail/clear_entire_costmap__struct.h
[10.126s] -- Up-to-date symlink: /home/brilliant/ros2_ws/install/nav2_msgs/include/nav2_msgs/nav2_msgs/srv/detail/clear_entire_costmap__type_support.h
[10.126s] -- Up-to-date symlink: /home/brilliant/ros2_ws/install/nav2_msgs/include/nav2_msgs/nav2_msgs/srv/detail/get_cost__functions.h
[10.127s] -- Up-to-date symlink: /home/brilliant/ros2_ws/install/nav2_msgs/include/nav2_msgs/nav2_msgs/srv/detail/get_cost__struct.h
[10.127s] -- Up-to-date symlink: /home/brilliant/ros2_ws/install/nav2_msgs/include/nav2_msgs/nav2_msgs/srv/detail/get_cost__type_support.h
[10.127s] -- Up-to-date symlink: /home/brilliant/ros2_ws/install/nav2_msgs/include/nav2_msgs/nav2_msgs/srv/detail/get_costmap__functions.h
[10.130s] -- Up-to-date symlink: /home/brilliant/ros2_ws/install/nav2_msgs/include/nav2_msgs/nav2_msgs/srv/detail/get_costmap__struct.h
[10.130s] -- Up-to-date symlink: /home/brilliant/ros2_ws/install/nav2_msgs/include/nav2_msgs/nav2_msgs/srv/detail/get_costmap__type_support.h
[10.131s] -- Up-to-date symlink: /home/brilliant/ros2_ws/install/nav2_msgs/include/nav2_msgs/nav2_msgs/srv/detail/is_path_valid__functions.h
[10.131s] -- Up-to-date symlink: /home/brilliant/ros2_ws/install/nav2_msgs/include/nav2_msgs/nav2_msgs/srv/detail/is_path_valid__struct.h
[10.131s] -- Up-to-date symlink: /home/brilliant/ros2_ws/install/nav2_msgs/include/nav2_msgs/nav2_msgs/srv/detail/is_path_valid__type_support.h
[10.131s] -- Up-to-date symlink: /home/brilliant/ros2_ws/install/nav2_msgs/include/nav2_msgs/nav2_msgs/srv/detail/load_map__functions.h
[10.132s] -- Up-to-date symlink: /home/brilliant/ros2_ws/install/nav2_msgs/include/nav2_msgs/nav2_msgs/srv/detail/load_map__struct.h
[10.132s] -- Up-to-date symlink: /home/brilliant/ros2_ws/install/nav2_msgs/include/nav2_msgs/nav2_msgs/srv/detail/load_map__type_support.h
[10.132s] -- Up-to-date symlink: /home/brilliant/ros2_ws/install/nav2_msgs/include/nav2_msgs/nav2_msgs/srv/detail/manage_lifecycle_nodes__functions.h
[10.132s] -- Up-to-date symlink: /home/brilliant/ros2_ws/install/nav2_msgs/include/nav2_msgs/nav2_msgs/srv/detail/manage_lifecycle_nodes__struct.h
[10.133s] -- Up-to-date symlink: /home/brilliant/ros2_ws/install/nav2_msgs/include/nav2_msgs/nav2_msgs/srv/detail/manage_lifecycle_nodes__type_support.h
[10.142s] -- Up-to-date symlink: /home/brilliant/ros2_ws/install/nav2_msgs/include/nav2_msgs/nav2_msgs/srv/detail/reload_dock_database__functions.h
[10.143s] -- Up-to-date symlink: /home/brilliant/ros2_ws/install/nav2_msgs/include/nav2_msgs/nav2_msgs/srv/detail/reload_dock_database__struct.h
[10.145s] -- Up-to-date symlink: /home/brilliant/ros2_ws/install/nav2_msgs/include/nav2_msgs/nav2_msgs/srv/detail/reload_dock_database__type_support.h
[10.146s] -- Up-to-date symlink: /home/brilliant/ros2_ws/install/nav2_msgs/include/nav2_msgs/nav2_msgs/srv/detail/save_map__functions.h
[10.147s] -- Up-to-date symlink: /home/brilliant/ros2_ws/install/nav2_msgs/include/nav2_msgs/nav2_msgs/srv/detail/save_map__struct.h
[10.149s] -- Up-to-date symlink: /home/brilliant/ros2_ws/install/nav2_msgs/include/nav2_msgs/nav2_msgs/srv/detail/save_map__type_support.h
[10.150s] -- Up-to-date symlink: /home/brilliant/ros2_ws/install/nav2_msgs/include/nav2_msgs/nav2_msgs/srv/detail/set_initial_pose__functions.h
[10.152s] -- Up-to-date symlink: /home/brilliant/ros2_ws/install/nav2_msgs/include/nav2_msgs/nav2_msgs/srv/detail/set_initial_pose__struct.h
[10.153s] -- Up-to-date symlink: /home/brilliant/ros2_ws/install/nav2_msgs/include/nav2_msgs/nav2_msgs/srv/detail/set_initial_pose__type_support.h
[10.154s] -- Up-to-date symlink: /home/brilliant/ros2_ws/install/nav2_msgs/include/nav2_msgs/nav2_msgs/srv/get_cost.h
[10.155s] -- Up-to-date symlink: /home/brilliant/ros2_ws/install/nav2_msgs/include/nav2_msgs/nav2_msgs/srv/get_costmap.h
[10.157s] -- Up-to-date symlink: /home/brilliant/ros2_ws/install/nav2_msgs/include/nav2_msgs/nav2_msgs/srv/is_path_valid.h
[10.158s] -- Up-to-date symlink: /home/brilliant/ros2_ws/install/nav2_msgs/include/nav2_msgs/nav2_msgs/srv/load_map.h
[10.159s] -- Up-to-date symlink: /home/brilliant/ros2_ws/install/nav2_msgs/include/nav2_msgs/nav2_msgs/srv/manage_lifecycle_nodes.h
[10.161s] -- Up-to-date symlink: /home/brilliant/ros2_ws/install/nav2_msgs/include/nav2_msgs/nav2_msgs/srv/reload_dock_database.h
[10.165s] -- Up-to-date symlink: /home/brilliant/ros2_ws/install/nav2_msgs/include/nav2_msgs/nav2_msgs/srv/save_map.h
[10.165s] -- Up-to-date symlink: /home/brilliant/ros2_ws/install/nav2_msgs/include/nav2_msgs/nav2_msgs/srv/set_initial_pose.h
[10.166s] -- Up-to-date symlink: /home/brilliant/ros2_ws/install/nav2_msgs/share/nav2_msgs/environment/library_path.sh
[10.169s] -- Up-to-date symlink: /home/brilliant/ros2_ws/install/nav2_msgs/share/nav2_msgs/environment/library_path.dsv
[10.175s] -- Up-to-date symlink: /home/brilliant/ros2_ws/install/nav2_msgs/include/nav2_msgs/nav2_msgs/action/detail/assisted_teleop__rosidl_typesupport_fastrtps_c.h
[10.176s] -- Up-to-date symlink: /home/brilliant/ros2_ws/install/nav2_msgs/include/nav2_msgs/nav2_msgs/action/detail/back_up__rosidl_typesupport_fastrtps_c.h
[10.181s] -- Up-to-date symlink: /home/brilliant/ros2_ws/install/nav2_msgs/include/nav2_msgs/nav2_msgs/action/detail/compute_path_through_poses__rosidl_typesupport_fastrtps_c.h
[10.183s] -- Up-to-date symlink: /home/brilliant/ros2_ws/install/nav2_msgs/include/nav2_msgs/nav2_msgs/action/detail/compute_path_to_pose__rosidl_typesupport_fastrtps_c.h
[10.183s] -- Up-to-date symlink: /home/brilliant/ros2_ws/install/nav2_msgs/include/nav2_msgs/nav2_msgs/action/detail/dock_robot__rosidl_typesupport_fastrtps_c.h
[10.189s] -- Up-to-date symlink: /home/brilliant/ros2_ws/install/nav2_msgs/include/nav2_msgs/nav2_msgs/action/detail/drive_on_heading__rosidl_typesupport_fastrtps_c.h
[10.190s] -- Up-to-date symlink: /home/brilliant/ros2_ws/install/nav2_msgs/include/nav2_msgs/nav2_msgs/action/detail/dummy_behavior__rosidl_typesupport_fastrtps_c.h
[10.190s] -- Up-to-date symlink: /home/brilliant/ros2_ws/install/nav2_msgs/include/nav2_msgs/nav2_msgs/action/detail/follow_gps_waypoints__rosidl_typesupport_fastrtps_c.h
[10.190s] -- Up-to-date symlink: /home/brilliant/ros2_ws/install/nav2_msgs/include/nav2_msgs/nav2_msgs/action/detail/follow_path__rosidl_typesupport_fastrtps_c.h
[10.191s] -- Up-to-date symlink: /home/brilliant/ros2_ws/install/nav2_msgs/include/nav2_msgs/nav2_msgs/action/detail/follow_waypoints__rosidl_typesupport_fastrtps_c.h
[10.193s] -- Up-to-date symlink: /home/brilliant/ros2_ws/install/nav2_msgs/include/nav2_msgs/nav2_msgs/action/detail/navigate_through_poses__rosidl_typesupport_fastrtps_c.h
[10.193s] -- Up-to-date symlink: /home/brilliant/ros2_ws/install/nav2_msgs/include/nav2_msgs/nav2_msgs/action/detail/navigate_to_pose__rosidl_typesupport_fastrtps_c.h
[10.194s] -- Up-to-date symlink: /home/brilliant/ros2_ws/install/nav2_msgs/include/nav2_msgs/nav2_msgs/action/detail/smooth_path__rosidl_typesupport_fastrtps_c.h
[10.194s] -- Up-to-date symlink: /home/brilliant/ros2_ws/install/nav2_msgs/include/nav2_msgs/nav2_msgs/action/detail/spin__rosidl_typesupport_fastrtps_c.h
[10.194s] -- Up-to-date symlink: /home/brilliant/ros2_ws/install/nav2_msgs/include/nav2_msgs/nav2_msgs/action/detail/undock_robot__rosidl_typesupport_fastrtps_c.h
[10.198s] -- Up-to-date symlink: /home/brilliant/ros2_ws/install/nav2_msgs/include/nav2_msgs/nav2_msgs/action/detail/wait__rosidl_typesupport_fastrtps_c.h
[10.198s] -- Up-to-date symlink: /home/brilliant/ros2_ws/install/nav2_msgs/include/nav2_msgs/nav2_msgs/msg/detail/behavior_tree_log__rosidl_typesupport_fastrtps_c.h
[10.198s] -- Up-to-date symlink: /home/brilliant/ros2_ws/install/nav2_msgs/include/nav2_msgs/nav2_msgs/msg/detail/behavior_tree_status_change__rosidl_typesupport_fastrtps_c.h
[10.202s] -- Up-to-date symlink: /home/brilliant/ros2_ws/install/nav2_msgs/include/nav2_msgs/nav2_msgs/msg/detail/collision_detector_state__rosidl_typesupport_fastrtps_c.h
[10.203s] -- Up-to-date symlink: /home/brilliant/ros2_ws/install/nav2_msgs/include/nav2_msgs/nav2_msgs/msg/detail/collision_monitor_state__rosidl_typesupport_fastrtps_c.h
[10.204s] -- Up-to-date symlink: /home/brilliant/ros2_ws/install/nav2_msgs/include/nav2_msgs/nav2_msgs/msg/detail/costmap__rosidl_typesupport_fastrtps_c.h
[10.207s] -- Up-to-date symlink: /home/brilliant/ros2_ws/install/nav2_msgs/include/nav2_msgs/nav2_msgs/msg/detail/costmap_filter_info__rosidl_typesupport_fastrtps_c.h
[10.207s] -- Up-to-date symlink: /home/brilliant/ros2_ws/install/nav2_msgs/include/nav2_msgs/nav2_msgs/msg/detail/costmap_meta_data__rosidl_typesupport_fastrtps_c.h
[10.208s] -- Up-to-date symlink: /home/brilliant/ros2_ws/install/nav2_msgs/include/nav2_msgs/nav2_msgs/msg/detail/costmap_update__rosidl_typesupport_fastrtps_c.h
[10.210s] -- Up-to-date symlink: /home/brilliant/ros2_ws/install/nav2_msgs/include/nav2_msgs/nav2_msgs/msg/detail/missed_waypoint__rosidl_typesupport_fastrtps_c.h
[10.215s] -- Up-to-date symlink: /home/brilliant/ros2_ws/install/nav2_msgs/include/nav2_msgs/nav2_msgs/msg/detail/particle__rosidl_typesupport_fastrtps_c.h
[10.217s] -- Up-to-date symlink: /home/brilliant/ros2_ws/install/nav2_msgs/include/nav2_msgs/nav2_msgs/msg/detail/particle_cloud__rosidl_typesupport_fastrtps_c.h
[10.219s] -- Up-to-date symlink: /home/brilliant/ros2_ws/install/nav2_msgs/include/nav2_msgs/nav2_msgs/msg/detail/speed_limit__rosidl_typesupport_fastrtps_c.h
[10.220s] -- Up-to-date symlink: /home/brilliant/ros2_ws/install/nav2_msgs/include/nav2_msgs/nav2_msgs/msg/detail/voxel_grid__rosidl_typesupport_fastrtps_c.h
[10.223s] -- Up-to-date symlink: /home/brilliant/ros2_ws/install/nav2_msgs/include/nav2_msgs/nav2_msgs/msg/rosidl_typesupport_fastrtps_c__visibility_control.h
[10.227s] -- Up-to-date symlink: /home/brilliant/ros2_ws/install/nav2_msgs/include/nav2_msgs/nav2_msgs/srv/detail/clear_costmap_around_pose__rosidl_typesupport_fastrtps_c.h
[10.227s] -- Up-to-date symlink: /home/brilliant/ros2_ws/install/nav2_msgs/include/nav2_msgs/nav2_msgs/srv/detail/clear_costmap_around_robot__rosidl_typesupport_fastrtps_c.h
[10.231s] -- Up-to-date symlink: /home/brilliant/ros2_ws/install/nav2_msgs/include/nav2_msgs/nav2_msgs/srv/detail/clear_costmap_except_region__rosidl_typesupport_fastrtps_c.h
[10.232s] -- Up-to-date symlink: /home/brilliant/ros2_ws/install/nav2_msgs/include/nav2_msgs/nav2_msgs/srv/detail/clear_entire_costmap__rosidl_typesupport_fastrtps_c.h
[10.234s] -- Up-to-date symlink: /home/brilliant/ros2_ws/install/nav2_msgs/include/nav2_msgs/nav2_msgs/srv/detail/get_cost__rosidl_typesupport_fastrtps_c.h
[10.235s] -- Up-to-date symlink: /home/brilliant/ros2_ws/install/nav2_msgs/include/nav2_msgs/nav2_msgs/srv/detail/get_costmap__rosidl_typesupport_fastrtps_c.h
[10.241s] -- Up-to-date symlink: /home/brilliant/ros2_ws/install/nav2_msgs/include/nav2_msgs/nav2_msgs/srv/detail/is_path_valid__rosidl_typesupport_fastrtps_c.h
[10.243s] -- Up-to-date symlink: /home/brilliant/ros2_ws/install/nav2_msgs/include/nav2_msgs/nav2_msgs/srv/detail/load_map__rosidl_typesupport_fastrtps_c.h
[10.243s] -- Up-to-date symlink: /home/brilliant/ros2_ws/install/nav2_msgs/include/nav2_msgs/nav2_msgs/srv/detail/manage_lifecycle_nodes__rosidl_typesupport_fastrtps_c.h
[10.251s] -- Up-to-date symlink: /home/brilliant/ros2_ws/install/nav2_msgs/include/nav2_msgs/nav2_msgs/srv/detail/reload_dock_database__rosidl_typesupport_fastrtps_c.h
[10.256s] -- Up-to-date symlink: /home/brilliant/ros2_ws/install/nav2_msgs/include/nav2_msgs/nav2_msgs/srv/detail/save_map__rosidl_typesupport_fastrtps_c.h
[10.256s] -- Up-to-date symlink: /home/brilliant/ros2_ws/install/nav2_msgs/include/nav2_msgs/nav2_msgs/srv/detail/set_initial_pose__rosidl_typesupport_fastrtps_c.h
[10.269s] -- Up-to-date symlink: /home/brilliant/ros2_ws/install/nav2_msgs/include/nav2_msgs/nav2_msgs/action/assisted_teleop.hpp
[10.270s] -- Up-to-date symlink: /home/brilliant/ros2_ws/install/nav2_msgs/include/nav2_msgs/nav2_msgs/action/back_up.hpp
[10.273s] -- Up-to-date symlink: /home/brilliant/ros2_ws/install/nav2_msgs/include/nav2_msgs/nav2_msgs/action/compute_path_through_poses.hpp
[10.273s] -- Up-to-date symlink: /home/brilliant/ros2_ws/install/nav2_msgs/include/nav2_msgs/nav2_msgs/action/compute_path_to_pose.hpp
[10.274s] -- Up-to-date symlink: /home/brilliant/ros2_ws/install/nav2_msgs/include/nav2_msgs/nav2_msgs/action/detail/assisted_teleop__builder.hpp
[10.280s] -- Up-to-date symlink: /home/brilliant/ros2_ws/install/nav2_msgs/include/nav2_msgs/nav2_msgs/action/detail/assisted_teleop__struct.hpp
[10.281s] -- Up-to-date symlink: /home/brilliant/ros2_ws/install/nav2_msgs/include/nav2_msgs/nav2_msgs/action/detail/assisted_teleop__traits.hpp
[10.281s] -- Up-to-date symlink: /home/brilliant/ros2_ws/install/nav2_msgs/include/nav2_msgs/nav2_msgs/action/detail/assisted_teleop__type_support.hpp
[10.282s] -- Up-to-date symlink: /home/brilliant/ros2_ws/install/nav2_msgs/include/nav2_msgs/nav2_msgs/action/detail/back_up__builder.hpp
[10.282s] -- Up-to-date symlink: /home/brilliant/ros2_ws/install/nav2_msgs/include/nav2_msgs/nav2_msgs/action/detail/back_up__struct.hpp
[10.287s] -- Up-to-date symlink: /home/brilliant/ros2_ws/install/nav2_msgs/include/nav2_msgs/nav2_msgs/action/detail/back_up__traits.hpp
[10.288s] -- Up-to-date symlink: /home/brilliant/ros2_ws/install/nav2_msgs/include/nav2_msgs/nav2_msgs/action/detail/back_up__type_support.hpp
[10.288s] -- Up-to-date symlink: /home/brilliant/ros2_ws/install/nav2_msgs/include/nav2_msgs/nav2_msgs/action/detail/compute_path_through_poses__builder.hpp
[10.288s] -- Up-to-date symlink: /home/brilliant/ros2_ws/install/nav2_msgs/include/nav2_msgs/nav2_msgs/action/detail/compute_path_through_poses__struct.hpp
[10.289s] -- Up-to-date symlink: /home/brilliant/ros2_ws/install/nav2_msgs/include/nav2_msgs/nav2_msgs/action/detail/compute_path_through_poses__traits.hpp
[10.291s] -- Up-to-date symlink: /home/brilliant/ros2_ws/install/nav2_msgs/include/nav2_msgs/nav2_msgs/action/detail/compute_path_through_poses__type_support.hpp
[10.299s] -- Up-to-date symlink: /home/brilliant/ros2_ws/install/nav2_msgs/include/nav2_msgs/nav2_msgs/action/detail/compute_path_to_pose__builder.hpp
[10.300s] -- Up-to-date symlink: /home/brilliant/ros2_ws/install/nav2_msgs/include/nav2_msgs/nav2_msgs/action/detail/compute_path_to_pose__struct.hpp
[10.300s] -- Up-to-date symlink: /home/brilliant/ros2_ws/install/nav2_msgs/include/nav2_msgs/nav2_msgs/action/detail/compute_path_to_pose__traits.hpp
[10.300s] -- Up-to-date symlink: /home/brilliant/ros2_ws/install/nav2_msgs/include/nav2_msgs/nav2_msgs/action/detail/compute_path_to_pose__type_support.hpp
[10.301s] -- Up-to-date symlink: /home/brilliant/ros2_ws/install/nav2_msgs/include/nav2_msgs/nav2_msgs/action/detail/dock_robot__builder.hpp
[10.303s] -- Up-to-date symlink: /home/brilliant/ros2_ws/install/nav2_msgs/include/nav2_msgs/nav2_msgs/action/detail/dock_robot__struct.hpp
[10.304s] -- Up-to-date symlink: /home/brilliant/ros2_ws/install/nav2_msgs/include/nav2_msgs/nav2_msgs/action/detail/dock_robot__traits.hpp
[10.315s] -- Up-to-date symlink: /home/brilliant/ros2_ws/install/nav2_msgs/include/nav2_msgs/nav2_msgs/action/detail/dock_robot__type_support.hpp
[10.316s] -- Up-to-date symlink: /home/brilliant/ros2_ws/install/nav2_msgs/include/nav2_msgs/nav2_msgs/action/detail/drive_on_heading__builder.hpp
[10.317s] -- Up-to-date symlink: /home/brilliant/ros2_ws/install/nav2_msgs/include/nav2_msgs/nav2_msgs/action/detail/drive_on_heading__struct.hpp
[10.317s] -- Up-to-date symlink: /home/brilliant/ros2_ws/install/nav2_msgs/include/nav2_msgs/nav2_msgs/action/detail/drive_on_heading__traits.hpp
[10.323s] -- Up-to-date symlink: /home/brilliant/ros2_ws/install/nav2_msgs/include/nav2_msgs/nav2_msgs/action/detail/drive_on_heading__type_support.hpp
[10.327s] -- Up-to-date symlink: /home/brilliant/ros2_ws/install/nav2_msgs/include/nav2_msgs/nav2_msgs/action/detail/dummy_behavior__builder.hpp
[10.328s] -- Up-to-date symlink: /home/brilliant/ros2_ws/install/nav2_msgs/include/nav2_msgs/nav2_msgs/action/detail/dummy_behavior__struct.hpp
[10.328s] -- Up-to-date symlink: /home/brilliant/ros2_ws/install/nav2_msgs/include/nav2_msgs/nav2_msgs/action/detail/dummy_behavior__traits.hpp
[10.328s] -- Up-to-date symlink: /home/brilliant/ros2_ws/install/nav2_msgs/include/nav2_msgs/nav2_msgs/action/detail/dummy_behavior__type_support.hpp
[10.328s] -- Up-to-date symlink: /home/brilliant/ros2_ws/install/nav2_msgs/include/nav2_msgs/nav2_msgs/action/detail/follow_gps_waypoints__builder.hpp
[10.329s] -- Up-to-date symlink: /home/brilliant/ros2_ws/install/nav2_msgs/include/nav2_msgs/nav2_msgs/action/detail/follow_gps_waypoints__struct.hpp
[10.333s] -- Up-to-date symlink: /home/brilliant/ros2_ws/install/nav2_msgs/include/nav2_msgs/nav2_msgs/action/detail/follow_gps_waypoints__traits.hpp
[10.340s] -- Up-to-date symlink: /home/brilliant/ros2_ws/install/nav2_msgs/include/nav2_msgs/nav2_msgs/action/detail/follow_gps_waypoints__type_support.hpp
[10.342s] -- Up-to-date symlink: /home/brilliant/ros2_ws/install/nav2_msgs/include/nav2_msgs/nav2_msgs/action/detail/follow_path__builder.hpp
[10.342s] -- Up-to-date symlink: /home/brilliant/ros2_ws/install/nav2_msgs/include/nav2_msgs/nav2_msgs/action/detail/follow_path__struct.hpp
[10.346s] -- Up-to-date symlink: /home/brilliant/ros2_ws/install/nav2_msgs/include/nav2_msgs/nav2_msgs/action/detail/follow_path__traits.hpp
[10.351s] -- Up-to-date symlink: /home/brilliant/ros2_ws/install/nav2_msgs/include/nav2_msgs/nav2_msgs/action/detail/follow_path__type_support.hpp
[10.355s] -- Up-to-date symlink: /home/brilliant/ros2_ws/install/nav2_msgs/include/nav2_msgs/nav2_msgs/action/detail/follow_waypoints__builder.hpp
[10.355s] -- Up-to-date symlink: /home/brilliant/ros2_ws/install/nav2_msgs/include/nav2_msgs/nav2_msgs/action/detail/follow_waypoints__struct.hpp
[10.355s] -- Up-to-date symlink: /home/brilliant/ros2_ws/install/nav2_msgs/include/nav2_msgs/nav2_msgs/action/detail/follow_waypoints__traits.hpp
[10.362s] -- Up-to-date symlink: /home/brilliant/ros2_ws/install/nav2_msgs/include/nav2_msgs/nav2_msgs/action/detail/follow_waypoints__type_support.hpp
[10.362s] -- Up-to-date symlink: /home/brilliant/ros2_ws/install/nav2_msgs/include/nav2_msgs/nav2_msgs/action/detail/navigate_through_poses__builder.hpp
[10.363s] -- Up-to-date symlink: /home/brilliant/ros2_ws/install/nav2_msgs/include/nav2_msgs/nav2_msgs/action/detail/navigate_through_poses__struct.hpp
[10.370s] -- Up-to-date symlink: /home/brilliant/ros2_ws/install/nav2_msgs/include/nav2_msgs/nav2_msgs/action/detail/navigate_through_poses__traits.hpp
[10.371s] -- Up-to-date symlink: /home/brilliant/ros2_ws/install/nav2_msgs/include/nav2_msgs/nav2_msgs/action/detail/navigate_through_poses__type_support.hpp
[10.372s] -- Up-to-date symlink: /home/brilliant/ros2_ws/install/nav2_msgs/include/nav2_msgs/nav2_msgs/action/detail/navigate_to_pose__builder.hpp
[10.375s] -- Up-to-date symlink: /home/brilliant/ros2_ws/install/nav2_msgs/include/nav2_msgs/nav2_msgs/action/detail/navigate_to_pose__struct.hpp
[10.380s] -- Up-to-date symlink: /home/brilliant/ros2_ws/install/nav2_msgs/include/nav2_msgs/nav2_msgs/action/detail/navigate_to_pose__traits.hpp
[10.384s] -- Up-to-date symlink: /home/brilliant/ros2_ws/install/nav2_msgs/include/nav2_msgs/nav2_msgs/action/detail/navigate_to_pose__type_support.hpp
[10.389s] -- Up-to-date symlink: /home/brilliant/ros2_ws/install/nav2_msgs/include/nav2_msgs/nav2_msgs/action/detail/smooth_path__builder.hpp
[10.390s] -- Up-to-date symlink: /home/brilliant/ros2_ws/install/nav2_msgs/include/nav2_msgs/nav2_msgs/action/detail/smooth_path__struct.hpp
[10.390s] -- Up-to-date symlink: /home/brilliant/ros2_ws/install/nav2_msgs/include/nav2_msgs/nav2_msgs/action/detail/smooth_path__traits.hpp
[10.390s] -- Up-to-date symlink: /home/brilliant/ros2_ws/install/nav2_msgs/include/nav2_msgs/nav2_msgs/action/detail/smooth_path__type_support.hpp
[10.390s] -- Up-to-date symlink: /home/brilliant/ros2_ws/install/nav2_msgs/include/nav2_msgs/nav2_msgs/action/detail/spin__builder.hpp
[10.391s] -- Up-to-date symlink: /home/brilliant/ros2_ws/install/nav2_msgs/include/nav2_msgs/nav2_msgs/action/detail/spin__struct.hpp
[10.391s] -- Up-to-date symlink: /home/brilliant/ros2_ws/install/nav2_msgs/include/nav2_msgs/nav2_msgs/action/detail/spin__traits.hpp
[10.391s] -- Up-to-date symlink: /home/brilliant/ros2_ws/install/nav2_msgs/include/nav2_msgs/nav2_msgs/action/detail/spin__type_support.hpp
[10.392s] -- Up-to-date symlink: /home/brilliant/ros2_ws/install/nav2_msgs/include/nav2_msgs/nav2_msgs/action/detail/undock_robot__builder.hpp
[10.401s] -- Up-to-date symlink: /home/brilliant/ros2_ws/install/nav2_msgs/include/nav2_msgs/nav2_msgs/action/detail/undock_robot__struct.hpp
[10.403s] -- Up-to-date symlink: /home/brilliant/ros2_ws/install/nav2_msgs/include/nav2_msgs/nav2_msgs/action/detail/undock_robot__traits.hpp
[10.405s] -- Up-to-date symlink: /home/brilliant/ros2_ws/install/nav2_msgs/include/nav2_msgs/nav2_msgs/action/detail/undock_robot__type_support.hpp
[10.406s] -- Up-to-date symlink: /home/brilliant/ros2_ws/install/nav2_msgs/include/nav2_msgs/nav2_msgs/action/detail/wait__builder.hpp
[10.408s] -- Up-to-date symlink: /home/brilliant/ros2_ws/install/nav2_msgs/include/nav2_msgs/nav2_msgs/action/detail/wait__struct.hpp
[10.409s] -- Up-to-date symlink: /home/brilliant/ros2_ws/install/nav2_msgs/include/nav2_msgs/nav2_msgs/action/detail/wait__traits.hpp
[10.410s] -- Up-to-date symlink: /home/brilliant/ros2_ws/install/nav2_msgs/include/nav2_msgs/nav2_msgs/action/detail/wait__type_support.hpp
[10.411s] -- Up-to-date symlink: /home/brilliant/ros2_ws/install/nav2_msgs/include/nav2_msgs/nav2_msgs/action/dock_robot.hpp
[10.413s] -- Up-to-date symlink: /home/brilliant/ros2_ws/install/nav2_msgs/include/nav2_msgs/nav2_msgs/action/drive_on_heading.hpp
[10.417s] -- Up-to-date symlink: /home/brilliant/ros2_ws/install/nav2_msgs/include/nav2_msgs/nav2_msgs/action/dummy_behavior.hpp
[10.422s] -- Up-to-date symlink: /home/brilliant/ros2_ws/install/nav2_msgs/include/nav2_msgs/nav2_msgs/action/follow_gps_waypoints.hpp
[10.422s] -- Up-to-date symlink: /home/brilliant/ros2_ws/install/nav2_msgs/include/nav2_msgs/nav2_msgs/action/follow_path.hpp
[10.423s] -- Up-to-date symlink: /home/brilliant/ros2_ws/install/nav2_msgs/include/nav2_msgs/nav2_msgs/action/follow_waypoints.hpp
[10.426s] -- Up-to-date symlink: /home/brilliant/ros2_ws/install/nav2_msgs/include/nav2_msgs/nav2_msgs/action/navigate_through_poses.hpp
[10.427s] -- Up-to-date symlink: /home/brilliant/ros2_ws/install/nav2_msgs/include/nav2_msgs/nav2_msgs/action/navigate_to_pose.hpp
[10.432s] -- Up-to-date symlink: /home/brilliant/ros2_ws/install/nav2_msgs/include/nav2_msgs/nav2_msgs/action/smooth_path.hpp
[10.433s] -- Up-to-date symlink: /home/brilliant/ros2_ws/install/nav2_msgs/include/nav2_msgs/nav2_msgs/action/spin.hpp
[10.433s] -- Up-to-date symlink: /home/brilliant/ros2_ws/install/nav2_msgs/include/nav2_msgs/nav2_msgs/action/undock_robot.hpp
[10.439s] -- Up-to-date symlink: /home/brilliant/ros2_ws/install/nav2_msgs/include/nav2_msgs/nav2_msgs/action/wait.hpp
[10.440s] -- Up-to-date symlink: /home/brilliant/ros2_ws/install/nav2_msgs/include/nav2_msgs/nav2_msgs/msg/behavior_tree_log.hpp
[10.442s] -- Up-to-date symlink: /home/brilliant/ros2_ws/install/nav2_msgs/include/nav2_msgs/nav2_msgs/msg/behavior_tree_status_change.hpp
[10.443s] -- Up-to-date symlink: /home/brilliant/ros2_ws/install/nav2_msgs/include/nav2_msgs/nav2_msgs/msg/collision_detector_state.hpp
[10.444s] -- Up-to-date symlink: /home/brilliant/ros2_ws/install/nav2_msgs/include/nav2_msgs/nav2_msgs/msg/collision_monitor_state.hpp
[10.451s] -- Up-to-date symlink: /home/brilliant/ros2_ws/install/nav2_msgs/include/nav2_msgs/nav2_msgs/msg/costmap.hpp
[10.454s] -- Up-to-date symlink: /home/brilliant/ros2_ws/install/nav2_msgs/include/nav2_msgs/nav2_msgs/msg/costmap_filter_info.hpp
[10.458s] -- Up-to-date symlink: /home/brilliant/ros2_ws/install/nav2_msgs/include/nav2_msgs/nav2_msgs/msg/costmap_meta_data.hpp
[10.458s] -- Up-to-date symlink: /home/brilliant/ros2_ws/install/nav2_msgs/include/nav2_msgs/nav2_msgs/msg/costmap_update.hpp
[10.460s] -- Up-to-date symlink: /home/brilliant/ros2_ws/install/nav2_msgs/include/nav2_msgs/nav2_msgs/msg/detail/behavior_tree_log__builder.hpp
[10.461s] -- Up-to-date symlink: /home/brilliant/ros2_ws/install/nav2_msgs/include/nav2_msgs/nav2_msgs/msg/detail/behavior_tree_log__struct.hpp
[10.466s] -- Up-to-date symlink: /home/brilliant/ros2_ws/install/nav2_msgs/include/nav2_msgs/nav2_msgs/msg/detail/behavior_tree_log__traits.hpp
[10.468s] -- Up-to-date symlink: /home/brilliant/ros2_ws/install/nav2_msgs/include/nav2_msgs/nav2_msgs/msg/detail/behavior_tree_log__type_support.hpp
[10.471s] -- Up-to-date symlink: /home/brilliant/ros2_ws/install/nav2_msgs/include/nav2_msgs/nav2_msgs/msg/detail/behavior_tree_status_change__builder.hpp
[10.474s] -- Up-to-date symlink: /home/brilliant/ros2_ws/install/nav2_msgs/include/nav2_msgs/nav2_msgs/msg/detail/behavior_tree_status_change__struct.hpp
[10.474s] -- Up-to-date symlink: /home/brilliant/ros2_ws/install/nav2_msgs/include/nav2_msgs/nav2_msgs/msg/detail/behavior_tree_status_change__traits.hpp
[10.476s] -- Up-to-date symlink: /home/brilliant/ros2_ws/install/nav2_msgs/include/nav2_msgs/nav2_msgs/msg/detail/behavior_tree_status_change__type_support.hpp
[10.477s] -- Up-to-date symlink: /home/brilliant/ros2_ws/install/nav2_msgs/include/nav2_msgs/nav2_msgs/msg/detail/collision_detector_state__builder.hpp
[10.477s] -- Up-to-date symlink: /home/brilliant/ros2_ws/install/nav2_msgs/include/nav2_msgs/nav2_msgs/msg/detail/collision_detector_state__struct.hpp
[10.477s] -- Up-to-date symlink: /home/brilliant/ros2_ws/install/nav2_msgs/include/nav2_msgs/nav2_msgs/msg/detail/collision_detector_state__traits.hpp
[10.477s] -- Up-to-date symlink: /home/brilliant/ros2_ws/install/nav2_msgs/include/nav2_msgs/nav2_msgs/msg/detail/collision_detector_state__type_support.hpp
[10.484s] -- Up-to-date symlink: /home/brilliant/ros2_ws/install/nav2_msgs/include/nav2_msgs/nav2_msgs/msg/detail/collision_monitor_state__builder.hpp
[10.484s] -- Up-to-date symlink: /home/brilliant/ros2_ws/install/nav2_msgs/include/nav2_msgs/nav2_msgs/msg/detail/collision_monitor_state__struct.hpp
[10.485s] -- Up-to-date symlink: /home/brilliant/ros2_ws/install/nav2_msgs/include/nav2_msgs/nav2_msgs/msg/detail/collision_monitor_state__traits.hpp
[10.485s] -- Up-to-date symlink: /home/brilliant/ros2_ws/install/nav2_msgs/include/nav2_msgs/nav2_msgs/msg/detail/collision_monitor_state__type_support.hpp
[10.485s] -- Up-to-date symlink: /home/brilliant/ros2_ws/install/nav2_msgs/include/nav2_msgs/nav2_msgs/msg/detail/costmap__builder.hpp
[10.485s] -- Up-to-date symlink: /home/brilliant/ros2_ws/install/nav2_msgs/include/nav2_msgs/nav2_msgs/msg/detail/costmap__struct.hpp
[10.486s] -- Up-to-date symlink: /home/brilliant/ros2_ws/install/nav2_msgs/include/nav2_msgs/nav2_msgs/msg/detail/costmap__traits.hpp
[10.486s] -- Up-to-date symlink: /home/brilliant/ros2_ws/install/nav2_msgs/include/nav2_msgs/nav2_msgs/msg/detail/costmap__type_support.hpp
[10.486s] -- Up-to-date symlink: /home/brilliant/ros2_ws/install/nav2_msgs/include/nav2_msgs/nav2_msgs/msg/detail/costmap_filter_info__builder.hpp
[10.486s] -- Up-to-date symlink: /home/brilliant/ros2_ws/install/nav2_msgs/include/nav2_msgs/nav2_msgs/msg/detail/costmap_filter_info__struct.hpp
[10.500s] -- Up-to-date symlink: /home/brilliant/ros2_ws/install/nav2_msgs/include/nav2_msgs/nav2_msgs/msg/detail/costmap_filter_info__traits.hpp
[10.500s] -- Up-to-date symlink: /home/brilliant/ros2_ws/install/nav2_msgs/include/nav2_msgs/nav2_msgs/msg/detail/costmap_filter_info__type_support.hpp
[10.500s] -- Up-to-date symlink: /home/brilliant/ros2_ws/install/nav2_msgs/include/nav2_msgs/nav2_msgs/msg/detail/costmap_meta_data__builder.hpp
[10.501s] -- Up-to-date symlink: /home/brilliant/ros2_ws/install/nav2_msgs/include/nav2_msgs/nav2_msgs/msg/detail/costmap_meta_data__struct.hpp
[10.501s] -- Up-to-date symlink: /home/brilliant/ros2_ws/install/nav2_msgs/include/nav2_msgs/nav2_msgs/msg/detail/costmap_meta_data__traits.hpp
[10.501s] -- Up-to-date symlink: /home/brilliant/ros2_ws/install/nav2_msgs/include/nav2_msgs/nav2_msgs/msg/detail/costmap_meta_data__type_support.hpp
[10.501s] -- Up-to-date symlink: /home/brilliant/ros2_ws/install/nav2_msgs/include/nav2_msgs/nav2_msgs/msg/detail/costmap_update__builder.hpp
[10.502s] -- Up-to-date symlink: /home/brilliant/ros2_ws/install/nav2_msgs/include/nav2_msgs/nav2_msgs/msg/detail/costmap_update__struct.hpp
[10.502s] -- Up-to-date symlink: /home/brilliant/ros2_ws/install/nav2_msgs/include/nav2_msgs/nav2_msgs/msg/detail/costmap_update__traits.hpp
[10.507s] -- Up-to-date symlink: /home/brilliant/ros2_ws/install/nav2_msgs/include/nav2_msgs/nav2_msgs/msg/detail/costmap_update__type_support.hpp
[10.508s] -- Up-to-date symlink: /home/brilliant/ros2_ws/install/nav2_msgs/include/nav2_msgs/nav2_msgs/msg/detail/missed_waypoint__builder.hpp
[10.508s] -- Up-to-date symlink: /home/brilliant/ros2_ws/install/nav2_msgs/include/nav2_msgs/nav2_msgs/msg/detail/missed_waypoint__struct.hpp
[10.510s] -- Up-to-date symlink: /home/brilliant/ros2_ws/install/nav2_msgs/include/nav2_msgs/nav2_msgs/msg/detail/missed_waypoint__traits.hpp
[10.510s] -- Up-to-date symlink: /home/brilliant/ros2_ws/install/nav2_msgs/include/nav2_msgs/nav2_msgs/msg/detail/missed_waypoint__type_support.hpp
[10.511s] -- Up-to-date symlink: /home/brilliant/ros2_ws/install/nav2_msgs/include/nav2_msgs/nav2_msgs/msg/detail/particle__builder.hpp
[10.514s] -- Up-to-date symlink: /home/brilliant/ros2_ws/install/nav2_msgs/include/nav2_msgs/nav2_msgs/msg/detail/particle__struct.hpp
[10.514s] -- Up-to-date symlink: /home/brilliant/ros2_ws/install/nav2_msgs/include/nav2_msgs/nav2_msgs/msg/detail/particle__traits.hpp
[10.516s] -- Up-to-date symlink: /home/brilliant/ros2_ws/install/nav2_msgs/include/nav2_msgs/nav2_msgs/msg/detail/particle__type_support.hpp
[10.516s] -- Up-to-date symlink: /home/brilliant/ros2_ws/install/nav2_msgs/include/nav2_msgs/nav2_msgs/msg/detail/particle_cloud__builder.hpp
[10.516s] -- Up-to-date symlink: /home/brilliant/ros2_ws/install/nav2_msgs/include/nav2_msgs/nav2_msgs/msg/detail/particle_cloud__struct.hpp
[10.526s] -- Up-to-date symlink: /home/brilliant/ros2_ws/install/nav2_msgs/include/nav2_msgs/nav2_msgs/msg/detail/particle_cloud__traits.hpp
[10.526s] -- Up-to-date symlink: /home/brilliant/ros2_ws/install/nav2_msgs/include/nav2_msgs/nav2_msgs/msg/detail/particle_cloud__type_support.hpp
[10.526s] -- Up-to-date symlink: /home/brilliant/ros2_ws/install/nav2_msgs/include/nav2_msgs/nav2_msgs/msg/detail/speed_limit__builder.hpp
[10.526s] -- Up-to-date symlink: /home/brilliant/ros2_ws/install/nav2_msgs/include/nav2_msgs/nav2_msgs/msg/detail/speed_limit__struct.hpp
[10.527s] -- Up-to-date symlink: /home/brilliant/ros2_ws/install/nav2_msgs/include/nav2_msgs/nav2_msgs/msg/detail/speed_limit__traits.hpp
[10.529s] -- Up-to-date symlink: /home/brilliant/ros2_ws/install/nav2_msgs/include/nav2_msgs/nav2_msgs/msg/detail/speed_limit__type_support.hpp
[10.530s] -- Up-to-date symlink: /home/brilliant/ros2_ws/install/nav2_msgs/include/nav2_msgs/nav2_msgs/msg/detail/voxel_grid__builder.hpp
[10.536s] -- Up-to-date symlink: /home/brilliant/ros2_ws/install/nav2_msgs/include/nav2_msgs/nav2_msgs/msg/detail/voxel_grid__struct.hpp
[10.536s] -- Up-to-date symlink: /home/brilliant/ros2_ws/install/nav2_msgs/include/nav2_msgs/nav2_msgs/msg/detail/voxel_grid__traits.hpp
[10.536s] -- Up-to-date symlink: /home/brilliant/ros2_ws/install/nav2_msgs/include/nav2_msgs/nav2_msgs/msg/detail/voxel_grid__type_support.hpp
[10.543s] -- Up-to-date symlink: /home/brilliant/ros2_ws/install/nav2_msgs/include/nav2_msgs/nav2_msgs/msg/missed_waypoint.hpp
[10.545s] -- Up-to-date symlink: /home/brilliant/ros2_ws/install/nav2_msgs/include/nav2_msgs/nav2_msgs/msg/particle.hpp
[10.552s] -- Up-to-date symlink: /home/brilliant/ros2_ws/install/nav2_msgs/include/nav2_msgs/nav2_msgs/msg/particle_cloud.hpp
[10.553s] -- Up-to-date symlink: /home/brilliant/ros2_ws/install/nav2_msgs/include/nav2_msgs/nav2_msgs/msg/rosidl_generator_cpp__visibility_control.hpp
[10.559s] -- Up-to-date symlink: /home/brilliant/ros2_ws/install/nav2_msgs/include/nav2_msgs/nav2_msgs/msg/speed_limit.hpp
[10.559s] -- Up-to-date symlink: /home/brilliant/ros2_ws/install/nav2_msgs/include/nav2_msgs/nav2_msgs/msg/voxel_grid.hpp
[10.560s] -- Up-to-date symlink: /home/brilliant/ros2_ws/install/nav2_msgs/include/nav2_msgs/nav2_msgs/srv/clear_costmap_around_pose.hpp
[10.566s] -- Up-to-date symlink: /home/brilliant/ros2_ws/install/nav2_msgs/include/nav2_msgs/nav2_msgs/srv/clear_costmap_around_robot.hpp
[10.568s] -- Up-to-date symlink: /home/brilliant/ros2_ws/install/nav2_msgs/include/nav2_msgs/nav2_msgs/srv/clear_costmap_except_region.hpp
[10.569s] -- Up-to-date symlink: /home/brilliant/ros2_ws/install/nav2_msgs/include/nav2_msgs/nav2_msgs/srv/clear_entire_costmap.hpp
[10.570s] -- Up-to-date symlink: /home/brilliant/ros2_ws/install/nav2_msgs/include/nav2_msgs/nav2_msgs/srv/detail/clear_costmap_around_pose__builder.hpp
[10.572s] -- Up-to-date symlink: /home/brilliant/ros2_ws/install/nav2_msgs/include/nav2_msgs/nav2_msgs/srv/detail/clear_costmap_around_pose__struct.hpp
[10.572s] -- Up-to-date symlink: /home/brilliant/ros2_ws/install/nav2_msgs/include/nav2_msgs/nav2_msgs/srv/detail/clear_costmap_around_pose__traits.hpp
[10.572s] -- Up-to-date symlink: /home/brilliant/ros2_ws/install/nav2_msgs/include/nav2_msgs/nav2_msgs/srv/detail/clear_costmap_around_pose__type_support.hpp
[10.573s] -- Up-to-date symlink: /home/brilliant/ros2_ws/install/nav2_msgs/include/nav2_msgs/nav2_msgs/srv/detail/clear_costmap_around_robot__builder.hpp
[10.573s] -- Up-to-date symlink: /home/brilliant/ros2_ws/install/nav2_msgs/include/nav2_msgs/nav2_msgs/srv/detail/clear_costmap_around_robot__struct.hpp
[10.573s] -- Up-to-date symlink: /home/brilliant/ros2_ws/install/nav2_msgs/include/nav2_msgs/nav2_msgs/srv/detail/clear_costmap_around_robot__traits.hpp
[10.573s] -- Up-to-date symlink: /home/brilliant/ros2_ws/install/nav2_msgs/include/nav2_msgs/nav2_msgs/srv/detail/clear_costmap_around_robot__type_support.hpp
[10.574s] -- Up-to-date symlink: /home/brilliant/ros2_ws/install/nav2_msgs/include/nav2_msgs/nav2_msgs/srv/detail/clear_costmap_except_region__builder.hpp
[10.574s] -- Up-to-date symlink: /home/brilliant/ros2_ws/install/nav2_msgs/include/nav2_msgs/nav2_msgs/srv/detail/clear_costmap_except_region__struct.hpp
[10.574s] -- Up-to-date symlink: /home/brilliant/ros2_ws/install/nav2_msgs/include/nav2_msgs/nav2_msgs/srv/detail/clear_costmap_except_region__traits.hpp
[10.574s] -- Up-to-date symlink: /home/brilliant/ros2_ws/install/nav2_msgs/include/nav2_msgs/nav2_msgs/srv/detail/clear_costmap_except_region__type_support.hpp
[10.574s] -- Up-to-date symlink: /home/brilliant/ros2_ws/install/nav2_msgs/include/nav2_msgs/nav2_msgs/srv/detail/clear_entire_costmap__builder.hpp
[10.575s] -- Up-to-date symlink: /home/brilliant/ros2_ws/install/nav2_msgs/include/nav2_msgs/nav2_msgs/srv/detail/clear_entire_costmap__struct.hpp
[10.579s] -- Up-to-date symlink: /home/brilliant/ros2_ws/install/nav2_msgs/include/nav2_msgs/nav2_msgs/srv/detail/clear_entire_costmap__traits.hpp
[10.581s] -- Up-to-date symlink: /home/brilliant/ros2_ws/install/nav2_msgs/include/nav2_msgs/nav2_msgs/srv/detail/clear_entire_costmap__type_support.hpp
[10.582s] -- Up-to-date symlink: /home/brilliant/ros2_ws/install/nav2_msgs/include/nav2_msgs/nav2_msgs/srv/detail/get_cost__builder.hpp
[10.583s] -- Up-to-date symlink: /home/brilliant/ros2_ws/install/nav2_msgs/include/nav2_msgs/nav2_msgs/srv/detail/get_cost__struct.hpp
[10.584s] -- Up-to-date symlink: /home/brilliant/ros2_ws/install/nav2_msgs/include/nav2_msgs/nav2_msgs/srv/detail/get_cost__traits.hpp
[10.584s] -- Up-to-date symlink: /home/brilliant/ros2_ws/install/nav2_msgs/include/nav2_msgs/nav2_msgs/srv/detail/get_cost__type_support.hpp
[10.586s] -- Up-to-date symlink: /home/brilliant/ros2_ws/install/nav2_msgs/include/nav2_msgs/nav2_msgs/srv/detail/get_costmap__builder.hpp
[10.586s] -- Up-to-date symlink: /home/brilliant/ros2_ws/install/nav2_msgs/include/nav2_msgs/nav2_msgs/srv/detail/get_costmap__struct.hpp
[10.586s] -- Up-to-date symlink: /home/brilliant/ros2_ws/install/nav2_msgs/include/nav2_msgs/nav2_msgs/srv/detail/get_costmap__traits.hpp
[10.588s] -- Up-to-date symlink: /home/brilliant/ros2_ws/install/nav2_msgs/include/nav2_msgs/nav2_msgs/srv/detail/get_costmap__type_support.hpp
[10.588s] -- Up-to-date symlink: /home/brilliant/ros2_ws/install/nav2_msgs/include/nav2_msgs/nav2_msgs/srv/detail/is_path_valid__builder.hpp
[10.589s] -- Up-to-date symlink: /home/brilliant/ros2_ws/install/nav2_msgs/include/nav2_msgs/nav2_msgs/srv/detail/is_path_valid__struct.hpp
[10.589s] -- Up-to-date symlink: /home/brilliant/ros2_ws/install/nav2_msgs/include/nav2_msgs/nav2_msgs/srv/detail/is_path_valid__traits.hpp
[10.589s] -- Up-to-date symlink: /home/brilliant/ros2_ws/install/nav2_msgs/include/nav2_msgs/nav2_msgs/srv/detail/is_path_valid__type_support.hpp
[10.590s] -- Up-to-date symlink: /home/brilliant/ros2_ws/install/nav2_msgs/include/nav2_msgs/nav2_msgs/srv/detail/load_map__builder.hpp
[10.593s] -- Up-to-date symlink: /home/brilliant/ros2_ws/install/nav2_msgs/include/nav2_msgs/nav2_msgs/srv/detail/load_map__struct.hpp
[10.594s] -- Up-to-date symlink: /home/brilliant/ros2_ws/install/nav2_msgs/include/nav2_msgs/nav2_msgs/srv/detail/load_map__traits.hpp
[10.595s] -- Up-to-date symlink: /home/brilliant/ros2_ws/install/nav2_msgs/include/nav2_msgs/nav2_msgs/srv/detail/load_map__type_support.hpp
[10.596s] -- Up-to-date symlink: /home/brilliant/ros2_ws/install/nav2_msgs/include/nav2_msgs/nav2_msgs/srv/detail/manage_lifecycle_nodes__builder.hpp
[10.597s] -- Up-to-date symlink: /home/brilliant/ros2_ws/install/nav2_msgs/include/nav2_msgs/nav2_msgs/srv/detail/manage_lifecycle_nodes__struct.hpp
[10.600s] -- Up-to-date symlink: /home/brilliant/ros2_ws/install/nav2_msgs/include/nav2_msgs/nav2_msgs/srv/detail/manage_lifecycle_nodes__traits.hpp
[10.603s] -- Up-to-date symlink: /home/brilliant/ros2_ws/install/nav2_msgs/include/nav2_msgs/nav2_msgs/srv/detail/manage_lifecycle_nodes__type_support.hpp
[10.603s] -- Up-to-date symlink: /home/brilliant/ros2_ws/install/nav2_msgs/include/nav2_msgs/nav2_msgs/srv/detail/reload_dock_database__builder.hpp
[10.604s] -- Up-to-date symlink: /home/brilliant/ros2_ws/install/nav2_msgs/include/nav2_msgs/nav2_msgs/srv/detail/reload_dock_database__struct.hpp
[10.606s] -- Up-to-date symlink: /home/brilliant/ros2_ws/install/nav2_msgs/include/nav2_msgs/nav2_msgs/srv/detail/reload_dock_database__traits.hpp
[10.606s] -- Up-to-date symlink: /home/brilliant/ros2_ws/install/nav2_msgs/include/nav2_msgs/nav2_msgs/srv/detail/reload_dock_database__type_support.hpp
[10.607s] -- Up-to-date symlink: /home/brilliant/ros2_ws/install/nav2_msgs/include/nav2_msgs/nav2_msgs/srv/detail/save_map__builder.hpp
[10.607s] -- Up-to-date symlink: /home/brilliant/ros2_ws/install/nav2_msgs/include/nav2_msgs/nav2_msgs/srv/detail/save_map__struct.hpp
[10.607s] -- Up-to-date symlink: /home/brilliant/ros2_ws/install/nav2_msgs/include/nav2_msgs/nav2_msgs/srv/detail/save_map__traits.hpp
[10.608s] -- Up-to-date symlink: /home/brilliant/ros2_ws/install/nav2_msgs/include/nav2_msgs/nav2_msgs/srv/detail/save_map__type_support.hpp
[10.611s] -- Up-to-date symlink: /home/brilliant/ros2_ws/install/nav2_msgs/include/nav2_msgs/nav2_msgs/srv/detail/set_initial_pose__builder.hpp
[10.611s] -- Up-to-date symlink: /home/brilliant/ros2_ws/install/nav2_msgs/include/nav2_msgs/nav2_msgs/srv/detail/set_initial_pose__struct.hpp
[10.612s] -- Up-to-date symlink: /home/brilliant/ros2_ws/install/nav2_msgs/include/nav2_msgs/nav2_msgs/srv/detail/set_initial_pose__traits.hpp
[10.613s] -- Up-to-date symlink: /home/brilliant/ros2_ws/install/nav2_msgs/include/nav2_msgs/nav2_msgs/srv/detail/set_initial_pose__type_support.hpp
[10.614s] -- Up-to-date symlink: /home/brilliant/ros2_ws/install/nav2_msgs/include/nav2_msgs/nav2_msgs/srv/get_cost.hpp
[10.615s] -- Up-to-date symlink: /home/brilliant/ros2_ws/install/nav2_msgs/include/nav2_msgs/nav2_msgs/srv/get_costmap.hpp
[10.616s] -- Up-to-date symlink: /home/brilliant/ros2_ws/install/nav2_msgs/include/nav2_msgs/nav2_msgs/srv/is_path_valid.hpp
[10.616s] -- Up-to-date symlink: /home/brilliant/ros2_ws/install/nav2_msgs/include/nav2_msgs/nav2_msgs/srv/load_map.hpp
[10.616s] -- Up-to-date symlink: /home/brilliant/ros2_ws/install/nav2_msgs/include/nav2_msgs/nav2_msgs/srv/manage_lifecycle_nodes.hpp
[10.618s] -- Up-to-date symlink: /home/brilliant/ros2_ws/install/nav2_msgs/include/nav2_msgs/nav2_msgs/srv/reload_dock_database.hpp
[10.619s] -- Up-to-date symlink: /home/brilliant/ros2_ws/install/nav2_msgs/include/nav2_msgs/nav2_msgs/srv/save_map.hpp
[10.619s] -- Up-to-date symlink: /home/brilliant/ros2_ws/install/nav2_msgs/include/nav2_msgs/nav2_msgs/srv/set_initial_pose.hpp
[10.620s] -- Up-to-date symlink: /home/brilliant/ros2_ws/install/nav2_msgs/include/nav2_msgs/nav2_msgs/action/detail/assisted_teleop__rosidl_typesupport_fastrtps_cpp.hpp
[10.620s] -- Up-to-date symlink: /home/brilliant/ros2_ws/install/nav2_msgs/include/nav2_msgs/nav2_msgs/action/detail/back_up__rosidl_typesupport_fastrtps_cpp.hpp
[10.620s] -- Up-to-date symlink: /home/brilliant/ros2_ws/install/nav2_msgs/include/nav2_msgs/nav2_msgs/action/detail/compute_path_through_poses__rosidl_typesupport_fastrtps_cpp.hpp
[10.623s] -- Up-to-date symlink: /home/brilliant/ros2_ws/install/nav2_msgs/include/nav2_msgs/nav2_msgs/action/detail/compute_path_to_pose__rosidl_typesupport_fastrtps_cpp.hpp
[10.625s] -- Up-to-date symlink: /home/brilliant/ros2_ws/install/nav2_msgs/include/nav2_msgs/nav2_msgs/action/detail/dock_robot__rosidl_typesupport_fastrtps_cpp.hpp
[10.627s] -- Up-to-date symlink: /home/brilliant/ros2_ws/install/nav2_msgs/include/nav2_msgs/nav2_msgs/action/detail/drive_on_heading__rosidl_typesupport_fastrtps_cpp.hpp
[10.627s] -- Up-to-date symlink: /home/brilliant/ros2_ws/install/nav2_msgs/include/nav2_msgs/nav2_msgs/action/detail/dummy_behavior__rosidl_typesupport_fastrtps_cpp.hpp
[10.628s] -- Up-to-date symlink: /home/brilliant/ros2_ws/install/nav2_msgs/include/nav2_msgs/nav2_msgs/action/detail/follow_gps_waypoints__rosidl_typesupport_fastrtps_cpp.hpp
[10.631s] -- Up-to-date symlink: /home/brilliant/ros2_ws/install/nav2_msgs/include/nav2_msgs/nav2_msgs/action/detail/follow_path__rosidl_typesupport_fastrtps_cpp.hpp
[10.631s] -- Up-to-date symlink: /home/brilliant/ros2_ws/install/nav2_msgs/include/nav2_msgs/nav2_msgs/action/detail/follow_waypoints__rosidl_typesupport_fastrtps_cpp.hpp
[10.631s] -- Up-to-date symlink: /home/brilliant/ros2_ws/install/nav2_msgs/include/nav2_msgs/nav2_msgs/action/detail/navigate_through_poses__rosidl_typesupport_fastrtps_cpp.hpp
[10.633s] -- Up-to-date symlink: /home/brilliant/ros2_ws/install/nav2_msgs/include/nav2_msgs/nav2_msgs/action/detail/navigate_to_pose__rosidl_typesupport_fastrtps_cpp.hpp
[10.633s] -- Up-to-date symlink: /home/brilliant/ros2_ws/install/nav2_msgs/include/nav2_msgs/nav2_msgs/action/detail/smooth_path__rosidl_typesupport_fastrtps_cpp.hpp
[10.634s] -- Up-to-date symlink: /home/brilliant/ros2_ws/install/nav2_msgs/include/nav2_msgs/nav2_msgs/action/detail/spin__rosidl_typesupport_fastrtps_cpp.hpp
[10.635s] -- Up-to-date symlink: /home/brilliant/ros2_ws/install/nav2_msgs/include/nav2_msgs/nav2_msgs/action/detail/undock_robot__rosidl_typesupport_fastrtps_cpp.hpp
[10.636s] -- Up-to-date symlink: /home/brilliant/ros2_ws/install/nav2_msgs/include/nav2_msgs/nav2_msgs/action/detail/wait__rosidl_typesupport_fastrtps_cpp.hpp
[10.637s] -- Up-to-date symlink: /home/brilliant/ros2_ws/install/nav2_msgs/include/nav2_msgs/nav2_msgs/msg/detail/behavior_tree_log__rosidl_typesupport_fastrtps_cpp.hpp
[10.637s] -- Up-to-date symlink: /home/brilliant/ros2_ws/install/nav2_msgs/include/nav2_msgs/nav2_msgs/msg/detail/behavior_tree_status_change__rosidl_typesupport_fastrtps_cpp.hpp
[10.638s] -- Up-to-date symlink: /home/brilliant/ros2_ws/install/nav2_msgs/include/nav2_msgs/nav2_msgs/msg/detail/collision_detector_state__rosidl_typesupport_fastrtps_cpp.hpp
[10.640s] -- Up-to-date symlink: /home/brilliant/ros2_ws/install/nav2_msgs/include/nav2_msgs/nav2_msgs/msg/detail/collision_monitor_state__rosidl_typesupport_fastrtps_cpp.hpp
[10.640s] -- Up-to-date symlink: /home/brilliant/ros2_ws/install/nav2_msgs/include/nav2_msgs/nav2_msgs/msg/detail/costmap__rosidl_typesupport_fastrtps_cpp.hpp
[10.641s] -- Up-to-date symlink: /home/brilliant/ros2_ws/install/nav2_msgs/include/nav2_msgs/nav2_msgs/msg/detail/costmap_filter_info__rosidl_typesupport_fastrtps_cpp.hpp
[10.642s] -- Up-to-date symlink: /home/brilliant/ros2_ws/install/nav2_msgs/include/nav2_msgs/nav2_msgs/msg/detail/costmap_meta_data__rosidl_typesupport_fastrtps_cpp.hpp
[10.643s] -- Up-to-date symlink: /home/brilliant/ros2_ws/install/nav2_msgs/include/nav2_msgs/nav2_msgs/msg/detail/costmap_update__rosidl_typesupport_fastrtps_cpp.hpp
[10.644s] -- Up-to-date symlink: /home/brilliant/ros2_ws/install/nav2_msgs/include/nav2_msgs/nav2_msgs/msg/detail/missed_waypoint__rosidl_typesupport_fastrtps_cpp.hpp
[10.648s] -- Up-to-date symlink: /home/brilliant/ros2_ws/install/nav2_msgs/include/nav2_msgs/nav2_msgs/msg/detail/particle__rosidl_typesupport_fastrtps_cpp.hpp
[10.649s] -- Up-to-date symlink: /home/brilliant/ros2_ws/install/nav2_msgs/include/nav2_msgs/nav2_msgs/msg/detail/particle_cloud__rosidl_typesupport_fastrtps_cpp.hpp
[10.651s] -- Up-to-date symlink: /home/brilliant/ros2_ws/install/nav2_msgs/include/nav2_msgs/nav2_msgs/msg/detail/speed_limit__rosidl_typesupport_fastrtps_cpp.hpp
[10.653s] -- Up-to-date symlink: /home/brilliant/ros2_ws/install/nav2_msgs/include/nav2_msgs/nav2_msgs/msg/detail/voxel_grid__rosidl_typesupport_fastrtps_cpp.hpp
[10.654s] -- Up-to-date symlink: /home/brilliant/ros2_ws/install/nav2_msgs/include/nav2_msgs/nav2_msgs/msg/rosidl_typesupport_fastrtps_cpp__visibility_control.h
[10.654s] -- Up-to-date symlink: /home/brilliant/ros2_ws/install/nav2_msgs/include/nav2_msgs/nav2_msgs/srv/detail/clear_costmap_around_pose__rosidl_typesupport_fastrtps_cpp.hpp
[10.655s] -- Up-to-date symlink: /home/brilliant/ros2_ws/install/nav2_msgs/include/nav2_msgs/nav2_msgs/srv/detail/clear_costmap_around_robot__rosidl_typesupport_fastrtps_cpp.hpp
[10.657s] -- Up-to-date symlink: /home/brilliant/ros2_ws/install/nav2_msgs/include/nav2_msgs/nav2_msgs/srv/detail/clear_costmap_except_region__rosidl_typesupport_fastrtps_cpp.hpp
[10.657s] -- Up-to-date symlink: /home/brilliant/ros2_ws/install/nav2_msgs/include/nav2_msgs/nav2_msgs/srv/detail/clear_entire_costmap__rosidl_typesupport_fastrtps_cpp.hpp
[10.658s] -- Up-to-date symlink: /home/brilliant/ros2_ws/install/nav2_msgs/include/nav2_msgs/nav2_msgs/srv/detail/get_cost__rosidl_typesupport_fastrtps_cpp.hpp
[10.658s] -- Up-to-date symlink: /home/brilliant/ros2_ws/install/nav2_msgs/include/nav2_msgs/nav2_msgs/srv/detail/get_costmap__rosidl_typesupport_fastrtps_cpp.hpp
[10.658s] -- Up-to-date symlink: /home/brilliant/ros2_ws/install/nav2_msgs/include/nav2_msgs/nav2_msgs/srv/detail/is_path_valid__rosidl_typesupport_fastrtps_cpp.hpp
[10.659s] -- Up-to-date symlink: /home/brilliant/ros2_ws/install/nav2_msgs/include/nav2_msgs/nav2_msgs/srv/detail/load_map__rosidl_typesupport_fastrtps_cpp.hpp
[10.660s] -- Up-to-date symlink: /home/brilliant/ros2_ws/install/nav2_msgs/include/nav2_msgs/nav2_msgs/srv/detail/manage_lifecycle_nodes__rosidl_typesupport_fastrtps_cpp.hpp
[10.662s] -- Up-to-date symlink: /home/brilliant/ros2_ws/install/nav2_msgs/include/nav2_msgs/nav2_msgs/srv/detail/reload_dock_database__rosidl_typesupport_fastrtps_cpp.hpp
[10.663s] -- Up-to-date symlink: /home/brilliant/ros2_ws/install/nav2_msgs/include/nav2_msgs/nav2_msgs/srv/detail/save_map__rosidl_typesupport_fastrtps_cpp.hpp
[10.665s] -- Up-to-date symlink: /home/brilliant/ros2_ws/install/nav2_msgs/include/nav2_msgs/nav2_msgs/srv/detail/set_initial_pose__rosidl_typesupport_fastrtps_cpp.hpp
[10.665s] -- Up-to-date symlink: /home/brilliant/ros2_ws/install/nav2_msgs/include/nav2_msgs/nav2_msgs/action/detail/assisted_teleop__rosidl_typesupport_introspection_c.h
[10.668s] -- Up-to-date symlink: /home/brilliant/ros2_ws/install/nav2_msgs/include/nav2_msgs/nav2_msgs/action/detail/back_up__rosidl_typesupport_introspection_c.h
[10.668s] -- Up-to-date symlink: /home/brilliant/ros2_ws/install/nav2_msgs/include/nav2_msgs/nav2_msgs/action/detail/compute_path_through_poses__rosidl_typesupport_introspection_c.h
[10.669s] -- Up-to-date symlink: /home/brilliant/ros2_ws/install/nav2_msgs/include/nav2_msgs/nav2_msgs/action/detail/compute_path_to_pose__rosidl_typesupport_introspection_c.h
[10.672s] -- Up-to-date symlink: /home/brilliant/ros2_ws/install/nav2_msgs/include/nav2_msgs/nav2_msgs/action/detail/dock_robot__rosidl_typesupport_introspection_c.h
[10.673s] -- Up-to-date symlink: /home/brilliant/ros2_ws/install/nav2_msgs/include/nav2_msgs/nav2_msgs/action/detail/drive_on_heading__rosidl_typesupport_introspection_c.h
[10.673s] -- Up-to-date symlink: /home/brilliant/ros2_ws/install/nav2_msgs/include/nav2_msgs/nav2_msgs/action/detail/dummy_behavior__rosidl_typesupport_introspection_c.h
[10.675s] -- Up-to-date symlink: /home/brilliant/ros2_ws/install/nav2_msgs/include/nav2_msgs/nav2_msgs/action/detail/follow_gps_waypoints__rosidl_typesupport_introspection_c.h
[10.675s] -- Up-to-date symlink: /home/brilliant/ros2_ws/install/nav2_msgs/include/nav2_msgs/nav2_msgs/action/detail/follow_path__rosidl_typesupport_introspection_c.h
[10.676s] -- Up-to-date symlink: /home/brilliant/ros2_ws/install/nav2_msgs/include/nav2_msgs/nav2_msgs/action/detail/follow_waypoints__rosidl_typesupport_introspection_c.h
[10.676s] -- Up-to-date symlink: /home/brilliant/ros2_ws/install/nav2_msgs/include/nav2_msgs/nav2_msgs/action/detail/navigate_through_poses__rosidl_typesupport_introspection_c.h
[10.676s] -- Up-to-date symlink: /home/brilliant/ros2_ws/install/nav2_msgs/include/nav2_msgs/nav2_msgs/action/detail/navigate_to_pose__rosidl_typesupport_introspection_c.h
[10.676s] -- Up-to-date symlink: /home/brilliant/ros2_ws/install/nav2_msgs/include/nav2_msgs/nav2_msgs/action/detail/smooth_path__rosidl_typesupport_introspection_c.h
[10.677s] -- Up-to-date symlink: /home/brilliant/ros2_ws/install/nav2_msgs/include/nav2_msgs/nav2_msgs/action/detail/spin__rosidl_typesupport_introspection_c.h
[10.677s] -- Up-to-date symlink: /home/brilliant/ros2_ws/install/nav2_msgs/include/nav2_msgs/nav2_msgs/action/detail/undock_robot__rosidl_typesupport_introspection_c.h
[10.680s] -- Up-to-date symlink: /home/brilliant/ros2_ws/install/nav2_msgs/include/nav2_msgs/nav2_msgs/action/detail/wait__rosidl_typesupport_introspection_c.h
[10.680s] -- Up-to-date symlink: /home/brilliant/ros2_ws/install/nav2_msgs/include/nav2_msgs/nav2_msgs/msg/detail/behavior_tree_log__rosidl_typesupport_introspection_c.h
[10.682s] -- Up-to-date symlink: /home/brilliant/ros2_ws/install/nav2_msgs/include/nav2_msgs/nav2_msgs/msg/detail/behavior_tree_status_change__rosidl_typesupport_introspection_c.h
[10.683s] -- Up-to-date symlink: /home/brilliant/ros2_ws/install/nav2_msgs/include/nav2_msgs/nav2_msgs/msg/detail/collision_detector_state__rosidl_typesupport_introspection_c.h
[10.684s] -- Up-to-date symlink: /home/brilliant/ros2_ws/install/nav2_msgs/include/nav2_msgs/nav2_msgs/msg/detail/collision_monitor_state__rosidl_typesupport_introspection_c.h
[10.686s] -- Up-to-date symlink: /home/brilliant/ros2_ws/install/nav2_msgs/include/nav2_msgs/nav2_msgs/msg/detail/costmap__rosidl_typesupport_introspection_c.h
[10.686s] -- Up-to-date symlink: /home/brilliant/ros2_ws/install/nav2_msgs/include/nav2_msgs/nav2_msgs/msg/detail/costmap_filter_info__rosidl_typesupport_introspection_c.h
[10.687s] -- Up-to-date symlink: /home/brilliant/ros2_ws/install/nav2_msgs/include/nav2_msgs/nav2_msgs/msg/detail/costmap_meta_data__rosidl_typesupport_introspection_c.h
[10.687s] -- Up-to-date symlink: /home/brilliant/ros2_ws/install/nav2_msgs/include/nav2_msgs/nav2_msgs/msg/detail/costmap_update__rosidl_typesupport_introspection_c.h
[10.687s] -- Up-to-date symlink: /home/brilliant/ros2_ws/install/nav2_msgs/include/nav2_msgs/nav2_msgs/msg/detail/missed_waypoint__rosidl_typesupport_introspection_c.h
[10.687s] -- Up-to-date symlink: /home/brilliant/ros2_ws/install/nav2_msgs/include/nav2_msgs/nav2_msgs/msg/detail/particle__rosidl_typesupport_introspection_c.h
[10.694s] -- Up-to-date symlink: /home/brilliant/ros2_ws/install/nav2_msgs/include/nav2_msgs/nav2_msgs/msg/detail/particle_cloud__rosidl_typesupport_introspection_c.h
[10.695s] -- Up-to-date symlink: /home/brilliant/ros2_ws/install/nav2_msgs/include/nav2_msgs/nav2_msgs/msg/detail/speed_limit__rosidl_typesupport_introspection_c.h
[10.697s] -- Up-to-date symlink: /home/brilliant/ros2_ws/install/nav2_msgs/include/nav2_msgs/nav2_msgs/msg/detail/voxel_grid__rosidl_typesupport_introspection_c.h
[10.698s] -- Up-to-date symlink: /home/brilliant/ros2_ws/install/nav2_msgs/include/nav2_msgs/nav2_msgs/msg/rosidl_typesupport_introspection_c__visibility_control.h
[10.699s] -- Up-to-date symlink: /home/brilliant/ros2_ws/install/nav2_msgs/include/nav2_msgs/nav2_msgs/srv/detail/clear_costmap_around_pose__rosidl_typesupport_introspection_c.h
[10.700s] -- Up-to-date symlink: /home/brilliant/ros2_ws/install/nav2_msgs/include/nav2_msgs/nav2_msgs/srv/detail/clear_costmap_around_robot__rosidl_typesupport_introspection_c.h
[10.700s] -- Up-to-date symlink: /home/brilliant/ros2_ws/install/nav2_msgs/include/nav2_msgs/nav2_msgs/srv/detail/clear_costmap_except_region__rosidl_typesupport_introspection_c.h
[10.703s] -- Up-to-date symlink: /home/brilliant/ros2_ws/install/nav2_msgs/include/nav2_msgs/nav2_msgs/srv/detail/clear_entire_costmap__rosidl_typesupport_introspection_c.h
[10.704s] -- Up-to-date symlink: /home/brilliant/ros2_ws/install/nav2_msgs/include/nav2_msgs/nav2_msgs/srv/detail/get_cost__rosidl_typesupport_introspection_c.h
[10.704s] -- Up-to-date symlink: /home/brilliant/ros2_ws/install/nav2_msgs/include/nav2_msgs/nav2_msgs/srv/detail/get_costmap__rosidl_typesupport_introspection_c.h
[10.705s] -- Up-to-date symlink: /home/brilliant/ros2_ws/install/nav2_msgs/include/nav2_msgs/nav2_msgs/srv/detail/is_path_valid__rosidl_typesupport_introspection_c.h
[10.705s] -- Up-to-date symlink: /home/brilliant/ros2_ws/install/nav2_msgs/include/nav2_msgs/nav2_msgs/srv/detail/load_map__rosidl_typesupport_introspection_c.h
[10.706s] -- Up-to-date symlink: /home/brilliant/ros2_ws/install/nav2_msgs/include/nav2_msgs/nav2_msgs/srv/detail/manage_lifecycle_nodes__rosidl_typesupport_introspection_c.h
[10.706s] -- Up-to-date symlink: /home/brilliant/ros2_ws/install/nav2_msgs/include/nav2_msgs/nav2_msgs/srv/detail/reload_dock_database__rosidl_typesupport_introspection_c.h
[10.707s] -- Up-to-date symlink: /home/brilliant/ros2_ws/install/nav2_msgs/include/nav2_msgs/nav2_msgs/srv/detail/save_map__rosidl_typesupport_introspection_c.h
[10.709s] -- Up-to-date symlink: /home/brilliant/ros2_ws/install/nav2_msgs/include/nav2_msgs/nav2_msgs/srv/detail/set_initial_pose__rosidl_typesupport_introspection_c.h
[10.710s] -- Up-to-date symlink: /home/brilliant/ros2_ws/install/nav2_msgs/include/nav2_msgs/nav2_msgs/action/detail/assisted_teleop__rosidl_typesupport_introspection_cpp.hpp
[10.710s] -- Up-to-date symlink: /home/brilliant/ros2_ws/install/nav2_msgs/include/nav2_msgs/nav2_msgs/action/detail/back_up__rosidl_typesupport_introspection_cpp.hpp
[10.712s] -- Up-to-date symlink: /home/brilliant/ros2_ws/install/nav2_msgs/include/nav2_msgs/nav2_msgs/action/detail/compute_path_through_poses__rosidl_typesupport_introspection_cpp.hpp
[10.712s] -- Up-to-date symlink: /home/brilliant/ros2_ws/install/nav2_msgs/include/nav2_msgs/nav2_msgs/action/detail/compute_path_to_pose__rosidl_typesupport_introspection_cpp.hpp
[10.712s] -- Up-to-date symlink: /home/brilliant/ros2_ws/install/nav2_msgs/include/nav2_msgs/nav2_msgs/action/detail/dock_robot__rosidl_typesupport_introspection_cpp.hpp
[10.715s] -- Up-to-date symlink: /home/brilliant/ros2_ws/install/nav2_msgs/include/nav2_msgs/nav2_msgs/action/detail/drive_on_heading__rosidl_typesupport_introspection_cpp.hpp
[10.716s] -- Up-to-date symlink: /home/brilliant/ros2_ws/install/nav2_msgs/include/nav2_msgs/nav2_msgs/action/detail/dummy_behavior__rosidl_typesupport_introspection_cpp.hpp
[10.717s] -- Up-to-date symlink: /home/brilliant/ros2_ws/install/nav2_msgs/include/nav2_msgs/nav2_msgs/action/detail/follow_gps_waypoints__rosidl_typesupport_introspection_cpp.hpp
[10.717s] -- Up-to-date symlink: /home/brilliant/ros2_ws/install/nav2_msgs/include/nav2_msgs/nav2_msgs/action/detail/follow_path__rosidl_typesupport_introspection_cpp.hpp
[10.720s] -- Up-to-date symlink: /home/brilliant/ros2_ws/install/nav2_msgs/include/nav2_msgs/nav2_msgs/action/detail/follow_waypoints__rosidl_typesupport_introspection_cpp.hpp
[10.722s] -- Up-to-date symlink: /home/brilliant/ros2_ws/install/nav2_msgs/include/nav2_msgs/nav2_msgs/action/detail/navigate_through_poses__rosidl_typesupport_introspection_cpp.hpp
[10.722s] -- Up-to-date symlink: /home/brilliant/ros2_ws/install/nav2_msgs/include/nav2_msgs/nav2_msgs/action/detail/navigate_to_pose__rosidl_typesupport_introspection_cpp.hpp
[10.725s] -- Up-to-date symlink: /home/brilliant/ros2_ws/install/nav2_msgs/include/nav2_msgs/nav2_msgs/action/detail/smooth_path__rosidl_typesupport_introspection_cpp.hpp
[10.725s] -- Up-to-date symlink: /home/brilliant/ros2_ws/install/nav2_msgs/include/nav2_msgs/nav2_msgs/action/detail/spin__rosidl_typesupport_introspection_cpp.hpp
[10.725s] -- Up-to-date symlink: /home/brilliant/ros2_ws/install/nav2_msgs/include/nav2_msgs/nav2_msgs/action/detail/undock_robot__rosidl_typesupport_introspection_cpp.hpp
[10.726s] -- Up-to-date symlink: /home/brilliant/ros2_ws/install/nav2_msgs/include/nav2_msgs/nav2_msgs/action/detail/wait__rosidl_typesupport_introspection_cpp.hpp
[10.726s] -- Up-to-date symlink: /home/brilliant/ros2_ws/install/nav2_msgs/include/nav2_msgs/nav2_msgs/msg/detail/behavior_tree_log__rosidl_typesupport_introspection_cpp.hpp
[10.727s] -- Up-to-date symlink: /home/brilliant/ros2_ws/install/nav2_msgs/include/nav2_msgs/nav2_msgs/msg/detail/behavior_tree_status_change__rosidl_typesupport_introspection_cpp.hpp
[10.728s] -- Up-to-date symlink: /home/brilliant/ros2_ws/install/nav2_msgs/include/nav2_msgs/nav2_msgs/msg/detail/collision_detector_state__rosidl_typesupport_introspection_cpp.hpp
[10.729s] -- Up-to-date symlink: /home/brilliant/ros2_ws/install/nav2_msgs/include/nav2_msgs/nav2_msgs/msg/detail/collision_monitor_state__rosidl_typesupport_introspection_cpp.hpp
[10.729s] -- Up-to-date symlink: /home/brilliant/ros2_ws/install/nav2_msgs/include/nav2_msgs/nav2_msgs/msg/detail/costmap__rosidl_typesupport_introspection_cpp.hpp
[10.729s] -- Up-to-date symlink: /home/brilliant/ros2_ws/install/nav2_msgs/include/nav2_msgs/nav2_msgs/msg/detail/costmap_filter_info__rosidl_typesupport_introspection_cpp.hpp
[10.730s] -- Up-to-date symlink: /home/brilliant/ros2_ws/install/nav2_msgs/include/nav2_msgs/nav2_msgs/msg/detail/costmap_meta_data__rosidl_typesupport_introspection_cpp.hpp
[10.732s] -- Up-to-date symlink: /home/brilliant/ros2_ws/install/nav2_msgs/include/nav2_msgs/nav2_msgs/msg/detail/costmap_update__rosidl_typesupport_introspection_cpp.hpp
[10.732s] -- Up-to-date symlink: /home/brilliant/ros2_ws/install/nav2_msgs/include/nav2_msgs/nav2_msgs/msg/detail/missed_waypoint__rosidl_typesupport_introspection_cpp.hpp
[10.733s] -- Up-to-date symlink: /home/brilliant/ros2_ws/install/nav2_msgs/include/nav2_msgs/nav2_msgs/msg/detail/particle__rosidl_typesupport_introspection_cpp.hpp
[10.733s] -- Up-to-date symlink: /home/brilliant/ros2_ws/install/nav2_msgs/include/nav2_msgs/nav2_msgs/msg/detail/particle_cloud__rosidl_typesupport_introspection_cpp.hpp
[10.735s] -- Up-to-date symlink: /home/brilliant/ros2_ws/install/nav2_msgs/include/nav2_msgs/nav2_msgs/msg/detail/speed_limit__rosidl_typesupport_introspection_cpp.hpp
[10.735s] -- Up-to-date symlink: /home/brilliant/ros2_ws/install/nav2_msgs/include/nav2_msgs/nav2_msgs/msg/detail/voxel_grid__rosidl_typesupport_introspection_cpp.hpp
[10.737s] -- Up-to-date symlink: /home/brilliant/ros2_ws/install/nav2_msgs/include/nav2_msgs/nav2_msgs/srv/detail/clear_costmap_around_pose__rosidl_typesupport_introspection_cpp.hpp
[10.737s] -- Up-to-date symlink: /home/brilliant/ros2_ws/install/nav2_msgs/include/nav2_msgs/nav2_msgs/srv/detail/clear_costmap_around_robot__rosidl_typesupport_introspection_cpp.hpp
[10.737s] -- Up-to-date symlink: /home/brilliant/ros2_ws/install/nav2_msgs/include/nav2_msgs/nav2_msgs/srv/detail/clear_costmap_except_region__rosidl_typesupport_introspection_cpp.hpp
[10.738s] -- Up-to-date symlink: /home/brilliant/ros2_ws/install/nav2_msgs/include/nav2_msgs/nav2_msgs/srv/detail/clear_entire_costmap__rosidl_typesupport_introspection_cpp.hpp
[10.739s] -- Up-to-date symlink: /home/brilliant/ros2_ws/install/nav2_msgs/include/nav2_msgs/nav2_msgs/srv/detail/get_cost__rosidl_typesupport_introspection_cpp.hpp
[10.740s] -- Up-to-date symlink: /home/brilliant/ros2_ws/install/nav2_msgs/include/nav2_msgs/nav2_msgs/srv/detail/get_costmap__rosidl_typesupport_introspection_cpp.hpp
[10.743s] -- Up-to-date symlink: /home/brilliant/ros2_ws/install/nav2_msgs/include/nav2_msgs/nav2_msgs/srv/detail/is_path_valid__rosidl_typesupport_introspection_cpp.hpp
[10.744s] -- Up-to-date symlink: /home/brilliant/ros2_ws/install/nav2_msgs/include/nav2_msgs/nav2_msgs/srv/detail/load_map__rosidl_typesupport_introspection_cpp.hpp
[10.745s] -- Up-to-date symlink: /home/brilliant/ros2_ws/install/nav2_msgs/include/nav2_msgs/nav2_msgs/srv/detail/manage_lifecycle_nodes__rosidl_typesupport_introspection_cpp.hpp
[10.745s] -- Up-to-date symlink: /home/brilliant/ros2_ws/install/nav2_msgs/include/nav2_msgs/nav2_msgs/srv/detail/reload_dock_database__rosidl_typesupport_introspection_cpp.hpp
[10.745s] -- Up-to-date symlink: /home/brilliant/ros2_ws/install/nav2_msgs/include/nav2_msgs/nav2_msgs/srv/detail/save_map__rosidl_typesupport_introspection_cpp.hpp
[10.745s] -- Up-to-date symlink: /home/brilliant/ros2_ws/install/nav2_msgs/include/nav2_msgs/nav2_msgs/srv/detail/set_initial_pose__rosidl_typesupport_introspection_cpp.hpp
[10.746s] -- Up-to-date symlink: /home/brilliant/ros2_ws/install/nav2_msgs/share/nav2_msgs/environment/pythonpath.sh
[10.751s] -- Up-to-date symlink: /home/brilliant/ros2_ws/install/nav2_msgs/share/nav2_msgs/environment/pythonpath.dsv
[10.752s] -- Up-to-date symlink: /home/brilliant/ros2_ws/install/nav2_msgs/lib/python3.12/site-packages/nav2_msgs-1.3.7-py3.12.egg-info/PKG-INFO
[10.755s] -- Up-to-date symlink: /home/brilliant/ros2_ws/install/nav2_msgs/lib/python3.12/site-packages/nav2_msgs-1.3.7-py3.12.egg-info/SOURCES.txt
[10.755s] -- Up-to-date symlink: /home/brilliant/ros2_ws/install/nav2_msgs/lib/python3.12/site-packages/nav2_msgs-1.3.7-py3.12.egg-info/dependency_links.txt
[10.756s] -- Up-to-date symlink: /home/brilliant/ros2_ws/install/nav2_msgs/lib/python3.12/site-packages/nav2_msgs-1.3.7-py3.12.egg-info/top_level.txt
[10.756s] -- Up-to-date symlink: /home/brilliant/ros2_ws/install/nav2_msgs/lib/python3.12/site-packages/nav2_msgs/__init__.py
[10.757s] -- Up-to-date symlink: /home/brilliant/ros2_ws/install/nav2_msgs/lib/python3.12/site-packages/nav2_msgs/_nav2_msgs_s.ep.rosidl_typesupport_c.c
[10.761s] -- Up-to-date symlink: /home/brilliant/ros2_ws/install/nav2_msgs/lib/python3.12/site-packages/nav2_msgs/_nav2_msgs_s.ep.rosidl_typesupport_fastrtps_c.c
[10.761s] -- Up-to-date symlink: /home/brilliant/ros2_ws/install/nav2_msgs/lib/python3.12/site-packages/nav2_msgs/_nav2_msgs_s.ep.rosidl_typesupport_introspection_c.c
[10.763s] -- Up-to-date symlink: /home/brilliant/ros2_ws/install/nav2_msgs/lib/python3.12/site-packages/nav2_msgs/action/__init__.py
[10.764s] -- Up-to-date symlink: /home/brilliant/ros2_ws/install/nav2_msgs/lib/python3.12/site-packages/nav2_msgs/action/_assisted_teleop.py
[10.764s] -- Up-to-date symlink: /home/brilliant/ros2_ws/install/nav2_msgs/lib/python3.12/site-packages/nav2_msgs/action/_assisted_teleop_s.c
[10.766s] -- Up-to-date symlink: /home/brilliant/ros2_ws/install/nav2_msgs/lib/python3.12/site-packages/nav2_msgs/action/_back_up.py
[10.766s] -- Up-to-date symlink: /home/brilliant/ros2_ws/install/nav2_msgs/lib/python3.12/site-packages/nav2_msgs/action/_back_up_s.c
[10.766s] -- Up-to-date symlink: /home/brilliant/ros2_ws/install/nav2_msgs/lib/python3.12/site-packages/nav2_msgs/action/_compute_path_through_poses.py
[10.769s] -- Up-to-date symlink: /home/brilliant/ros2_ws/install/nav2_msgs/lib/python3.12/site-packages/nav2_msgs/action/_compute_path_through_poses_s.c
[10.770s] -- Up-to-date symlink: /home/brilliant/ros2_ws/install/nav2_msgs/lib/python3.12/site-packages/nav2_msgs/action/_compute_path_to_pose.py
[10.770s] -- Up-to-date symlink: /home/brilliant/ros2_ws/install/nav2_msgs/lib/python3.12/site-packages/nav2_msgs/action/_compute_path_to_pose_s.c
[10.770s] -- Up-to-date symlink: /home/brilliant/ros2_ws/install/nav2_msgs/lib/python3.12/site-packages/nav2_msgs/action/_dock_robot.py
[10.770s] -- Up-to-date symlink: /home/brilliant/ros2_ws/install/nav2_msgs/lib/python3.12/site-packages/nav2_msgs/action/_dock_robot_s.c
[10.771s] -- Up-to-date symlink: /home/brilliant/ros2_ws/install/nav2_msgs/lib/python3.12/site-packages/nav2_msgs/action/_drive_on_heading.py
[10.773s] -- Up-to-date symlink: /home/brilliant/ros2_ws/install/nav2_msgs/lib/python3.12/site-packages/nav2_msgs/action/_drive_on_heading_s.c
[10.775s] -- Up-to-date symlink: /home/brilliant/ros2_ws/install/nav2_msgs/lib/python3.12/site-packages/nav2_msgs/action/_dummy_behavior.py
[10.775s] -- Up-to-date symlink: /home/brilliant/ros2_ws/install/nav2_msgs/lib/python3.12/site-packages/nav2_msgs/action/_dummy_behavior_s.c
[10.777s] -- Up-to-date symlink: /home/brilliant/ros2_ws/install/nav2_msgs/lib/python3.12/site-packages/nav2_msgs/action/_follow_gps_waypoints.py
[10.777s] -- Up-to-date symlink: /home/brilliant/ros2_ws/install/nav2_msgs/lib/python3.12/site-packages/nav2_msgs/action/_follow_gps_waypoints_s.c
[10.777s] -- Up-to-date symlink: /home/brilliant/ros2_ws/install/nav2_msgs/lib/python3.12/site-packages/nav2_msgs/action/_follow_path.py
[10.778s] -- Up-to-date symlink: /home/brilliant/ros2_ws/install/nav2_msgs/lib/python3.12/site-packages/nav2_msgs/action/_follow_path_s.c
[10.780s] -- Up-to-date symlink: /home/brilliant/ros2_ws/install/nav2_msgs/lib/python3.12/site-packages/nav2_msgs/action/_follow_waypoints.py
[10.780s] -- Up-to-date symlink: /home/brilliant/ros2_ws/install/nav2_msgs/lib/python3.12/site-packages/nav2_msgs/action/_follow_waypoints_s.c
[10.780s] -- Up-to-date symlink: /home/brilliant/ros2_ws/install/nav2_msgs/lib/python3.12/site-packages/nav2_msgs/action/_navigate_through_poses.py
[10.782s] -- Up-to-date symlink: /home/brilliant/ros2_ws/install/nav2_msgs/lib/python3.12/site-packages/nav2_msgs/action/_navigate_through_poses_s.c
[10.782s] -- Up-to-date symlink: /home/brilliant/ros2_ws/install/nav2_msgs/lib/python3.12/site-packages/nav2_msgs/action/_navigate_to_pose.py
[10.783s] -- Up-to-date symlink: /home/brilliant/ros2_ws/install/nav2_msgs/lib/python3.12/site-packages/nav2_msgs/action/_navigate_to_pose_s.c
[10.784s] -- Up-to-date symlink: /home/brilliant/ros2_ws/install/nav2_msgs/lib/python3.12/site-packages/nav2_msgs/action/_smooth_path.py
[10.784s] -- Up-to-date symlink: /home/brilliant/ros2_ws/install/nav2_msgs/lib/python3.12/site-packages/nav2_msgs/action/_smooth_path_s.c
[10.785s] -- Up-to-date symlink: /home/brilliant/ros2_ws/install/nav2_msgs/lib/python3.12/site-packages/nav2_msgs/action/_spin.py
[10.786s] -- Up-to-date symlink: /home/brilliant/ros2_ws/install/nav2_msgs/lib/python3.12/site-packages/nav2_msgs/action/_spin_s.c
[10.787s] -- Up-to-date symlink: /home/brilliant/ros2_ws/install/nav2_msgs/lib/python3.12/site-packages/nav2_msgs/action/_undock_robot.py
[10.787s] -- Up-to-date symlink: /home/brilliant/ros2_ws/install/nav2_msgs/lib/python3.12/site-packages/nav2_msgs/action/_undock_robot_s.c
[10.788s] -- Up-to-date symlink: /home/brilliant/ros2_ws/install/nav2_msgs/lib/python3.12/site-packages/nav2_msgs/action/_wait.py
[10.790s] -- Up-to-date symlink: /home/brilliant/ros2_ws/install/nav2_msgs/lib/python3.12/site-packages/nav2_msgs/action/_wait_s.c
[10.790s] -- Up-to-date symlink: /home/brilliant/ros2_ws/install/nav2_msgs/lib/python3.12/site-packages/nav2_msgs/msg/__init__.py
[10.791s] -- Up-to-date symlink: /home/brilliant/ros2_ws/install/nav2_msgs/lib/python3.12/site-packages/nav2_msgs/msg/_behavior_tree_log.py
[10.793s] -- Up-to-date symlink: /home/brilliant/ros2_ws/install/nav2_msgs/lib/python3.12/site-packages/nav2_msgs/msg/_behavior_tree_log_s.c
[10.793s] -- Up-to-date symlink: /home/brilliant/ros2_ws/install/nav2_msgs/lib/python3.12/site-packages/nav2_msgs/msg/_behavior_tree_status_change.py
[10.794s] -- Up-to-date symlink: /home/brilliant/ros2_ws/install/nav2_msgs/lib/python3.12/site-packages/nav2_msgs/msg/_behavior_tree_status_change_s.c
[10.794s] -- Up-to-date symlink: /home/brilliant/ros2_ws/install/nav2_msgs/lib/python3.12/site-packages/nav2_msgs/msg/_collision_detector_state.py
[10.794s] -- Up-to-date symlink: /home/brilliant/ros2_ws/install/nav2_msgs/lib/python3.12/site-packages/nav2_msgs/msg/_collision_detector_state_s.c
[10.794s] -- Up-to-date symlink: /home/brilliant/ros2_ws/install/nav2_msgs/lib/python3.12/site-packages/nav2_msgs/msg/_collision_monitor_state.py
[10.795s] -- Up-to-date symlink: /home/brilliant/ros2_ws/install/nav2_msgs/lib/python3.12/site-packages/nav2_msgs/msg/_collision_monitor_state_s.c
[10.795s] -- Up-to-date symlink: /home/brilliant/ros2_ws/install/nav2_msgs/lib/python3.12/site-packages/nav2_msgs/msg/_costmap.py
[10.795s] -- Up-to-date symlink: /home/brilliant/ros2_ws/install/nav2_msgs/lib/python3.12/site-packages/nav2_msgs/msg/_costmap_filter_info.py
[10.798s] -- Up-to-date symlink: /home/brilliant/ros2_ws/install/nav2_msgs/lib/python3.12/site-packages/nav2_msgs/msg/_costmap_filter_info_s.c
[10.799s] -- Up-to-date symlink: /home/brilliant/ros2_ws/install/nav2_msgs/lib/python3.12/site-packages/nav2_msgs/msg/_costmap_meta_data.py
[10.800s] -- Up-to-date symlink: /home/brilliant/ros2_ws/install/nav2_msgs/lib/python3.12/site-packages/nav2_msgs/msg/_costmap_meta_data_s.c
[10.801s] -- Up-to-date symlink: /home/brilliant/ros2_ws/install/nav2_msgs/lib/python3.12/site-packages/nav2_msgs/msg/_costmap_s.c
[10.802s] -- Up-to-date symlink: /home/brilliant/ros2_ws/install/nav2_msgs/lib/python3.12/site-packages/nav2_msgs/msg/_costmap_update.py
[10.802s] -- Up-to-date symlink: /home/brilliant/ros2_ws/install/nav2_msgs/lib/python3.12/site-packages/nav2_msgs/msg/_costmap_update_s.c
[10.803s] -- Up-to-date symlink: /home/brilliant/ros2_ws/install/nav2_msgs/lib/python3.12/site-packages/nav2_msgs/msg/_missed_waypoint.py
[10.804s] -- Up-to-date symlink: /home/brilliant/ros2_ws/install/nav2_msgs/lib/python3.12/site-packages/nav2_msgs/msg/_missed_waypoint_s.c
[10.805s] -- Up-to-date symlink: /home/brilliant/ros2_ws/install/nav2_msgs/lib/python3.12/site-packages/nav2_msgs/msg/_particle.py
[10.806s] -- Up-to-date symlink: /home/brilliant/ros2_ws/install/nav2_msgs/lib/python3.12/site-packages/nav2_msgs/msg/_particle_cloud.py
[10.807s] -- Up-to-date symlink: /home/brilliant/ros2_ws/install/nav2_msgs/lib/python3.12/site-packages/nav2_msgs/msg/_particle_cloud_s.c
[10.808s] -- Up-to-date symlink: /home/brilliant/ros2_ws/install/nav2_msgs/lib/python3.12/site-packages/nav2_msgs/msg/_particle_s.c
[10.808s] -- Up-to-date symlink: /home/brilliant/ros2_ws/install/nav2_msgs/lib/python3.12/site-packages/nav2_msgs/msg/_speed_limit.py
[10.808s] -- Up-to-date symlink: /home/brilliant/ros2_ws/install/nav2_msgs/lib/python3.12/site-packages/nav2_msgs/msg/_speed_limit_s.c
[10.810s] -- Up-to-date symlink: /home/brilliant/ros2_ws/install/nav2_msgs/lib/python3.12/site-packages/nav2_msgs/msg/_voxel_grid.py
[10.811s] -- Up-to-date symlink: /home/brilliant/ros2_ws/install/nav2_msgs/lib/python3.12/site-packages/nav2_msgs/msg/_voxel_grid_s.c
[10.812s] -- Up-to-date symlink: /home/brilliant/ros2_ws/install/nav2_msgs/lib/python3.12/site-packages/nav2_msgs/nav2_msgs_s__rosidl_typesupport_c.so
[10.813s] -- Up-to-date symlink: /home/brilliant/ros2_ws/install/nav2_msgs/lib/python3.12/site-packages/nav2_msgs/nav2_msgs_s__rosidl_typesupport_fastrtps_c.so
[10.813s] -- Up-to-date symlink: /home/brilliant/ros2_ws/install/nav2_msgs/lib/python3.12/site-packages/nav2_msgs/nav2_msgs_s__rosidl_typesupport_introspection_c.so
[10.814s] -- Up-to-date symlink: /home/brilliant/ros2_ws/install/nav2_msgs/lib/python3.12/site-packages/nav2_msgs/srv/__init__.py
[10.815s] -- Up-to-date symlink: /home/brilliant/ros2_ws/install/nav2_msgs/lib/python3.12/site-packages/nav2_msgs/srv/_clear_costmap_around_pose.py
[10.818s] -- Up-to-date symlink: /home/brilliant/ros2_ws/install/nav2_msgs/lib/python3.12/site-packages/nav2_msgs/srv/_clear_costmap_around_pose_s.c
[10.818s] -- Up-to-date symlink: /home/brilliant/ros2_ws/install/nav2_msgs/lib/python3.12/site-packages/nav2_msgs/srv/_clear_costmap_around_robot.py
[10.819s] -- Up-to-date symlink: /home/brilliant/ros2_ws/install/nav2_msgs/lib/python3.12/site-packages/nav2_msgs/srv/_clear_costmap_around_robot_s.c
[10.823s] -- Up-to-date symlink: /home/brilliant/ros2_ws/install/nav2_msgs/lib/python3.12/site-packages/nav2_msgs/srv/_clear_costmap_except_region.py
[10.823s] -- Up-to-date symlink: /home/brilliant/ros2_ws/install/nav2_msgs/lib/python3.12/site-packages/nav2_msgs/srv/_clear_costmap_except_region_s.c
[10.823s] -- Up-to-date symlink: /home/brilliant/ros2_ws/install/nav2_msgs/lib/python3.12/site-packages/nav2_msgs/srv/_clear_entire_costmap.py
[10.826s] -- Up-to-date symlink: /home/brilliant/ros2_ws/install/nav2_msgs/lib/python3.12/site-packages/nav2_msgs/srv/_clear_entire_costmap_s.c
[10.826s] -- Up-to-date symlink: /home/brilliant/ros2_ws/install/nav2_msgs/lib/python3.12/site-packages/nav2_msgs/srv/_get_cost.py
[10.827s] -- Up-to-date symlink: /home/brilliant/ros2_ws/install/nav2_msgs/lib/python3.12/site-packages/nav2_msgs/srv/_get_cost_s.c
[10.827s] -- Up-to-date symlink: /home/brilliant/ros2_ws/install/nav2_msgs/lib/python3.12/site-packages/nav2_msgs/srv/_get_costmap.py
[10.827s] -- Up-to-date symlink: /home/brilliant/ros2_ws/install/nav2_msgs/lib/python3.12/site-packages/nav2_msgs/srv/_get_costmap_s.c
[10.827s] -- Up-to-date symlink: /home/brilliant/ros2_ws/install/nav2_msgs/lib/python3.12/site-packages/nav2_msgs/srv/_is_path_valid.py
[10.828s] -- Up-to-date symlink: /home/brilliant/ros2_ws/install/nav2_msgs/lib/python3.12/site-packages/nav2_msgs/srv/_is_path_valid_s.c
[10.831s] -- Up-to-date symlink: /home/brilliant/ros2_ws/install/nav2_msgs/lib/python3.12/site-packages/nav2_msgs/srv/_load_map.py
[10.835s] -- Up-to-date symlink: /home/brilliant/ros2_ws/install/nav2_msgs/lib/python3.12/site-packages/nav2_msgs/srv/_load_map_s.c
[10.835s] -- Up-to-date symlink: /home/brilliant/ros2_ws/install/nav2_msgs/lib/python3.12/site-packages/nav2_msgs/srv/_manage_lifecycle_nodes.py
[10.835s] -- Up-to-date symlink: /home/brilliant/ros2_ws/install/nav2_msgs/lib/python3.12/site-packages/nav2_msgs/srv/_manage_lifecycle_nodes_s.c
[10.835s] -- Up-to-date symlink: /home/brilliant/ros2_ws/install/nav2_msgs/lib/python3.12/site-packages/nav2_msgs/srv/_reload_dock_database.py
[10.836s] -- Up-to-date symlink: /home/brilliant/ros2_ws/install/nav2_msgs/lib/python3.12/site-packages/nav2_msgs/srv/_reload_dock_database_s.c
[10.841s] -- Up-to-date symlink: /home/brilliant/ros2_ws/install/nav2_msgs/lib/python3.12/site-packages/nav2_msgs/srv/_save_map.py
[10.843s] -- Up-to-date symlink: /home/brilliant/ros2_ws/install/nav2_msgs/lib/python3.12/site-packages/nav2_msgs/srv/_save_map_s.c
[10.848s] -- Up-to-date symlink: /home/brilliant/ros2_ws/install/nav2_msgs/lib/python3.12/site-packages/nav2_msgs/srv/_set_initial_pose.py
[10.848s] -- Up-to-date symlink: /home/brilliant/ros2_ws/install/nav2_msgs/lib/python3.12/site-packages/nav2_msgs/srv/_set_initial_pose_s.c
[10.851s] -- Up-to-date symlink: /home/brilliant/ros2_ws/install/nav2_msgs/lib/python3.12/site-packages/nav2_msgs/nav2_msgs_s__rosidl_typesupport_fastrtps_c.so
[10.851s] -- Up-to-date symlink: /home/brilliant/ros2_ws/install/nav2_msgs/lib/python3.12/site-packages/nav2_msgs/nav2_msgs_s__rosidl_typesupport_introspection_c.so
[10.852s] -- Up-to-date symlink: /home/brilliant/ros2_ws/install/nav2_msgs/lib/python3.12/site-packages/nav2_msgs/nav2_msgs_s__rosidl_typesupport_c.so
[10.852s] -- Up-to-date symlink: /home/brilliant/ros2_ws/install/nav2_msgs/share/nav2_msgs/msg/CollisionMonitorState.idl
[10.856s] -- Up-to-date symlink: /home/brilliant/ros2_ws/install/nav2_msgs/share/nav2_msgs/msg/CollisionDetectorState.idl
[10.859s] -- Up-to-date symlink: /home/brilliant/ros2_ws/install/nav2_msgs/share/nav2_msgs/msg/Costmap.idl
[10.860s] -- Up-to-date symlink: /home/brilliant/ros2_ws/install/nav2_msgs/share/nav2_msgs/msg/CostmapMetaData.idl
[10.860s] -- Up-to-date symlink: /home/brilliant/ros2_ws/install/nav2_msgs/share/nav2_msgs/msg/CostmapUpdate.idl
[10.862s] -- Up-to-date symlink: /home/brilliant/ros2_ws/install/nav2_msgs/share/nav2_msgs/msg/CostmapFilterInfo.idl
[10.863s] -- Up-to-date symlink: /home/brilliant/ros2_ws/install/nav2_msgs/share/nav2_msgs/msg/SpeedLimit.idl
[10.865s] -- Up-to-date symlink: /home/brilliant/ros2_ws/install/nav2_msgs/share/nav2_msgs/msg/VoxelGrid.idl
[10.866s] -- Up-to-date symlink: /home/brilliant/ros2_ws/install/nav2_msgs/share/nav2_msgs/msg/BehaviorTreeStatusChange.idl
[10.868s] -- Up-to-date symlink: /home/brilliant/ros2_ws/install/nav2_msgs/share/nav2_msgs/msg/BehaviorTreeLog.idl
[10.870s] -- Up-to-date symlink: /home/brilliant/ros2_ws/install/nav2_msgs/share/nav2_msgs/msg/Particle.idl
[10.870s] -- Up-to-date symlink: /home/brilliant/ros2_ws/install/nav2_msgs/share/nav2_msgs/msg/ParticleCloud.idl
[10.871s] -- Up-to-date symlink: /home/brilliant/ros2_ws/install/nav2_msgs/share/nav2_msgs/msg/MissedWaypoint.idl
[10.871s] -- Up-to-date symlink: /home/brilliant/ros2_ws/install/nav2_msgs/share/nav2_msgs/srv/GetCost.idl
[10.871s] -- Up-to-date symlink: /home/brilliant/ros2_ws/install/nav2_msgs/share/nav2_msgs/srv/GetCostmap.idl
[10.871s] -- Up-to-date symlink: /home/brilliant/ros2_ws/install/nav2_msgs/share/nav2_msgs/srv/IsPathValid.idl
[10.872s] -- Up-to-date symlink: /home/brilliant/ros2_ws/install/nav2_msgs/share/nav2_msgs/srv/ClearCostmapExceptRegion.idl
[10.874s] -- Up-to-date symlink: /home/brilliant/ros2_ws/install/nav2_msgs/share/nav2_msgs/srv/ClearCostmapAroundRobot.idl
[10.874s] -- Up-to-date symlink: /home/brilliant/ros2_ws/install/nav2_msgs/share/nav2_msgs/srv/ClearCostmapAroundPose.idl
[10.875s] -- Up-to-date symlink: /home/brilliant/ros2_ws/install/nav2_msgs/share/nav2_msgs/srv/ClearEntireCostmap.idl
[10.877s] -- Up-to-date symlink: /home/brilliant/ros2_ws/install/nav2_msgs/share/nav2_msgs/srv/ManageLifecycleNodes.idl
[10.877s] -- Up-to-date symlink: /home/brilliant/ros2_ws/install/nav2_msgs/share/nav2_msgs/srv/LoadMap.idl
[10.877s] -- Up-to-date symlink: /home/brilliant/ros2_ws/install/nav2_msgs/share/nav2_msgs/srv/SaveMap.idl
[10.878s] -- Up-to-date symlink: /home/brilliant/ros2_ws/install/nav2_msgs/share/nav2_msgs/srv/SetInitialPose.idl
[10.879s] -- Up-to-date symlink: /home/brilliant/ros2_ws/install/nav2_msgs/share/nav2_msgs/srv/ReloadDockDatabase.idl
[10.879s] -- Up-to-date symlink: /home/brilliant/ros2_ws/install/nav2_msgs/share/nav2_msgs/action/AssistedTeleop.idl
[10.880s] -- Up-to-date symlink: /home/brilliant/ros2_ws/install/nav2_msgs/share/nav2_msgs/action/BackUp.idl
[10.882s] -- Up-to-date symlink: /home/brilliant/ros2_ws/install/nav2_msgs/share/nav2_msgs/action/ComputePathToPose.idl
[10.882s] -- Up-to-date symlink: /home/brilliant/ros2_ws/install/nav2_msgs/share/nav2_msgs/action/ComputePathThroughPoses.idl
[10.882s] -- Up-to-date symlink: /home/brilliant/ros2_ws/install/nav2_msgs/share/nav2_msgs/action/DriveOnHeading.idl
[10.883s] -- Up-to-date symlink: /home/brilliant/ros2_ws/install/nav2_msgs/share/nav2_msgs/action/SmoothPath.idl
[10.885s] -- Up-to-date symlink: /home/brilliant/ros2_ws/install/nav2_msgs/share/nav2_msgs/action/FollowPath.idl
[10.886s] -- Up-to-date symlink: /home/brilliant/ros2_ws/install/nav2_msgs/share/nav2_msgs/action/NavigateToPose.idl
[10.886s] -- Up-to-date symlink: /home/brilliant/ros2_ws/install/nav2_msgs/share/nav2_msgs/action/NavigateThroughPoses.idl
[10.886s] -- Up-to-date symlink: /home/brilliant/ros2_ws/install/nav2_msgs/share/nav2_msgs/action/Wait.idl
[10.887s] -- Up-to-date symlink: /home/brilliant/ros2_ws/install/nav2_msgs/share/nav2_msgs/action/Spin.idl
[10.888s] -- Up-to-date symlink: /home/brilliant/ros2_ws/install/nav2_msgs/share/nav2_msgs/action/DummyBehavior.idl
[10.889s] -- Up-to-date symlink: /home/brilliant/ros2_ws/install/nav2_msgs/share/nav2_msgs/action/FollowWaypoints.idl
[10.890s] -- Up-to-date symlink: /home/brilliant/ros2_ws/install/nav2_msgs/share/nav2_msgs/action/FollowGPSWaypoints.idl
[10.890s] -- Up-to-date symlink: /home/brilliant/ros2_ws/install/nav2_msgs/share/nav2_msgs/action/DockRobot.idl
[10.892s] -- Up-to-date symlink: /home/brilliant/ros2_ws/install/nav2_msgs/share/nav2_msgs/action/UndockRobot.idl
[10.892s] -- Up-to-date symlink: /home/brilliant/ros2_ws/install/nav2_msgs/share/nav2_msgs/msg/CollisionMonitorState.msg
[10.893s] -- Up-to-date symlink: /home/brilliant/ros2_ws/install/nav2_msgs/share/nav2_msgs/msg/CollisionDetectorState.msg
[10.894s] -- Up-to-date symlink: /home/brilliant/ros2_ws/install/nav2_msgs/share/nav2_msgs/msg/Costmap.msg
[10.896s] -- Up-to-date symlink: /home/brilliant/ros2_ws/install/nav2_msgs/share/nav2_msgs/msg/CostmapMetaData.msg
[10.896s] -- Up-to-date symlink: /home/brilliant/ros2_ws/install/nav2_msgs/share/nav2_msgs/msg/CostmapUpdate.msg
[10.896s] -- Up-to-date symlink: /home/brilliant/ros2_ws/install/nav2_msgs/share/nav2_msgs/msg/CostmapFilterInfo.msg
[10.897s] -- Up-to-date symlink: /home/brilliant/ros2_ws/install/nav2_msgs/share/nav2_msgs/msg/SpeedLimit.msg
[10.897s] -- Up-to-date symlink: /home/brilliant/ros2_ws/install/nav2_msgs/share/nav2_msgs/msg/VoxelGrid.msg
[10.898s] -- Up-to-date symlink: /home/brilliant/ros2_ws/install/nav2_msgs/share/nav2_msgs/msg/BehaviorTreeStatusChange.msg
[10.899s] -- Up-to-date symlink: /home/brilliant/ros2_ws/install/nav2_msgs/share/nav2_msgs/msg/BehaviorTreeLog.msg
[10.899s] -- Up-to-date symlink: /home/brilliant/ros2_ws/install/nav2_msgs/share/nav2_msgs/msg/Particle.msg
[10.899s] -- Up-to-date symlink: /home/brilliant/ros2_ws/install/nav2_msgs/share/nav2_msgs/msg/ParticleCloud.msg
[10.900s] -- Up-to-date symlink: /home/brilliant/ros2_ws/install/nav2_msgs/share/nav2_msgs/msg/MissedWaypoint.msg
[10.900s] -- Up-to-date symlink: /home/brilliant/ros2_ws/install/nav2_msgs/share/nav2_msgs/srv/GetCost.srv
[10.900s] -- Up-to-date symlink: /home/brilliant/ros2_ws/install/nav2_msgs/share/nav2_msgs/srv/GetCostmap.srv
[10.900s] -- Up-to-date symlink: /home/brilliant/ros2_ws/install/nav2_msgs/share/nav2_msgs/srv/IsPathValid.srv
[10.903s] -- Up-to-date symlink: /home/brilliant/ros2_ws/install/nav2_msgs/share/nav2_msgs/srv/ClearCostmapExceptRegion.srv
[10.904s] -- Up-to-date symlink: /home/brilliant/ros2_ws/install/nav2_msgs/share/nav2_msgs/srv/ClearCostmapAroundRobot.srv
[10.906s] -- Up-to-date symlink: /home/brilliant/ros2_ws/install/nav2_msgs/share/nav2_msgs/srv/ClearCostmapAroundPose.srv
[10.906s] -- Up-to-date symlink: /home/brilliant/ros2_ws/install/nav2_msgs/share/nav2_msgs/srv/ClearEntireCostmap.srv
[10.906s] -- Up-to-date symlink: /home/brilliant/ros2_ws/install/nav2_msgs/share/nav2_msgs/srv/ManageLifecycleNodes.srv
[10.907s] -- Up-to-date symlink: /home/brilliant/ros2_ws/install/nav2_msgs/share/nav2_msgs/srv/LoadMap.srv
[10.908s] -- Up-to-date symlink: /home/brilliant/ros2_ws/install/nav2_msgs/share/nav2_msgs/srv/SaveMap.srv
[10.909s] -- Up-to-date symlink: /home/brilliant/ros2_ws/install/nav2_msgs/share/nav2_msgs/srv/SetInitialPose.srv
[10.909s] -- Up-to-date symlink: /home/brilliant/ros2_ws/install/nav2_msgs/share/nav2_msgs/srv/ReloadDockDatabase.srv
[10.912s] -- Up-to-date symlink: /home/brilliant/ros2_ws/install/nav2_msgs/share/nav2_msgs/action/AssistedTeleop.action
[10.912s] -- Up-to-date symlink: /home/brilliant/ros2_ws/install/nav2_msgs/share/nav2_msgs/action/BackUp.action
[10.912s] -- Up-to-date symlink: /home/brilliant/ros2_ws/install/nav2_msgs/share/nav2_msgs/action/ComputePathToPose.action
[10.913s] -- Up-to-date symlink: /home/brilliant/ros2_ws/install/nav2_msgs/share/nav2_msgs/action/ComputePathThroughPoses.action
[10.913s] -- Up-to-date symlink: /home/brilliant/ros2_ws/install/nav2_msgs/share/nav2_msgs/action/DriveOnHeading.action
[10.914s] -- Up-to-date symlink: /home/brilliant/ros2_ws/install/nav2_msgs/share/nav2_msgs/action/SmoothPath.action
[10.915s] -- Up-to-date symlink: /home/brilliant/ros2_ws/install/nav2_msgs/share/nav2_msgs/action/FollowPath.action
[10.915s] -- Up-to-date symlink: /home/brilliant/ros2_ws/install/nav2_msgs/share/nav2_msgs/action/NavigateToPose.action
[10.917s] -- Up-to-date symlink: /home/brilliant/ros2_ws/install/nav2_msgs/share/nav2_msgs/action/NavigateThroughPoses.action
[10.917s] -- Up-to-date symlink: /home/brilliant/ros2_ws/install/nav2_msgs/share/nav2_msgs/action/Wait.action
[10.919s] -- Up-to-date symlink: /home/brilliant/ros2_ws/install/nav2_msgs/share/nav2_msgs/action/Spin.action
[10.919s] -- Up-to-date symlink: /home/brilliant/ros2_ws/install/nav2_msgs/share/nav2_msgs/action/DummyBehavior.action
[10.920s] -- Up-to-date symlink: /home/brilliant/ros2_ws/install/nav2_msgs/share/nav2_msgs/action/FollowWaypoints.action
[10.920s] -- Up-to-date symlink: /home/brilliant/ros2_ws/install/nav2_msgs/share/nav2_msgs/action/FollowGPSWaypoints.action
[10.920s] -- Up-to-date symlink: /home/brilliant/ros2_ws/install/nav2_msgs/share/nav2_msgs/action/DockRobot.action
[10.920s] -- Up-to-date symlink: /home/brilliant/ros2_ws/install/nav2_msgs/share/nav2_msgs/action/UndockRobot.action
[10.921s] -- Up-to-date symlink: /home/brilliant/ros2_ws/install/nav2_msgs/share/ament_index/resource_index/package_run_dependencies/nav2_msgs
[10.924s] -- Up-to-date symlink: /home/brilliant/ros2_ws/install/nav2_msgs/share/ament_index/resource_index/parent_prefix_path/nav2_msgs
[10.924s] -- Up-to-date symlink: /home/brilliant/ros2_ws/install/nav2_msgs/share/nav2_msgs/environment/ament_prefix_path.sh
[10.925s] -- Up-to-date symlink: /home/brilliant/ros2_ws/install/nav2_msgs/share/nav2_msgs/environment/ament_prefix_path.dsv
[10.925s] -- Up-to-date symlink: /home/brilliant/ros2_ws/install/nav2_msgs/share/nav2_msgs/environment/path.sh
[10.925s] -- Up-to-date symlink: /home/brilliant/ros2_ws/install/nav2_msgs/share/nav2_msgs/environment/path.dsv
[10.926s] -- Up-to-date symlink: /home/brilliant/ros2_ws/install/nav2_msgs/share/nav2_msgs/local_setup.bash
[10.927s] -- Up-to-date symlink: /home/brilliant/ros2_ws/install/nav2_msgs/share/nav2_msgs/local_setup.sh
[10.928s] -- Up-to-date symlink: /home/brilliant/ros2_ws/install/nav2_msgs/share/nav2_msgs/local_setup.zsh
[10.928s] -- Up-to-date symlink: /home/brilliant/ros2_ws/install/nav2_msgs/share/nav2_msgs/local_setup.dsv
[10.928s] -- Symlinking: /home/brilliant/ros2_ws/install/nav2_msgs/share/nav2_msgs/package.dsv
[10.999s] -- Up-to-date symlink: /home/brilliant/ros2_ws/install/nav2_msgs/share/ament_index/resource_index/packages/nav2_msgs
[11.003s] -- Up-to-date symlink: /home/brilliant/ros2_ws/install/nav2_msgs/share/nav2_msgs/cmake/rosidl_cmake-extras.cmake
[11.007s] -- Up-to-date symlink: /home/brilliant/ros2_ws/install/nav2_msgs/share/nav2_msgs/cmake/ament_cmake_export_dependencies-extras.cmake
[11.008s] -- Up-to-date symlink: /home/brilliant/ros2_ws/install/nav2_msgs/share/nav2_msgs/cmake/ament_cmake_export_include_directories-extras.cmake
[11.012s] -- Up-to-date symlink: /home/brilliant/ros2_ws/install/nav2_msgs/share/nav2_msgs/cmake/ament_cmake_export_libraries-extras.cmake
[11.013s] -- Up-to-date symlink: /home/brilliant/ros2_ws/install/nav2_msgs/share/nav2_msgs/cmake/ament_cmake_export_targets-extras.cmake
[11.013s] -- Up-to-date symlink: /home/brilliant/ros2_ws/install/nav2_msgs/share/nav2_msgs/cmake/rosidl_cmake_export_typesupport_targets-extras.cmake
[11.013s] -- Up-to-date symlink: /home/brilliant/ros2_ws/install/nav2_msgs/share/nav2_msgs/cmake/rosidl_cmake_export_typesupport_libraries-extras.cmake
[11.013s] -- Up-to-date symlink: /home/brilliant/ros2_ws/install/nav2_msgs/share/nav2_msgs/cmake/nav2_msgsConfig.cmake
[11.014s] -- Up-to-date symlink: /home/brilliant/ros2_ws/install/nav2_msgs/share/nav2_msgs/cmake/nav2_msgsConfig-version.cmake
[11.014s] -- Up-to-date symlink: /home/brilliant/ros2_ws/install/nav2_msgs/share/nav2_msgs/package.xml
[11.023s] -- Up-to-date: /home/brilliant/ros2_ws/install/nav2_msgs/lib/libnav2_msgs__rosidl_generator_c.so
[11.026s] -- Up-to-date: /home/brilliant/ros2_ws/install/nav2_msgs/lib/libnav2_msgs__rosidl_typesupport_fastrtps_c.so
[11.027s] -- Up-to-date: /home/brilliant/ros2_ws/install/nav2_msgs/lib/libnav2_msgs__rosidl_typesupport_fastrtps_cpp.so
[11.032s] -- Up-to-date: /home/brilliant/ros2_ws/install/nav2_msgs/lib/libnav2_msgs__rosidl_typesupport_introspection_c.so
[11.037s] -- Up-to-date: /home/brilliant/ros2_ws/install/nav2_msgs/lib/libnav2_msgs__rosidl_typesupport_c.so
[11.043s] -- Up-to-date: /home/brilliant/ros2_ws/install/nav2_msgs/lib/libnav2_msgs__rosidl_typesupport_introspection_cpp.so
[11.044s] -- Up-to-date: /home/brilliant/ros2_ws/install/nav2_msgs/lib/libnav2_msgs__rosidl_typesupport_cpp.so
[11.476s] Listing '/home/brilliant/ros2_ws/install/nav2_msgs/lib/python3.12/site-packages/nav2_msgs'...
[11.479s] Listing '/home/brilliant/ros2_ws/install/nav2_msgs/lib/python3.12/site-packages/nav2_msgs/action'...
[11.481s] Listing '/home/brilliant/ros2_ws/install/nav2_msgs/lib/python3.12/site-packages/nav2_msgs/msg'...
[11.483s] Listing '/home/brilliant/ros2_ws/install/nav2_msgs/lib/python3.12/site-packages/nav2_msgs/srv'...
[11.533s] -- Up-to-date: /home/brilliant/ros2_ws/install/nav2_msgs/lib/libnav2_msgs__rosidl_generator_py.so
[11.543s] -- Up-to-date: /home/brilliant/ros2_ws/install/nav2_msgs/share/nav2_msgs/cmake/export_nav2_msgs__rosidl_generator_cExport.cmake
[11.544s] -- Up-to-date: /home/brilliant/ros2_ws/install/nav2_msgs/share/nav2_msgs/cmake/export_nav2_msgs__rosidl_generator_cExport-release.cmake
[11.544s] -- Up-to-date: /home/brilliant/ros2_ws/install/nav2_msgs/share/nav2_msgs/cmake/export_nav2_msgs__rosidl_typesupport_fastrtps_cExport.cmake
[11.549s] -- Up-to-date: /home/brilliant/ros2_ws/install/nav2_msgs/share/nav2_msgs/cmake/export_nav2_msgs__rosidl_typesupport_fastrtps_cExport-release.cmake
[11.551s] -- Up-to-date: /home/brilliant/ros2_ws/install/nav2_msgs/share/nav2_msgs/cmake/export_nav2_msgs__rosidl_generator_cppExport.cmake
[11.551s] -- Up-to-date: /home/brilliant/ros2_ws/install/nav2_msgs/share/nav2_msgs/cmake/export_nav2_msgs__rosidl_typesupport_fastrtps_cppExport.cmake
[11.552s] -- Up-to-date: /home/brilliant/ros2_ws/install/nav2_msgs/share/nav2_msgs/cmake/export_nav2_msgs__rosidl_typesupport_fastrtps_cppExport-release.cmake
[11.561s] -- Up-to-date: /home/brilliant/ros2_ws/install/nav2_msgs/share/nav2_msgs/cmake/nav2_msgs__rosidl_typesupport_introspection_cExport.cmake
[11.561s] -- Up-to-date: /home/brilliant/ros2_ws/install/nav2_msgs/share/nav2_msgs/cmake/nav2_msgs__rosidl_typesupport_introspection_cExport-release.cmake
[11.563s] -- Up-to-date: /home/brilliant/ros2_ws/install/nav2_msgs/share/nav2_msgs/cmake/nav2_msgs__rosidl_typesupport_cExport.cmake
[11.566s] -- Up-to-date: /home/brilliant/ros2_ws/install/nav2_msgs/share/nav2_msgs/cmake/nav2_msgs__rosidl_typesupport_cExport-release.cmake
[11.566s] -- Up-to-date: /home/brilliant/ros2_ws/install/nav2_msgs/share/nav2_msgs/cmake/nav2_msgs__rosidl_typesupport_introspection_cppExport.cmake
[11.569s] -- Up-to-date: /home/brilliant/ros2_ws/install/nav2_msgs/share/nav2_msgs/cmake/nav2_msgs__rosidl_typesupport_introspection_cppExport-release.cmake
[11.569s] -- Up-to-date: /home/brilliant/ros2_ws/install/nav2_msgs/share/nav2_msgs/cmake/nav2_msgs__rosidl_typesupport_cppExport.cmake
[11.570s] -- Up-to-date: /home/brilliant/ros2_ws/install/nav2_msgs/share/nav2_msgs/cmake/nav2_msgs__rosidl_typesupport_cppExport-release.cmake
[11.574s] -- Up-to-date: /home/brilliant/ros2_ws/install/nav2_msgs/share/nav2_msgs/cmake/export_nav2_msgs__rosidl_generator_pyExport.cmake
[11.574s] -- Up-to-date: /home/brilliant/ros2_ws/install/nav2_msgs/share/nav2_msgs/cmake/export_nav2_msgs__rosidl_generator_pyExport-release.cmake
[11.596s] Invoked command in '/home/brilliant/ros2_ws/build/nav2_msgs' returned '0': CMAKE_PREFIX_PATH=/home/brilliant/ros2_ws/install/nav2_common:/home/brilliant/ros2_ws/install/sllidar_ros2:/home/brilliant/ros2_ws/install/serial:/home/brilliant/ros2_ws/install/nav2_system_tests:/home/brilliant/ros2_ws/install/nav2_bringup:/home/brilliant/ros2_ws/install/navigation2:/home/brilliant/ros2_ws/install/opennav_docking:/home/brilliant/ros2_ws/install/opennav_docking_core:/home/brilliant/ros2_ws/install/opennav_docking_bt:/home/brilliant/ros2_ws/install/nav2_smoother:/home/brilliant/ros2_ws/install/nav2_rotation_shim_controller:/home/brilliant/ros2_ws/install/nav2_graceful_controller:/home/brilliant/ros2_ws/install/nav2_dwb_controller:/home/brilliant/ros2_ws/install/nav2_controller:/home/brilliant/ros2_ws/install/dwb_plugins:/home/brilliant/ros2_ws/install/dwb_critics:/home/brilliant/ros2_ws/install/dwb_core:/home/brilliant/ros2_ws/install/nav_2d_utils:/home/brilliant/ros2_ws/install/dwb_msgs:/home/brilliant/ros2_ws/install/nav_2d_msgs:/home/brilliant/ros2_ws/install/nav2_waypoint_follower:/home/brilliant/ros2_ws/install/nav2_theta_star_planner:/home/brilliant/ros2_ws/install/nav2_smac_planner:/home/brilliant/ros2_ws/install/nav2_regulated_pure_pursuit_controller:/home/brilliant/ros2_ws/install/nav2_planner:/home/brilliant/ros2_ws/install/nav2_navfn_planner:/home/brilliant/ros2_ws/install/nav2_mppi_controller:/home/brilliant/ros2_ws/install/nav2_constrained_smoother:/home/brilliant/ros2_ws/install/nav2_bt_navigator:/home/brilliant/ros2_ws/install/nav2_behaviors:/home/brilliant/ros2_ws/install/nav2_core:/home/brilliant/ros2_ws/install/nav2_collision_monitor:/home/brilliant/ros2_ws/install/costmap_queue:/home/brilliant/ros2_ws/install/nav2_costmap_2d:/home/brilliant/ros2_ws/install/nav2_voxel_grid:/home/brilliant/ros2_ws/install/nav2_velocity_smoother:/home/brilliant/ros2_ws/install/nav2_rviz_plugins:/home/brilliant/ros2_ws/install/nav2_map_server:/home/brilliant/ros2_ws/install/nav2_lifecycle_manager:/home/brilliant/ros2_ws/install/nav2_behavior_tree:/home/brilliant/ros2_ws/install/nav2_amcl:/home/brilliant/ros2_ws/install/nav2_util:/home/brilliant/ros2_ws/install/nav2_msgs:/home/brilliant/ros2_ws/install/minibot:/home/brilliant/ros2_ws/install/diffdrive_arduino:/opt/ros/jazzy/opt/gz_sim_vendor:/opt/ros/jazzy/opt/gz_sensors_vendor:/opt/ros/jazzy/opt/gz_physics_vendor:/opt/ros/jazzy/opt/sdformat_vendor:/opt/ros/jazzy/opt/gz_gui_vendor:/opt/ros/jazzy/opt/gz_transport_vendor:/opt/ros/jazzy/opt/gz_rendering_vendor:/opt/ros/jazzy/opt/gz_plugin_vendor:/opt/ros/jazzy/opt/gz_fuel_tools_vendor:/opt/ros/jazzy/opt/gz_msgs_vendor:/opt/ros/jazzy/opt/gz_common_vendor:/opt/ros/jazzy/opt/gz_math_vendor:/opt/ros/jazzy/opt/gz_utils_vendor:/opt/ros/jazzy/opt/gz_tools_vendor:/opt/ros/jazzy/opt/gz_ogre_next_vendor:/opt/ros/jazzy/opt/gz_dartsim_vendor:/opt/ros/jazzy/opt/gz_cmake_vendor:/home/brilliant/ros2_ws/install/twist_stamper:/home/brilliant/ros2_ws/install/nav2_simple_commander:/home/brilliant/ros2_ws/install/nav2_loopback_sim:/opt/ros/jazzy DEBUGINFOD_URLS=https://debuginfod.ubuntu.com PYTHONPATH=/home/brilliant/ros2_ws/install/nav2_common/lib/python3.12/site-packages:/home/brilliant/ros2_ws/build/twist_stamper:/home/brilliant/ros2_ws/install/twist_stamper/lib/python3.12/site-packages:/home/brilliant/ros2_ws/install/dwb_msgs/lib/python3.12/site-packages:/home/brilliant/ros2_ws/install/nav_2d_msgs/lib/python3.12/site-packages:/home/brilliant/ros2_ws/build/nav2_simple_commander:/home/brilliant/ros2_ws/install/nav2_simple_commander/lib/python3.12/site-packages:/home/brilliant/ros2_ws/install/nav2_msgs/lib/python3.12/site-packages:/home/brilliant/ros2_ws/build/nav2_loopback_sim:/home/brilliant/ros2_ws/install/nav2_loopback_sim/lib/python3.12/site-packages:/opt/ros/jazzy/lib/python3.12/site-packages /usr/bin/cmake --install /home/brilliant/ros2_ws/build/nav2_msgs
